<?xml version="1.0" encoding="UTF-8"?>
<kml xmlns="http://www.opengis.net/kml/2.2">
  <Document>
    <name>RC-08 Ruja: San Luis Beltrán - Colonia Heladio Ramírez López</name>
    <description/>
    <Style id="icon-1532-0288D1-normal">
      <IconStyle>
        <color>ffd18802</color>
        <scale>1</scale>
        <Icon>
          <href>https://www.gstatic.com/mapspro/images/stock/503-wht-blank_maps.png</href>
        </Icon>
      </IconStyle>
      <LabelStyle>
        <scale>0</scale>
      </LabelStyle>
    </Style>
    <Style id="icon-1532-0288D1-highlight">
      <IconStyle>
        <color>ffd18802</color>
        <scale>1</scale>
        <Icon>
          <href>https://www.gstatic.com/mapspro/images/stock/503-wht-blank_maps.png</href>
        </Icon>
      </IconStyle>
      <LabelStyle>
        <scale>1</scale>
      </LabelStyle>
    </Style>
    <StyleMap id="icon-1532-0288D1">
      <Pair>
        <key>normal</key>
        <styleUrl>#icon-1532-0288D1-normal</styleUrl>
      </Pair>
      <Pair>
        <key>highlight</key>
        <styleUrl>#icon-1532-0288D1-highlight</styleUrl>
      </Pair>
    </StyleMap>
    <Style id="icon-1532-7CB342-normal">
      <IconStyle>
        <color>ff42b37c</color>
        <scale>1</scale>
        <Icon>
          <href>https://www.gstatic.com/mapspro/images/stock/503-wht-blank_maps.png</href>
        </Icon>
      </IconStyle>
      <LabelStyle>
        <scale>0</scale>
      </LabelStyle>
    </Style>
    <Style id="icon-1532-7CB342-highlight">
      <IconStyle>
        <color>ff42b37c</color>
        <scale>1</scale>
        <Icon>
          <href>https://www.gstatic.com/mapspro/images/stock/503-wht-blank_maps.png</href>
        </Icon>
      </IconStyle>
      <LabelStyle>
        <scale>1</scale>
      </LabelStyle>
    </Style>
    <StyleMap id="icon-1532-7CB342">
      <Pair>
        <key>normal</key>
        <styleUrl>#icon-1532-7CB342-normal</styleUrl>
      </Pair>
      <Pair>
        <key>highlight</key>
        <styleUrl>#icon-1532-7CB342-highlight</styleUrl>
      </Pair>
    </StyleMap>
    <Style id="line-0288D1-4000-normal">
      <LineStyle>
        <color>ffd18802</color>
        <width>4</width>
      </LineStyle>
    </Style>
    <Style id="line-0288D1-4000-highlight">
      <LineStyle>
        <color>ffd18802</color>
        <width>6</width>
      </LineStyle>
    </Style>
    <StyleMap id="line-0288D1-4000">
      <Pair>
        <key>normal</key>
        <styleUrl>#line-0288D1-4000-normal</styleUrl>
      </Pair>
      <Pair>
        <key>highlight</key>
        <styleUrl>#line-0288D1-4000-highlight</styleUrl>
      </Pair>
    </StyleMap>
    <Style id="line-7CB342-4000-normal">
      <LineStyle>
        <color>ff42b37c</color>
        <width>4</width>
      </LineStyle>
    </Style>
    <Style id="line-7CB342-4000-highlight">
      <LineStyle>
        <color>ff42b37c</color>
        <width>6</width>
      </LineStyle>
    </Style>
    <StyleMap id="line-7CB342-4000">
      <Pair>
        <key>normal</key>
        <styleUrl>#line-7CB342-4000-normal</styleUrl>
      </Pair>
      <Pair>
        <key>highlight</key>
        <styleUrl>#line-7CB342-4000-highlight</styleUrl>
      </Pair>
    </StyleMap>
    <Folder>
      <name>RC-08 IDA.kmz</name>
      <Placemark>
        <name>RC-08 IDA</name>
        <description><![CDATA[descripción: <br>RUTA: <br>SAE: <br>NUM_ PARADERO: <br>SENTIDO: <br>LATITUD: <br>LONGITUD: <br>NUM_PARADA_GESCAR: <br>ENERO PASAJEROS SUBEN-SEMANA: <br>ENERO PASAJEROS BAJAN-SEMANA: <br>ENERO POR DIA PASAJEROS SUBEN: <br>ENERO POR DIA PASAJEROS BAJAN: ]]></description>
        <styleUrl>#line-0288D1-4000</styleUrl>
        <ExtendedData>
          <Data name="descripción">
            <value/>
          </Data>
          <Data name="RUTA">
            <value/>
          </Data>
          <Data name="SAE">
            <value/>
          </Data>
          <Data name="NUM_ PARADERO">
            <value/>
          </Data>
          <Data name="SENTIDO">
            <value/>
          </Data>
          <Data name="LATITUD">
            <value/>
          </Data>
          <Data name="LONGITUD">
            <value/>
          </Data>
          <Data name="NUM_PARADA_GESCAR">
            <value/>
          </Data>
          <Data name="ENERO PASAJEROS SUBEN-SEMANA">
            <value/>
          </Data>
          <Data name="ENERO PASAJEROS BAJAN-SEMANA">
            <value/>
          </Data>
          <Data name="ENERO POR DIA PASAJEROS SUBEN">
            <value/>
          </Data>
          <Data name="ENERO POR DIA PASAJEROS BAJAN">
            <value/>
          </Data>
        </ExtendedData>
        <LineString>
          <tessellate>1</tessellate>
          <coordinates>
            -96.696619,17.102432,0
            -96.69688,17.101515,0
            -96.6973,17.100169,0
            -96.697315,17.100108,0
            -96.697301,17.100048,0
            -96.697264,17.1,0
            -96.697016,17.099853,0
            -96.696728,17.099638,0
            -96.696513,17.099495,0
            -96.696285,17.09935,0
            -96.695862,17.099095,0
            -96.695656,17.098962,0
            -96.695606,17.098854,0
            -96.695457,17.098444,0
            -96.695415,17.098212,0
            -96.695444,17.097855,0
            -96.695525,17.097658,0
            -96.696321,17.096941,0
            -96.696656,17.096646,0
            -96.696803,17.096504,0
            -96.696921,17.096314,0
            -96.697247,17.095534,0
            -96.69777,17.09416,0
            -96.697842,17.094046,0
            -96.697902,17.093987,0
            -96.698209,17.093933,0
            -96.698678,17.093927,0
            -96.699048,17.093929,0
            -96.699308,17.093891,0
            -96.69945,17.093832,0
            -96.699934,17.093381,0
            -96.70033,17.092981,0
            -96.700334,17.092977,0
            -96.700592,17.092784,0
            -96.700598,17.092781,0
            -96.700851,17.092686,0
            -96.701235,17.092635,0
            -96.701407,17.092624,0
            -96.701519,17.092662,0
            -96.701811,17.092772,0
            -96.702041,17.092824,0
            -96.702292,17.092884,0
            -96.702304,17.092884,0
            -96.702648,17.092966,0
            -96.702832,17.092986,0
            -96.702979,17.092971,0
            -96.703108,17.092915,0
            -96.703516,17.093073,0
            -96.704854,17.093702,0
            -96.705405,17.093966,0
            -96.706129,17.094306,0
            -96.706394,17.094452,0
            -96.706712,17.094594,0
            -96.707019,17.094751,0
            -96.707111,17.094776,0
            -96.707184,17.094771,0
            -96.707255,17.094716,0
            -96.708002,17.093285,0
            -96.708791,17.091734,0
            -96.709584,17.090168,0
            -96.709913,17.089539,0
            -96.709915,17.089534,0
            -96.710076,17.089358,0
            -96.710276,17.08912,0
            -96.710553,17.088791,0
            -96.710739,17.088505,0
            -96.711404,17.087408,0
            -96.711764,17.086764,0
            -96.711886,17.086617,0
            -96.711952,17.086548,0
            -96.712119,17.086441,0
            -96.712167,17.086405,0
            -96.712186,17.086373,0
            -96.712188,17.086315,0
            -96.712141,17.086179,0
            -96.712044,17.086117,0
            -96.71194,17.086096,0
            -96.711795,17.086013,0
            -96.711629,17.085827,0
            -96.71149,17.085617,0
            -96.711389,17.085282,0
            -96.711333,17.084984,0
            -96.711382,17.084573,0
            -96.71147,17.084299,0
            -96.711623,17.083978,0
            -96.711867,17.083594,0
            -96.711925,17.083498,0
            -96.711969,17.083214,0
            -96.71207,17.082497,0
            -96.712174,17.081533,0
            -96.712294,17.080507,0
            -96.712471,17.079353,0
            -96.712604,17.078258,0
            -96.712776,17.077091,0
            -96.712918,17.076028,0
            -96.713062,17.074975,0
            -96.713212,17.073896,0
            -96.713408,17.072625,0
            -96.713454,17.072163,0
            -96.713637,17.070878,0
            -96.713905,17.068804,0
            -96.714169,17.06694,0
            -96.714334,17.065673,0
            -96.714353,17.065534,0
            -96.714387,17.065432,0
            -96.714374,17.065264,0
            -96.714353,17.065059,0
            -96.714298,17.064624,0
            -96.714225,17.063642,0
            -96.714191,17.062997,0
            -96.714123,17.061846,0
            -96.714074,17.06148,0
            -96.713965,17.0612,0
            -96.713777,17.060734,0
            -96.713552,17.060216,0
            -96.713065,17.059007,0
            -96.712958,17.058603,0
            -96.712911,17.058467,0
            -96.712902,17.058325,0
            -96.712943,17.05772,0
            -96.713009,17.05669,0
            -96.713155,17.055584,0
            -96.713228,17.055002,0
            -96.713327,17.054645,0
            -96.713438,17.054425,0
            -96.713524,17.054312,0
            -96.713695,17.054154,0
            -96.714095,17.053998,0
            -96.715271,17.053693,0
            -96.715997,17.053507,0
            -96.717251,17.053196,0
            -96.719448,17.052656,0
            -96.72134,17.052161,0
            -96.724397,17.051395,0
            -96.724891,17.051258,0
            -96.725416,17.051105,0
            -96.725421,17.051105,0
            -96.725828,17.051067,0
            -96.726144,17.050997,0
            -96.726166,17.050998,0
            -96.726169,17.050998,0
            -96.726371,17.050903,0
            -96.726376,17.050901,0
            -96.726901,17.050743,0
            -96.727303,17.050671,0
            -96.727587,17.050663,0
            -96.727817,17.050687,0
            -96.728264,17.050859,0
            -96.728588,17.051118,0
            -96.728782,17.051382,0
            -96.728948,17.051759,0
            -96.728955,17.051771,0
            -96.729079,17.052264,0
            -96.729533,17.053732,0
            -96.729839,17.054669,0
            -96.729966,17.054997,0
            -96.730078,17.05527,0
            -96.730083,17.055278,0
            -96.730095,17.0553,0
            -96.730167,17.055479,0
            -96.730422,17.056226,0
            -96.730492,17.056454,0
            -96.730613,17.056728,0
            -96.730931,17.057194,0
            -96.731928,17.058607,0
            -96.732645,17.059589,0
            -96.732833,17.059714,0
            -96.733198,17.060206,0
            -96.733458,17.060602,0
            -96.733608,17.060964,0
            -96.734396,17.062066,0
            -96.734756,17.062533,0
            -96.735138,17.063054,0
            -96.73565,17.063871,0
            -96.735883,17.064359,0
            -96.736152,17.064954,0
            -96.736244,17.065245,0
            -96.736291,17.06547,0
            -96.736256,17.065687,0
            -96.736159,17.065892,0
            -96.736032,17.066041,0
            -96.736026,17.066043,0
            -96.735926,17.066096,0
            -96.735758,17.066116,0
            -96.735578,17.066156,0
            -96.735572,17.066158,0
            -96.735404,17.066263,0
            -96.73536,17.066365,0
            -96.735266,17.066469,0
            -96.735023,17.066554,0
            -96.734698,17.066655,0
            -96.734569,17.066696,0
            -96.734515,17.066735,0
            -96.734486,17.066784,0
            -96.734495,17.06684,0
            -96.734679,17.067086,0
            -96.735085,17.067517,0
            -96.735497,17.068144,0
            -96.735864,17.068814,0
            -96.736205,17.069619,0
            -96.736428,17.070156,0
            -96.736585,17.070725,0
            -96.736584,17.07073,0
            -96.736659,17.070956,0
            -96.736775,17.071181,0
            -96.737092,17.071793,0
            -96.737444,17.072433,0
            -96.737819,17.073108,0
            -96.738259,17.073849,0
            -96.738589,17.074405,0
            -96.739071,17.075123,0
            -96.739422,17.075514,0
            -96.739708,17.07589,0
            -96.740065,17.076725,0
            -96.740489,17.077646,0
            -96.741019,17.078831,0
            -96.741449,17.079781,0
            -96.741512,17.079964,0
            -96.741602,17.080155,0
            -96.741806,17.080373,0
            -96.742338,17.080693,0
            -96.742656,17.080934,0
            -96.742941,17.08129,0
            -96.74312,17.081695,0
            -96.743381,17.082251,0
            -96.743551,17.082661,0
            -96.743587,17.082742,0
            -96.74357,17.082821,0
            -96.743523,17.082838,0
            -96.742142,17.083447,0
            -96.74161,17.08369,0
            -96.741443,17.083797,0
            -96.741268,17.083855,0
            -96.741213,17.08401,0
            -96.741129,17.084358,0
            -96.741039,17.084643,0
            -96.741038,17.084646,0
            -96.740897,17.084831,0
            -96.740318,17.085147,0
            -96.740131,17.085301,0
            -96.740094,17.085489,0
            -96.740126,17.085754,0
            -96.740497,17.086003,0
            -96.740709,17.086164,0
            -96.740875,17.086588,0
            -96.741004,17.086914,0
            -96.741006,17.086921,0
            -96.741133,17.087196,0
            -96.741149,17.087363,0
            -96.741084,17.087599,0
            -96.740848,17.087879,0
            -96.740126,17.08863,0
            -96.74005,17.088716,0
            -96.740014,17.088813,0
            -96.739994,17.088947,0
            -96.739965,17.089126,0
            -96.740064,17.089296,0
            -96.740301,17.089426,0
            -96.740742,17.08951,0
            -96.741108,17.089552,0
            -96.741448,17.089578,0
            -96.741915,17.089727,0
            -96.742197,17.089835,0
            -96.742384,17.09004,0
            -96.742542,17.090283,0
            -96.742585,17.090452,0
            -96.7426,17.09059,0
            -96.742606,17.090836,0
            -96.742794,17.091172,0
            -96.743003,17.091433,0
            -96.74321,17.091614,0
            -96.743338,17.091823,0
            -96.743393,17.092025,0
            -96.743382,17.092165,0
            -96.743219,17.092279,0
            -96.742856,17.092513,0
            -96.74267,17.092599,0
            -96.742248,17.092645,0
            -96.741937,17.092726,0
            -96.741797,17.092787,0
            -96.741652,17.092873,0
            -96.741635,17.093001,0
            -96.741651,17.0931,0
            -96.74167,17.093244,0
            -96.7415,17.093738,0
            -96.741265,17.094311,0
            -96.74126,17.094323,0
            -96.741197,17.094557,0
            -96.741191,17.09457,0
            -96.741188,17.094577,0
            -96.741088,17.094896,0
            -96.741083,17.094914,0
            -96.74108,17.094921,0
            -96.740943,17.09526,0
            -96.74093,17.095386,0
            -96.740985,17.095494,0
            -96.741239,17.095739,0
            -96.741245,17.095749,0
            -96.741296,17.095914,0
            -96.741298,17.09592,0
            -96.741322,17.096062,0
            -96.741327,17.096076,0
            -96.741409,17.096161,0
            -96.741412,17.096161,0
            -96.741425,17.096169,0
            -96.741594,17.096208,0
            -96.741608,17.096209,0
            -96.74192,17.096139,0
            -96.742666,17.095922,0
            -96.74295,17.095865,0
            -96.743177,17.095872,0
            -96.743277,17.09594,0
            -96.743283,17.095945,0
            -96.74337,17.095999,0
            -96.743374,17.096001,0
            -96.743491,17.096029,0
            -96.7435,17.096029,0
            -96.743505,17.09603,0
            -96.743779,17.096065,0
            -96.7441,17.096121,0
            -96.744112,17.096124,0
            -96.744114,17.096124,0
            -96.744267,17.096224,0
            -96.744269,17.096229,0
            -96.744309,17.096373,0
            -96.744279,17.09651,0
            -96.744274,17.096519,0
            -96.744268,17.096532,0
            -96.744183,17.096678,0
            -96.744011,17.09671,0
            -96.74377,17.096679,0
            -96.743609,17.096663,0
            -96.743481,17.096696,0
            -96.743302,17.096638,0
            -96.743082,17.096584,0
            -96.742794,17.096611,0
            -96.742503,17.096722,0
            -96.742277,17.096827,0
            -96.741621,17.096983,0
            -96.741131,17.097047,0
            -96.740951,17.097051,0
            -96.740829,17.097025,0
            -96.74075,17.097027,0
            -96.740528,17.097209,0
            -96.740344,17.097382,0
            -96.739887,17.097799,0
            -96.739636,17.098122,0
            -96.739424,17.098334,0
            -96.739288,17.098373,0
            -96.739285,17.098377,0
            -96.739247,17.098478,0
            -96.739246,17.098484,0
            -96.739176,17.098681,0
            -96.739033,17.098888,0
            -96.73885,17.099023,0
            -96.738638,17.099152,0
          </coordinates>
        </LineString>
      </Placemark>
      <Placemark>
        <name>Base San Luis Beltran</name>
        <description><![CDATA[descripción: RUTA: RA13<br>SAE: <br>NUM_ PARADERO: 1<br>SENTIDO: IDA<br>LATITUD: 17.1025095<br>LONGITUD: -96.6966372<br>NUM_PARADA_GESCAR: 1724<br>ENERO PASAJEROS SUBEN-SEMANA: <br>ENERO PASAJEROS BAJAN-SEMANA: <br>ENERO POR DIA PASAJEROS SUBEN: <br>ENERO POR DIA PASAJEROS BAJAN:<br>RUTA: RA13<br>SAE: <br>NUM_ PARADERO: 1.0<br>SENTIDO: IDA<br>LATITUD: 17.1025095<br>LONGITUD: -96.6966372<br>NUM_PARADA_GESCAR: 1724.0<br>ENERO PASAJEROS SUBEN-SEMANA: <br>ENERO PASAJEROS BAJAN-SEMANA: <br>ENERO POR DIA PASAJEROS SUBEN: <br>ENERO POR DIA PASAJEROS BAJAN: ]]></description>
        <styleUrl>#icon-1532-0288D1</styleUrl>
        <ExtendedData>
          <Data name="descripción">
            <value>RUTA: RA13
SAE: 
NUM_ PARADERO: 1
SENTIDO: IDA
LATITUD: 17.1025095
LONGITUD: -96.6966372
NUM_PARADA_GESCAR: 1724
ENERO PASAJEROS SUBEN-SEMANA: 
ENERO PASAJEROS BAJAN-SEMANA: 
ENERO POR DIA PASAJEROS SUBEN: 
ENERO POR DIA PASAJEROS BAJAN:</value>
          </Data>
          <Data name="RUTA">
            <value>RA13</value>
          </Data>
          <Data name="SAE">
            <value/>
          </Data>
          <Data name="NUM_ PARADERO">
            <value>1.0</value>
          </Data>
          <Data name="SENTIDO">
            <value>IDA</value>
          </Data>
          <Data name="LATITUD">
            <value>17.1025095</value>
          </Data>
          <Data name="LONGITUD">
            <value>-96.6966372</value>
          </Data>
          <Data name="NUM_PARADA_GESCAR">
            <value>1724.0</value>
          </Data>
          <Data name="ENERO PASAJEROS SUBEN-SEMANA">
            <value/>
          </Data>
          <Data name="ENERO PASAJEROS BAJAN-SEMANA">
            <value/>
          </Data>
          <Data name="ENERO POR DIA PASAJEROS SUBEN">
            <value/>
          </Data>
          <Data name="ENERO POR DIA PASAJEROS BAJAN">
            <value/>
          </Data>
        </ExtendedData>
        <Point>
          <coordinates>
            -96.696637,17.10251,0
          </coordinates>
        </Point>
      </Placemark>
      <Placemark>
        <name>Reforma</name>
        <description><![CDATA[descripción: RUTA: RA13<br>SAE: <br>NUM_ PARADERO: 2<br>SENTIDO: IDA<br>LATITUD: 17.09951<br>LONGITUD: -96.6966<br>NUM_PARADA_GESCAR: 1726<br>ENERO PASAJEROS SUBEN-SEMANA: <br>ENERO PASAJEROS BAJAN-SEMANA: <br>ENERO POR DIA PASAJEROS SUBEN: <br>ENERO POR DIA PASAJEROS BAJAN:<br>RUTA: RA13<br>SAE: <br>NUM_ PARADERO: 2.0<br>SENTIDO: IDA<br>LATITUD: 17.09951<br>LONGITUD: -96.6966<br>NUM_PARADA_GESCAR: 1726.0<br>ENERO PASAJEROS SUBEN-SEMANA: <br>ENERO PASAJEROS BAJAN-SEMANA: <br>ENERO POR DIA PASAJEROS SUBEN: <br>ENERO POR DIA PASAJEROS BAJAN: ]]></description>
        <styleUrl>#icon-1532-0288D1</styleUrl>
        <ExtendedData>
          <Data name="descripción">
            <value>RUTA: RA13
SAE: 
NUM_ PARADERO: 2
SENTIDO: IDA
LATITUD: 17.09951
LONGITUD: -96.6966
NUM_PARADA_GESCAR: 1726
ENERO PASAJEROS SUBEN-SEMANA: 
ENERO PASAJEROS BAJAN-SEMANA: 
ENERO POR DIA PASAJEROS SUBEN: 
ENERO POR DIA PASAJEROS BAJAN:</value>
          </Data>
          <Data name="RUTA">
            <value>RA13</value>
          </Data>
          <Data name="SAE">
            <value/>
          </Data>
          <Data name="NUM_ PARADERO">
            <value>2.0</value>
          </Data>
          <Data name="SENTIDO">
            <value>IDA</value>
          </Data>
          <Data name="LATITUD">
            <value>17.09951</value>
          </Data>
          <Data name="LONGITUD">
            <value>-96.6966</value>
          </Data>
          <Data name="NUM_PARADA_GESCAR">
            <value>1726.0</value>
          </Data>
          <Data name="ENERO PASAJEROS SUBEN-SEMANA">
            <value/>
          </Data>
          <Data name="ENERO PASAJEROS BAJAN-SEMANA">
            <value/>
          </Data>
          <Data name="ENERO POR DIA PASAJEROS SUBEN">
            <value/>
          </Data>
          <Data name="ENERO POR DIA PASAJEROS BAJAN">
            <value/>
          </Data>
        </ExtendedData>
        <Point>
          <coordinates>
            -96.6966,17.09951,0
          </coordinates>
        </Point>
      </Placemark>
      <Placemark>
        <name>De Camino Real</name>
        <description><![CDATA[descripción: RUTA: RA13<br>SAE: <br>NUM_ PARADERO: 3<br>SENTIDO: IDA<br>LATITUD: 17.09778<br>LONGITUD: -96.69549<br>NUM_PARADA_GESCAR: 1727<br>ENERO PASAJEROS SUBEN-SEMANA: <br>ENERO PASAJEROS BAJAN-SEMANA: <br>ENERO POR DIA PASAJEROS SUBEN: <br>ENERO POR DIA PASAJEROS BAJAN:<br>RUTA: RA13<br>SAE: <br>NUM_ PARADERO: 3.0<br>SENTIDO: IDA<br>LATITUD: 17.09778<br>LONGITUD: -96.69549<br>NUM_PARADA_GESCAR: 1727.0<br>ENERO PASAJEROS SUBEN-SEMANA: <br>ENERO PASAJEROS BAJAN-SEMANA: <br>ENERO POR DIA PASAJEROS SUBEN: <br>ENERO POR DIA PASAJEROS BAJAN: ]]></description>
        <styleUrl>#icon-1532-0288D1</styleUrl>
        <ExtendedData>
          <Data name="descripción">
            <value>RUTA: RA13
SAE: 
NUM_ PARADERO: 3
SENTIDO: IDA
LATITUD: 17.09778
LONGITUD: -96.69549
NUM_PARADA_GESCAR: 1727
ENERO PASAJEROS SUBEN-SEMANA: 
ENERO PASAJEROS BAJAN-SEMANA: 
ENERO POR DIA PASAJEROS SUBEN: 
ENERO POR DIA PASAJEROS BAJAN:</value>
          </Data>
          <Data name="RUTA">
            <value>RA13</value>
          </Data>
          <Data name="SAE">
            <value/>
          </Data>
          <Data name="NUM_ PARADERO">
            <value>3.0</value>
          </Data>
          <Data name="SENTIDO">
            <value>IDA</value>
          </Data>
          <Data name="LATITUD">
            <value>17.09778</value>
          </Data>
          <Data name="LONGITUD">
            <value>-96.69549</value>
          </Data>
          <Data name="NUM_PARADA_GESCAR">
            <value>1727.0</value>
          </Data>
          <Data name="ENERO PASAJEROS SUBEN-SEMANA">
            <value/>
          </Data>
          <Data name="ENERO PASAJEROS BAJAN-SEMANA">
            <value/>
          </Data>
          <Data name="ENERO POR DIA PASAJEROS SUBEN">
            <value/>
          </Data>
          <Data name="ENERO POR DIA PASAJEROS BAJAN">
            <value/>
          </Data>
        </ExtendedData>
        <Point>
          <coordinates>
            -96.69549,17.09778,0
          </coordinates>
        </Point>
      </Placemark>
      <Placemark>
        <name>Hortensias</name>
        <description><![CDATA[descripción: RUTA: RA13<br>SAE: <br>NUM_ PARADERO: 4<br>SENTIDO: IDA<br>LATITUD: 17.09624<br>LONGITUD: -96.69695<br>NUM_PARADA_GESCAR: 54<br>ENERO PASAJEROS SUBEN-SEMANA: <br>ENERO PASAJEROS BAJAN-SEMANA: <br>ENERO POR DIA PASAJEROS SUBEN: <br>ENERO POR DIA PASAJEROS BAJAN:<br>RUTA: RA13<br>SAE: <br>NUM_ PARADERO: 4.0<br>SENTIDO: IDA<br>LATITUD: 17.09624<br>LONGITUD: -96.69695<br>NUM_PARADA_GESCAR: 54.0<br>ENERO PASAJEROS SUBEN-SEMANA: <br>ENERO PASAJEROS BAJAN-SEMANA: <br>ENERO POR DIA PASAJEROS SUBEN: <br>ENERO POR DIA PASAJEROS BAJAN: ]]></description>
        <styleUrl>#icon-1532-0288D1</styleUrl>
        <ExtendedData>
          <Data name="descripción">
            <value>RUTA: RA13
SAE: 
NUM_ PARADERO: 4
SENTIDO: IDA
LATITUD: 17.09624
LONGITUD: -96.69695
NUM_PARADA_GESCAR: 54
ENERO PASAJEROS SUBEN-SEMANA: 
ENERO PASAJEROS BAJAN-SEMANA: 
ENERO POR DIA PASAJEROS SUBEN: 
ENERO POR DIA PASAJEROS BAJAN:</value>
          </Data>
          <Data name="RUTA">
            <value>RA13</value>
          </Data>
          <Data name="SAE">
            <value/>
          </Data>
          <Data name="NUM_ PARADERO">
            <value>4.0</value>
          </Data>
          <Data name="SENTIDO">
            <value>IDA</value>
          </Data>
          <Data name="LATITUD">
            <value>17.09624</value>
          </Data>
          <Data name="LONGITUD">
            <value>-96.69695</value>
          </Data>
          <Data name="NUM_PARADA_GESCAR">
            <value>54.0</value>
          </Data>
          <Data name="ENERO PASAJEROS SUBEN-SEMANA">
            <value/>
          </Data>
          <Data name="ENERO PASAJEROS BAJAN-SEMANA">
            <value/>
          </Data>
          <Data name="ENERO POR DIA PASAJEROS SUBEN">
            <value/>
          </Data>
          <Data name="ENERO POR DIA PASAJEROS BAJAN">
            <value/>
          </Data>
        </ExtendedData>
        <Point>
          <coordinates>
            -96.69695,17.09624,0
          </coordinates>
        </Point>
      </Placemark>
      <Placemark>
        <name>Base Col. Jardín</name>
        <description><![CDATA[descripción: RUTA: RC08<br>SAE: <br>NUM_ PARADERO: 5<br>SENTIDO: IDA<br>LATITUD: 17.09391501<br>LONGITUD: -96.69793367<br>NUM_PARADA_GESCAR: 1844<br>ENERO PASAJEROS SUBEN-SEMANA: <br>ENERO PASAJEROS BAJAN-SEMANA: <br>ENERO POR DIA PASAJEROS SUBEN: <br>ENERO POR DIA PASAJEROS BAJAN:<br>RUTA: RC08<br>SAE: <br>NUM_ PARADERO: 5.0<br>SENTIDO: IDA<br>LATITUD: 17.09391501<br>LONGITUD: -96.69793367<br>NUM_PARADA_GESCAR: 1844.0<br>ENERO PASAJEROS SUBEN-SEMANA: <br>ENERO PASAJEROS BAJAN-SEMANA: <br>ENERO POR DIA PASAJEROS SUBEN: <br>ENERO POR DIA PASAJEROS BAJAN: ]]></description>
        <styleUrl>#icon-1532-0288D1</styleUrl>
        <ExtendedData>
          <Data name="descripción">
            <value>RUTA: RC08
SAE: 
NUM_ PARADERO: 5
SENTIDO: IDA
LATITUD: 17.09391501
LONGITUD: -96.69793367
NUM_PARADA_GESCAR: 1844
ENERO PASAJEROS SUBEN-SEMANA: 
ENERO PASAJEROS BAJAN-SEMANA: 
ENERO POR DIA PASAJEROS SUBEN: 
ENERO POR DIA PASAJEROS BAJAN:</value>
          </Data>
          <Data name="RUTA">
            <value>RC08</value>
          </Data>
          <Data name="SAE">
            <value/>
          </Data>
          <Data name="NUM_ PARADERO">
            <value>5.0</value>
          </Data>
          <Data name="SENTIDO">
            <value>IDA</value>
          </Data>
          <Data name="LATITUD">
            <value>17.09391501</value>
          </Data>
          <Data name="LONGITUD">
            <value>-96.69793367</value>
          </Data>
          <Data name="NUM_PARADA_GESCAR">
            <value>1844.0</value>
          </Data>
          <Data name="ENERO PASAJEROS SUBEN-SEMANA">
            <value/>
          </Data>
          <Data name="ENERO PASAJEROS BAJAN-SEMANA">
            <value/>
          </Data>
          <Data name="ENERO POR DIA PASAJEROS SUBEN">
            <value/>
          </Data>
          <Data name="ENERO POR DIA PASAJEROS BAJAN">
            <value/>
          </Data>
        </ExtendedData>
        <Point>
          <coordinates>
            -96.697934,17.093915,0
          </coordinates>
        </Point>
      </Placemark>
      <Placemark>
        <name>De Bugambilias</name>
        <description><![CDATA[descripción: RUTA: RC08<br>SAE: <br>NUM_ PARADERO: 6<br>SENTIDO: IDA<br>LATITUD: 17.0928083<br>LONGITUD: -96.7004658<br>NUM_PARADA_GESCAR: 1898<br>ENERO PASAJEROS SUBEN-SEMANA: <br>ENERO PASAJEROS BAJAN-SEMANA: <br>ENERO POR DIA PASAJEROS SUBEN: <br>ENERO POR DIA PASAJEROS BAJAN:<br>RUTA: RC08<br>SAE: <br>NUM_ PARADERO: 6.0<br>SENTIDO: IDA<br>LATITUD: 17.0928083<br>LONGITUD: -96.7004658<br>NUM_PARADA_GESCAR: 1898.0<br>ENERO PASAJEROS SUBEN-SEMANA: <br>ENERO PASAJEROS BAJAN-SEMANA: <br>ENERO POR DIA PASAJEROS SUBEN: <br>ENERO POR DIA PASAJEROS BAJAN: ]]></description>
        <styleUrl>#icon-1532-0288D1</styleUrl>
        <ExtendedData>
          <Data name="descripción">
            <value>RUTA: RC08
SAE: 
NUM_ PARADERO: 6
SENTIDO: IDA
LATITUD: 17.0928083
LONGITUD: -96.7004658
NUM_PARADA_GESCAR: 1898
ENERO PASAJEROS SUBEN-SEMANA: 
ENERO PASAJEROS BAJAN-SEMANA: 
ENERO POR DIA PASAJEROS SUBEN: 
ENERO POR DIA PASAJEROS BAJAN:</value>
          </Data>
          <Data name="RUTA">
            <value>RC08</value>
          </Data>
          <Data name="SAE">
            <value/>
          </Data>
          <Data name="NUM_ PARADERO">
            <value>6.0</value>
          </Data>
          <Data name="SENTIDO">
            <value>IDA</value>
          </Data>
          <Data name="LATITUD">
            <value>17.0928083</value>
          </Data>
          <Data name="LONGITUD">
            <value>-96.7004658</value>
          </Data>
          <Data name="NUM_PARADA_GESCAR">
            <value>1898.0</value>
          </Data>
          <Data name="ENERO PASAJEROS SUBEN-SEMANA">
            <value/>
          </Data>
          <Data name="ENERO PASAJEROS BAJAN-SEMANA">
            <value/>
          </Data>
          <Data name="ENERO POR DIA PASAJEROS SUBEN">
            <value/>
          </Data>
          <Data name="ENERO POR DIA PASAJEROS BAJAN">
            <value/>
          </Data>
        </ExtendedData>
        <Point>
          <coordinates>
            -96.700466,17.092808,0
          </coordinates>
        </Point>
      </Placemark>
      <Placemark>
        <name>Tacana</name>
        <description><![CDATA[descripción: RUTA: RC08<br>SAE: <br>NUM_ PARADERO: 7<br>SENTIDO: IDA<br>LATITUD: 17.09303577<br>LONGITUD: -96.70343572<br>NUM_PARADA_GESCAR: 1730<br>ENERO PASAJEROS SUBEN-SEMANA: <br>ENERO PASAJEROS BAJAN-SEMANA: <br>ENERO POR DIA PASAJEROS SUBEN: <br>ENERO POR DIA PASAJEROS BAJAN:<br>RUTA: RC08<br>SAE: <br>NUM_ PARADERO: 7.0<br>SENTIDO: IDA<br>LATITUD: 17.09303577<br>LONGITUD: -96.70343572<br>NUM_PARADA_GESCAR: 1730.0<br>ENERO PASAJEROS SUBEN-SEMANA: <br>ENERO PASAJEROS BAJAN-SEMANA: <br>ENERO POR DIA PASAJEROS SUBEN: <br>ENERO POR DIA PASAJEROS BAJAN: ]]></description>
        <styleUrl>#icon-1532-0288D1</styleUrl>
        <ExtendedData>
          <Data name="descripción">
            <value>RUTA: RC08
SAE: 
NUM_ PARADERO: 7
SENTIDO: IDA
LATITUD: 17.09303577
LONGITUD: -96.70343572
NUM_PARADA_GESCAR: 1730
ENERO PASAJEROS SUBEN-SEMANA: 
ENERO PASAJEROS BAJAN-SEMANA: 
ENERO POR DIA PASAJEROS SUBEN: 
ENERO POR DIA PASAJEROS BAJAN:</value>
          </Data>
          <Data name="RUTA">
            <value>RC08</value>
          </Data>
          <Data name="SAE">
            <value/>
          </Data>
          <Data name="NUM_ PARADERO">
            <value>7.0</value>
          </Data>
          <Data name="SENTIDO">
            <value>IDA</value>
          </Data>
          <Data name="LATITUD">
            <value>17.09303577</value>
          </Data>
          <Data name="LONGITUD">
            <value>-96.70343572</value>
          </Data>
          <Data name="NUM_PARADA_GESCAR">
            <value>1730.0</value>
          </Data>
          <Data name="ENERO PASAJEROS SUBEN-SEMANA">
            <value/>
          </Data>
          <Data name="ENERO PASAJEROS BAJAN-SEMANA">
            <value/>
          </Data>
          <Data name="ENERO POR DIA PASAJEROS SUBEN">
            <value/>
          </Data>
          <Data name="ENERO POR DIA PASAJEROS BAJAN">
            <value/>
          </Data>
        </ExtendedData>
        <Point>
          <coordinates>
            -96.703436,17.093036,0
          </coordinates>
        </Point>
      </Placemark>
      <Placemark>
        <name>Cofre de Perote</name>
        <description><![CDATA[descripción: RUTA: RC08<br>SAE: <br>NUM_ PARADERO: 8<br>SENTIDO: IDA<br>LATITUD: 17.09446856<br>LONGITUD: -96.70636341<br>NUM_PARADA_GESCAR: 1731<br>ENERO PASAJEROS SUBEN-SEMANA: <br>ENERO PASAJEROS BAJAN-SEMANA: <br>ENERO POR DIA PASAJEROS SUBEN: <br>ENERO POR DIA PASAJEROS BAJAN:<br>RUTA: RC08<br>SAE: <br>NUM_ PARADERO: 8.0<br>SENTIDO: IDA<br>LATITUD: 17.09446856<br>LONGITUD: -96.70636341<br>NUM_PARADA_GESCAR: 1731.0<br>ENERO PASAJEROS SUBEN-SEMANA: <br>ENERO PASAJEROS BAJAN-SEMANA: <br>ENERO POR DIA PASAJEROS SUBEN: <br>ENERO POR DIA PASAJEROS BAJAN: ]]></description>
        <styleUrl>#icon-1532-0288D1</styleUrl>
        <ExtendedData>
          <Data name="descripción">
            <value>RUTA: RC08
SAE: 
NUM_ PARADERO: 8
SENTIDO: IDA
LATITUD: 17.09446856
LONGITUD: -96.70636341
NUM_PARADA_GESCAR: 1731
ENERO PASAJEROS SUBEN-SEMANA: 
ENERO PASAJEROS BAJAN-SEMANA: 
ENERO POR DIA PASAJEROS SUBEN: 
ENERO POR DIA PASAJEROS BAJAN:</value>
          </Data>
          <Data name="RUTA">
            <value>RC08</value>
          </Data>
          <Data name="SAE">
            <value/>
          </Data>
          <Data name="NUM_ PARADERO">
            <value>8.0</value>
          </Data>
          <Data name="SENTIDO">
            <value>IDA</value>
          </Data>
          <Data name="LATITUD">
            <value>17.09446856</value>
          </Data>
          <Data name="LONGITUD">
            <value>-96.70636341</value>
          </Data>
          <Data name="NUM_PARADA_GESCAR">
            <value>1731.0</value>
          </Data>
          <Data name="ENERO PASAJEROS SUBEN-SEMANA">
            <value/>
          </Data>
          <Data name="ENERO PASAJEROS BAJAN-SEMANA">
            <value/>
          </Data>
          <Data name="ENERO POR DIA PASAJEROS SUBEN">
            <value/>
          </Data>
          <Data name="ENERO POR DIA PASAJEROS BAJAN">
            <value/>
          </Data>
        </ExtendedData>
        <Point>
          <coordinates>
            -96.706363,17.094469,0
          </coordinates>
        </Point>
      </Placemark>
      <Placemark>
        <name>Mesa de Anáhuac</name>
        <description><![CDATA[descripción: RUTA: RC08<br>SAE: <br>NUM_ PARADERO: 9<br>SENTIDO: IDA<br>LATITUD: 17.09257981<br>LONGITUD: -96.70838422<br>NUM_PARADA_GESCAR: 1846<br>ENERO PASAJEROS SUBEN-SEMANA: <br>ENERO PASAJEROS BAJAN-SEMANA: <br>ENERO POR DIA PASAJEROS SUBEN: <br>ENERO POR DIA PASAJEROS BAJAN:<br>RUTA: RC08<br>SAE: <br>NUM_ PARADERO: 9.0<br>SENTIDO: IDA<br>LATITUD: 17.09257981<br>LONGITUD: -96.70838422<br>NUM_PARADA_GESCAR: 1846.0<br>ENERO PASAJEROS SUBEN-SEMANA: <br>ENERO PASAJEROS BAJAN-SEMANA: <br>ENERO POR DIA PASAJEROS SUBEN: <br>ENERO POR DIA PASAJEROS BAJAN: ]]></description>
        <styleUrl>#icon-1532-0288D1</styleUrl>
        <ExtendedData>
          <Data name="descripción">
            <value>RUTA: RC08
SAE: 
NUM_ PARADERO: 9
SENTIDO: IDA
LATITUD: 17.09257981
LONGITUD: -96.70838422
NUM_PARADA_GESCAR: 1846
ENERO PASAJEROS SUBEN-SEMANA: 
ENERO PASAJEROS BAJAN-SEMANA: 
ENERO POR DIA PASAJEROS SUBEN: 
ENERO POR DIA PASAJEROS BAJAN:</value>
          </Data>
          <Data name="RUTA">
            <value>RC08</value>
          </Data>
          <Data name="SAE">
            <value/>
          </Data>
          <Data name="NUM_ PARADERO">
            <value>9.0</value>
          </Data>
          <Data name="SENTIDO">
            <value>IDA</value>
          </Data>
          <Data name="LATITUD">
            <value>17.09257981</value>
          </Data>
          <Data name="LONGITUD">
            <value>-96.70838422</value>
          </Data>
          <Data name="NUM_PARADA_GESCAR">
            <value>1846.0</value>
          </Data>
          <Data name="ENERO PASAJEROS SUBEN-SEMANA">
            <value/>
          </Data>
          <Data name="ENERO PASAJEROS BAJAN-SEMANA">
            <value/>
          </Data>
          <Data name="ENERO POR DIA PASAJEROS SUBEN">
            <value/>
          </Data>
          <Data name="ENERO POR DIA PASAJEROS BAJAN">
            <value/>
          </Data>
        </ExtendedData>
        <Point>
          <coordinates>
            -96.708384,17.09258,0
          </coordinates>
        </Point>
      </Placemark>
      <Placemark>
        <name>Campo de Beisbol Vinicio Castilla</name>
        <description><![CDATA[descripción: RUTA: RC08<br>SAE: <br>NUM_ PARADERO: 10<br>SENTIDO: IDA<br>LATITUD: 17.08898955<br>LONGITUD: -96.71041881<br>NUM_PARADA_GESCAR: 1733<br>ENERO PASAJEROS SUBEN-SEMANA: <br>ENERO PASAJEROS BAJAN-SEMANA: <br>ENERO POR DIA PASAJEROS SUBEN: <br>ENERO POR DIA PASAJEROS BAJAN:<br>RUTA: RC08<br>SAE: <br>NUM_ PARADERO: 10.0<br>SENTIDO: IDA<br>LATITUD: 17.08898955<br>LONGITUD: -96.71041881<br>NUM_PARADA_GESCAR: 1733.0<br>ENERO PASAJEROS SUBEN-SEMANA: <br>ENERO PASAJEROS BAJAN-SEMANA: <br>ENERO POR DIA PASAJEROS SUBEN: <br>ENERO POR DIA PASAJEROS BAJAN: ]]></description>
        <styleUrl>#icon-1532-0288D1</styleUrl>
        <ExtendedData>
          <Data name="descripción">
            <value>RUTA: RC08
SAE: 
NUM_ PARADERO: 10
SENTIDO: IDA
LATITUD: 17.08898955
LONGITUD: -96.71041881
NUM_PARADA_GESCAR: 1733
ENERO PASAJEROS SUBEN-SEMANA: 
ENERO PASAJEROS BAJAN-SEMANA: 
ENERO POR DIA PASAJEROS SUBEN: 
ENERO POR DIA PASAJEROS BAJAN:</value>
          </Data>
          <Data name="RUTA">
            <value>RC08</value>
          </Data>
          <Data name="SAE">
            <value/>
          </Data>
          <Data name="NUM_ PARADERO">
            <value>10.0</value>
          </Data>
          <Data name="SENTIDO">
            <value>IDA</value>
          </Data>
          <Data name="LATITUD">
            <value>17.08898955</value>
          </Data>
          <Data name="LONGITUD">
            <value>-96.71041881</value>
          </Data>
          <Data name="NUM_PARADA_GESCAR">
            <value>1733.0</value>
          </Data>
          <Data name="ENERO PASAJEROS SUBEN-SEMANA">
            <value/>
          </Data>
          <Data name="ENERO PASAJEROS BAJAN-SEMANA">
            <value/>
          </Data>
          <Data name="ENERO POR DIA PASAJEROS SUBEN">
            <value/>
          </Data>
          <Data name="ENERO POR DIA PASAJEROS BAJAN">
            <value/>
          </Data>
        </ExtendedData>
        <Point>
          <coordinates>
            -96.710419,17.08899,0
          </coordinates>
        </Point>
      </Placemark>
      <Placemark>
        <name>Circuito P</name>
        <description><![CDATA[descripción: RUTA: RC08<br>SAE: <br>NUM_ PARADERO: 11<br>SENTIDO: IDA<br>LATITUD: 17.0873969<br>LONGITUD: -96.7114037<br>NUM_PARADA_GESCAR: 1734<br>ENERO PASAJEROS SUBEN-SEMANA: <br>ENERO PASAJEROS BAJAN-SEMANA: <br>ENERO POR DIA PASAJEROS SUBEN: <br>ENERO POR DIA PASAJEROS BAJAN:<br>RUTA: RC08<br>SAE: <br>NUM_ PARADERO: 11.0<br>SENTIDO: IDA<br>LATITUD: 17.0873969<br>LONGITUD: -96.7114037<br>NUM_PARADA_GESCAR: 1734.0<br>ENERO PASAJEROS SUBEN-SEMANA: <br>ENERO PASAJEROS BAJAN-SEMANA: <br>ENERO POR DIA PASAJEROS SUBEN: <br>ENERO POR DIA PASAJEROS BAJAN: ]]></description>
        <styleUrl>#icon-1532-0288D1</styleUrl>
        <ExtendedData>
          <Data name="descripción">
            <value>RUTA: RC08
SAE: 
NUM_ PARADERO: 11
SENTIDO: IDA
LATITUD: 17.0873969
LONGITUD: -96.7114037
NUM_PARADA_GESCAR: 1734
ENERO PASAJEROS SUBEN-SEMANA: 
ENERO PASAJEROS BAJAN-SEMANA: 
ENERO POR DIA PASAJEROS SUBEN: 
ENERO POR DIA PASAJEROS BAJAN:</value>
          </Data>
          <Data name="RUTA">
            <value>RC08</value>
          </Data>
          <Data name="SAE">
            <value/>
          </Data>
          <Data name="NUM_ PARADERO">
            <value>11.0</value>
          </Data>
          <Data name="SENTIDO">
            <value>IDA</value>
          </Data>
          <Data name="LATITUD">
            <value>17.0873969</value>
          </Data>
          <Data name="LONGITUD">
            <value>-96.7114037</value>
          </Data>
          <Data name="NUM_PARADA_GESCAR">
            <value>1734.0</value>
          </Data>
          <Data name="ENERO PASAJEROS SUBEN-SEMANA">
            <value/>
          </Data>
          <Data name="ENERO PASAJEROS BAJAN-SEMANA">
            <value/>
          </Data>
          <Data name="ENERO POR DIA PASAJEROS SUBEN">
            <value/>
          </Data>
          <Data name="ENERO POR DIA PASAJEROS BAJAN">
            <value/>
          </Data>
        </ExtendedData>
        <Point>
          <coordinates>
            -96.711404,17.087397,0
          </coordinates>
        </Point>
      </Placemark>
      <Placemark>
        <name>Mártires de Chicago</name>
        <description><![CDATA[descripción: RUTA: RC08<br>SAE: <br>NUM_ PARADERO: 12<br>SENTIDO: IDA<br>LATITUD: 17.08576226<br>LONGITUD: -96.71163614<br>NUM_PARADA_GESCAR: 1735<br>ENERO PASAJEROS SUBEN-SEMANA: <br>ENERO PASAJEROS BAJAN-SEMANA: <br>ENERO POR DIA PASAJEROS SUBEN: <br>ENERO POR DIA PASAJEROS BAJAN:<br>RUTA: RC08<br>SAE: <br>NUM_ PARADERO: 12.0<br>SENTIDO: IDA<br>LATITUD: 17.08576226<br>LONGITUD: -96.71163614<br>NUM_PARADA_GESCAR: 1735.0<br>ENERO PASAJEROS SUBEN-SEMANA: <br>ENERO PASAJEROS BAJAN-SEMANA: <br>ENERO POR DIA PASAJEROS SUBEN: <br>ENERO POR DIA PASAJEROS BAJAN: ]]></description>
        <styleUrl>#icon-1532-0288D1</styleUrl>
        <ExtendedData>
          <Data name="descripción">
            <value>RUTA: RC08
SAE: 
NUM_ PARADERO: 12
SENTIDO: IDA
LATITUD: 17.08576226
LONGITUD: -96.71163614
NUM_PARADA_GESCAR: 1735
ENERO PASAJEROS SUBEN-SEMANA: 
ENERO PASAJEROS BAJAN-SEMANA: 
ENERO POR DIA PASAJEROS SUBEN: 
ENERO POR DIA PASAJEROS BAJAN:</value>
          </Data>
          <Data name="RUTA">
            <value>RC08</value>
          </Data>
          <Data name="SAE">
            <value/>
          </Data>
          <Data name="NUM_ PARADERO">
            <value>12.0</value>
          </Data>
          <Data name="SENTIDO">
            <value>IDA</value>
          </Data>
          <Data name="LATITUD">
            <value>17.08576226</value>
          </Data>
          <Data name="LONGITUD">
            <value>-96.71163614</value>
          </Data>
          <Data name="NUM_PARADA_GESCAR">
            <value>1735.0</value>
          </Data>
          <Data name="ENERO PASAJEROS SUBEN-SEMANA">
            <value/>
          </Data>
          <Data name="ENERO PASAJEROS BAJAN-SEMANA">
            <value/>
          </Data>
          <Data name="ENERO POR DIA PASAJEROS SUBEN">
            <value/>
          </Data>
          <Data name="ENERO POR DIA PASAJEROS BAJAN">
            <value/>
          </Data>
        </ExtendedData>
        <Point>
          <coordinates>
            -96.711636,17.085762,0
          </coordinates>
        </Point>
      </Placemark>
      <Placemark>
        <name>Av. Fuerza Aérea Mexicana</name>
        <description><![CDATA[descripción: RUTA: RC08<br>SAE: <br>NUM_ PARADERO: 13<br>SENTIDO: IDA<br>LATITUD: 17.08061141<br>LONGITUD: -96.71233537<br>NUM_PARADA_GESCAR: 1736<br>ENERO PASAJEROS SUBEN-SEMANA: <br>ENERO PASAJEROS BAJAN-SEMANA: <br>ENERO POR DIA PASAJEROS SUBEN: <br>ENERO POR DIA PASAJEROS BAJAN:<br>RUTA: RC08<br>SAE: <br>NUM_ PARADERO: 13.0<br>SENTIDO: IDA<br>LATITUD: 17.08061141<br>LONGITUD: -96.71233537<br>NUM_PARADA_GESCAR: 1736.0<br>ENERO PASAJEROS SUBEN-SEMANA: <br>ENERO PASAJEROS BAJAN-SEMANA: <br>ENERO POR DIA PASAJEROS SUBEN: <br>ENERO POR DIA PASAJEROS BAJAN: ]]></description>
        <styleUrl>#icon-1532-0288D1</styleUrl>
        <ExtendedData>
          <Data name="descripción">
            <value>RUTA: RC08
SAE: 
NUM_ PARADERO: 13
SENTIDO: IDA
LATITUD: 17.08061141
LONGITUD: -96.71233537
NUM_PARADA_GESCAR: 1736
ENERO PASAJEROS SUBEN-SEMANA: 
ENERO PASAJEROS BAJAN-SEMANA: 
ENERO POR DIA PASAJEROS SUBEN: 
ENERO POR DIA PASAJEROS BAJAN:</value>
          </Data>
          <Data name="RUTA">
            <value>RC08</value>
          </Data>
          <Data name="SAE">
            <value/>
          </Data>
          <Data name="NUM_ PARADERO">
            <value>13.0</value>
          </Data>
          <Data name="SENTIDO">
            <value>IDA</value>
          </Data>
          <Data name="LATITUD">
            <value>17.08061141</value>
          </Data>
          <Data name="LONGITUD">
            <value>-96.71233537</value>
          </Data>
          <Data name="NUM_PARADA_GESCAR">
            <value>1736.0</value>
          </Data>
          <Data name="ENERO PASAJEROS SUBEN-SEMANA">
            <value/>
          </Data>
          <Data name="ENERO PASAJEROS BAJAN-SEMANA">
            <value/>
          </Data>
          <Data name="ENERO POR DIA PASAJEROS SUBEN">
            <value/>
          </Data>
          <Data name="ENERO POR DIA PASAJEROS BAJAN">
            <value/>
          </Data>
        </ExtendedData>
        <Point>
          <coordinates>
            -96.712335,17.080611,0
          </coordinates>
        </Point>
      </Placemark>
      <Placemark>
        <name>Heroica Escuela Naval militar</name>
        <description><![CDATA[descripción: RUTA: RC08<br>SAE: <br>NUM_ PARADERO: 14<br>SENTIDO: IDA<br>LATITUD: 17.07847139<br>LONGITUD: -96.71266817<br>NUM_PARADA_GESCAR: 2344<br>ENERO PASAJEROS SUBEN-SEMANA: <br>ENERO PASAJEROS BAJAN-SEMANA: <br>ENERO POR DIA PASAJEROS SUBEN: <br>ENERO POR DIA PASAJEROS BAJAN:<br>RUTA: RC08<br>SAE: <br>NUM_ PARADERO: 14.0<br>SENTIDO: IDA<br>LATITUD: 17.07847139<br>LONGITUD: -96.71266817<br>NUM_PARADA_GESCAR: 2344.0<br>ENERO PASAJEROS SUBEN-SEMANA: <br>ENERO PASAJEROS BAJAN-SEMANA: <br>ENERO POR DIA PASAJEROS SUBEN: <br>ENERO POR DIA PASAJEROS BAJAN: ]]></description>
        <styleUrl>#icon-1532-0288D1</styleUrl>
        <ExtendedData>
          <Data name="descripción">
            <value>RUTA: RC08
SAE: 
NUM_ PARADERO: 14
SENTIDO: IDA
LATITUD: 17.07847139
LONGITUD: -96.71266817
NUM_PARADA_GESCAR: 2344
ENERO PASAJEROS SUBEN-SEMANA: 
ENERO PASAJEROS BAJAN-SEMANA: 
ENERO POR DIA PASAJEROS SUBEN: 
ENERO POR DIA PASAJEROS BAJAN:</value>
          </Data>
          <Data name="RUTA">
            <value>RC08</value>
          </Data>
          <Data name="SAE">
            <value/>
          </Data>
          <Data name="NUM_ PARADERO">
            <value>14.0</value>
          </Data>
          <Data name="SENTIDO">
            <value>IDA</value>
          </Data>
          <Data name="LATITUD">
            <value>17.07847139</value>
          </Data>
          <Data name="LONGITUD">
            <value>-96.71266817</value>
          </Data>
          <Data name="NUM_PARADA_GESCAR">
            <value>2344.0</value>
          </Data>
          <Data name="ENERO PASAJEROS SUBEN-SEMANA">
            <value/>
          </Data>
          <Data name="ENERO PASAJEROS BAJAN-SEMANA">
            <value/>
          </Data>
          <Data name="ENERO POR DIA PASAJEROS SUBEN">
            <value/>
          </Data>
          <Data name="ENERO POR DIA PASAJEROS BAJAN">
            <value/>
          </Data>
        </ExtendedData>
        <Point>
          <coordinates>
            -96.712668,17.078471,0
          </coordinates>
        </Point>
      </Placemark>
      <Placemark>
        <name>Belisario Dominguez</name>
        <description><![CDATA[descripción: RUTA: RC08<br>SAE: <br>NUM_ PARADERO: 15<br>SENTIDO: IDA<br>LATITUD: 17.07506907<br>LONGITUD: -96.71311932<br>NUM_PARADA_GESCAR: 1738<br>ENERO PASAJEROS SUBEN-SEMANA: <br>ENERO PASAJEROS BAJAN-SEMANA: <br>ENERO POR DIA PASAJEROS SUBEN: <br>ENERO POR DIA PASAJEROS BAJAN:<br>RUTA: RC08<br>SAE: <br>NUM_ PARADERO: 15.0<br>SENTIDO: IDA<br>LATITUD: 17.07506907<br>LONGITUD: -96.71311932<br>NUM_PARADA_GESCAR: 1738.0<br>ENERO PASAJEROS SUBEN-SEMANA: <br>ENERO PASAJEROS BAJAN-SEMANA: <br>ENERO POR DIA PASAJEROS SUBEN: <br>ENERO POR DIA PASAJEROS BAJAN: ]]></description>
        <styleUrl>#icon-1532-0288D1</styleUrl>
        <ExtendedData>
          <Data name="descripción">
            <value>RUTA: RC08
SAE: 
NUM_ PARADERO: 15
SENTIDO: IDA
LATITUD: 17.07506907
LONGITUD: -96.71311932
NUM_PARADA_GESCAR: 1738
ENERO PASAJEROS SUBEN-SEMANA: 
ENERO PASAJEROS BAJAN-SEMANA: 
ENERO POR DIA PASAJEROS SUBEN: 
ENERO POR DIA PASAJEROS BAJAN:</value>
          </Data>
          <Data name="RUTA">
            <value>RC08</value>
          </Data>
          <Data name="SAE">
            <value/>
          </Data>
          <Data name="NUM_ PARADERO">
            <value>15.0</value>
          </Data>
          <Data name="SENTIDO">
            <value>IDA</value>
          </Data>
          <Data name="LATITUD">
            <value>17.07506907</value>
          </Data>
          <Data name="LONGITUD">
            <value>-96.71311932</value>
          </Data>
          <Data name="NUM_PARADA_GESCAR">
            <value>1738.0</value>
          </Data>
          <Data name="ENERO PASAJEROS SUBEN-SEMANA">
            <value/>
          </Data>
          <Data name="ENERO PASAJEROS BAJAN-SEMANA">
            <value/>
          </Data>
          <Data name="ENERO POR DIA PASAJEROS SUBEN">
            <value/>
          </Data>
          <Data name="ENERO POR DIA PASAJEROS BAJAN">
            <value/>
          </Data>
        </ExtendedData>
        <Point>
          <coordinates>
            -96.713119,17.075069,0
          </coordinates>
        </Point>
      </Placemark>
      <Placemark>
        <name>Almendros</name>
        <description><![CDATA[descripción: RUTA: RC08<br>SAE: <br>NUM_ PARADERO: 16<br>SENTIDO: IDA<br>LATITUD: 17.07306467<br>LONGITUD: -96.71340058<br>NUM_PARADA_GESCAR: 1713<br>ENERO PASAJEROS SUBEN-SEMANA: <br>ENERO PASAJEROS BAJAN-SEMANA: <br>ENERO POR DIA PASAJEROS SUBEN: <br>ENERO POR DIA PASAJEROS BAJAN:<br>RUTA: RC08<br>SAE: <br>NUM_ PARADERO: 16.0<br>SENTIDO: IDA<br>LATITUD: 17.07306467<br>LONGITUD: -96.71340058<br>NUM_PARADA_GESCAR: 1713.0<br>ENERO PASAJEROS SUBEN-SEMANA: <br>ENERO PASAJEROS BAJAN-SEMANA: <br>ENERO POR DIA PASAJEROS SUBEN: <br>ENERO POR DIA PASAJEROS BAJAN: ]]></description>
        <styleUrl>#icon-1532-0288D1</styleUrl>
        <ExtendedData>
          <Data name="descripción">
            <value>RUTA: RC08
SAE: 
NUM_ PARADERO: 16
SENTIDO: IDA
LATITUD: 17.07306467
LONGITUD: -96.71340058
NUM_PARADA_GESCAR: 1713
ENERO PASAJEROS SUBEN-SEMANA: 
ENERO PASAJEROS BAJAN-SEMANA: 
ENERO POR DIA PASAJEROS SUBEN: 
ENERO POR DIA PASAJEROS BAJAN:</value>
          </Data>
          <Data name="RUTA">
            <value>RC08</value>
          </Data>
          <Data name="SAE">
            <value/>
          </Data>
          <Data name="NUM_ PARADERO">
            <value>16.0</value>
          </Data>
          <Data name="SENTIDO">
            <value>IDA</value>
          </Data>
          <Data name="LATITUD">
            <value>17.07306467</value>
          </Data>
          <Data name="LONGITUD">
            <value>-96.71340058</value>
          </Data>
          <Data name="NUM_PARADA_GESCAR">
            <value>1713.0</value>
          </Data>
          <Data name="ENERO PASAJEROS SUBEN-SEMANA">
            <value/>
          </Data>
          <Data name="ENERO PASAJEROS BAJAN-SEMANA">
            <value/>
          </Data>
          <Data name="ENERO POR DIA PASAJEROS SUBEN">
            <value/>
          </Data>
          <Data name="ENERO POR DIA PASAJEROS BAJAN">
            <value/>
          </Data>
        </ExtendedData>
        <Point>
          <coordinates>
            -96.713401,17.073065,0
          </coordinates>
        </Point>
      </Placemark>
      <Placemark>
        <name>Heroico Colegio Militar</name>
        <description><![CDATA[descripción: RUTA: RC08<br>SAE: <br>NUM_ PARADERO: 17<br>SENTIDO: IDA<br>LATITUD: 17.07066487<br>LONGITUD: -96.7137011<br>NUM_PARADA_GESCAR: 1739<br>ENERO PASAJEROS SUBEN-SEMANA: <br>ENERO PASAJEROS BAJAN-SEMANA: <br>ENERO POR DIA PASAJEROS SUBEN: <br>ENERO POR DIA PASAJEROS BAJAN:<br>RUTA: RC08<br>SAE: <br>NUM_ PARADERO: 17.0<br>SENTIDO: IDA<br>LATITUD: 17.07066487<br>LONGITUD: -96.7137011<br>NUM_PARADA_GESCAR: 1739.0<br>ENERO PASAJEROS SUBEN-SEMANA: <br>ENERO PASAJEROS BAJAN-SEMANA: <br>ENERO POR DIA PASAJEROS SUBEN: <br>ENERO POR DIA PASAJEROS BAJAN: ]]></description>
        <styleUrl>#icon-1532-0288D1</styleUrl>
        <ExtendedData>
          <Data name="descripción">
            <value>RUTA: RC08
SAE: 
NUM_ PARADERO: 17
SENTIDO: IDA
LATITUD: 17.07066487
LONGITUD: -96.7137011
NUM_PARADA_GESCAR: 1739
ENERO PASAJEROS SUBEN-SEMANA: 
ENERO PASAJEROS BAJAN-SEMANA: 
ENERO POR DIA PASAJEROS SUBEN: 
ENERO POR DIA PASAJEROS BAJAN:</value>
          </Data>
          <Data name="RUTA">
            <value>RC08</value>
          </Data>
          <Data name="SAE">
            <value/>
          </Data>
          <Data name="NUM_ PARADERO">
            <value>17.0</value>
          </Data>
          <Data name="SENTIDO">
            <value>IDA</value>
          </Data>
          <Data name="LATITUD">
            <value>17.07066487</value>
          </Data>
          <Data name="LONGITUD">
            <value>-96.7137011</value>
          </Data>
          <Data name="NUM_PARADA_GESCAR">
            <value>1739.0</value>
          </Data>
          <Data name="ENERO PASAJEROS SUBEN-SEMANA">
            <value/>
          </Data>
          <Data name="ENERO PASAJEROS BAJAN-SEMANA">
            <value/>
          </Data>
          <Data name="ENERO POR DIA PASAJEROS SUBEN">
            <value/>
          </Data>
          <Data name="ENERO POR DIA PASAJEROS BAJAN">
            <value/>
          </Data>
        </ExtendedData>
        <Point>
          <coordinates>
            -96.713701,17.070665,0
          </coordinates>
        </Point>
      </Placemark>
      <Placemark>
        <name>Preparatoria 2</name>
        <description><![CDATA[descripción: RUTA: RC08<br>SAE: <br>NUM_ PARADERO: 18<br>SENTIDO: IDA<br>LATITUD: 17.0683676<br>LONGITUD: -96.71403963<br>NUM_PARADA_GESCAR: 1700<br>ENERO PASAJEROS SUBEN-SEMANA: <br>ENERO PASAJEROS BAJAN-SEMANA: <br>ENERO POR DIA PASAJEROS SUBEN: <br>ENERO POR DIA PASAJEROS BAJAN:<br>RUTA: RC08<br>SAE: <br>NUM_ PARADERO: 18.0<br>SENTIDO: IDA<br>LATITUD: 17.0683676<br>LONGITUD: -96.71403963<br>NUM_PARADA_GESCAR: 1700.0<br>ENERO PASAJEROS SUBEN-SEMANA: <br>ENERO PASAJEROS BAJAN-SEMANA: <br>ENERO POR DIA PASAJEROS SUBEN: <br>ENERO POR DIA PASAJEROS BAJAN: ]]></description>
        <styleUrl>#icon-1532-0288D1</styleUrl>
        <ExtendedData>
          <Data name="descripción">
            <value>RUTA: RC08
SAE: 
NUM_ PARADERO: 18
SENTIDO: IDA
LATITUD: 17.0683676
LONGITUD: -96.71403963
NUM_PARADA_GESCAR: 1700
ENERO PASAJEROS SUBEN-SEMANA: 
ENERO PASAJEROS BAJAN-SEMANA: 
ENERO POR DIA PASAJEROS SUBEN: 
ENERO POR DIA PASAJEROS BAJAN:</value>
          </Data>
          <Data name="RUTA">
            <value>RC08</value>
          </Data>
          <Data name="SAE">
            <value/>
          </Data>
          <Data name="NUM_ PARADERO">
            <value>18.0</value>
          </Data>
          <Data name="SENTIDO">
            <value>IDA</value>
          </Data>
          <Data name="LATITUD">
            <value>17.0683676</value>
          </Data>
          <Data name="LONGITUD">
            <value>-96.71403963</value>
          </Data>
          <Data name="NUM_PARADA_GESCAR">
            <value>1700.0</value>
          </Data>
          <Data name="ENERO PASAJEROS SUBEN-SEMANA">
            <value/>
          </Data>
          <Data name="ENERO PASAJEROS BAJAN-SEMANA">
            <value/>
          </Data>
          <Data name="ENERO POR DIA PASAJEROS SUBEN">
            <value/>
          </Data>
          <Data name="ENERO POR DIA PASAJEROS BAJAN">
            <value/>
          </Data>
        </ExtendedData>
        <Point>
          <coordinates>
            -96.71404,17.068368,0
          </coordinates>
        </Point>
      </Placemark>
      <Placemark>
        <name>ISSSTE</name>
        <description><![CDATA[descripción: RUTA: RC08<br>SAE: <br>NUM_ PARADERO: 19<br>SENTIDO: IDA<br>LATITUD: 17.0664606<br>LONGITUD: -96.7141972<br>NUM_PARADA_GESCAR: 1701<br>ENERO PASAJEROS SUBEN-SEMANA: <br>ENERO PASAJEROS BAJAN-SEMANA: <br>ENERO POR DIA PASAJEROS SUBEN: <br>ENERO POR DIA PASAJEROS BAJAN:<br>RUTA: RC08<br>SAE: <br>NUM_ PARADERO: 19.0<br>SENTIDO: IDA<br>LATITUD: 17.0664606<br>LONGITUD: -96.7141972<br>NUM_PARADA_GESCAR: 1701.0<br>ENERO PASAJEROS SUBEN-SEMANA: <br>ENERO PASAJEROS BAJAN-SEMANA: <br>ENERO POR DIA PASAJEROS SUBEN: <br>ENERO POR DIA PASAJEROS BAJAN: ]]></description>
        <styleUrl>#icon-1532-0288D1</styleUrl>
        <ExtendedData>
          <Data name="descripción">
            <value>RUTA: RC08
SAE: 
NUM_ PARADERO: 19
SENTIDO: IDA
LATITUD: 17.0664606
LONGITUD: -96.7141972
NUM_PARADA_GESCAR: 1701
ENERO PASAJEROS SUBEN-SEMANA: 
ENERO PASAJEROS BAJAN-SEMANA: 
ENERO POR DIA PASAJEROS SUBEN: 
ENERO POR DIA PASAJEROS BAJAN:</value>
          </Data>
          <Data name="RUTA">
            <value>RC08</value>
          </Data>
          <Data name="SAE">
            <value/>
          </Data>
          <Data name="NUM_ PARADERO">
            <value>19.0</value>
          </Data>
          <Data name="SENTIDO">
            <value>IDA</value>
          </Data>
          <Data name="LATITUD">
            <value>17.0664606</value>
          </Data>
          <Data name="LONGITUD">
            <value>-96.7141972</value>
          </Data>
          <Data name="NUM_PARADA_GESCAR">
            <value>1701.0</value>
          </Data>
          <Data name="ENERO PASAJEROS SUBEN-SEMANA">
            <value/>
          </Data>
          <Data name="ENERO PASAJEROS BAJAN-SEMANA">
            <value/>
          </Data>
          <Data name="ENERO POR DIA PASAJEROS SUBEN">
            <value/>
          </Data>
          <Data name="ENERO POR DIA PASAJEROS BAJAN">
            <value/>
          </Data>
        </ExtendedData>
        <Point>
          <coordinates>
            -96.714197,17.066461,0
          </coordinates>
        </Point>
      </Placemark>
      <Placemark>
        <name>Panteón General</name>
        <description><![CDATA[descripción: RUTA: RC08<br>SAE: <br>NUM_ PARADERO: 20<br>SENTIDO: IDA<br>LATITUD: 17.0632289<br>LONGITUD: -96.7142196<br>NUM_PARADA_GESCAR: 1702<br>ENERO PASAJEROS SUBEN-SEMANA: <br>ENERO PASAJEROS BAJAN-SEMANA: <br>ENERO POR DIA PASAJEROS SUBEN: <br>ENERO POR DIA PASAJEROS BAJAN:<br>RUTA: RC08<br>SAE: <br>NUM_ PARADERO: 20.0<br>SENTIDO: IDA<br>LATITUD: 17.0632289<br>LONGITUD: -96.7142196<br>NUM_PARADA_GESCAR: 1702.0<br>ENERO PASAJEROS SUBEN-SEMANA: <br>ENERO PASAJEROS BAJAN-SEMANA: <br>ENERO POR DIA PASAJEROS SUBEN: <br>ENERO POR DIA PASAJEROS BAJAN: ]]></description>
        <styleUrl>#icon-1532-0288D1</styleUrl>
        <ExtendedData>
          <Data name="descripción">
            <value>RUTA: RC08
SAE: 
NUM_ PARADERO: 20
SENTIDO: IDA
LATITUD: 17.0632289
LONGITUD: -96.7142196
NUM_PARADA_GESCAR: 1702
ENERO PASAJEROS SUBEN-SEMANA: 
ENERO PASAJEROS BAJAN-SEMANA: 
ENERO POR DIA PASAJEROS SUBEN: 
ENERO POR DIA PASAJEROS BAJAN:</value>
          </Data>
          <Data name="RUTA">
            <value>RC08</value>
          </Data>
          <Data name="SAE">
            <value/>
          </Data>
          <Data name="NUM_ PARADERO">
            <value>20.0</value>
          </Data>
          <Data name="SENTIDO">
            <value>IDA</value>
          </Data>
          <Data name="LATITUD">
            <value>17.0632289</value>
          </Data>
          <Data name="LONGITUD">
            <value>-96.7142196</value>
          </Data>
          <Data name="NUM_PARADA_GESCAR">
            <value>1702.0</value>
          </Data>
          <Data name="ENERO PASAJEROS SUBEN-SEMANA">
            <value/>
          </Data>
          <Data name="ENERO PASAJEROS BAJAN-SEMANA">
            <value/>
          </Data>
          <Data name="ENERO POR DIA PASAJEROS SUBEN">
            <value/>
          </Data>
          <Data name="ENERO POR DIA PASAJEROS BAJAN">
            <value/>
          </Data>
        </ExtendedData>
        <Point>
          <coordinates>
            -96.71422,17.063229,0
          </coordinates>
        </Point>
      </Placemark>
      <Placemark>
        <name>Paynani</name>
        <description><![CDATA[descripción: RUTA: RC08<br>SAE: <br>NUM_ PARADERO: 21<br>SENTIDO: IDA<br>LATITUD: 17.06001815<br>LONGITUD: -96.7135486<br>NUM_PARADA_GESCAR: 1703<br>ENERO PASAJEROS SUBEN-SEMANA: <br>ENERO PASAJEROS BAJAN-SEMANA: <br>ENERO POR DIA PASAJEROS SUBEN: <br>ENERO POR DIA PASAJEROS BAJAN:<br>RUTA: RC08<br>SAE: <br>NUM_ PARADERO: 21.0<br>SENTIDO: IDA<br>LATITUD: 17.06001815<br>LONGITUD: -96.7135486<br>NUM_PARADA_GESCAR: 1703.0<br>ENERO PASAJEROS SUBEN-SEMANA: <br>ENERO PASAJEROS BAJAN-SEMANA: <br>ENERO POR DIA PASAJEROS SUBEN: <br>ENERO POR DIA PASAJEROS BAJAN: ]]></description>
        <styleUrl>#icon-1532-0288D1</styleUrl>
        <ExtendedData>
          <Data name="descripción">
            <value>RUTA: RC08
SAE: 
NUM_ PARADERO: 21
SENTIDO: IDA
LATITUD: 17.06001815
LONGITUD: -96.7135486
NUM_PARADA_GESCAR: 1703
ENERO PASAJEROS SUBEN-SEMANA: 
ENERO PASAJEROS BAJAN-SEMANA: 
ENERO POR DIA PASAJEROS SUBEN: 
ENERO POR DIA PASAJEROS BAJAN:</value>
          </Data>
          <Data name="RUTA">
            <value>RC08</value>
          </Data>
          <Data name="SAE">
            <value/>
          </Data>
          <Data name="NUM_ PARADERO">
            <value>21.0</value>
          </Data>
          <Data name="SENTIDO">
            <value>IDA</value>
          </Data>
          <Data name="LATITUD">
            <value>17.06001815</value>
          </Data>
          <Data name="LONGITUD">
            <value>-96.7135486</value>
          </Data>
          <Data name="NUM_PARADA_GESCAR">
            <value>1703.0</value>
          </Data>
          <Data name="ENERO PASAJEROS SUBEN-SEMANA">
            <value/>
          </Data>
          <Data name="ENERO PASAJEROS BAJAN-SEMANA">
            <value/>
          </Data>
          <Data name="ENERO POR DIA PASAJEROS SUBEN">
            <value/>
          </Data>
          <Data name="ENERO POR DIA PASAJEROS BAJAN">
            <value/>
          </Data>
        </ExtendedData>
        <Point>
          <coordinates>
            -96.713549,17.060018,0
          </coordinates>
        </Point>
      </Placemark>
      <Placemark>
        <name>Vicente Guerrero</name>
        <description><![CDATA[descripción: RUTA: RC08<br>SAE: <br>NUM_ PARADERO: 22<br>SENTIDO: IDA<br>LATITUD: 17.05770056<br>LONGITUD: -96.71299482<br>NUM_PARADA_GESCAR: 1704<br>ENERO PASAJEROS SUBEN-SEMANA: <br>ENERO PASAJEROS BAJAN-SEMANA: <br>ENERO POR DIA PASAJEROS SUBEN: <br>ENERO POR DIA PASAJEROS BAJAN:<br>RUTA: RC08<br>SAE: <br>NUM_ PARADERO: 22.0<br>SENTIDO: IDA<br>LATITUD: 17.05770056<br>LONGITUD: -96.71299482<br>NUM_PARADA_GESCAR: 1704.0<br>ENERO PASAJEROS SUBEN-SEMANA: <br>ENERO PASAJEROS BAJAN-SEMANA: <br>ENERO POR DIA PASAJEROS SUBEN: <br>ENERO POR DIA PASAJEROS BAJAN: ]]></description>
        <styleUrl>#icon-1532-0288D1</styleUrl>
        <ExtendedData>
          <Data name="descripción">
            <value>RUTA: RC08
SAE: 
NUM_ PARADERO: 22
SENTIDO: IDA
LATITUD: 17.05770056
LONGITUD: -96.71299482
NUM_PARADA_GESCAR: 1704
ENERO PASAJEROS SUBEN-SEMANA: 
ENERO PASAJEROS BAJAN-SEMANA: 
ENERO POR DIA PASAJEROS SUBEN: 
ENERO POR DIA PASAJEROS BAJAN:</value>
          </Data>
          <Data name="RUTA">
            <value>RC08</value>
          </Data>
          <Data name="SAE">
            <value/>
          </Data>
          <Data name="NUM_ PARADERO">
            <value>22.0</value>
          </Data>
          <Data name="SENTIDO">
            <value>IDA</value>
          </Data>
          <Data name="LATITUD">
            <value>17.05770056</value>
          </Data>
          <Data name="LONGITUD">
            <value>-96.71299482</value>
          </Data>
          <Data name="NUM_PARADA_GESCAR">
            <value>1704.0</value>
          </Data>
          <Data name="ENERO PASAJEROS SUBEN-SEMANA">
            <value/>
          </Data>
          <Data name="ENERO PASAJEROS BAJAN-SEMANA">
            <value/>
          </Data>
          <Data name="ENERO POR DIA PASAJEROS SUBEN">
            <value/>
          </Data>
          <Data name="ENERO POR DIA PASAJEROS BAJAN">
            <value/>
          </Data>
        </ExtendedData>
        <Point>
          <coordinates>
            -96.712995,17.057701,0
          </coordinates>
        </Point>
      </Placemark>
      <Placemark>
        <name>Rayón</name>
        <description><![CDATA[descripción: RUTA: RC08<br>SAE: <br>NUM_ PARADERO: 23<br>SENTIDO: IDA<br>LATITUD: 17.0558973<br>LONGITUD: -96.7131022<br>NUM_PARADA_GESCAR: 1705<br>ENERO PASAJEROS SUBEN-SEMANA: <br>ENERO PASAJEROS BAJAN-SEMANA: <br>ENERO POR DIA PASAJEROS SUBEN: <br>ENERO POR DIA PASAJEROS BAJAN:<br>RUTA: RC08<br>SAE: <br>NUM_ PARADERO: 23.0<br>SENTIDO: IDA<br>LATITUD: 17.0558973<br>LONGITUD: -96.7131022<br>NUM_PARADA_GESCAR: 1705.0<br>ENERO PASAJEROS SUBEN-SEMANA: <br>ENERO PASAJEROS BAJAN-SEMANA: <br>ENERO POR DIA PASAJEROS SUBEN: <br>ENERO POR DIA PASAJEROS BAJAN: ]]></description>
        <styleUrl>#icon-1532-0288D1</styleUrl>
        <ExtendedData>
          <Data name="descripción">
            <value>RUTA: RC08
SAE: 
NUM_ PARADERO: 23
SENTIDO: IDA
LATITUD: 17.0558973
LONGITUD: -96.7131022
NUM_PARADA_GESCAR: 1705
ENERO PASAJEROS SUBEN-SEMANA: 
ENERO PASAJEROS BAJAN-SEMANA: 
ENERO POR DIA PASAJEROS SUBEN: 
ENERO POR DIA PASAJEROS BAJAN:</value>
          </Data>
          <Data name="RUTA">
            <value>RC08</value>
          </Data>
          <Data name="SAE">
            <value/>
          </Data>
          <Data name="NUM_ PARADERO">
            <value>23.0</value>
          </Data>
          <Data name="SENTIDO">
            <value>IDA</value>
          </Data>
          <Data name="LATITUD">
            <value>17.0558973</value>
          </Data>
          <Data name="LONGITUD">
            <value>-96.7131022</value>
          </Data>
          <Data name="NUM_PARADA_GESCAR">
            <value>1705.0</value>
          </Data>
          <Data name="ENERO PASAJEROS SUBEN-SEMANA">
            <value/>
          </Data>
          <Data name="ENERO PASAJEROS BAJAN-SEMANA">
            <value/>
          </Data>
          <Data name="ENERO POR DIA PASAJEROS SUBEN">
            <value/>
          </Data>
          <Data name="ENERO POR DIA PASAJEROS BAJAN">
            <value/>
          </Data>
        </ExtendedData>
        <Point>
          <coordinates>
            -96.713102,17.055897,0
          </coordinates>
        </Point>
      </Placemark>
      <Placemark>
        <name>Emiliano Zapata</name>
        <description><![CDATA[descripción: RUTA: RC08<br>SAE: <br>NUM_ PARADERO: 24<br>SENTIDO: IDA<br>LATITUD: 17.0535<br>LONGITUD: -96.71598<br>NUM_PARADA_GESCAR: 1636<br>ENERO PASAJEROS SUBEN-SEMANA: <br>ENERO PASAJEROS BAJAN-SEMANA: <br>ENERO POR DIA PASAJEROS SUBEN: <br>ENERO POR DIA PASAJEROS BAJAN:<br>RUTA: RC08<br>SAE: <br>NUM_ PARADERO: 24.0<br>SENTIDO: IDA<br>LATITUD: 17.0535<br>LONGITUD: -96.71598<br>NUM_PARADA_GESCAR: 1636.0<br>ENERO PASAJEROS SUBEN-SEMANA: <br>ENERO PASAJEROS BAJAN-SEMANA: <br>ENERO POR DIA PASAJEROS SUBEN: <br>ENERO POR DIA PASAJEROS BAJAN: ]]></description>
        <styleUrl>#icon-1532-0288D1</styleUrl>
        <ExtendedData>
          <Data name="descripción">
            <value>RUTA: RC08
SAE: 
NUM_ PARADERO: 24
SENTIDO: IDA
LATITUD: 17.0535
LONGITUD: -96.71598
NUM_PARADA_GESCAR: 1636
ENERO PASAJEROS SUBEN-SEMANA: 
ENERO PASAJEROS BAJAN-SEMANA: 
ENERO POR DIA PASAJEROS SUBEN: 
ENERO POR DIA PASAJEROS BAJAN:</value>
          </Data>
          <Data name="RUTA">
            <value>RC08</value>
          </Data>
          <Data name="SAE">
            <value/>
          </Data>
          <Data name="NUM_ PARADERO">
            <value>24.0</value>
          </Data>
          <Data name="SENTIDO">
            <value>IDA</value>
          </Data>
          <Data name="LATITUD">
            <value>17.0535</value>
          </Data>
          <Data name="LONGITUD">
            <value>-96.71598</value>
          </Data>
          <Data name="NUM_PARADA_GESCAR">
            <value>1636.0</value>
          </Data>
          <Data name="ENERO PASAJEROS SUBEN-SEMANA">
            <value/>
          </Data>
          <Data name="ENERO PASAJEROS BAJAN-SEMANA">
            <value/>
          </Data>
          <Data name="ENERO POR DIA PASAJEROS SUBEN">
            <value/>
          </Data>
          <Data name="ENERO POR DIA PASAJEROS BAJAN">
            <value/>
          </Data>
        </ExtendedData>
        <Point>
          <coordinates>
            -96.71598,17.0535,0
          </coordinates>
        </Point>
      </Placemark>
      <Placemark>
        <name>González Ortega</name>
        <description><![CDATA[descripción: RUTA: RC08<br>SAE: <br>NUM_ PARADERO: 25<br>SENTIDO: IDA<br>LATITUD: 17.05264<br>LONGITUD: -96.71945<br>NUM_PARADA_GESCAR: 1707<br>ENERO PASAJEROS SUBEN-SEMANA: <br>ENERO PASAJEROS BAJAN-SEMANA: <br>ENERO POR DIA PASAJEROS SUBEN: <br>ENERO POR DIA PASAJEROS BAJAN:<br>RUTA: RC08<br>SAE: <br>NUM_ PARADERO: 25.0<br>SENTIDO: IDA<br>LATITUD: 17.05264<br>LONGITUD: -96.71945<br>NUM_PARADA_GESCAR: 1707.0<br>ENERO PASAJEROS SUBEN-SEMANA: <br>ENERO PASAJEROS BAJAN-SEMANA: <br>ENERO POR DIA PASAJEROS SUBEN: <br>ENERO POR DIA PASAJEROS BAJAN: ]]></description>
        <styleUrl>#icon-1532-0288D1</styleUrl>
        <ExtendedData>
          <Data name="descripción">
            <value>RUTA: RC08
SAE: 
NUM_ PARADERO: 25
SENTIDO: IDA
LATITUD: 17.05264
LONGITUD: -96.71945
NUM_PARADA_GESCAR: 1707
ENERO PASAJEROS SUBEN-SEMANA: 
ENERO PASAJEROS BAJAN-SEMANA: 
ENERO POR DIA PASAJEROS SUBEN: 
ENERO POR DIA PASAJEROS BAJAN:</value>
          </Data>
          <Data name="RUTA">
            <value>RC08</value>
          </Data>
          <Data name="SAE">
            <value/>
          </Data>
          <Data name="NUM_ PARADERO">
            <value>25.0</value>
          </Data>
          <Data name="SENTIDO">
            <value>IDA</value>
          </Data>
          <Data name="LATITUD">
            <value>17.05264</value>
          </Data>
          <Data name="LONGITUD">
            <value>-96.71945</value>
          </Data>
          <Data name="NUM_PARADA_GESCAR">
            <value>1707.0</value>
          </Data>
          <Data name="ENERO PASAJEROS SUBEN-SEMANA">
            <value/>
          </Data>
          <Data name="ENERO PASAJEROS BAJAN-SEMANA">
            <value/>
          </Data>
          <Data name="ENERO POR DIA PASAJEROS SUBEN">
            <value/>
          </Data>
          <Data name="ENERO POR DIA PASAJEROS BAJAN">
            <value/>
          </Data>
        </ExtendedData>
        <Point>
          <coordinates>
            -96.71945,17.05264,0
          </coordinates>
        </Point>
      </Placemark>
      <Placemark>
        <name>Xicoténcatl</name>
        <description><![CDATA[descripción: RUTA: RC08<br>SAE: <br>NUM_ PARADERO: 26<br>SENTIDO: IDA<br>LATITUD: 17.05191<br>LONGITUD: -96.72244<br>NUM_PARADA_GESCAR: 1638<br>ENERO PASAJEROS SUBEN-SEMANA: <br>ENERO PASAJEROS BAJAN-SEMANA: <br>ENERO POR DIA PASAJEROS SUBEN: <br>ENERO POR DIA PASAJEROS BAJAN:<br>RUTA: RC08<br>SAE: <br>NUM_ PARADERO: 26.0<br>SENTIDO: IDA<br>LATITUD: 17.05191<br>LONGITUD: -96.72244<br>NUM_PARADA_GESCAR: 1638.0<br>ENERO PASAJEROS SUBEN-SEMANA: <br>ENERO PASAJEROS BAJAN-SEMANA: <br>ENERO POR DIA PASAJEROS SUBEN: <br>ENERO POR DIA PASAJEROS BAJAN: ]]></description>
        <styleUrl>#icon-1532-0288D1</styleUrl>
        <ExtendedData>
          <Data name="descripción">
            <value>RUTA: RC08
SAE: 
NUM_ PARADERO: 26
SENTIDO: IDA
LATITUD: 17.05191
LONGITUD: -96.72244
NUM_PARADA_GESCAR: 1638
ENERO PASAJEROS SUBEN-SEMANA: 
ENERO PASAJEROS BAJAN-SEMANA: 
ENERO POR DIA PASAJEROS SUBEN: 
ENERO POR DIA PASAJEROS BAJAN:</value>
          </Data>
          <Data name="RUTA">
            <value>RC08</value>
          </Data>
          <Data name="SAE">
            <value/>
          </Data>
          <Data name="NUM_ PARADERO">
            <value>26.0</value>
          </Data>
          <Data name="SENTIDO">
            <value>IDA</value>
          </Data>
          <Data name="LATITUD">
            <value>17.05191</value>
          </Data>
          <Data name="LONGITUD">
            <value>-96.72244</value>
          </Data>
          <Data name="NUM_PARADA_GESCAR">
            <value>1638.0</value>
          </Data>
          <Data name="ENERO PASAJEROS SUBEN-SEMANA">
            <value/>
          </Data>
          <Data name="ENERO PASAJEROS BAJAN-SEMANA">
            <value/>
          </Data>
          <Data name="ENERO POR DIA PASAJEROS SUBEN">
            <value/>
          </Data>
          <Data name="ENERO POR DIA PASAJEROS BAJAN">
            <value/>
          </Data>
        </ExtendedData>
        <Point>
          <coordinates>
            -96.72244,17.05191,0
          </coordinates>
        </Point>
      </Placemark>
      <Placemark>
        <name>CFE Periférico</name>
        <description><![CDATA[descripción: RUTA: RC08<br>SAE: <br>NUM_ PARADERO: 27<br>SENTIDO: IDA<br>LATITUD: 17.05128<br>LONGITUD: -96.72493<br>NUM_PARADA_GESCAR: 1639<br>ENERO PASAJEROS SUBEN-SEMANA: <br>ENERO PASAJEROS BAJAN-SEMANA: <br>ENERO POR DIA PASAJEROS SUBEN: <br>ENERO POR DIA PASAJEROS BAJAN:<br>RUTA: RC08<br>SAE: <br>NUM_ PARADERO: 27.0<br>SENTIDO: IDA<br>LATITUD: 17.05128<br>LONGITUD: -96.72493<br>NUM_PARADA_GESCAR: 1639.0<br>ENERO PASAJEROS SUBEN-SEMANA: <br>ENERO PASAJEROS BAJAN-SEMANA: <br>ENERO POR DIA PASAJEROS SUBEN: <br>ENERO POR DIA PASAJEROS BAJAN: ]]></description>
        <styleUrl>#icon-1532-0288D1</styleUrl>
        <ExtendedData>
          <Data name="descripción">
            <value>RUTA: RC08
SAE: 
NUM_ PARADERO: 27
SENTIDO: IDA
LATITUD: 17.05128
LONGITUD: -96.72493
NUM_PARADA_GESCAR: 1639
ENERO PASAJEROS SUBEN-SEMANA: 
ENERO PASAJEROS BAJAN-SEMANA: 
ENERO POR DIA PASAJEROS SUBEN: 
ENERO POR DIA PASAJEROS BAJAN:</value>
          </Data>
          <Data name="RUTA">
            <value>RC08</value>
          </Data>
          <Data name="SAE">
            <value/>
          </Data>
          <Data name="NUM_ PARADERO">
            <value>27.0</value>
          </Data>
          <Data name="SENTIDO">
            <value>IDA</value>
          </Data>
          <Data name="LATITUD">
            <value>17.05128</value>
          </Data>
          <Data name="LONGITUD">
            <value>-96.72493</value>
          </Data>
          <Data name="NUM_PARADA_GESCAR">
            <value>1639.0</value>
          </Data>
          <Data name="ENERO PASAJEROS SUBEN-SEMANA">
            <value/>
          </Data>
          <Data name="ENERO PASAJEROS BAJAN-SEMANA">
            <value/>
          </Data>
          <Data name="ENERO POR DIA PASAJEROS SUBEN">
            <value/>
          </Data>
          <Data name="ENERO POR DIA PASAJEROS BAJAN">
            <value/>
          </Data>
        </ExtendedData>
        <Point>
          <coordinates>
            -96.72493,17.05128,0
          </coordinates>
        </Point>
      </Placemark>
      <Placemark>
        <name>Miguel Cabrera</name>
        <description><![CDATA[descripción: RUTA: RC08<br>SAE: <br>NUM_ PARADERO: 28<br>SENTIDO: IDA<br>LATITUD: 17.0506444<br>LONGITUD: -96.7276826<br>NUM_PARADA_GESCAR: 1710<br>ENERO PASAJEROS SUBEN-SEMANA: <br>ENERO PASAJEROS BAJAN-SEMANA: <br>ENERO POR DIA PASAJEROS SUBEN: <br>ENERO POR DIA PASAJEROS BAJAN:<br>RUTA: RC08<br>SAE: <br>NUM_ PARADERO: 28.0<br>SENTIDO: IDA<br>LATITUD: 17.0506444<br>LONGITUD: -96.7276826<br>NUM_PARADA_GESCAR: 1710.0<br>ENERO PASAJEROS SUBEN-SEMANA: <br>ENERO PASAJEROS BAJAN-SEMANA: <br>ENERO POR DIA PASAJEROS SUBEN: <br>ENERO POR DIA PASAJEROS BAJAN: ]]></description>
        <styleUrl>#icon-1532-0288D1</styleUrl>
        <ExtendedData>
          <Data name="descripción">
            <value>RUTA: RC08
SAE: 
NUM_ PARADERO: 28
SENTIDO: IDA
LATITUD: 17.0506444
LONGITUD: -96.7276826
NUM_PARADA_GESCAR: 1710
ENERO PASAJEROS SUBEN-SEMANA: 
ENERO PASAJEROS BAJAN-SEMANA: 
ENERO POR DIA PASAJEROS SUBEN: 
ENERO POR DIA PASAJEROS BAJAN:</value>
          </Data>
          <Data name="RUTA">
            <value>RC08</value>
          </Data>
          <Data name="SAE">
            <value/>
          </Data>
          <Data name="NUM_ PARADERO">
            <value>28.0</value>
          </Data>
          <Data name="SENTIDO">
            <value>IDA</value>
          </Data>
          <Data name="LATITUD">
            <value>17.0506444</value>
          </Data>
          <Data name="LONGITUD">
            <value>-96.7276826</value>
          </Data>
          <Data name="NUM_PARADA_GESCAR">
            <value>1710.0</value>
          </Data>
          <Data name="ENERO PASAJEROS SUBEN-SEMANA">
            <value/>
          </Data>
          <Data name="ENERO PASAJEROS BAJAN-SEMANA">
            <value/>
          </Data>
          <Data name="ENERO POR DIA PASAJEROS SUBEN">
            <value/>
          </Data>
          <Data name="ENERO POR DIA PASAJEROS BAJAN">
            <value/>
          </Data>
        </ExtendedData>
        <Point>
          <coordinates>
            -96.727683,17.050644,0
          </coordinates>
        </Point>
      </Placemark>
      <Placemark>
        <name>Yubez Lázaro Cárdenas</name>
        <description><![CDATA[descripción: RUTA: RC08<br>SAE: <br>NUM_ PARADERO: 29<br>SENTIDO: IDA<br>LATITUD: 17.05582<br>LONGITUD: -96.73036<br>NUM_PARADA_GESCAR: 680<br>ENERO PASAJEROS SUBEN-SEMANA: <br>ENERO PASAJEROS BAJAN-SEMANA: <br>ENERO POR DIA PASAJEROS SUBEN: <br>ENERO POR DIA PASAJEROS BAJAN:<br>RUTA: RC08<br>SAE: <br>NUM_ PARADERO: 29.0<br>SENTIDO: IDA<br>LATITUD: 17.05582<br>LONGITUD: -96.73036<br>NUM_PARADA_GESCAR: 680.0<br>ENERO PASAJEROS SUBEN-SEMANA: <br>ENERO PASAJEROS BAJAN-SEMANA: <br>ENERO POR DIA PASAJEROS SUBEN: <br>ENERO POR DIA PASAJEROS BAJAN: ]]></description>
        <styleUrl>#icon-1532-0288D1</styleUrl>
        <ExtendedData>
          <Data name="descripción">
            <value>RUTA: RC08
SAE: 
NUM_ PARADERO: 29
SENTIDO: IDA
LATITUD: 17.05582
LONGITUD: -96.73036
NUM_PARADA_GESCAR: 680
ENERO PASAJEROS SUBEN-SEMANA: 
ENERO PASAJEROS BAJAN-SEMANA: 
ENERO POR DIA PASAJEROS SUBEN: 
ENERO POR DIA PASAJEROS BAJAN:</value>
          </Data>
          <Data name="RUTA">
            <value>RC08</value>
          </Data>
          <Data name="SAE">
            <value/>
          </Data>
          <Data name="NUM_ PARADERO">
            <value>29.0</value>
          </Data>
          <Data name="SENTIDO">
            <value>IDA</value>
          </Data>
          <Data name="LATITUD">
            <value>17.05582</value>
          </Data>
          <Data name="LONGITUD">
            <value>-96.73036</value>
          </Data>
          <Data name="NUM_PARADA_GESCAR">
            <value>680.0</value>
          </Data>
          <Data name="ENERO PASAJEROS SUBEN-SEMANA">
            <value/>
          </Data>
          <Data name="ENERO PASAJEROS BAJAN-SEMANA">
            <value/>
          </Data>
          <Data name="ENERO POR DIA PASAJEROS SUBEN">
            <value/>
          </Data>
          <Data name="ENERO POR DIA PASAJEROS BAJAN">
            <value/>
          </Data>
        </ExtendedData>
        <Point>
          <coordinates>
            -96.73036,17.05582,0
          </coordinates>
        </Point>
      </Placemark>
      <Placemark>
        <name>Yubez Flores Magón</name>
        <description><![CDATA[descripción: RUTA: RC08<br>SAE: <br>NUM_ PARADERO: 30<br>SENTIDO: IDA<br>LATITUD: 17.06019<br>LONGITUD: -96.7332<br>NUM_PARADA_GESCAR: 1307<br>ENERO PASAJEROS SUBEN-SEMANA: <br>ENERO PASAJEROS BAJAN-SEMANA: <br>ENERO POR DIA PASAJEROS SUBEN: <br>ENERO POR DIA PASAJEROS BAJAN:<br>RUTA: RC08<br>SAE: <br>NUM_ PARADERO: 30.0<br>SENTIDO: IDA<br>LATITUD: 17.06019<br>LONGITUD: -96.7332<br>NUM_PARADA_GESCAR: 1307.0<br>ENERO PASAJEROS SUBEN-SEMANA: <br>ENERO PASAJEROS BAJAN-SEMANA: <br>ENERO POR DIA PASAJEROS SUBEN: <br>ENERO POR DIA PASAJEROS BAJAN: ]]></description>
        <styleUrl>#icon-1532-0288D1</styleUrl>
        <ExtendedData>
          <Data name="descripción">
            <value>RUTA: RC08
SAE: 
NUM_ PARADERO: 30
SENTIDO: IDA
LATITUD: 17.06019
LONGITUD: -96.7332
NUM_PARADA_GESCAR: 1307
ENERO PASAJEROS SUBEN-SEMANA: 
ENERO PASAJEROS BAJAN-SEMANA: 
ENERO POR DIA PASAJEROS SUBEN: 
ENERO POR DIA PASAJEROS BAJAN:</value>
          </Data>
          <Data name="RUTA">
            <value>RC08</value>
          </Data>
          <Data name="SAE">
            <value/>
          </Data>
          <Data name="NUM_ PARADERO">
            <value>30.0</value>
          </Data>
          <Data name="SENTIDO">
            <value>IDA</value>
          </Data>
          <Data name="LATITUD">
            <value>17.06019</value>
          </Data>
          <Data name="LONGITUD">
            <value>-96.7332</value>
          </Data>
          <Data name="NUM_PARADA_GESCAR">
            <value>1307.0</value>
          </Data>
          <Data name="ENERO PASAJEROS SUBEN-SEMANA">
            <value/>
          </Data>
          <Data name="ENERO PASAJEROS BAJAN-SEMANA">
            <value/>
          </Data>
          <Data name="ENERO POR DIA PASAJEROS SUBEN">
            <value/>
          </Data>
          <Data name="ENERO POR DIA PASAJEROS BAJAN">
            <value/>
          </Data>
        </ExtendedData>
        <Point>
          <coordinates>
            -96.7332,17.06019,0
          </coordinates>
        </Point>
      </Placemark>
      <Placemark>
        <name>Parque Francisco I. Madero</name>
        <description><![CDATA[descripción: RUTA: RC08<br>SAE: <br>NUM_ PARADERO: 31<br>SENTIDO: IDA<br>LATITUD: 17.06624<br>LONGITUD: -96.73542<br>NUM_PARADA_GESCAR: 863<br>ENERO PASAJEROS SUBEN-SEMANA: <br>ENERO PASAJEROS BAJAN-SEMANA: <br>ENERO POR DIA PASAJEROS SUBEN: <br>ENERO POR DIA PASAJEROS BAJAN:<br>RUTA: RC08<br>SAE: <br>NUM_ PARADERO: 31.0<br>SENTIDO: IDA<br>LATITUD: 17.06624<br>LONGITUD: -96.73542<br>NUM_PARADA_GESCAR: 863.0<br>ENERO PASAJEROS SUBEN-SEMANA: <br>ENERO PASAJEROS BAJAN-SEMANA: <br>ENERO POR DIA PASAJEROS SUBEN: <br>ENERO POR DIA PASAJEROS BAJAN: ]]></description>
        <styleUrl>#icon-1532-0288D1</styleUrl>
        <ExtendedData>
          <Data name="descripción">
            <value>RUTA: RC08
SAE: 
NUM_ PARADERO: 31
SENTIDO: IDA
LATITUD: 17.06624
LONGITUD: -96.73542
NUM_PARADA_GESCAR: 863
ENERO PASAJEROS SUBEN-SEMANA: 
ENERO PASAJEROS BAJAN-SEMANA: 
ENERO POR DIA PASAJEROS SUBEN: 
ENERO POR DIA PASAJEROS BAJAN:</value>
          </Data>
          <Data name="RUTA">
            <value>RC08</value>
          </Data>
          <Data name="SAE">
            <value/>
          </Data>
          <Data name="NUM_ PARADERO">
            <value>31.0</value>
          </Data>
          <Data name="SENTIDO">
            <value>IDA</value>
          </Data>
          <Data name="LATITUD">
            <value>17.06624</value>
          </Data>
          <Data name="LONGITUD">
            <value>-96.73542</value>
          </Data>
          <Data name="NUM_PARADA_GESCAR">
            <value>863.0</value>
          </Data>
          <Data name="ENERO PASAJEROS SUBEN-SEMANA">
            <value/>
          </Data>
          <Data name="ENERO PASAJEROS BAJAN-SEMANA">
            <value/>
          </Data>
          <Data name="ENERO POR DIA PASAJEROS SUBEN">
            <value/>
          </Data>
          <Data name="ENERO POR DIA PASAJEROS BAJAN">
            <value/>
          </Data>
        </ExtendedData>
        <Point>
          <coordinates>
            -96.73542,17.06624,0
          </coordinates>
        </Point>
      </Placemark>
      <Placemark>
        <name>Ignacio Rayón</name>
        <description><![CDATA[descripción: RUTA: RC08<br>SAE: <br>NUM_ PARADERO: 32<br>SENTIDO: IDA<br>LATITUD: 17.06814<br>LONGITUD: -96.73547<br>NUM_PARADA_GESCAR: 1392<br>ENERO PASAJEROS SUBEN-SEMANA: <br>ENERO PASAJEROS BAJAN-SEMANA: <br>ENERO POR DIA PASAJEROS SUBEN: <br>ENERO POR DIA PASAJEROS BAJAN:<br>RUTA: RC08<br>SAE: <br>NUM_ PARADERO: 32.0<br>SENTIDO: IDA<br>LATITUD: 17.06814<br>LONGITUD: -96.73547<br>NUM_PARADA_GESCAR: 1392.0<br>ENERO PASAJEROS SUBEN-SEMANA: <br>ENERO PASAJEROS BAJAN-SEMANA: <br>ENERO POR DIA PASAJEROS SUBEN: <br>ENERO POR DIA PASAJEROS BAJAN: ]]></description>
        <styleUrl>#icon-1532-0288D1</styleUrl>
        <ExtendedData>
          <Data name="descripción">
            <value>RUTA: RC08
SAE: 
NUM_ PARADERO: 32
SENTIDO: IDA
LATITUD: 17.06814
LONGITUD: -96.73547
NUM_PARADA_GESCAR: 1392
ENERO PASAJEROS SUBEN-SEMANA: 
ENERO PASAJEROS BAJAN-SEMANA: 
ENERO POR DIA PASAJEROS SUBEN: 
ENERO POR DIA PASAJEROS BAJAN:</value>
          </Data>
          <Data name="RUTA">
            <value>RC08</value>
          </Data>
          <Data name="SAE">
            <value/>
          </Data>
          <Data name="NUM_ PARADERO">
            <value>32.0</value>
          </Data>
          <Data name="SENTIDO">
            <value>IDA</value>
          </Data>
          <Data name="LATITUD">
            <value>17.06814</value>
          </Data>
          <Data name="LONGITUD">
            <value>-96.73547</value>
          </Data>
          <Data name="NUM_PARADA_GESCAR">
            <value>1392.0</value>
          </Data>
          <Data name="ENERO PASAJEROS SUBEN-SEMANA">
            <value/>
          </Data>
          <Data name="ENERO PASAJEROS BAJAN-SEMANA">
            <value/>
          </Data>
          <Data name="ENERO POR DIA PASAJEROS SUBEN">
            <value/>
          </Data>
          <Data name="ENERO POR DIA PASAJEROS BAJAN">
            <value/>
          </Data>
        </ExtendedData>
        <Point>
          <coordinates>
            -96.73547,17.06814,0
          </coordinates>
        </Point>
      </Placemark>
      <Placemark>
        <name>Alfonso Pérez Gasga</name>
        <description><![CDATA[descripción: RUTA: RC08<br>SAE: <br>NUM_ PARADERO: 33<br>SENTIDO: IDA<br>LATITUD: 17.0709<br>LONGITUD: -96.73661<br>NUM_PARADA_GESCAR: 1066<br>ENERO PASAJEROS SUBEN-SEMANA: <br>ENERO PASAJEROS BAJAN-SEMANA: <br>ENERO POR DIA PASAJEROS SUBEN: <br>ENERO POR DIA PASAJEROS BAJAN:<br>RUTA: RC08<br>SAE: <br>NUM_ PARADERO: 33.0<br>SENTIDO: IDA<br>LATITUD: 17.0709<br>LONGITUD: -96.73661<br>NUM_PARADA_GESCAR: 1066.0<br>ENERO PASAJEROS SUBEN-SEMANA: <br>ENERO PASAJEROS BAJAN-SEMANA: <br>ENERO POR DIA PASAJEROS SUBEN: <br>ENERO POR DIA PASAJEROS BAJAN: ]]></description>
        <styleUrl>#icon-1532-0288D1</styleUrl>
        <ExtendedData>
          <Data name="descripción">
            <value>RUTA: RC08
SAE: 
NUM_ PARADERO: 33
SENTIDO: IDA
LATITUD: 17.0709
LONGITUD: -96.73661
NUM_PARADA_GESCAR: 1066
ENERO PASAJEROS SUBEN-SEMANA: 
ENERO PASAJEROS BAJAN-SEMANA: 
ENERO POR DIA PASAJEROS SUBEN: 
ENERO POR DIA PASAJEROS BAJAN:</value>
          </Data>
          <Data name="RUTA">
            <value>RC08</value>
          </Data>
          <Data name="SAE">
            <value/>
          </Data>
          <Data name="NUM_ PARADERO">
            <value>33.0</value>
          </Data>
          <Data name="SENTIDO">
            <value>IDA</value>
          </Data>
          <Data name="LATITUD">
            <value>17.0709</value>
          </Data>
          <Data name="LONGITUD">
            <value>-96.73661</value>
          </Data>
          <Data name="NUM_PARADA_GESCAR">
            <value>1066.0</value>
          </Data>
          <Data name="ENERO PASAJEROS SUBEN-SEMANA">
            <value/>
          </Data>
          <Data name="ENERO PASAJEROS BAJAN-SEMANA">
            <value/>
          </Data>
          <Data name="ENERO POR DIA PASAJEROS SUBEN">
            <value/>
          </Data>
          <Data name="ENERO POR DIA PASAJEROS BAJAN">
            <value/>
          </Data>
        </ExtendedData>
        <Point>
          <coordinates>
            -96.73661,17.0709,0
          </coordinates>
        </Point>
      </Placemark>
      <Placemark>
        <name>Montes de Oca</name>
        <description><![CDATA[descripción: RUTA: RC08<br>SAE: <br>NUM_ PARADERO: 34<br>SENTIDO: IDA<br>LATITUD: 17.07368<br>LONGITUD: -96.73811<br>NUM_PARADA_GESCAR: 951<br>ENERO PASAJEROS SUBEN-SEMANA: <br>ENERO PASAJEROS BAJAN-SEMANA: <br>ENERO POR DIA PASAJEROS SUBEN: <br>ENERO POR DIA PASAJEROS BAJAN:<br>RUTA: RC08<br>SAE: <br>NUM_ PARADERO: 34.0<br>SENTIDO: IDA<br>LATITUD: 17.07368<br>LONGITUD: -96.73811<br>NUM_PARADA_GESCAR: 951.0<br>ENERO PASAJEROS SUBEN-SEMANA: <br>ENERO PASAJEROS BAJAN-SEMANA: <br>ENERO POR DIA PASAJEROS SUBEN: <br>ENERO POR DIA PASAJEROS BAJAN: ]]></description>
        <styleUrl>#icon-1532-0288D1</styleUrl>
        <ExtendedData>
          <Data name="descripción">
            <value>RUTA: RC08
SAE: 
NUM_ PARADERO: 34
SENTIDO: IDA
LATITUD: 17.07368
LONGITUD: -96.73811
NUM_PARADA_GESCAR: 951
ENERO PASAJEROS SUBEN-SEMANA: 
ENERO PASAJEROS BAJAN-SEMANA: 
ENERO POR DIA PASAJEROS SUBEN: 
ENERO POR DIA PASAJEROS BAJAN:</value>
          </Data>
          <Data name="RUTA">
            <value>RC08</value>
          </Data>
          <Data name="SAE">
            <value/>
          </Data>
          <Data name="NUM_ PARADERO">
            <value>34.0</value>
          </Data>
          <Data name="SENTIDO">
            <value>IDA</value>
          </Data>
          <Data name="LATITUD">
            <value>17.07368</value>
          </Data>
          <Data name="LONGITUD">
            <value>-96.73811</value>
          </Data>
          <Data name="NUM_PARADA_GESCAR">
            <value>951.0</value>
          </Data>
          <Data name="ENERO PASAJEROS SUBEN-SEMANA">
            <value/>
          </Data>
          <Data name="ENERO PASAJEROS BAJAN-SEMANA">
            <value/>
          </Data>
          <Data name="ENERO POR DIA PASAJEROS SUBEN">
            <value/>
          </Data>
          <Data name="ENERO POR DIA PASAJEROS BAJAN">
            <value/>
          </Data>
        </ExtendedData>
        <Point>
          <coordinates>
            -96.73811,17.07368,0
          </coordinates>
        </Point>
      </Placemark>
      <Placemark>
        <name>Panteón del Ex Marquesado</name>
        <description><![CDATA[descripción: RUTA: RC08<br>SAE: <br>NUM_ PARADERO: 35<br>SENTIDO: IDA<br>LATITUD: 17.07512<br>LONGITUD: -96.73907<br>NUM_PARADA_GESCAR: 1323<br>ENERO PASAJEROS SUBEN-SEMANA: <br>ENERO PASAJEROS BAJAN-SEMANA: <br>ENERO POR DIA PASAJEROS SUBEN: <br>ENERO POR DIA PASAJEROS BAJAN:<br>RUTA: RC08<br>SAE: <br>NUM_ PARADERO: 35.0<br>SENTIDO: IDA<br>LATITUD: 17.07512<br>LONGITUD: -96.73907<br>NUM_PARADA_GESCAR: 1323.0<br>ENERO PASAJEROS SUBEN-SEMANA: <br>ENERO PASAJEROS BAJAN-SEMANA: <br>ENERO POR DIA PASAJEROS SUBEN: <br>ENERO POR DIA PASAJEROS BAJAN: ]]></description>
        <styleUrl>#icon-1532-0288D1</styleUrl>
        <ExtendedData>
          <Data name="descripción">
            <value>RUTA: RC08
SAE: 
NUM_ PARADERO: 35
SENTIDO: IDA
LATITUD: 17.07512
LONGITUD: -96.73907
NUM_PARADA_GESCAR: 1323
ENERO PASAJEROS SUBEN-SEMANA: 
ENERO PASAJEROS BAJAN-SEMANA: 
ENERO POR DIA PASAJEROS SUBEN: 
ENERO POR DIA PASAJEROS BAJAN:</value>
          </Data>
          <Data name="RUTA">
            <value>RC08</value>
          </Data>
          <Data name="SAE">
            <value/>
          </Data>
          <Data name="NUM_ PARADERO">
            <value>35.0</value>
          </Data>
          <Data name="SENTIDO">
            <value>IDA</value>
          </Data>
          <Data name="LATITUD">
            <value>17.07512</value>
          </Data>
          <Data name="LONGITUD">
            <value>-96.73907</value>
          </Data>
          <Data name="NUM_PARADA_GESCAR">
            <value>1323.0</value>
          </Data>
          <Data name="ENERO PASAJEROS SUBEN-SEMANA">
            <value/>
          </Data>
          <Data name="ENERO PASAJEROS BAJAN-SEMANA">
            <value/>
          </Data>
          <Data name="ENERO POR DIA PASAJEROS SUBEN">
            <value/>
          </Data>
          <Data name="ENERO POR DIA PASAJEROS BAJAN">
            <value/>
          </Data>
        </ExtendedData>
        <Point>
          <coordinates>
            -96.73907,17.07512,0
          </coordinates>
        </Point>
      </Placemark>
      <Placemark>
        <name>Priv. de Margaritas</name>
        <description><![CDATA[descripción: RUTA: RC08<br>SAE: <br>NUM_ PARADERO: 36<br>SENTIDO: IDA<br>LATITUD: 17.078073<br>LONGITUD: -96.740557<br>NUM_PARADA_GESCAR: 1793<br>ENERO PASAJEROS SUBEN-SEMANA: <br>ENERO PASAJEROS BAJAN-SEMANA: <br>ENERO POR DIA PASAJEROS SUBEN: <br>ENERO POR DIA PASAJEROS BAJAN:<br>RUTA: RC08<br>SAE: <br>NUM_ PARADERO: 36.0<br>SENTIDO: IDA<br>LATITUD: 17.078073<br>LONGITUD: -96.740557<br>NUM_PARADA_GESCAR: 1793.0<br>ENERO PASAJEROS SUBEN-SEMANA: <br>ENERO PASAJEROS BAJAN-SEMANA: <br>ENERO POR DIA PASAJEROS SUBEN: <br>ENERO POR DIA PASAJEROS BAJAN: ]]></description>
        <styleUrl>#icon-1532-0288D1</styleUrl>
        <ExtendedData>
          <Data name="descripción">
            <value>RUTA: RC08
SAE: 
NUM_ PARADERO: 36
SENTIDO: IDA
LATITUD: 17.078073
LONGITUD: -96.740557
NUM_PARADA_GESCAR: 1793
ENERO PASAJEROS SUBEN-SEMANA: 
ENERO PASAJEROS BAJAN-SEMANA: 
ENERO POR DIA PASAJEROS SUBEN: 
ENERO POR DIA PASAJEROS BAJAN:</value>
          </Data>
          <Data name="RUTA">
            <value>RC08</value>
          </Data>
          <Data name="SAE">
            <value/>
          </Data>
          <Data name="NUM_ PARADERO">
            <value>36.0</value>
          </Data>
          <Data name="SENTIDO">
            <value>IDA</value>
          </Data>
          <Data name="LATITUD">
            <value>17.078073</value>
          </Data>
          <Data name="LONGITUD">
            <value>-96.740557</value>
          </Data>
          <Data name="NUM_PARADA_GESCAR">
            <value>1793.0</value>
          </Data>
          <Data name="ENERO PASAJEROS SUBEN-SEMANA">
            <value/>
          </Data>
          <Data name="ENERO PASAJEROS BAJAN-SEMANA">
            <value/>
          </Data>
          <Data name="ENERO POR DIA PASAJEROS SUBEN">
            <value/>
          </Data>
          <Data name="ENERO POR DIA PASAJEROS BAJAN">
            <value/>
          </Data>
        </ExtendedData>
        <Point>
          <coordinates>
            -96.740557,17.078073,0
          </coordinates>
        </Point>
      </Placemark>
      <Placemark>
        <name>Monumento a la Madre</name>
        <description><![CDATA[descripción: RUTA: RC08<br>SAE: <br>NUM_ PARADERO: 37<br>SENTIDO: IDA<br>LATITUD: 17.0794<br>LONGITUD: -96.74129<br>NUM_PARADA_GESCAR: 1402<br>ENERO PASAJEROS SUBEN-SEMANA: <br>ENERO PASAJEROS BAJAN-SEMANA: <br>ENERO POR DIA PASAJEROS SUBEN: <br>ENERO POR DIA PASAJEROS BAJAN:<br>RUTA: RC08<br>SAE: <br>NUM_ PARADERO: 37.0<br>SENTIDO: IDA<br>LATITUD: 17.0794<br>LONGITUD: -96.74129<br>NUM_PARADA_GESCAR: 1402.0<br>ENERO PASAJEROS SUBEN-SEMANA: <br>ENERO PASAJEROS BAJAN-SEMANA: <br>ENERO POR DIA PASAJEROS SUBEN: <br>ENERO POR DIA PASAJEROS BAJAN: ]]></description>
        <styleUrl>#icon-1532-0288D1</styleUrl>
        <ExtendedData>
          <Data name="descripción">
            <value>RUTA: RC08
SAE: 
NUM_ PARADERO: 37
SENTIDO: IDA
LATITUD: 17.0794
LONGITUD: -96.74129
NUM_PARADA_GESCAR: 1402
ENERO PASAJEROS SUBEN-SEMANA: 
ENERO PASAJEROS BAJAN-SEMANA: 
ENERO POR DIA PASAJEROS SUBEN: 
ENERO POR DIA PASAJEROS BAJAN:</value>
          </Data>
          <Data name="RUTA">
            <value>RC08</value>
          </Data>
          <Data name="SAE">
            <value/>
          </Data>
          <Data name="NUM_ PARADERO">
            <value>37.0</value>
          </Data>
          <Data name="SENTIDO">
            <value>IDA</value>
          </Data>
          <Data name="LATITUD">
            <value>17.0794</value>
          </Data>
          <Data name="LONGITUD">
            <value>-96.74129</value>
          </Data>
          <Data name="NUM_PARADA_GESCAR">
            <value>1402.0</value>
          </Data>
          <Data name="ENERO PASAJEROS SUBEN-SEMANA">
            <value/>
          </Data>
          <Data name="ENERO PASAJEROS BAJAN-SEMANA">
            <value/>
          </Data>
          <Data name="ENERO POR DIA PASAJEROS SUBEN">
            <value/>
          </Data>
          <Data name="ENERO POR DIA PASAJEROS BAJAN">
            <value/>
          </Data>
        </ExtendedData>
        <Point>
          <coordinates>
            -96.74129,17.0794,0
          </coordinates>
        </Point>
      </Placemark>
      <Placemark>
        <name>Cuauhtémoc</name>
        <description><![CDATA[descripción: RUTA: RC08<br>SAE: <br>NUM_ PARADERO: 38<br>SENTIDO: IDA<br>LATITUD: 17.08272934<br>LONGITUD: -96.743509<br>NUM_PARADA_GESCAR: 2605<br>ENERO PASAJEROS SUBEN-SEMANA: <br>ENERO PASAJEROS BAJAN-SEMANA: <br>ENERO POR DIA PASAJEROS SUBEN: <br>ENERO POR DIA PASAJEROS BAJAN:<br>RUTA: RC08<br>SAE: <br>NUM_ PARADERO: 38.0<br>SENTIDO: IDA<br>LATITUD: 17.08272934<br>LONGITUD: -96.743509<br>NUM_PARADA_GESCAR: 2605.0<br>ENERO PASAJEROS SUBEN-SEMANA: <br>ENERO PASAJEROS BAJAN-SEMANA: <br>ENERO POR DIA PASAJEROS SUBEN: <br>ENERO POR DIA PASAJEROS BAJAN: ]]></description>
        <styleUrl>#icon-1532-0288D1</styleUrl>
        <ExtendedData>
          <Data name="descripción">
            <value>RUTA: RC08
SAE: 
NUM_ PARADERO: 38
SENTIDO: IDA
LATITUD: 17.08272934
LONGITUD: -96.743509
NUM_PARADA_GESCAR: 2605
ENERO PASAJEROS SUBEN-SEMANA: 
ENERO PASAJEROS BAJAN-SEMANA: 
ENERO POR DIA PASAJEROS SUBEN: 
ENERO POR DIA PASAJEROS BAJAN:</value>
          </Data>
          <Data name="RUTA">
            <value>RC08</value>
          </Data>
          <Data name="SAE">
            <value/>
          </Data>
          <Data name="NUM_ PARADERO">
            <value>38.0</value>
          </Data>
          <Data name="SENTIDO">
            <value>IDA</value>
          </Data>
          <Data name="LATITUD">
            <value>17.08272934</value>
          </Data>
          <Data name="LONGITUD">
            <value>-96.743509</value>
          </Data>
          <Data name="NUM_PARADA_GESCAR">
            <value>2605.0</value>
          </Data>
          <Data name="ENERO PASAJEROS SUBEN-SEMANA">
            <value/>
          </Data>
          <Data name="ENERO PASAJEROS BAJAN-SEMANA">
            <value/>
          </Data>
          <Data name="ENERO POR DIA PASAJEROS SUBEN">
            <value/>
          </Data>
          <Data name="ENERO POR DIA PASAJEROS BAJAN">
            <value/>
          </Data>
        </ExtendedData>
        <Point>
          <coordinates>
            -96.743509,17.082729,0
          </coordinates>
        </Point>
      </Placemark>
      <Placemark>
        <name>Revolución</name>
        <description><![CDATA[descripción: RUTA: RC08<br>SAE: <br>NUM_ PARADERO: 39<br>SENTIDO: IDA<br>LATITUD: 17.0838526<br>LONGITUD: -96.7413979<br>NUM_PARADA_GESCAR: 2606<br>ENERO PASAJEROS SUBEN-SEMANA: <br>ENERO PASAJEROS BAJAN-SEMANA: <br>ENERO POR DIA PASAJEROS SUBEN: <br>ENERO POR DIA PASAJEROS BAJAN:<br>RUTA: RC08<br>SAE: <br>NUM_ PARADERO: 39.0<br>SENTIDO: IDA<br>LATITUD: 17.0838526<br>LONGITUD: -96.7413979<br>NUM_PARADA_GESCAR: 2606.0<br>ENERO PASAJEROS SUBEN-SEMANA: <br>ENERO PASAJEROS BAJAN-SEMANA: <br>ENERO POR DIA PASAJEROS SUBEN: <br>ENERO POR DIA PASAJEROS BAJAN: ]]></description>
        <styleUrl>#icon-1532-0288D1</styleUrl>
        <ExtendedData>
          <Data name="descripción">
            <value>RUTA: RC08
SAE: 
NUM_ PARADERO: 39
SENTIDO: IDA
LATITUD: 17.0838526
LONGITUD: -96.7413979
NUM_PARADA_GESCAR: 2606
ENERO PASAJEROS SUBEN-SEMANA: 
ENERO PASAJEROS BAJAN-SEMANA: 
ENERO POR DIA PASAJEROS SUBEN: 
ENERO POR DIA PASAJEROS BAJAN:</value>
          </Data>
          <Data name="RUTA">
            <value>RC08</value>
          </Data>
          <Data name="SAE">
            <value/>
          </Data>
          <Data name="NUM_ PARADERO">
            <value>39.0</value>
          </Data>
          <Data name="SENTIDO">
            <value>IDA</value>
          </Data>
          <Data name="LATITUD">
            <value>17.0838526</value>
          </Data>
          <Data name="LONGITUD">
            <value>-96.7413979</value>
          </Data>
          <Data name="NUM_PARADA_GESCAR">
            <value>2606.0</value>
          </Data>
          <Data name="ENERO PASAJEROS SUBEN-SEMANA">
            <value/>
          </Data>
          <Data name="ENERO PASAJEROS BAJAN-SEMANA">
            <value/>
          </Data>
          <Data name="ENERO POR DIA PASAJEROS SUBEN">
            <value/>
          </Data>
          <Data name="ENERO POR DIA PASAJEROS BAJAN">
            <value/>
          </Data>
        </ExtendedData>
        <Point>
          <coordinates>
            -96.741398,17.083853,0
          </coordinates>
        </Point>
      </Placemark>
      <Placemark>
        <name>Pipila</name>
        <description><![CDATA[descripción: RUTA: RC08<br>SAE: <br>NUM_ PARADERO: 40<br>SENTIDO: IDA<br>LATITUD: 17.0853057<br>LONGITUD: -96.7401534<br>NUM_PARADA_GESCAR: 2607<br>ENERO PASAJEROS SUBEN-SEMANA: <br>ENERO PASAJEROS BAJAN-SEMANA: <br>ENERO POR DIA PASAJEROS SUBEN: <br>ENERO POR DIA PASAJEROS BAJAN:<br>RUTA: RC08<br>SAE: <br>NUM_ PARADERO: 40.0<br>SENTIDO: IDA<br>LATITUD: 17.0853057<br>LONGITUD: -96.7401534<br>NUM_PARADA_GESCAR: 2607.0<br>ENERO PASAJEROS SUBEN-SEMANA: <br>ENERO PASAJEROS BAJAN-SEMANA: <br>ENERO POR DIA PASAJEROS SUBEN: <br>ENERO POR DIA PASAJEROS BAJAN: ]]></description>
        <styleUrl>#icon-1532-0288D1</styleUrl>
        <ExtendedData>
          <Data name="descripción">
            <value>RUTA: RC08
SAE: 
NUM_ PARADERO: 40
SENTIDO: IDA
LATITUD: 17.0853057
LONGITUD: -96.7401534
NUM_PARADA_GESCAR: 2607
ENERO PASAJEROS SUBEN-SEMANA: 
ENERO PASAJEROS BAJAN-SEMANA: 
ENERO POR DIA PASAJEROS SUBEN: 
ENERO POR DIA PASAJEROS BAJAN:</value>
          </Data>
          <Data name="RUTA">
            <value>RC08</value>
          </Data>
          <Data name="SAE">
            <value/>
          </Data>
          <Data name="NUM_ PARADERO">
            <value>40.0</value>
          </Data>
          <Data name="SENTIDO">
            <value>IDA</value>
          </Data>
          <Data name="LATITUD">
            <value>17.0853057</value>
          </Data>
          <Data name="LONGITUD">
            <value>-96.7401534</value>
          </Data>
          <Data name="NUM_PARADA_GESCAR">
            <value>2607.0</value>
          </Data>
          <Data name="ENERO PASAJEROS SUBEN-SEMANA">
            <value/>
          </Data>
          <Data name="ENERO PASAJEROS BAJAN-SEMANA">
            <value/>
          </Data>
          <Data name="ENERO POR DIA PASAJEROS SUBEN">
            <value/>
          </Data>
          <Data name="ENERO POR DIA PASAJEROS BAJAN">
            <value/>
          </Data>
        </ExtendedData>
        <Point>
          <coordinates>
            -96.740153,17.085306,0
          </coordinates>
        </Point>
      </Placemark>
      <Placemark>
        <name>Ejercito Nacional</name>
        <description><![CDATA[descripción: RUTA: RC08<br>SAE: <br>NUM_ PARADERO: 41<br>SENTIDO: IDA<br>LATITUD: 17.0873932<br>LONGITUD: -96.7411428<br>NUM_PARADA_GESCAR: 2608<br>ENERO PASAJEROS SUBEN-SEMANA: <br>ENERO PASAJEROS BAJAN-SEMANA: <br>ENERO POR DIA PASAJEROS SUBEN: <br>ENERO POR DIA PASAJEROS BAJAN:<br>RUTA: RC08<br>SAE: <br>NUM_ PARADERO: 41.0<br>SENTIDO: IDA<br>LATITUD: 17.0873932<br>LONGITUD: -96.7411428<br>NUM_PARADA_GESCAR: 2608.0<br>ENERO PASAJEROS SUBEN-SEMANA: <br>ENERO PASAJEROS BAJAN-SEMANA: <br>ENERO POR DIA PASAJEROS SUBEN: <br>ENERO POR DIA PASAJEROS BAJAN: ]]></description>
        <styleUrl>#icon-1532-0288D1</styleUrl>
        <ExtendedData>
          <Data name="descripción">
            <value>RUTA: RC08
SAE: 
NUM_ PARADERO: 41
SENTIDO: IDA
LATITUD: 17.0873932
LONGITUD: -96.7411428
NUM_PARADA_GESCAR: 2608
ENERO PASAJEROS SUBEN-SEMANA: 
ENERO PASAJEROS BAJAN-SEMANA: 
ENERO POR DIA PASAJEROS SUBEN: 
ENERO POR DIA PASAJEROS BAJAN:</value>
          </Data>
          <Data name="RUTA">
            <value>RC08</value>
          </Data>
          <Data name="SAE">
            <value/>
          </Data>
          <Data name="NUM_ PARADERO">
            <value>41.0</value>
          </Data>
          <Data name="SENTIDO">
            <value>IDA</value>
          </Data>
          <Data name="LATITUD">
            <value>17.0873932</value>
          </Data>
          <Data name="LONGITUD">
            <value>-96.7411428</value>
          </Data>
          <Data name="NUM_PARADA_GESCAR">
            <value>2608.0</value>
          </Data>
          <Data name="ENERO PASAJEROS SUBEN-SEMANA">
            <value/>
          </Data>
          <Data name="ENERO PASAJEROS BAJAN-SEMANA">
            <value/>
          </Data>
          <Data name="ENERO POR DIA PASAJEROS SUBEN">
            <value/>
          </Data>
          <Data name="ENERO POR DIA PASAJEROS BAJAN">
            <value/>
          </Data>
        </ExtendedData>
        <Point>
          <coordinates>
            -96.741143,17.087393,0
          </coordinates>
        </Point>
      </Placemark>
      <Placemark>
        <name>24 de Febrero</name>
        <description><![CDATA[descripción: RUTA: RC08<br>SAE: <br>NUM_ PARADERO: 42<br>SENTIDO: IDA<br>LATITUD: 17.0893422<br>LONGITUD: -96.7401008<br>NUM_PARADA_GESCAR: 2609<br>ENERO PASAJEROS SUBEN-SEMANA: <br>ENERO PASAJEROS BAJAN-SEMANA: <br>ENERO POR DIA PASAJEROS SUBEN: <br>ENERO POR DIA PASAJEROS BAJAN:<br>RUTA: RC08<br>SAE: <br>NUM_ PARADERO: 42.0<br>SENTIDO: IDA<br>LATITUD: 17.0893422<br>LONGITUD: -96.7401008<br>NUM_PARADA_GESCAR: 2609.0<br>ENERO PASAJEROS SUBEN-SEMANA: <br>ENERO PASAJEROS BAJAN-SEMANA: <br>ENERO POR DIA PASAJEROS SUBEN: <br>ENERO POR DIA PASAJEROS BAJAN: ]]></description>
        <styleUrl>#icon-1532-0288D1</styleUrl>
        <ExtendedData>
          <Data name="descripción">
            <value>RUTA: RC08
SAE: 
NUM_ PARADERO: 42
SENTIDO: IDA
LATITUD: 17.0893422
LONGITUD: -96.7401008
NUM_PARADA_GESCAR: 2609
ENERO PASAJEROS SUBEN-SEMANA: 
ENERO PASAJEROS BAJAN-SEMANA: 
ENERO POR DIA PASAJEROS SUBEN: 
ENERO POR DIA PASAJEROS BAJAN:</value>
          </Data>
          <Data name="RUTA">
            <value>RC08</value>
          </Data>
          <Data name="SAE">
            <value/>
          </Data>
          <Data name="NUM_ PARADERO">
            <value>42.0</value>
          </Data>
          <Data name="SENTIDO">
            <value>IDA</value>
          </Data>
          <Data name="LATITUD">
            <value>17.0893422</value>
          </Data>
          <Data name="LONGITUD">
            <value>-96.7401008</value>
          </Data>
          <Data name="NUM_PARADA_GESCAR">
            <value>2609.0</value>
          </Data>
          <Data name="ENERO PASAJEROS SUBEN-SEMANA">
            <value/>
          </Data>
          <Data name="ENERO PASAJEROS BAJAN-SEMANA">
            <value/>
          </Data>
          <Data name="ENERO POR DIA PASAJEROS SUBEN">
            <value/>
          </Data>
          <Data name="ENERO POR DIA PASAJEROS BAJAN">
            <value/>
          </Data>
        </ExtendedData>
        <Point>
          <coordinates>
            -96.740101,17.089342,0
          </coordinates>
        </Point>
      </Placemark>
      <Placemark>
        <name>Loma Larga</name>
        <description><![CDATA[descripción: RUTA: RC08<br>SAE: <br>NUM_ PARADERO: 43<br>SENTIDO: IDA<br>LATITUD: 17.0895702<br>LONGITUD: -96.7410995<br>NUM_PARADA_GESCAR: 2610<br>ENERO PASAJEROS SUBEN-SEMANA: <br>ENERO PASAJEROS BAJAN-SEMANA: <br>ENERO POR DIA PASAJEROS SUBEN: <br>ENERO POR DIA PASAJEROS BAJAN:<br>RUTA: RC08<br>SAE: <br>NUM_ PARADERO: 43.0<br>SENTIDO: IDA<br>LATITUD: 17.0895702<br>LONGITUD: -96.7410995<br>NUM_PARADA_GESCAR: 2610.0<br>ENERO PASAJEROS SUBEN-SEMANA: <br>ENERO PASAJEROS BAJAN-SEMANA: <br>ENERO POR DIA PASAJEROS SUBEN: <br>ENERO POR DIA PASAJEROS BAJAN: ]]></description>
        <styleUrl>#icon-1532-0288D1</styleUrl>
        <ExtendedData>
          <Data name="descripción">
            <value>RUTA: RC08
SAE: 
NUM_ PARADERO: 43
SENTIDO: IDA
LATITUD: 17.0895702
LONGITUD: -96.7410995
NUM_PARADA_GESCAR: 2610
ENERO PASAJEROS SUBEN-SEMANA: 
ENERO PASAJEROS BAJAN-SEMANA: 
ENERO POR DIA PASAJEROS SUBEN: 
ENERO POR DIA PASAJEROS BAJAN:</value>
          </Data>
          <Data name="RUTA">
            <value>RC08</value>
          </Data>
          <Data name="SAE">
            <value/>
          </Data>
          <Data name="NUM_ PARADERO">
            <value>43.0</value>
          </Data>
          <Data name="SENTIDO">
            <value>IDA</value>
          </Data>
          <Data name="LATITUD">
            <value>17.0895702</value>
          </Data>
          <Data name="LONGITUD">
            <value>-96.7410995</value>
          </Data>
          <Data name="NUM_PARADA_GESCAR">
            <value>2610.0</value>
          </Data>
          <Data name="ENERO PASAJEROS SUBEN-SEMANA">
            <value/>
          </Data>
          <Data name="ENERO PASAJEROS BAJAN-SEMANA">
            <value/>
          </Data>
          <Data name="ENERO POR DIA PASAJEROS SUBEN">
            <value/>
          </Data>
          <Data name="ENERO POR DIA PASAJEROS BAJAN">
            <value/>
          </Data>
        </ExtendedData>
        <Point>
          <coordinates>
            -96.741099,17.08957,0
          </coordinates>
        </Point>
      </Placemark>
      <Placemark>
        <name>Pena Larga</name>
        <description><![CDATA[descripción: RUTA: RC08<br>SAE: <br>NUM_ PARADERO: 44<br>SENTIDO: IDA<br>LATITUD: 17.0905978<br>LONGITUD: -96.7425949<br>NUM_PARADA_GESCAR: 2611<br>ENERO PASAJEROS SUBEN-SEMANA: <br>ENERO PASAJEROS BAJAN-SEMANA: <br>ENERO POR DIA PASAJEROS SUBEN: <br>ENERO POR DIA PASAJEROS BAJAN:<br>RUTA: RC08<br>SAE: <br>NUM_ PARADERO: 44.0<br>SENTIDO: IDA<br>LATITUD: 17.0905978<br>LONGITUD: -96.7425949<br>NUM_PARADA_GESCAR: 2611.0<br>ENERO PASAJEROS SUBEN-SEMANA: <br>ENERO PASAJEROS BAJAN-SEMANA: <br>ENERO POR DIA PASAJEROS SUBEN: <br>ENERO POR DIA PASAJEROS BAJAN: ]]></description>
        <styleUrl>#icon-1532-0288D1</styleUrl>
        <ExtendedData>
          <Data name="descripción">
            <value>RUTA: RC08
SAE: 
NUM_ PARADERO: 44
SENTIDO: IDA
LATITUD: 17.0905978
LONGITUD: -96.7425949
NUM_PARADA_GESCAR: 2611
ENERO PASAJEROS SUBEN-SEMANA: 
ENERO PASAJEROS BAJAN-SEMANA: 
ENERO POR DIA PASAJEROS SUBEN: 
ENERO POR DIA PASAJEROS BAJAN:</value>
          </Data>
          <Data name="RUTA">
            <value>RC08</value>
          </Data>
          <Data name="SAE">
            <value/>
          </Data>
          <Data name="NUM_ PARADERO">
            <value>44.0</value>
          </Data>
          <Data name="SENTIDO">
            <value>IDA</value>
          </Data>
          <Data name="LATITUD">
            <value>17.0905978</value>
          </Data>
          <Data name="LONGITUD">
            <value>-96.7425949</value>
          </Data>
          <Data name="NUM_PARADA_GESCAR">
            <value>2611.0</value>
          </Data>
          <Data name="ENERO PASAJEROS SUBEN-SEMANA">
            <value/>
          </Data>
          <Data name="ENERO PASAJEROS BAJAN-SEMANA">
            <value/>
          </Data>
          <Data name="ENERO POR DIA PASAJEROS SUBEN">
            <value/>
          </Data>
          <Data name="ENERO POR DIA PASAJEROS BAJAN">
            <value/>
          </Data>
        </ExtendedData>
        <Point>
          <coordinates>
            -96.742595,17.090598,0
          </coordinates>
        </Point>
      </Placemark>
      <Placemark>
        <name>Cerro Azul</name>
        <description><![CDATA[descripción: RUTA: RC08<br>SAE: <br>NUM_ PARADERO: 45<br>SENTIDO: IDA<br>LATITUD: 17.0922302<br>LONGITUD: -96.7433294<br>NUM_PARADA_GESCAR: 2612<br>ENERO PASAJEROS SUBEN-SEMANA: <br>ENERO PASAJEROS BAJAN-SEMANA: <br>ENERO POR DIA PASAJEROS SUBEN: <br>ENERO POR DIA PASAJEROS BAJAN:<br>RUTA: RC08<br>SAE: <br>NUM_ PARADERO: 45.0<br>SENTIDO: IDA<br>LATITUD: 17.0922302<br>LONGITUD: -96.7433294<br>NUM_PARADA_GESCAR: 2612.0<br>ENERO PASAJEROS SUBEN-SEMANA: <br>ENERO PASAJEROS BAJAN-SEMANA: <br>ENERO POR DIA PASAJEROS SUBEN: <br>ENERO POR DIA PASAJEROS BAJAN: ]]></description>
        <styleUrl>#icon-1532-0288D1</styleUrl>
        <ExtendedData>
          <Data name="descripción">
            <value>RUTA: RC08
SAE: 
NUM_ PARADERO: 45
SENTIDO: IDA
LATITUD: 17.0922302
LONGITUD: -96.7433294
NUM_PARADA_GESCAR: 2612
ENERO PASAJEROS SUBEN-SEMANA: 
ENERO PASAJEROS BAJAN-SEMANA: 
ENERO POR DIA PASAJEROS SUBEN: 
ENERO POR DIA PASAJEROS BAJAN:</value>
          </Data>
          <Data name="RUTA">
            <value>RC08</value>
          </Data>
          <Data name="SAE">
            <value/>
          </Data>
          <Data name="NUM_ PARADERO">
            <value>45.0</value>
          </Data>
          <Data name="SENTIDO">
            <value>IDA</value>
          </Data>
          <Data name="LATITUD">
            <value>17.0922302</value>
          </Data>
          <Data name="LONGITUD">
            <value>-96.7433294</value>
          </Data>
          <Data name="NUM_PARADA_GESCAR">
            <value>2612.0</value>
          </Data>
          <Data name="ENERO PASAJEROS SUBEN-SEMANA">
            <value/>
          </Data>
          <Data name="ENERO PASAJEROS BAJAN-SEMANA">
            <value/>
          </Data>
          <Data name="ENERO POR DIA PASAJEROS SUBEN">
            <value/>
          </Data>
          <Data name="ENERO POR DIA PASAJEROS BAJAN">
            <value/>
          </Data>
        </ExtendedData>
        <Point>
          <coordinates>
            -96.743329,17.09223,0
          </coordinates>
        </Point>
      </Placemark>
      <Placemark>
        <name>Mirador</name>
        <description><![CDATA[descripción: RUTA: RC08<br>SAE: <br>NUM_ PARADERO: 46<br>SENTIDO: IDA<br>LATITUD: 17.0936534<br>LONGITUD: -96.7415411<br>NUM_PARADA_GESCAR: 1963<br>ENERO PASAJEROS SUBEN-SEMANA: <br>ENERO PASAJEROS BAJAN-SEMANA: <br>ENERO POR DIA PASAJEROS SUBEN: <br>ENERO POR DIA PASAJEROS BAJAN:<br>RUTA: RC08<br>SAE: <br>NUM_ PARADERO: 46.0<br>SENTIDO: IDA<br>LATITUD: 17.0936534<br>LONGITUD: -96.7415411<br>NUM_PARADA_GESCAR: 1963.0<br>ENERO PASAJEROS SUBEN-SEMANA: <br>ENERO PASAJEROS BAJAN-SEMANA: <br>ENERO POR DIA PASAJEROS SUBEN: <br>ENERO POR DIA PASAJEROS BAJAN: ]]></description>
        <styleUrl>#icon-1532-0288D1</styleUrl>
        <ExtendedData>
          <Data name="descripción">
            <value>RUTA: RC08
SAE: 
NUM_ PARADERO: 46
SENTIDO: IDA
LATITUD: 17.0936534
LONGITUD: -96.7415411
NUM_PARADA_GESCAR: 1963
ENERO PASAJEROS SUBEN-SEMANA: 
ENERO PASAJEROS BAJAN-SEMANA: 
ENERO POR DIA PASAJEROS SUBEN: 
ENERO POR DIA PASAJEROS BAJAN:</value>
          </Data>
          <Data name="RUTA">
            <value>RC08</value>
          </Data>
          <Data name="SAE">
            <value/>
          </Data>
          <Data name="NUM_ PARADERO">
            <value>46.0</value>
          </Data>
          <Data name="SENTIDO">
            <value>IDA</value>
          </Data>
          <Data name="LATITUD">
            <value>17.0936534</value>
          </Data>
          <Data name="LONGITUD">
            <value>-96.7415411</value>
          </Data>
          <Data name="NUM_PARADA_GESCAR">
            <value>1963.0</value>
          </Data>
          <Data name="ENERO PASAJEROS SUBEN-SEMANA">
            <value/>
          </Data>
          <Data name="ENERO PASAJEROS BAJAN-SEMANA">
            <value/>
          </Data>
          <Data name="ENERO POR DIA PASAJEROS SUBEN">
            <value/>
          </Data>
          <Data name="ENERO POR DIA PASAJEROS BAJAN">
            <value/>
          </Data>
        </ExtendedData>
        <Point>
          <coordinates>
            -96.741541,17.093653,0
          </coordinates>
        </Point>
      </Placemark>
      <Placemark>
        <name>Niño Artillero</name>
        <description><![CDATA[descripción: RUTA: RC08<br>SAE: <br>NUM_ PARADERO: 47<br>SENTIDO: IDA<br>LATITUD: 17.0961349<br>LONGITUD: -96.7413895<br>NUM_PARADA_GESCAR: 1964<br>ENERO PASAJEROS SUBEN-SEMANA: <br>ENERO PASAJEROS BAJAN-SEMANA: <br>ENERO POR DIA PASAJEROS SUBEN: <br>ENERO POR DIA PASAJEROS BAJAN:<br>RUTA: RC08<br>SAE: <br>NUM_ PARADERO: 47.0<br>SENTIDO: IDA<br>LATITUD: 17.0961349<br>LONGITUD: -96.7413895<br>NUM_PARADA_GESCAR: 1964.0<br>ENERO PASAJEROS SUBEN-SEMANA: <br>ENERO PASAJEROS BAJAN-SEMANA: <br>ENERO POR DIA PASAJEROS SUBEN: <br>ENERO POR DIA PASAJEROS BAJAN: ]]></description>
        <styleUrl>#icon-1532-0288D1</styleUrl>
        <ExtendedData>
          <Data name="descripción">
            <value>RUTA: RC08
SAE: 
NUM_ PARADERO: 47
SENTIDO: IDA
LATITUD: 17.0961349
LONGITUD: -96.7413895
NUM_PARADA_GESCAR: 1964
ENERO PASAJEROS SUBEN-SEMANA: 
ENERO PASAJEROS BAJAN-SEMANA: 
ENERO POR DIA PASAJEROS SUBEN: 
ENERO POR DIA PASAJEROS BAJAN:</value>
          </Data>
          <Data name="RUTA">
            <value>RC08</value>
          </Data>
          <Data name="SAE">
            <value/>
          </Data>
          <Data name="NUM_ PARADERO">
            <value>47.0</value>
          </Data>
          <Data name="SENTIDO">
            <value>IDA</value>
          </Data>
          <Data name="LATITUD">
            <value>17.0961349</value>
          </Data>
          <Data name="LONGITUD">
            <value>-96.7413895</value>
          </Data>
          <Data name="NUM_PARADA_GESCAR">
            <value>1964.0</value>
          </Data>
          <Data name="ENERO PASAJEROS SUBEN-SEMANA">
            <value/>
          </Data>
          <Data name="ENERO PASAJEROS BAJAN-SEMANA">
            <value/>
          </Data>
          <Data name="ENERO POR DIA PASAJEROS SUBEN">
            <value/>
          </Data>
          <Data name="ENERO POR DIA PASAJEROS BAJAN">
            <value/>
          </Data>
        </ExtendedData>
        <Point>
          <coordinates>
            -96.74139,17.096135,0
          </coordinates>
        </Point>
      </Placemark>
      <Placemark>
        <name>Onix Onice</name>
        <description><![CDATA[descripción: RUTA: RC08<br>SAE: <br>NUM_ PARADERO: 48<br>SENTIDO: IDA<br>LATITUD: 17.0959023<br>LONGITUD: -96.7433367<br>NUM_PARADA_GESCAR: 1904<br>ENERO PASAJEROS SUBEN-SEMANA: <br>ENERO PASAJEROS BAJAN-SEMANA: <br>ENERO POR DIA PASAJEROS SUBEN: <br>ENERO POR DIA PASAJEROS BAJAN:<br>RUTA: RC08<br>SAE: <br>NUM_ PARADERO: 48.0<br>SENTIDO: IDA<br>LATITUD: 17.0959023<br>LONGITUD: -96.7433367<br>NUM_PARADA_GESCAR: 1904.0<br>ENERO PASAJEROS SUBEN-SEMANA: <br>ENERO PASAJEROS BAJAN-SEMANA: <br>ENERO POR DIA PASAJEROS SUBEN: <br>ENERO POR DIA PASAJEROS BAJAN: ]]></description>
        <styleUrl>#icon-1532-0288D1</styleUrl>
        <ExtendedData>
          <Data name="descripción">
            <value>RUTA: RC08
SAE: 
NUM_ PARADERO: 48
SENTIDO: IDA
LATITUD: 17.0959023
LONGITUD: -96.7433367
NUM_PARADA_GESCAR: 1904
ENERO PASAJEROS SUBEN-SEMANA: 
ENERO PASAJEROS BAJAN-SEMANA: 
ENERO POR DIA PASAJEROS SUBEN: 
ENERO POR DIA PASAJEROS BAJAN:</value>
          </Data>
          <Data name="RUTA">
            <value>RC08</value>
          </Data>
          <Data name="SAE">
            <value/>
          </Data>
          <Data name="NUM_ PARADERO">
            <value>48.0</value>
          </Data>
          <Data name="SENTIDO">
            <value>IDA</value>
          </Data>
          <Data name="LATITUD">
            <value>17.0959023</value>
          </Data>
          <Data name="LONGITUD">
            <value>-96.7433367</value>
          </Data>
          <Data name="NUM_PARADA_GESCAR">
            <value>1904.0</value>
          </Data>
          <Data name="ENERO PASAJEROS SUBEN-SEMANA">
            <value/>
          </Data>
          <Data name="ENERO PASAJEROS BAJAN-SEMANA">
            <value/>
          </Data>
          <Data name="ENERO POR DIA PASAJEROS SUBEN">
            <value/>
          </Data>
          <Data name="ENERO POR DIA PASAJEROS BAJAN">
            <value/>
          </Data>
        </ExtendedData>
        <Point>
          <coordinates>
            -96.743337,17.095902,0
          </coordinates>
        </Point>
      </Placemark>
      <Placemark>
        <name>Coral</name>
        <description><![CDATA[descripción: RUTA: RC08<br>SAE: <br>NUM_ PARADERO: 49<br>SENTIDO: IDA<br>LATITUD: 17.0967332<br>LONGITUD: -96.7424729<br>NUM_PARADA_GESCAR: 2613<br>ENERO PASAJEROS SUBEN-SEMANA: <br>ENERO PASAJEROS BAJAN-SEMANA: <br>ENERO POR DIA PASAJEROS SUBEN: <br>ENERO POR DIA PASAJEROS BAJAN:<br>RUTA: RC08<br>SAE: <br>NUM_ PARADERO: 49.0<br>SENTIDO: IDA<br>LATITUD: 17.0967332<br>LONGITUD: -96.7424729<br>NUM_PARADA_GESCAR: 2613.0<br>ENERO PASAJEROS SUBEN-SEMANA: <br>ENERO PASAJEROS BAJAN-SEMANA: <br>ENERO POR DIA PASAJEROS SUBEN: <br>ENERO POR DIA PASAJEROS BAJAN: ]]></description>
        <styleUrl>#icon-1532-0288D1</styleUrl>
        <ExtendedData>
          <Data name="descripción">
            <value>RUTA: RC08
SAE: 
NUM_ PARADERO: 49
SENTIDO: IDA
LATITUD: 17.0967332
LONGITUD: -96.7424729
NUM_PARADA_GESCAR: 2613
ENERO PASAJEROS SUBEN-SEMANA: 
ENERO PASAJEROS BAJAN-SEMANA: 
ENERO POR DIA PASAJEROS SUBEN: 
ENERO POR DIA PASAJEROS BAJAN:</value>
          </Data>
          <Data name="RUTA">
            <value>RC08</value>
          </Data>
          <Data name="SAE">
            <value/>
          </Data>
          <Data name="NUM_ PARADERO">
            <value>49.0</value>
          </Data>
          <Data name="SENTIDO">
            <value>IDA</value>
          </Data>
          <Data name="LATITUD">
            <value>17.0967332</value>
          </Data>
          <Data name="LONGITUD">
            <value>-96.7424729</value>
          </Data>
          <Data name="NUM_PARADA_GESCAR">
            <value>2613.0</value>
          </Data>
          <Data name="ENERO PASAJEROS SUBEN-SEMANA">
            <value/>
          </Data>
          <Data name="ENERO PASAJEROS BAJAN-SEMANA">
            <value/>
          </Data>
          <Data name="ENERO POR DIA PASAJEROS SUBEN">
            <value/>
          </Data>
          <Data name="ENERO POR DIA PASAJEROS BAJAN">
            <value/>
          </Data>
        </ExtendedData>
        <Point>
          <coordinates>
            -96.742473,17.096733,0
          </coordinates>
        </Point>
      </Placemark>
      <Placemark>
        <name>Topacio</name>
        <description><![CDATA[descripción: RUTA: RC08<br>SAE: <br>NUM_ PARADERO: 50<br>SENTIDO: IDA<br>LATITUD: 17.0970449<br>LONGITUD: -96.7407398<br>NUM_PARADA_GESCAR: 2614<br>ENERO PASAJEROS SUBEN-SEMANA: <br>ENERO PASAJEROS BAJAN-SEMANA: <br>ENERO POR DIA PASAJEROS SUBEN: <br>ENERO POR DIA PASAJEROS BAJAN:<br>RUTA: RC08<br>SAE: <br>NUM_ PARADERO: 50.0<br>SENTIDO: IDA<br>LATITUD: 17.0970449<br>LONGITUD: -96.7407398<br>NUM_PARADA_GESCAR: 2614.0<br>ENERO PASAJEROS SUBEN-SEMANA: <br>ENERO PASAJEROS BAJAN-SEMANA: <br>ENERO POR DIA PASAJEROS SUBEN: <br>ENERO POR DIA PASAJEROS BAJAN: ]]></description>
        <styleUrl>#icon-1532-0288D1</styleUrl>
        <ExtendedData>
          <Data name="descripción">
            <value>RUTA: RC08
SAE: 
NUM_ PARADERO: 50
SENTIDO: IDA
LATITUD: 17.0970449
LONGITUD: -96.7407398
NUM_PARADA_GESCAR: 2614
ENERO PASAJEROS SUBEN-SEMANA: 
ENERO PASAJEROS BAJAN-SEMANA: 
ENERO POR DIA PASAJEROS SUBEN: 
ENERO POR DIA PASAJEROS BAJAN:</value>
          </Data>
          <Data name="RUTA">
            <value>RC08</value>
          </Data>
          <Data name="SAE">
            <value/>
          </Data>
          <Data name="NUM_ PARADERO">
            <value>50.0</value>
          </Data>
          <Data name="SENTIDO">
            <value>IDA</value>
          </Data>
          <Data name="LATITUD">
            <value>17.0970449</value>
          </Data>
          <Data name="LONGITUD">
            <value>-96.7407398</value>
          </Data>
          <Data name="NUM_PARADA_GESCAR">
            <value>2614.0</value>
          </Data>
          <Data name="ENERO PASAJEROS SUBEN-SEMANA">
            <value/>
          </Data>
          <Data name="ENERO PASAJEROS BAJAN-SEMANA">
            <value/>
          </Data>
          <Data name="ENERO POR DIA PASAJEROS SUBEN">
            <value/>
          </Data>
          <Data name="ENERO POR DIA PASAJEROS BAJAN">
            <value/>
          </Data>
        </ExtendedData>
        <Point>
          <coordinates>
            -96.74074,17.097045,0
          </coordinates>
        </Point>
      </Placemark>
      <Placemark>
        <name>Monte los Olivos</name>
        <description><![CDATA[descripción: RUTA: RC08<br>SAE: <br>NUM_ PARADERO: 51<br>SENTIDO: IDA<br>LATITUD: 17.0981562<br>LONGITUD: -96.7395804<br>NUM_PARADA_GESCAR: 2615<br>ENERO PASAJEROS SUBEN-SEMANA: <br>ENERO PASAJEROS BAJAN-SEMANA: <br>ENERO POR DIA PASAJEROS SUBEN: <br>ENERO POR DIA PASAJEROS BAJAN:<br>RUTA: RC08<br>SAE: <br>NUM_ PARADERO: 51.0<br>SENTIDO: IDA<br>LATITUD: 17.0981562<br>LONGITUD: -96.7395804<br>NUM_PARADA_GESCAR: 2615.0<br>ENERO PASAJEROS SUBEN-SEMANA: <br>ENERO PASAJEROS BAJAN-SEMANA: <br>ENERO POR DIA PASAJEROS SUBEN: <br>ENERO POR DIA PASAJEROS BAJAN: ]]></description>
        <styleUrl>#icon-1532-0288D1</styleUrl>
        <ExtendedData>
          <Data name="descripción">
            <value>RUTA: RC08
SAE: 
NUM_ PARADERO: 51
SENTIDO: IDA
LATITUD: 17.0981562
LONGITUD: -96.7395804
NUM_PARADA_GESCAR: 2615
ENERO PASAJEROS SUBEN-SEMANA: 
ENERO PASAJEROS BAJAN-SEMANA: 
ENERO POR DIA PASAJEROS SUBEN: 
ENERO POR DIA PASAJEROS BAJAN:</value>
          </Data>
          <Data name="RUTA">
            <value>RC08</value>
          </Data>
          <Data name="SAE">
            <value/>
          </Data>
          <Data name="NUM_ PARADERO">
            <value>51.0</value>
          </Data>
          <Data name="SENTIDO">
            <value>IDA</value>
          </Data>
          <Data name="LATITUD">
            <value>17.0981562</value>
          </Data>
          <Data name="LONGITUD">
            <value>-96.7395804</value>
          </Data>
          <Data name="NUM_PARADA_GESCAR">
            <value>2615.0</value>
          </Data>
          <Data name="ENERO PASAJEROS SUBEN-SEMANA">
            <value/>
          </Data>
          <Data name="ENERO PASAJEROS BAJAN-SEMANA">
            <value/>
          </Data>
          <Data name="ENERO POR DIA PASAJEROS SUBEN">
            <value/>
          </Data>
          <Data name="ENERO POR DIA PASAJEROS BAJAN">
            <value/>
          </Data>
        </ExtendedData>
        <Point>
          <coordinates>
            -96.73958,17.098156,0
          </coordinates>
        </Point>
      </Placemark>
    </Folder>
    <Folder>
      <name>RC-08 REG.kmz</name>
      <Placemark>
        <name>RC-08 REG</name>
        <description><![CDATA[descripción: <br>RUTA: <br>SAE: <br>NUM_ PARADERO: <br>SENTIDO: <br>LATITUD: <br>LONGITUD: <br>NUM_PARADA_GESCAR: <br>ENERO PASAJEROS SUBEN-SEMANA: <br>ENERO PASAJEROS BAJAN-SEMANA: <br>ENERO POR DIA PASAJEROS SUBEN: <br>ENERO POR DIA PASAJEROS BAJAN: ]]></description>
        <styleUrl>#line-7CB342-4000</styleUrl>
        <ExtendedData>
          <Data name="descripción">
            <value/>
          </Data>
          <Data name="RUTA">
            <value/>
          </Data>
          <Data name="SAE">
            <value/>
          </Data>
          <Data name="NUM_ PARADERO">
            <value/>
          </Data>
          <Data name="SENTIDO">
            <value/>
          </Data>
          <Data name="LATITUD">
            <value/>
          </Data>
          <Data name="LONGITUD">
            <value/>
          </Data>
          <Data name="NUM_PARADA_GESCAR">
            <value/>
          </Data>
          <Data name="ENERO PASAJEROS SUBEN-SEMANA">
            <value/>
          </Data>
          <Data name="ENERO PASAJEROS BAJAN-SEMANA">
            <value/>
          </Data>
          <Data name="ENERO POR DIA PASAJEROS SUBEN">
            <value/>
          </Data>
          <Data name="ENERO POR DIA PASAJEROS BAJAN">
            <value/>
          </Data>
        </ExtendedData>
        <LineString>
          <tessellate>1</tessellate>
          <coordinates>
            -96.696619,17.102492,0
            -96.696387,17.103398,0
            -96.696358,17.103441,0
            -96.696282,17.103449,0
            -96.696074,17.103406,0
            -96.695732,17.103314,0
            -96.695457,17.103242,0
            -96.695453,17.103242,0
            -96.695409,17.103201,0
            -96.695409,17.103126,0
            -96.695655,17.10226,0
            -96.695944,17.101215,0
            -96.696452,17.099543,0
            -96.696446,17.09949,0
            -96.696138,17.099328,0
            -96.695685,17.09904,0
            -96.695578,17.098912,0
            -96.69553,17.098812,0
            -96.69542,17.098538,0
            -96.695382,17.098275,0
            -96.695383,17.098273,0
            -96.695383,17.097983,0
            -96.695418,17.097742,0
            -96.695531,17.097574,0
            -96.696061,17.097105,0
            -96.696591,17.096637,0
            -96.696825,17.096401,0
            -96.696828,17.096397,0
            -96.696953,17.096138,0
            -96.697294,17.095275,0
            -96.697744,17.094108,0
            -96.69788,17.09391,0
            -96.697883,17.093909,0
            -96.698016,17.093879,0
            -96.698285,17.093869,0
            -96.698289,17.093869,0
            -96.698588,17.093874,0
            -96.698591,17.093874,0
            -96.698881,17.093873,0
            -96.699099,17.093879,0
            -96.69927,17.093856,0
            -96.699371,17.093794,0
            -96.699815,17.09342,0
            -96.700368,17.092876,0
            -96.700544,17.092758,0
            -96.70072,17.092667,0
            -96.70091,17.092623,0
            -96.70115,17.0926,0
            -96.70116,17.092599,0
            -96.701403,17.092582,0
            -96.701628,17.092667,0
            -96.70164,17.092673,0
            -96.701649,17.092676,0
            -96.701831,17.092734,0
            -96.702021,17.092788,0
            -96.702429,17.092894,0
            -96.702677,17.092936,0
            -96.702679,17.092937,0
            -96.702852,17.09296,0
            -96.702857,17.09296,0
            -96.703004,17.09291,0
            -96.703118,17.092882,0
            -96.703219,17.092877,0
            -96.70379,17.093136,0
            -96.70428,17.093387,0
            -96.70495,17.093694,0
            -96.70652,17.094447,0
            -96.707106,17.094745,0
            -96.707156,17.094751,0
            -96.707199,17.094722,0
            -96.707952,17.093292,0
            -96.708852,17.091523,0
            -96.709551,17.090116,0
            -96.709601,17.090032,0
            -96.709792,17.089626,0
            -96.709937,17.089396,0
            -96.710073,17.089207,0
            -96.710469,17.088743,0
            -96.710652,17.088475,0
            -96.71112,17.087669,0
            -96.711381,17.08725,0
            -96.711618,17.086827,0
            -96.71173,17.086584,0
            -96.711773,17.08639,0
            -96.711713,17.086186,0
            -96.711617,17.086012,0
            -96.711485,17.085822,0
            -96.711349,17.085593,0
            -96.711253,17.085334,0
            -96.71121,17.085039,0
            -96.711215,17.084826,0
            -96.711284,17.084392,0
            -96.711402,17.084104,0
            -96.711405,17.084095,0
            -96.711408,17.084093,0
            -96.711598,17.083709,0
            -96.711742,17.083543,0
            -96.711817,17.083417,0
            -96.711842,17.08327,0
            -96.711951,17.082307,0
            -96.712041,17.081533,0
            -96.712215,17.080397,0
            -96.712364,17.079308,0
            -96.712531,17.078128,0
            -96.712698,17.077059,0
            -96.712892,17.075562,0
            -96.713232,17.073198,0
            -96.713588,17.070549,0
            -96.713633,17.070277,0
            -96.713789,17.068974,0
            -96.713894,17.068185,0
            -96.71413,17.066262,0
            -96.714185,17.065611,0
            -96.71417,17.065314,0
            -96.714188,17.065069,0
            -96.714197,17.064331,0
            -96.714131,17.06347,0
            -96.714075,17.06266,0
            -96.714029,17.061826,0
            -96.713951,17.061609,0
            -96.713799,17.061437,0
            -96.713703,17.061248,0
            -96.713632,17.06109,0
            -96.713567,17.06083,0
            -96.713428,17.060349,0
            -96.713115,17.059643,0
            -96.712844,17.058876,0
            -96.712709,17.058482,0
            -96.712682,17.058248,0
            -96.712729,17.057694,0
            -96.712824,17.056651,0
            -96.712939,17.055662,0
            -96.712986,17.054928,0
            -96.712996,17.054567,0
            -96.713005,17.054424,0
            -96.71302,17.054271,0
            -96.713029,17.054178,0
            -96.713062,17.054134,0
            -96.713144,17.054079,0
            -96.713146,17.054078,0
            -96.713492,17.053959,0
            -96.715125,17.053512,0
            -96.715766,17.053338,0
            -96.71844,17.052699,0
            -96.720808,17.052103,0
            -96.72202,17.0518,0
            -96.724302,17.05125,0
            -96.725157,17.05101,0
            -96.726227,17.050712,0
            -96.726532,17.050668,0
            -96.726923,17.050585,0
            -96.727224,17.050519,0
            -96.727571,17.05046,0
            -96.727922,17.050492,0
            -96.728209,17.050603,0
            -96.728474,17.050747,0
            -96.728763,17.050962,0
            -96.728998,17.051167,0
            -96.729196,17.051486,0
            -96.729324,17.051797,0
            -96.729348,17.052114,0
            -96.729347,17.052122,0
            -96.72937,17.052516,0
            -96.729369,17.052522,0
            -96.729503,17.053066,0
            -96.729507,17.053079,0
            -96.729676,17.053586,0
            -96.730137,17.055075,0
            -96.730364,17.055838,0
            -96.730509,17.056266,0
            -96.730601,17.056478,0
            -96.730679,17.056638,0
            -96.7312,17.057387,0
            -96.731404,17.057623,0
            -96.731917,17.0583,0
            -96.732659,17.059329,0
            -96.733556,17.060633,0
            -96.734398,17.061858,0
            -96.734629,17.062142,0
            -96.735036,17.062717,0
            -96.735519,17.063372,0
            -96.735863,17.063929,0
            -96.736047,17.064264,0
            -96.736164,17.064583,0
            -96.736166,17.064586,0
            -96.736366,17.065074,0
            -96.736412,17.065382,0
            -96.736416,17.065392,0
            -96.736415,17.065398,0
            -96.736405,17.065578,0
            -96.736322,17.06593,0
            -96.736212,17.066114,0
            -96.736074,17.066326,0
            -96.735979,17.0666,0
            -96.735977,17.066613,0
            -96.735937,17.066989,0
            -96.735982,17.067209,0
            -96.736192,17.067551,0
            -96.736622,17.068266,0
            -96.737118,17.069075,0
            -96.737322,17.069503,0
            -96.737888,17.070896,0
            -96.738398,17.071984,0
            -96.738807,17.072656,0
            -96.739338,17.073367,0
            -96.740211,17.074526,0
            -96.740321,17.07467,0
            -96.740977,17.075596,0
            -96.741083,17.075652,0
            -96.741092,17.075663,0
            -96.741234,17.075816,0
            -96.741277,17.076035,0
            -96.741457,17.076452,0
            -96.742512,17.078272,0
            -96.743112,17.079291,0
            -96.743451,17.079942,0
            -96.743539,17.080133,0
            -96.743582,17.080275,0
            -96.743581,17.08028,0
            -96.743589,17.080472,0
            -96.743611,17.081343,0
            -96.743609,17.08198,0
            -96.743609,17.081982,0
            -96.743616,17.082248,0
            -96.743623,17.082267,0
            -96.74369,17.08253,0
            -96.743729,17.082615,0
            -96.74439,17.084108,0
            -96.745728,17.087184,0
            -96.746677,17.08945,0
            -96.748041,17.09263,0
            -96.748936,17.094672,0
            -96.749858,17.096909,0
            -96.75077,17.098931,0
            -96.751674,17.101119,0
            -96.75231,17.102493,0
            -96.752677,17.10335,0
            -96.752693,17.103408,0
            -96.75268,17.103452,0
            -96.752626,17.103481,0
            -96.752621,17.103483,0
            -96.752572,17.103455,0
            -96.752411,17.103074,0
            -96.752214,17.102604,0
            -96.752119,17.102414,0
            -96.752005,17.102126,0
            -96.751611,17.101245,0
            -96.751138,17.100178,0
            -96.750838,17.099567,0
            -96.750775,17.099484,0
            -96.750737,17.099455,0
            -96.750669,17.099463,0
            -96.750461,17.099534,0
            -96.748843,17.10015,0
            -96.747711,17.100591,0
            -96.747018,17.100861,0
            -96.746684,17.10098,0
            -96.74659,17.101063,0
            -96.746514,17.101173,0
            -96.746512,17.101175,0
            -96.746457,17.101283,0
            -96.746389,17.101473,0
            -96.746317,17.101554,0
            -96.746309,17.101555,0
            -96.746127,17.101622,0
            -96.7459,17.101671,0
            -96.745634,17.101685,0
            -96.745534,17.101619,0
            -96.745419,17.101436,0
            -96.745327,17.101362,0
            -96.745278,17.10133,0
            -96.745183,17.101358,0
            -96.745048,17.101449,0
            -96.745045,17.101451,0
            -96.744867,17.101583,0
            -96.744538,17.101735,0
            -96.744336,17.101816,0
            -96.744087,17.101948,0
            -96.743835,17.102168,0
            -96.743602,17.102378,0
            -96.743432,17.102492,0
            -96.743307,17.102527,0
            -96.743103,17.102523,0
            -96.742864,17.102409,0
            -96.742685,17.102254,0
            -96.742495,17.102097,0
            -96.742306,17.101987,0
            -96.74215,17.101962,0
            -96.74214,17.101961,0
            -96.742129,17.10196,0
            -96.741905,17.101918,0
            -96.741655,17.101854,0
            -96.741488,17.101816,0
            -96.741475,17.101811,0
            -96.741465,17.10181,0
            -96.741343,17.101767,0
            -96.741335,17.101757,0
            -96.741334,17.101751,0
            -96.741254,17.101631,0
            -96.741134,17.101495,0
            -96.741055,17.101442,0
            -96.740976,17.101445,0
            -96.740898,17.101444,0
            -96.740832,17.101516,0
            -96.740765,17.101572,0
            -96.740662,17.101587,0
            -96.740652,17.101588,0
            -96.740643,17.10159,0
            -96.740639,17.101589,0
            -96.740562,17.101595,0
            -96.740557,17.101598,0
            -96.740549,17.101597,0
            -96.740538,17.101598,0
            -96.740473,17.101592,0
            -96.740422,17.101627,0
            -96.740415,17.101632,0
            -96.740412,17.101636,0
            -96.740382,17.101678,0
            -96.740327,17.10181,0
            -96.740324,17.101816,0
            -96.740255,17.101946,0
            -96.740245,17.101963,0
            -96.740113,17.102198,0
            -96.739966,17.102351,0
            -96.739844,17.102422,0
            -96.739712,17.102418,0
            -96.739586,17.102329,0
            -96.739381,17.102236,0
            -96.73905,17.101962,0
            -96.738879,17.101715,0
            -96.738784,17.101577,0
            -96.738763,17.101391,0
            -96.738733,17.101281,0
            -96.73868,17.101215,0
            -96.738583,17.101152,0
            -96.738452,17.101125,0
            -96.738345,17.101065,0
            -96.738175,17.100898,0
            -96.738014,17.100698,0
            -96.737908,17.100576,0
            -96.737848,17.100509,0
            -96.737843,17.100432,0
            -96.737894,17.100328,0
            -96.737958,17.100269,0
            -96.738111,17.100148,0
            -96.738215,17.10002,0
            -96.738269,17.099949,0
            -96.738381,17.099707,0
            -96.738461,17.099541,0
            -96.738505,17.099389,0
            -96.738531,17.099295,0
            -96.738579,17.099218,0
            -96.738623,17.099161,0
          </coordinates>
        </LineString>
      </Placemark>
      <Placemark>
        <name>Base Heladio</name>
        <description><![CDATA[descripción: RUTA: RC08<br>SAE: <br>NUM_ PARADERO: 52<br>SENTIDO: BASE<br>LATITUD: 17.099167<br>LONGITUD: -96.7386309<br>NUM_PARADA_GESCAR: 2616<br>ENERO PASAJEROS SUBEN-SEMANA: <br>ENERO PASAJEROS BAJAN-SEMANA: <br>ENERO POR DIA PASAJEROS SUBEN: <br>ENERO POR DIA PASAJEROS BAJAN:<br>RUTA: RC08<br>SAE: <br>NUM_ PARADERO: 52.0<br>SENTIDO: BASE<br>LATITUD: 17.099167<br>LONGITUD: -96.7386309<br>NUM_PARADA_GESCAR: 2616.0<br>ENERO PASAJEROS SUBEN-SEMANA: <br>ENERO PASAJEROS BAJAN-SEMANA: <br>ENERO POR DIA PASAJEROS SUBEN: <br>ENERO POR DIA PASAJEROS BAJAN: ]]></description>
        <styleUrl>#icon-1532-7CB342</styleUrl>
        <ExtendedData>
          <Data name="descripción">
            <value>RUTA: RC08
SAE: 
NUM_ PARADERO: 52
SENTIDO: BASE
LATITUD: 17.099167
LONGITUD: -96.7386309
NUM_PARADA_GESCAR: 2616
ENERO PASAJEROS SUBEN-SEMANA: 
ENERO PASAJEROS BAJAN-SEMANA: 
ENERO POR DIA PASAJEROS SUBEN: 
ENERO POR DIA PASAJEROS BAJAN:</value>
          </Data>
          <Data name="RUTA">
            <value>RC08</value>
          </Data>
          <Data name="SAE">
            <value/>
          </Data>
          <Data name="NUM_ PARADERO">
            <value>52.0</value>
          </Data>
          <Data name="SENTIDO">
            <value>BASE</value>
          </Data>
          <Data name="LATITUD">
            <value>17.099167</value>
          </Data>
          <Data name="LONGITUD">
            <value>-96.7386309</value>
          </Data>
          <Data name="NUM_PARADA_GESCAR">
            <value>2616.0</value>
          </Data>
          <Data name="ENERO PASAJEROS SUBEN-SEMANA">
            <value/>
          </Data>
          <Data name="ENERO PASAJEROS BAJAN-SEMANA">
            <value/>
          </Data>
          <Data name="ENERO POR DIA PASAJEROS SUBEN">
            <value/>
          </Data>
          <Data name="ENERO POR DIA PASAJEROS BAJAN">
            <value/>
          </Data>
        </ExtendedData>
        <Point>
          <coordinates>
            -96.738631,17.099167,0
          </coordinates>
        </Point>
      </Placemark>
      <Placemark>
        <name>Júpiter</name>
        <description><![CDATA[descripción: RUTA: RC08<br>SAE: <br>NUM_ PARADERO: 53<br>SENTIDO: REGRESO<br>LATITUD: 17.10026585<br>LONGITUD: -96.73795664<br>NUM_PARADA_GESCAR: 2617<br>ENERO PASAJEROS SUBEN-SEMANA: <br>ENERO PASAJEROS BAJAN-SEMANA: <br>ENERO POR DIA PASAJEROS SUBEN: <br>ENERO POR DIA PASAJEROS BAJAN:<br>RUTA: RC08<br>SAE: <br>NUM_ PARADERO: 53.0<br>SENTIDO: REGRESO<br>LATITUD: 17.10026585<br>LONGITUD: -96.73795664<br>NUM_PARADA_GESCAR: 2617.0<br>ENERO PASAJEROS SUBEN-SEMANA: <br>ENERO PASAJEROS BAJAN-SEMANA: <br>ENERO POR DIA PASAJEROS SUBEN: <br>ENERO POR DIA PASAJEROS BAJAN: ]]></description>
        <styleUrl>#icon-1532-7CB342</styleUrl>
        <ExtendedData>
          <Data name="descripción">
            <value>RUTA: RC08
SAE: 
NUM_ PARADERO: 53
SENTIDO: REGRESO
LATITUD: 17.10026585
LONGITUD: -96.73795664
NUM_PARADA_GESCAR: 2617
ENERO PASAJEROS SUBEN-SEMANA: 
ENERO PASAJEROS BAJAN-SEMANA: 
ENERO POR DIA PASAJEROS SUBEN: 
ENERO POR DIA PASAJEROS BAJAN:</value>
          </Data>
          <Data name="RUTA">
            <value>RC08</value>
          </Data>
          <Data name="SAE">
            <value/>
          </Data>
          <Data name="NUM_ PARADERO">
            <value>53.0</value>
          </Data>
          <Data name="SENTIDO">
            <value>REGRESO</value>
          </Data>
          <Data name="LATITUD">
            <value>17.10026585</value>
          </Data>
          <Data name="LONGITUD">
            <value>-96.73795664</value>
          </Data>
          <Data name="NUM_PARADA_GESCAR">
            <value>2617.0</value>
          </Data>
          <Data name="ENERO PASAJEROS SUBEN-SEMANA">
            <value/>
          </Data>
          <Data name="ENERO PASAJEROS BAJAN-SEMANA">
            <value/>
          </Data>
          <Data name="ENERO POR DIA PASAJEROS SUBEN">
            <value/>
          </Data>
          <Data name="ENERO POR DIA PASAJEROS BAJAN">
            <value/>
          </Data>
        </ExtendedData>
        <Point>
          <coordinates>
            -96.737957,17.100266,0
          </coordinates>
        </Point>
      </Placemark>
      <Placemark>
        <name>Monte Obreb</name>
        <description><![CDATA[descripción: RUTA: RC08<br>SAE: <br>NUM_ PARADERO: 54<br>SENTIDO: REGRESO<br>LATITUD: 17.1012687<br>LONGITUD: -96.7387335<br>NUM_PARADA_GESCAR: 2618<br>ENERO PASAJEROS SUBEN-SEMANA: <br>ENERO PASAJEROS BAJAN-SEMANA: <br>ENERO POR DIA PASAJEROS SUBEN: <br>ENERO POR DIA PASAJEROS BAJAN:<br>RUTA: RC08<br>SAE: <br>NUM_ PARADERO: 54.0<br>SENTIDO: REGRESO<br>LATITUD: 17.1012687<br>LONGITUD: -96.7387335<br>NUM_PARADA_GESCAR: 2618.0<br>ENERO PASAJEROS SUBEN-SEMANA: <br>ENERO PASAJEROS BAJAN-SEMANA: <br>ENERO POR DIA PASAJEROS SUBEN: <br>ENERO POR DIA PASAJEROS BAJAN: ]]></description>
        <styleUrl>#icon-1532-7CB342</styleUrl>
        <ExtendedData>
          <Data name="descripción">
            <value>RUTA: RC08
SAE: 
NUM_ PARADERO: 54
SENTIDO: REGRESO
LATITUD: 17.1012687
LONGITUD: -96.7387335
NUM_PARADA_GESCAR: 2618
ENERO PASAJEROS SUBEN-SEMANA: 
ENERO PASAJEROS BAJAN-SEMANA: 
ENERO POR DIA PASAJEROS SUBEN: 
ENERO POR DIA PASAJEROS BAJAN:</value>
          </Data>
          <Data name="RUTA">
            <value>RC08</value>
          </Data>
          <Data name="SAE">
            <value/>
          </Data>
          <Data name="NUM_ PARADERO">
            <value>54.0</value>
          </Data>
          <Data name="SENTIDO">
            <value>REGRESO</value>
          </Data>
          <Data name="LATITUD">
            <value>17.1012687</value>
          </Data>
          <Data name="LONGITUD">
            <value>-96.7387335</value>
          </Data>
          <Data name="NUM_PARADA_GESCAR">
            <value>2618.0</value>
          </Data>
          <Data name="ENERO PASAJEROS SUBEN-SEMANA">
            <value/>
          </Data>
          <Data name="ENERO PASAJEROS BAJAN-SEMANA">
            <value/>
          </Data>
          <Data name="ENERO POR DIA PASAJEROS SUBEN">
            <value/>
          </Data>
          <Data name="ENERO POR DIA PASAJEROS BAJAN">
            <value/>
          </Data>
        </ExtendedData>
        <Point>
          <coordinates>
            -96.738734,17.101269,0
          </coordinates>
        </Point>
      </Placemark>
      <Placemark>
        <name>Lázaro Cárdenas</name>
        <description><![CDATA[descripción: RUTA: RC08<br>SAE: <br>NUM_ PARADERO: 55<br>SENTIDO: REGRESO<br>LATITUD: 17.1024094<br>LONGITUD: -96.7397935<br>NUM_PARADA_GESCAR: 2619<br>ENERO PASAJEROS SUBEN-SEMANA: <br>ENERO PASAJEROS BAJAN-SEMANA: <br>ENERO POR DIA PASAJEROS SUBEN: <br>ENERO POR DIA PASAJEROS BAJAN:<br>RUTA: RC08<br>SAE: <br>NUM_ PARADERO: 55.0<br>SENTIDO: REGRESO<br>LATITUD: 17.1024094<br>LONGITUD: -96.7397935<br>NUM_PARADA_GESCAR: 2619.0<br>ENERO PASAJEROS SUBEN-SEMANA: <br>ENERO PASAJEROS BAJAN-SEMANA: <br>ENERO POR DIA PASAJEROS SUBEN: <br>ENERO POR DIA PASAJEROS BAJAN: ]]></description>
        <styleUrl>#icon-1532-7CB342</styleUrl>
        <ExtendedData>
          <Data name="descripción">
            <value>RUTA: RC08
SAE: 
NUM_ PARADERO: 55
SENTIDO: REGRESO
LATITUD: 17.1024094
LONGITUD: -96.7397935
NUM_PARADA_GESCAR: 2619
ENERO PASAJEROS SUBEN-SEMANA: 
ENERO PASAJEROS BAJAN-SEMANA: 
ENERO POR DIA PASAJEROS SUBEN: 
ENERO POR DIA PASAJEROS BAJAN:</value>
          </Data>
          <Data name="RUTA">
            <value>RC08</value>
          </Data>
          <Data name="SAE">
            <value/>
          </Data>
          <Data name="NUM_ PARADERO">
            <value>55.0</value>
          </Data>
          <Data name="SENTIDO">
            <value>REGRESO</value>
          </Data>
          <Data name="LATITUD">
            <value>17.1024094</value>
          </Data>
          <Data name="LONGITUD">
            <value>-96.7397935</value>
          </Data>
          <Data name="NUM_PARADA_GESCAR">
            <value>2619.0</value>
          </Data>
          <Data name="ENERO PASAJEROS SUBEN-SEMANA">
            <value/>
          </Data>
          <Data name="ENERO PASAJEROS BAJAN-SEMANA">
            <value/>
          </Data>
          <Data name="ENERO POR DIA PASAJEROS SUBEN">
            <value/>
          </Data>
          <Data name="ENERO POR DIA PASAJEROS BAJAN">
            <value/>
          </Data>
        </ExtendedData>
        <Point>
          <coordinates>
            -96.739794,17.102409,0
          </coordinates>
        </Point>
      </Placemark>
      <Placemark>
        <name>Emiliano Zapata</name>
        <description><![CDATA[descripción: RUTA: RC08<br>SAE: <br>NUM_ PARADERO: 56<br>SENTIDO: REGRESO<br>LATITUD: 17.1019305<br>LONGITUD: -96.7419746<br>NUM_PARADA_GESCAR: 2620<br>ENERO PASAJEROS SUBEN-SEMANA: <br>ENERO PASAJEROS BAJAN-SEMANA: <br>ENERO POR DIA PASAJEROS SUBEN: <br>ENERO POR DIA PASAJEROS BAJAN:<br>RUTA: RC08<br>SAE: <br>NUM_ PARADERO: 56.0<br>SENTIDO: REGRESO<br>LATITUD: 17.1019305<br>LONGITUD: -96.7419746<br>NUM_PARADA_GESCAR: 2620.0<br>ENERO PASAJEROS SUBEN-SEMANA: <br>ENERO PASAJEROS BAJAN-SEMANA: <br>ENERO POR DIA PASAJEROS SUBEN: <br>ENERO POR DIA PASAJEROS BAJAN: ]]></description>
        <styleUrl>#icon-1532-7CB342</styleUrl>
        <ExtendedData>
          <Data name="descripción">
            <value>RUTA: RC08
SAE: 
NUM_ PARADERO: 56
SENTIDO: REGRESO
LATITUD: 17.1019305
LONGITUD: -96.7419746
NUM_PARADA_GESCAR: 2620
ENERO PASAJEROS SUBEN-SEMANA: 
ENERO PASAJEROS BAJAN-SEMANA: 
ENERO POR DIA PASAJEROS SUBEN: 
ENERO POR DIA PASAJEROS BAJAN:</value>
          </Data>
          <Data name="RUTA">
            <value>RC08</value>
          </Data>
          <Data name="SAE">
            <value/>
          </Data>
          <Data name="NUM_ PARADERO">
            <value>56.0</value>
          </Data>
          <Data name="SENTIDO">
            <value>REGRESO</value>
          </Data>
          <Data name="LATITUD">
            <value>17.1019305</value>
          </Data>
          <Data name="LONGITUD">
            <value>-96.7419746</value>
          </Data>
          <Data name="NUM_PARADA_GESCAR">
            <value>2620.0</value>
          </Data>
          <Data name="ENERO PASAJEROS SUBEN-SEMANA">
            <value/>
          </Data>
          <Data name="ENERO PASAJEROS BAJAN-SEMANA">
            <value/>
          </Data>
          <Data name="ENERO POR DIA PASAJEROS SUBEN">
            <value/>
          </Data>
          <Data name="ENERO POR DIA PASAJEROS BAJAN">
            <value/>
          </Data>
        </ExtendedData>
        <Point>
          <coordinates>
            -96.741975,17.10193,0
          </coordinates>
        </Point>
      </Placemark>
      <Placemark>
        <name>Gómez Farias</name>
        <description><![CDATA[descripción: RUTA: RC08<br>SAE: <br>NUM_ PARADERO: 57<br>SENTIDO: REGRESO<br>LATITUD: 17.1014649<br>LONGITUD: -96.7450025<br>NUM_PARADA_GESCAR: 2621<br>ENERO PASAJEROS SUBEN-SEMANA: <br>ENERO PASAJEROS BAJAN-SEMANA: <br>ENERO POR DIA PASAJEROS SUBEN: <br>ENERO POR DIA PASAJEROS BAJAN:<br>RUTA: RC08<br>SAE: <br>NUM_ PARADERO: 57.0<br>SENTIDO: REGRESO<br>LATITUD: 17.1014649<br>LONGITUD: -96.7450025<br>NUM_PARADA_GESCAR: 2621.0<br>ENERO PASAJEROS SUBEN-SEMANA: <br>ENERO PASAJEROS BAJAN-SEMANA: <br>ENERO POR DIA PASAJEROS SUBEN: <br>ENERO POR DIA PASAJEROS BAJAN: ]]></description>
        <styleUrl>#icon-1532-7CB342</styleUrl>
        <ExtendedData>
          <Data name="descripción">
            <value>RUTA: RC08
SAE: 
NUM_ PARADERO: 57
SENTIDO: REGRESO
LATITUD: 17.1014649
LONGITUD: -96.7450025
NUM_PARADA_GESCAR: 2621
ENERO PASAJEROS SUBEN-SEMANA: 
ENERO PASAJEROS BAJAN-SEMANA: 
ENERO POR DIA PASAJEROS SUBEN: 
ENERO POR DIA PASAJEROS BAJAN:</value>
          </Data>
          <Data name="RUTA">
            <value>RC08</value>
          </Data>
          <Data name="SAE">
            <value/>
          </Data>
          <Data name="NUM_ PARADERO">
            <value>57.0</value>
          </Data>
          <Data name="SENTIDO">
            <value>REGRESO</value>
          </Data>
          <Data name="LATITUD">
            <value>17.1014649</value>
          </Data>
          <Data name="LONGITUD">
            <value>-96.7450025</value>
          </Data>
          <Data name="NUM_PARADA_GESCAR">
            <value>2621.0</value>
          </Data>
          <Data name="ENERO PASAJEROS SUBEN-SEMANA">
            <value/>
          </Data>
          <Data name="ENERO PASAJEROS BAJAN-SEMANA">
            <value/>
          </Data>
          <Data name="ENERO POR DIA PASAJEROS SUBEN">
            <value/>
          </Data>
          <Data name="ENERO POR DIA PASAJEROS BAJAN">
            <value/>
          </Data>
        </ExtendedData>
        <Point>
          <coordinates>
            -96.745002,17.101465,0
          </coordinates>
        </Point>
      </Placemark>
      <Placemark>
        <name>Valentin</name>
        <description><![CDATA[descripción: RUTA: RC08<br>SAE: <br>NUM_ PARADERO: 58<br>SENTIDO: REGRESO<br>LATITUD: 17.1011946<br>LONGITUD: -96.7464503<br>NUM_PARADA_GESCAR: 2622<br>ENERO PASAJEROS SUBEN-SEMANA: <br>ENERO PASAJEROS BAJAN-SEMANA: <br>ENERO POR DIA PASAJEROS SUBEN: <br>ENERO POR DIA PASAJEROS BAJAN:<br>RUTA: RC08<br>SAE: <br>NUM_ PARADERO: 58.0<br>SENTIDO: REGRESO<br>LATITUD: 17.1011946<br>LONGITUD: -96.7464503<br>NUM_PARADA_GESCAR: 2622.0<br>ENERO PASAJEROS SUBEN-SEMANA: <br>ENERO PASAJEROS BAJAN-SEMANA: <br>ENERO POR DIA PASAJEROS SUBEN: <br>ENERO POR DIA PASAJEROS BAJAN: ]]></description>
        <styleUrl>#icon-1532-7CB342</styleUrl>
        <ExtendedData>
          <Data name="descripción">
            <value>RUTA: RC08
SAE: 
NUM_ PARADERO: 58
SENTIDO: REGRESO
LATITUD: 17.1011946
LONGITUD: -96.7464503
NUM_PARADA_GESCAR: 2622
ENERO PASAJEROS SUBEN-SEMANA: 
ENERO PASAJEROS BAJAN-SEMANA: 
ENERO POR DIA PASAJEROS SUBEN: 
ENERO POR DIA PASAJEROS BAJAN:</value>
          </Data>
          <Data name="RUTA">
            <value>RC08</value>
          </Data>
          <Data name="SAE">
            <value/>
          </Data>
          <Data name="NUM_ PARADERO">
            <value>58.0</value>
          </Data>
          <Data name="SENTIDO">
            <value>REGRESO</value>
          </Data>
          <Data name="LATITUD">
            <value>17.1011946</value>
          </Data>
          <Data name="LONGITUD">
            <value>-96.7464503</value>
          </Data>
          <Data name="NUM_PARADA_GESCAR">
            <value>2622.0</value>
          </Data>
          <Data name="ENERO PASAJEROS SUBEN-SEMANA">
            <value/>
          </Data>
          <Data name="ENERO PASAJEROS BAJAN-SEMANA">
            <value/>
          </Data>
          <Data name="ENERO POR DIA PASAJEROS SUBEN">
            <value/>
          </Data>
          <Data name="ENERO POR DIA PASAJEROS BAJAN">
            <value/>
          </Data>
        </ExtendedData>
        <Point>
          <coordinates>
            -96.74645,17.101195,0
          </coordinates>
        </Point>
      </Placemark>
      <Placemark>
        <name>19 de Enero</name>
        <description><![CDATA[descripción: RUTA: RC08<br>SAE: <br>NUM_ PARADERO: 59<br>SENTIDO: REGRESO<br>LATITUD: 17.10013<br>LONGITUD: -96.74884<br>NUM_PARADA_GESCAR: 2623<br>ENERO PASAJEROS SUBEN-SEMANA: <br>ENERO PASAJEROS BAJAN-SEMANA: <br>ENERO POR DIA PASAJEROS SUBEN: <br>ENERO POR DIA PASAJEROS BAJAN:<br>RUTA: RC08<br>SAE: <br>NUM_ PARADERO: 59.0<br>SENTIDO: REGRESO<br>LATITUD: 17.10013<br>LONGITUD: -96.74884<br>NUM_PARADA_GESCAR: 2623.0<br>ENERO PASAJEROS SUBEN-SEMANA: <br>ENERO PASAJEROS BAJAN-SEMANA: <br>ENERO POR DIA PASAJEROS SUBEN: <br>ENERO POR DIA PASAJEROS BAJAN: ]]></description>
        <styleUrl>#icon-1532-7CB342</styleUrl>
        <ExtendedData>
          <Data name="descripción">
            <value>RUTA: RC08
SAE: 
NUM_ PARADERO: 59
SENTIDO: REGRESO
LATITUD: 17.10013
LONGITUD: -96.74884
NUM_PARADA_GESCAR: 2623
ENERO PASAJEROS SUBEN-SEMANA: 
ENERO PASAJEROS BAJAN-SEMANA: 
ENERO POR DIA PASAJEROS SUBEN: 
ENERO POR DIA PASAJEROS BAJAN:</value>
          </Data>
          <Data name="RUTA">
            <value>RC08</value>
          </Data>
          <Data name="SAE">
            <value/>
          </Data>
          <Data name="NUM_ PARADERO">
            <value>59.0</value>
          </Data>
          <Data name="SENTIDO">
            <value>REGRESO</value>
          </Data>
          <Data name="LATITUD">
            <value>17.10013</value>
          </Data>
          <Data name="LONGITUD">
            <value>-96.74884</value>
          </Data>
          <Data name="NUM_PARADA_GESCAR">
            <value>2623.0</value>
          </Data>
          <Data name="ENERO PASAJEROS SUBEN-SEMANA">
            <value/>
          </Data>
          <Data name="ENERO PASAJEROS BAJAN-SEMANA">
            <value/>
          </Data>
          <Data name="ENERO POR DIA PASAJEROS SUBEN">
            <value/>
          </Data>
          <Data name="ENERO POR DIA PASAJEROS BAJAN">
            <value/>
          </Data>
        </ExtendedData>
        <Point>
          <coordinates>
            -96.74884,17.10013,0
          </coordinates>
        </Point>
      </Placemark>
      <Placemark>
        <name>Abraham Castellanos</name>
        <description><![CDATA[descripción: RUTA: RC08<br>SAE: <br>NUM_ PARADERO: 60<br>SENTIDO: REGRESO<br>LATITUD: 17.0995149<br>LONGITUD: -96.7504591<br>NUM_PARADA_GESCAR: 2624<br>ENERO PASAJEROS SUBEN-SEMANA: <br>ENERO PASAJEROS BAJAN-SEMANA: <br>ENERO POR DIA PASAJEROS SUBEN: <br>ENERO POR DIA PASAJEROS BAJAN:<br>RUTA: RC08<br>SAE: <br>NUM_ PARADERO: 60.0<br>SENTIDO: REGRESO<br>LATITUD: 17.0995149<br>LONGITUD: -96.7504591<br>NUM_PARADA_GESCAR: 2624.0<br>ENERO PASAJEROS SUBEN-SEMANA: <br>ENERO PASAJEROS BAJAN-SEMANA: <br>ENERO POR DIA PASAJEROS SUBEN: <br>ENERO POR DIA PASAJEROS BAJAN: ]]></description>
        <styleUrl>#icon-1532-7CB342</styleUrl>
        <ExtendedData>
          <Data name="descripción">
            <value>RUTA: RC08
SAE: 
NUM_ PARADERO: 60
SENTIDO: REGRESO
LATITUD: 17.0995149
LONGITUD: -96.7504591
NUM_PARADA_GESCAR: 2624
ENERO PASAJEROS SUBEN-SEMANA: 
ENERO PASAJEROS BAJAN-SEMANA: 
ENERO POR DIA PASAJEROS SUBEN: 
ENERO POR DIA PASAJEROS BAJAN:</value>
          </Data>
          <Data name="RUTA">
            <value>RC08</value>
          </Data>
          <Data name="SAE">
            <value/>
          </Data>
          <Data name="NUM_ PARADERO">
            <value>60.0</value>
          </Data>
          <Data name="SENTIDO">
            <value>REGRESO</value>
          </Data>
          <Data name="LATITUD">
            <value>17.0995149</value>
          </Data>
          <Data name="LONGITUD">
            <value>-96.7504591</value>
          </Data>
          <Data name="NUM_PARADA_GESCAR">
            <value>2624.0</value>
          </Data>
          <Data name="ENERO PASAJEROS SUBEN-SEMANA">
            <value/>
          </Data>
          <Data name="ENERO PASAJEROS BAJAN-SEMANA">
            <value/>
          </Data>
          <Data name="ENERO POR DIA PASAJEROS SUBEN">
            <value/>
          </Data>
          <Data name="ENERO POR DIA PASAJEROS BAJAN">
            <value/>
          </Data>
        </ExtendedData>
        <Point>
          <coordinates>
            -96.750459,17.099515,0
          </coordinates>
        </Point>
      </Placemark>
      <Placemark>
        <name>Col. del Maestro</name>
        <description><![CDATA[descripción: RUTA: RC08<br>SAE: <br>NUM_ PARADERO: 61<br>SENTIDO: REGRESO<br>LATITUD: 17.10157<br>LONGITUD: -96.7519<br>NUM_PARADA_GESCAR: 1206<br>ENERO PASAJEROS SUBEN-SEMANA: <br>ENERO PASAJEROS BAJAN-SEMANA: <br>ENERO POR DIA PASAJEROS SUBEN: <br>ENERO POR DIA PASAJEROS BAJAN:<br>RUTA: RC08<br>SAE: <br>NUM_ PARADERO: 61.0<br>SENTIDO: REGRESO<br>LATITUD: 17.10157<br>LONGITUD: -96.7519<br>NUM_PARADA_GESCAR: 1206.0<br>ENERO PASAJEROS SUBEN-SEMANA: <br>ENERO PASAJEROS BAJAN-SEMANA: <br>ENERO POR DIA PASAJEROS SUBEN: <br>ENERO POR DIA PASAJEROS BAJAN: ]]></description>
        <styleUrl>#icon-1532-7CB342</styleUrl>
        <ExtendedData>
          <Data name="descripción">
            <value>RUTA: RC08
SAE: 
NUM_ PARADERO: 61
SENTIDO: REGRESO
LATITUD: 17.10157
LONGITUD: -96.7519
NUM_PARADA_GESCAR: 1206
ENERO PASAJEROS SUBEN-SEMANA: 
ENERO PASAJEROS BAJAN-SEMANA: 
ENERO POR DIA PASAJEROS SUBEN: 
ENERO POR DIA PASAJEROS BAJAN:</value>
          </Data>
          <Data name="RUTA">
            <value>RC08</value>
          </Data>
          <Data name="SAE">
            <value/>
          </Data>
          <Data name="NUM_ PARADERO">
            <value>61.0</value>
          </Data>
          <Data name="SENTIDO">
            <value>REGRESO</value>
          </Data>
          <Data name="LATITUD">
            <value>17.10157</value>
          </Data>
          <Data name="LONGITUD">
            <value>-96.7519</value>
          </Data>
          <Data name="NUM_PARADA_GESCAR">
            <value>1206.0</value>
          </Data>
          <Data name="ENERO PASAJEROS SUBEN-SEMANA">
            <value/>
          </Data>
          <Data name="ENERO PASAJEROS BAJAN-SEMANA">
            <value/>
          </Data>
          <Data name="ENERO POR DIA PASAJEROS SUBEN">
            <value/>
          </Data>
          <Data name="ENERO POR DIA PASAJEROS BAJAN">
            <value/>
          </Data>
        </ExtendedData>
        <Point>
          <coordinates>
            -96.7519,17.10157,0
          </coordinates>
        </Point>
      </Placemark>
      <Placemark>
        <name>Bugambilias</name>
        <description><![CDATA[descripción: RUTA: RC08<br>SAE: <br>NUM_ PARADERO: 62<br>SENTIDO: REGRESO<br>LATITUD: 17.09765<br>LONGITUD: -96.75026<br>NUM_PARADA_GESCAR: 1191<br>ENERO PASAJEROS SUBEN-SEMANA: <br>ENERO PASAJEROS BAJAN-SEMANA: <br>ENERO POR DIA PASAJEROS SUBEN: <br>ENERO POR DIA PASAJEROS BAJAN:<br>RUTA: RC08<br>SAE: <br>NUM_ PARADERO: 62.0<br>SENTIDO: REGRESO<br>LATITUD: 17.09765<br>LONGITUD: -96.75026<br>NUM_PARADA_GESCAR: 1191.0<br>ENERO PASAJEROS SUBEN-SEMANA: <br>ENERO PASAJEROS BAJAN-SEMANA: <br>ENERO POR DIA PASAJEROS SUBEN: <br>ENERO POR DIA PASAJEROS BAJAN: ]]></description>
        <styleUrl>#icon-1532-7CB342</styleUrl>
        <ExtendedData>
          <Data name="descripción">
            <value>RUTA: RC08
SAE: 
NUM_ PARADERO: 62
SENTIDO: REGRESO
LATITUD: 17.09765
LONGITUD: -96.75026
NUM_PARADA_GESCAR: 1191
ENERO PASAJEROS SUBEN-SEMANA: 
ENERO PASAJEROS BAJAN-SEMANA: 
ENERO POR DIA PASAJEROS SUBEN: 
ENERO POR DIA PASAJEROS BAJAN:</value>
          </Data>
          <Data name="RUTA">
            <value>RC08</value>
          </Data>
          <Data name="SAE">
            <value/>
          </Data>
          <Data name="NUM_ PARADERO">
            <value>62.0</value>
          </Data>
          <Data name="SENTIDO">
            <value>REGRESO</value>
          </Data>
          <Data name="LATITUD">
            <value>17.09765</value>
          </Data>
          <Data name="LONGITUD">
            <value>-96.75026</value>
          </Data>
          <Data name="NUM_PARADA_GESCAR">
            <value>1191.0</value>
          </Data>
          <Data name="ENERO PASAJEROS SUBEN-SEMANA">
            <value/>
          </Data>
          <Data name="ENERO PASAJEROS BAJAN-SEMANA">
            <value/>
          </Data>
          <Data name="ENERO POR DIA PASAJEROS SUBEN">
            <value/>
          </Data>
          <Data name="ENERO POR DIA PASAJEROS BAJAN">
            <value/>
          </Data>
        </ExtendedData>
        <Point>
          <coordinates>
            -96.75026,17.09765,0
          </coordinates>
        </Point>
      </Placemark>
      <Placemark>
        <name>Zonal Santa Rosa</name>
        <description><![CDATA[descripción: RUTA: RC08<br>SAE: <br>NUM_ PARADERO: 63<br>SENTIDO: REGRESO<br>LATITUD: 17.0939<br>LONGITUD: -96.74862<br>NUM_PARADA_GESCAR: 1162<br>ENERO PASAJEROS SUBEN-SEMANA: <br>ENERO PASAJEROS BAJAN-SEMANA: <br>ENERO POR DIA PASAJEROS SUBEN: <br>ENERO POR DIA PASAJEROS BAJAN:<br>RUTA: RC08<br>SAE: <br>NUM_ PARADERO: 63.0<br>SENTIDO: REGRESO<br>LATITUD: 17.0939<br>LONGITUD: -96.74862<br>NUM_PARADA_GESCAR: 1162.0<br>ENERO PASAJEROS SUBEN-SEMANA: <br>ENERO PASAJEROS BAJAN-SEMANA: <br>ENERO POR DIA PASAJEROS SUBEN: <br>ENERO POR DIA PASAJEROS BAJAN: ]]></description>
        <styleUrl>#icon-1532-7CB342</styleUrl>
        <ExtendedData>
          <Data name="descripción">
            <value>RUTA: RC08
SAE: 
NUM_ PARADERO: 63
SENTIDO: REGRESO
LATITUD: 17.0939
LONGITUD: -96.74862
NUM_PARADA_GESCAR: 1162
ENERO PASAJEROS SUBEN-SEMANA: 
ENERO PASAJEROS BAJAN-SEMANA: 
ENERO POR DIA PASAJEROS SUBEN: 
ENERO POR DIA PASAJEROS BAJAN:</value>
          </Data>
          <Data name="RUTA">
            <value>RC08</value>
          </Data>
          <Data name="SAE">
            <value/>
          </Data>
          <Data name="NUM_ PARADERO">
            <value>63.0</value>
          </Data>
          <Data name="SENTIDO">
            <value>REGRESO</value>
          </Data>
          <Data name="LATITUD">
            <value>17.0939</value>
          </Data>
          <Data name="LONGITUD">
            <value>-96.74862</value>
          </Data>
          <Data name="NUM_PARADA_GESCAR">
            <value>1162.0</value>
          </Data>
          <Data name="ENERO PASAJEROS SUBEN-SEMANA">
            <value/>
          </Data>
          <Data name="ENERO PASAJEROS BAJAN-SEMANA">
            <value/>
          </Data>
          <Data name="ENERO POR DIA PASAJEROS SUBEN">
            <value/>
          </Data>
          <Data name="ENERO POR DIA PASAJEROS BAJAN">
            <value/>
          </Data>
        </ExtendedData>
        <Point>
          <coordinates>
            -96.74862,17.0939,0
          </coordinates>
        </Point>
      </Placemark>
      <Placemark>
        <name>Ex Hacienda Santa Rosa</name>
        <description><![CDATA[descripción: RUTA: RC08<br>SAE: <br>NUM_ PARADERO: 64<br>SENTIDO: REGRESO<br>LATITUD: 17.09121<br>LONGITUD: -96.74747<br>NUM_PARADA_GESCAR: 1123<br>ENERO PASAJEROS SUBEN-SEMANA: <br>ENERO PASAJEROS BAJAN-SEMANA: <br>ENERO POR DIA PASAJEROS SUBEN: <br>ENERO POR DIA PASAJEROS BAJAN:<br>RUTA: RC08<br>SAE: <br>NUM_ PARADERO: 64.0<br>SENTIDO: REGRESO<br>LATITUD: 17.09121<br>LONGITUD: -96.74747<br>NUM_PARADA_GESCAR: 1123.0<br>ENERO PASAJEROS SUBEN-SEMANA: <br>ENERO PASAJEROS BAJAN-SEMANA: <br>ENERO POR DIA PASAJEROS SUBEN: <br>ENERO POR DIA PASAJEROS BAJAN: ]]></description>
        <styleUrl>#icon-1532-7CB342</styleUrl>
        <ExtendedData>
          <Data name="descripción">
            <value>RUTA: RC08
SAE: 
NUM_ PARADERO: 64
SENTIDO: REGRESO
LATITUD: 17.09121
LONGITUD: -96.74747
NUM_PARADA_GESCAR: 1123
ENERO PASAJEROS SUBEN-SEMANA: 
ENERO PASAJEROS BAJAN-SEMANA: 
ENERO POR DIA PASAJEROS SUBEN: 
ENERO POR DIA PASAJEROS BAJAN:</value>
          </Data>
          <Data name="RUTA">
            <value>RC08</value>
          </Data>
          <Data name="SAE">
            <value/>
          </Data>
          <Data name="NUM_ PARADERO">
            <value>64.0</value>
          </Data>
          <Data name="SENTIDO">
            <value>REGRESO</value>
          </Data>
          <Data name="LATITUD">
            <value>17.09121</value>
          </Data>
          <Data name="LONGITUD">
            <value>-96.74747</value>
          </Data>
          <Data name="NUM_PARADA_GESCAR">
            <value>1123.0</value>
          </Data>
          <Data name="ENERO PASAJEROS SUBEN-SEMANA">
            <value/>
          </Data>
          <Data name="ENERO PASAJEROS BAJAN-SEMANA">
            <value/>
          </Data>
          <Data name="ENERO POR DIA PASAJEROS SUBEN">
            <value/>
          </Data>
          <Data name="ENERO POR DIA PASAJEROS BAJAN">
            <value/>
          </Data>
        </ExtendedData>
        <Point>
          <coordinates>
            -96.74747,17.09121,0
          </coordinates>
        </Point>
      </Placemark>
      <Placemark>
        <name>Naga´ nda</name>
        <description><![CDATA[descripción: RUTA: RC08<br>SAE: <br>NUM_ PARADERO: 65<br>SENTIDO: REGRESO<br>LATITUD: 17.08601<br>LONGITUD: -96.74516<br>NUM_PARADA_GESCAR: 1421<br>ENERO PASAJEROS SUBEN-SEMANA: <br>ENERO PASAJEROS BAJAN-SEMANA: <br>ENERO POR DIA PASAJEROS SUBEN: <br>ENERO POR DIA PASAJEROS BAJAN:<br>RUTA: RC08<br>SAE: <br>NUM_ PARADERO: 65.0<br>SENTIDO: REGRESO<br>LATITUD: 17.08601<br>LONGITUD: -96.74516<br>NUM_PARADA_GESCAR: 1421.0<br>ENERO PASAJEROS SUBEN-SEMANA: <br>ENERO PASAJEROS BAJAN-SEMANA: <br>ENERO POR DIA PASAJEROS SUBEN: <br>ENERO POR DIA PASAJEROS BAJAN: ]]></description>
        <styleUrl>#icon-1532-7CB342</styleUrl>
        <ExtendedData>
          <Data name="descripción">
            <value>RUTA: RC08
SAE: 
NUM_ PARADERO: 65
SENTIDO: REGRESO
LATITUD: 17.08601
LONGITUD: -96.74516
NUM_PARADA_GESCAR: 1421
ENERO PASAJEROS SUBEN-SEMANA: 
ENERO PASAJEROS BAJAN-SEMANA: 
ENERO POR DIA PASAJEROS SUBEN: 
ENERO POR DIA PASAJEROS BAJAN:</value>
          </Data>
          <Data name="RUTA">
            <value>RC08</value>
          </Data>
          <Data name="SAE">
            <value/>
          </Data>
          <Data name="NUM_ PARADERO">
            <value>65.0</value>
          </Data>
          <Data name="SENTIDO">
            <value>REGRESO</value>
          </Data>
          <Data name="LATITUD">
            <value>17.08601</value>
          </Data>
          <Data name="LONGITUD">
            <value>-96.74516</value>
          </Data>
          <Data name="NUM_PARADA_GESCAR">
            <value>1421.0</value>
          </Data>
          <Data name="ENERO PASAJEROS SUBEN-SEMANA">
            <value/>
          </Data>
          <Data name="ENERO PASAJEROS BAJAN-SEMANA">
            <value/>
          </Data>
          <Data name="ENERO POR DIA PASAJEROS SUBEN">
            <value/>
          </Data>
          <Data name="ENERO POR DIA PASAJEROS BAJAN">
            <value/>
          </Data>
        </ExtendedData>
        <Point>
          <coordinates>
            -96.74516,17.08601,0
          </coordinates>
        </Point>
      </Placemark>
      <Placemark>
        <name>Cuahutémoc</name>
        <description><![CDATA[descripción: RUTA: RC08<br>SAE: <br>NUM_ PARADERO: 66<br>SENTIDO: REGRESO<br>LATITUD: 17.08311<br>LONGITUD: -96.74395<br>NUM_PARADA_GESCAR: 1418<br>ENERO PASAJEROS SUBEN-SEMANA: <br>ENERO PASAJEROS BAJAN-SEMANA: <br>ENERO POR DIA PASAJEROS SUBEN: <br>ENERO POR DIA PASAJEROS BAJAN:<br>RUTA: RC08<br>SAE: <br>NUM_ PARADERO: 66.0<br>SENTIDO: REGRESO<br>LATITUD: 17.08311<br>LONGITUD: -96.74395<br>NUM_PARADA_GESCAR: 1418.0<br>ENERO PASAJEROS SUBEN-SEMANA: <br>ENERO PASAJEROS BAJAN-SEMANA: <br>ENERO POR DIA PASAJEROS SUBEN: <br>ENERO POR DIA PASAJEROS BAJAN: ]]></description>
        <styleUrl>#icon-1532-7CB342</styleUrl>
        <ExtendedData>
          <Data name="descripción">
            <value>RUTA: RC08
SAE: 
NUM_ PARADERO: 66
SENTIDO: REGRESO
LATITUD: 17.08311
LONGITUD: -96.74395
NUM_PARADA_GESCAR: 1418
ENERO PASAJEROS SUBEN-SEMANA: 
ENERO PASAJEROS BAJAN-SEMANA: 
ENERO POR DIA PASAJEROS SUBEN: 
ENERO POR DIA PASAJEROS BAJAN:</value>
          </Data>
          <Data name="RUTA">
            <value>RC08</value>
          </Data>
          <Data name="SAE">
            <value/>
          </Data>
          <Data name="NUM_ PARADERO">
            <value>66.0</value>
          </Data>
          <Data name="SENTIDO">
            <value>REGRESO</value>
          </Data>
          <Data name="LATITUD">
            <value>17.08311</value>
          </Data>
          <Data name="LONGITUD">
            <value>-96.74395</value>
          </Data>
          <Data name="NUM_PARADA_GESCAR">
            <value>1418.0</value>
          </Data>
          <Data name="ENERO PASAJEROS SUBEN-SEMANA">
            <value/>
          </Data>
          <Data name="ENERO PASAJEROS BAJAN-SEMANA">
            <value/>
          </Data>
          <Data name="ENERO POR DIA PASAJEROS SUBEN">
            <value/>
          </Data>
          <Data name="ENERO POR DIA PASAJEROS BAJAN">
            <value/>
          </Data>
        </ExtendedData>
        <Point>
          <coordinates>
            -96.74395,17.08311,0
          </coordinates>
        </Point>
      </Placemark>
      <Placemark>
        <name>Tecnológico</name>
        <description><![CDATA[descripción: RUTA: RC08<br>SAE: <br>NUM_ PARADERO: 67<br>SENTIDO: REGRESO<br>LATITUD: 17.07929<br>LONGITUD: -96.7431<br>NUM_PARADA_GESCAR: 13<br>ENERO PASAJEROS SUBEN-SEMANA: <br>ENERO PASAJEROS BAJAN-SEMANA: <br>ENERO POR DIA PASAJEROS SUBEN: <br>ENERO POR DIA PASAJEROS BAJAN:<br>RUTA: RC08<br>SAE: <br>NUM_ PARADERO: 67.0<br>SENTIDO: REGRESO<br>LATITUD: 17.07929<br>LONGITUD: -96.7431<br>NUM_PARADA_GESCAR: 13.0<br>ENERO PASAJEROS SUBEN-SEMANA: <br>ENERO PASAJEROS BAJAN-SEMANA: <br>ENERO POR DIA PASAJEROS SUBEN: <br>ENERO POR DIA PASAJEROS BAJAN: ]]></description>
        <styleUrl>#icon-1532-7CB342</styleUrl>
        <ExtendedData>
          <Data name="descripción">
            <value>RUTA: RC08
SAE: 
NUM_ PARADERO: 67
SENTIDO: REGRESO
LATITUD: 17.07929
LONGITUD: -96.7431
NUM_PARADA_GESCAR: 13
ENERO PASAJEROS SUBEN-SEMANA: 
ENERO PASAJEROS BAJAN-SEMANA: 
ENERO POR DIA PASAJEROS SUBEN: 
ENERO POR DIA PASAJEROS BAJAN:</value>
          </Data>
          <Data name="RUTA">
            <value>RC08</value>
          </Data>
          <Data name="SAE">
            <value/>
          </Data>
          <Data name="NUM_ PARADERO">
            <value>67.0</value>
          </Data>
          <Data name="SENTIDO">
            <value>REGRESO</value>
          </Data>
          <Data name="LATITUD">
            <value>17.07929</value>
          </Data>
          <Data name="LONGITUD">
            <value>-96.7431</value>
          </Data>
          <Data name="NUM_PARADA_GESCAR">
            <value>13.0</value>
          </Data>
          <Data name="ENERO PASAJEROS SUBEN-SEMANA">
            <value/>
          </Data>
          <Data name="ENERO PASAJEROS BAJAN-SEMANA">
            <value/>
          </Data>
          <Data name="ENERO POR DIA PASAJEROS SUBEN">
            <value/>
          </Data>
          <Data name="ENERO POR DIA PASAJEROS BAJAN">
            <value/>
          </Data>
        </ExtendedData>
        <Point>
          <coordinates>
            -96.7431,17.07929,0
          </coordinates>
        </Point>
      </Placemark>
      <Placemark>
        <name>Glorieta de los Niños Héroes</name>
        <description><![CDATA[descripción: RUTA: RC08<br>SAE: <br>NUM_ PARADERO: 68<br>SENTIDO: REGRESO<br>LATITUD: 17.07561<br>LONGITUD: -96.74105<br>NUM_PARADA_GESCAR: 2308<br>ENERO PASAJEROS SUBEN-SEMANA: <br>ENERO PASAJEROS BAJAN-SEMANA: <br>ENERO POR DIA PASAJEROS SUBEN: <br>ENERO POR DIA PASAJEROS BAJAN:<br>RUTA: RC08<br>SAE: <br>NUM_ PARADERO: 68.0<br>SENTIDO: REGRESO<br>LATITUD: 17.07561<br>LONGITUD: -96.74105<br>NUM_PARADA_GESCAR: 2308.0<br>ENERO PASAJEROS SUBEN-SEMANA: <br>ENERO PASAJEROS BAJAN-SEMANA: <br>ENERO POR DIA PASAJEROS SUBEN: <br>ENERO POR DIA PASAJEROS BAJAN: ]]></description>
        <styleUrl>#icon-1532-7CB342</styleUrl>
        <ExtendedData>
          <Data name="descripción">
            <value>RUTA: RC08
SAE: 
NUM_ PARADERO: 68
SENTIDO: REGRESO
LATITUD: 17.07561
LONGITUD: -96.74105
NUM_PARADA_GESCAR: 2308
ENERO PASAJEROS SUBEN-SEMANA: 
ENERO PASAJEROS BAJAN-SEMANA: 
ENERO POR DIA PASAJEROS SUBEN: 
ENERO POR DIA PASAJEROS BAJAN:</value>
          </Data>
          <Data name="RUTA">
            <value>RC08</value>
          </Data>
          <Data name="SAE">
            <value/>
          </Data>
          <Data name="NUM_ PARADERO">
            <value>68.0</value>
          </Data>
          <Data name="SENTIDO">
            <value>REGRESO</value>
          </Data>
          <Data name="LATITUD">
            <value>17.07561</value>
          </Data>
          <Data name="LONGITUD">
            <value>-96.74105</value>
          </Data>
          <Data name="NUM_PARADA_GESCAR">
            <value>2308.0</value>
          </Data>
          <Data name="ENERO PASAJEROS SUBEN-SEMANA">
            <value/>
          </Data>
          <Data name="ENERO PASAJEROS BAJAN-SEMANA">
            <value/>
          </Data>
          <Data name="ENERO POR DIA PASAJEROS SUBEN">
            <value/>
          </Data>
          <Data name="ENERO POR DIA PASAJEROS BAJAN">
            <value/>
          </Data>
        </ExtendedData>
        <Point>
          <coordinates>
            -96.74105,17.07561,0
          </coordinates>
        </Point>
      </Placemark>
      <Placemark>
        <name>Vicente Suárez</name>
        <description><![CDATA[descripción: RUTA: RC08<br>SAE: <br>NUM_ PARADERO: 69<br>SENTIDO: REGRESO<br>LATITUD: 17.07223<br>LONGITUD: -96.73848<br>NUM_PARADA_GESCAR: 971<br>ENERO PASAJEROS SUBEN-SEMANA: <br>ENERO PASAJEROS BAJAN-SEMANA: <br>ENERO POR DIA PASAJEROS SUBEN: <br>ENERO POR DIA PASAJEROS BAJAN:<br>RUTA: RC08<br>SAE: <br>NUM_ PARADERO: 69.0<br>SENTIDO: REGRESO<br>LATITUD: 17.07223<br>LONGITUD: -96.73848<br>NUM_PARADA_GESCAR: 971.0<br>ENERO PASAJEROS SUBEN-SEMANA: <br>ENERO PASAJEROS BAJAN-SEMANA: <br>ENERO POR DIA PASAJEROS SUBEN: <br>ENERO POR DIA PASAJEROS BAJAN: ]]></description>
        <styleUrl>#icon-1532-7CB342</styleUrl>
        <ExtendedData>
          <Data name="descripción">
            <value>RUTA: RC08
SAE: 
NUM_ PARADERO: 69
SENTIDO: REGRESO
LATITUD: 17.07223
LONGITUD: -96.73848
NUM_PARADA_GESCAR: 971
ENERO PASAJEROS SUBEN-SEMANA: 
ENERO PASAJEROS BAJAN-SEMANA: 
ENERO POR DIA PASAJEROS SUBEN: 
ENERO POR DIA PASAJEROS BAJAN:</value>
          </Data>
          <Data name="RUTA">
            <value>RC08</value>
          </Data>
          <Data name="SAE">
            <value/>
          </Data>
          <Data name="NUM_ PARADERO">
            <value>69.0</value>
          </Data>
          <Data name="SENTIDO">
            <value>REGRESO</value>
          </Data>
          <Data name="LATITUD">
            <value>17.07223</value>
          </Data>
          <Data name="LONGITUD">
            <value>-96.73848</value>
          </Data>
          <Data name="NUM_PARADA_GESCAR">
            <value>971.0</value>
          </Data>
          <Data name="ENERO PASAJEROS SUBEN-SEMANA">
            <value/>
          </Data>
          <Data name="ENERO PASAJEROS BAJAN-SEMANA">
            <value/>
          </Data>
          <Data name="ENERO POR DIA PASAJEROS SUBEN">
            <value/>
          </Data>
          <Data name="ENERO POR DIA PASAJEROS BAJAN">
            <value/>
          </Data>
        </ExtendedData>
        <Point>
          <coordinates>
            -96.73848,17.07223,0
          </coordinates>
        </Point>
      </Placemark>
      <Placemark>
        <name>Museo del Ferrocarril</name>
        <description><![CDATA[descripción: RUTA: RC08<br>SAE: <br>NUM_ PARADERO: 70<br>SENTIDO: REGRESO<br>LATITUD: 17.06841<br>LONGITUD: -96.73666<br>NUM_PARADA_GESCAR: 1396<br>ENERO PASAJEROS SUBEN-SEMANA: <br>ENERO PASAJEROS BAJAN-SEMANA: <br>ENERO POR DIA PASAJEROS SUBEN: <br>ENERO POR DIA PASAJEROS BAJAN:<br>RUTA: RC08<br>SAE: <br>NUM_ PARADERO: 70.0<br>SENTIDO: REGRESO<br>LATITUD: 17.06841<br>LONGITUD: -96.73666<br>NUM_PARADA_GESCAR: 1396.0<br>ENERO PASAJEROS SUBEN-SEMANA: <br>ENERO PASAJEROS BAJAN-SEMANA: <br>ENERO POR DIA PASAJEROS SUBEN: <br>ENERO POR DIA PASAJEROS BAJAN: ]]></description>
        <styleUrl>#icon-1532-7CB342</styleUrl>
        <ExtendedData>
          <Data name="descripción">
            <value>RUTA: RC08
SAE: 
NUM_ PARADERO: 70
SENTIDO: REGRESO
LATITUD: 17.06841
LONGITUD: -96.73666
NUM_PARADA_GESCAR: 1396
ENERO PASAJEROS SUBEN-SEMANA: 
ENERO PASAJEROS BAJAN-SEMANA: 
ENERO POR DIA PASAJEROS SUBEN: 
ENERO POR DIA PASAJEROS BAJAN:</value>
          </Data>
          <Data name="RUTA">
            <value>RC08</value>
          </Data>
          <Data name="SAE">
            <value/>
          </Data>
          <Data name="NUM_ PARADERO">
            <value>70.0</value>
          </Data>
          <Data name="SENTIDO">
            <value>REGRESO</value>
          </Data>
          <Data name="LATITUD">
            <value>17.06841</value>
          </Data>
          <Data name="LONGITUD">
            <value>-96.73666</value>
          </Data>
          <Data name="NUM_PARADA_GESCAR">
            <value>1396.0</value>
          </Data>
          <Data name="ENERO PASAJEROS SUBEN-SEMANA">
            <value/>
          </Data>
          <Data name="ENERO PASAJEROS BAJAN-SEMANA">
            <value/>
          </Data>
          <Data name="ENERO POR DIA PASAJEROS SUBEN">
            <value/>
          </Data>
          <Data name="ENERO POR DIA PASAJEROS BAJAN">
            <value/>
          </Data>
        </ExtendedData>
        <Point>
          <coordinates>
            -96.73666,17.06841,0
          </coordinates>
        </Point>
      </Placemark>
      <Placemark>
        <name>Yubez Juana Cata</name>
        <description><![CDATA[descripción: RUTA: RC08<br>SAE: <br>NUM_ PARADERO: 71<br>SENTIDO: REGRESO<br>LATITUD: 17.06245<br>LONGITUD: -96.73474<br>NUM_PARADA_GESCAR: 884<br>ENERO PASAJEROS SUBEN-SEMANA: <br>ENERO PASAJEROS BAJAN-SEMANA: <br>ENERO POR DIA PASAJEROS SUBEN: <br>ENERO POR DIA PASAJEROS BAJAN:<br>RUTA: RC08<br>SAE: <br>NUM_ PARADERO: 71.0<br>SENTIDO: REGRESO<br>LATITUD: 17.06245<br>LONGITUD: -96.73474<br>NUM_PARADA_GESCAR: 884.0<br>ENERO PASAJEROS SUBEN-SEMANA: <br>ENERO PASAJEROS BAJAN-SEMANA: <br>ENERO POR DIA PASAJEROS SUBEN: <br>ENERO POR DIA PASAJEROS BAJAN: ]]></description>
        <styleUrl>#icon-1532-7CB342</styleUrl>
        <ExtendedData>
          <Data name="descripción">
            <value>RUTA: RC08
SAE: 
NUM_ PARADERO: 71
SENTIDO: REGRESO
LATITUD: 17.06245
LONGITUD: -96.73474
NUM_PARADA_GESCAR: 884
ENERO PASAJEROS SUBEN-SEMANA: 
ENERO PASAJEROS BAJAN-SEMANA: 
ENERO POR DIA PASAJEROS SUBEN: 
ENERO POR DIA PASAJEROS BAJAN:</value>
          </Data>
          <Data name="RUTA">
            <value>RC08</value>
          </Data>
          <Data name="SAE">
            <value/>
          </Data>
          <Data name="NUM_ PARADERO">
            <value>71.0</value>
          </Data>
          <Data name="SENTIDO">
            <value>REGRESO</value>
          </Data>
          <Data name="LATITUD">
            <value>17.06245</value>
          </Data>
          <Data name="LONGITUD">
            <value>-96.73474</value>
          </Data>
          <Data name="NUM_PARADA_GESCAR">
            <value>884.0</value>
          </Data>
          <Data name="ENERO PASAJEROS SUBEN-SEMANA">
            <value/>
          </Data>
          <Data name="ENERO PASAJEROS BAJAN-SEMANA">
            <value/>
          </Data>
          <Data name="ENERO POR DIA PASAJEROS SUBEN">
            <value/>
          </Data>
          <Data name="ENERO POR DIA PASAJEROS BAJAN">
            <value/>
          </Data>
        </ExtendedData>
        <Point>
          <coordinates>
            -96.73474,17.06245,0
          </coordinates>
        </Point>
      </Placemark>
      <Placemark>
        <name>Yubez María Sabina</name>
        <description><![CDATA[descripción: RUTA: RC08<br>SAE: <br>NUM_ PARADERO: 72<br>SENTIDO: REGRESO<br>LATITUD: 17.0572<br>LONGITUD: -96.73092<br>NUM_PARADA_GESCAR: 836<br>ENERO PASAJEROS SUBEN-SEMANA: <br>ENERO PASAJEROS BAJAN-SEMANA: <br>ENERO POR DIA PASAJEROS SUBEN: <br>ENERO POR DIA PASAJEROS BAJAN:<br>RUTA: RC08<br>SAE: <br>NUM_ PARADERO: 72.0<br>SENTIDO: REGRESO<br>LATITUD: 17.0572<br>LONGITUD: -96.73092<br>NUM_PARADA_GESCAR: 836.0<br>ENERO PASAJEROS SUBEN-SEMANA: <br>ENERO PASAJEROS BAJAN-SEMANA: <br>ENERO POR DIA PASAJEROS SUBEN: <br>ENERO POR DIA PASAJEROS BAJAN: ]]></description>
        <styleUrl>#icon-1532-7CB342</styleUrl>
        <ExtendedData>
          <Data name="descripción">
            <value>RUTA: RC08
SAE: 
NUM_ PARADERO: 72
SENTIDO: REGRESO
LATITUD: 17.0572
LONGITUD: -96.73092
NUM_PARADA_GESCAR: 836
ENERO PASAJEROS SUBEN-SEMANA: 
ENERO PASAJEROS BAJAN-SEMANA: 
ENERO POR DIA PASAJEROS SUBEN: 
ENERO POR DIA PASAJEROS BAJAN:</value>
          </Data>
          <Data name="RUTA">
            <value>RC08</value>
          </Data>
          <Data name="SAE">
            <value/>
          </Data>
          <Data name="NUM_ PARADERO">
            <value>72.0</value>
          </Data>
          <Data name="SENTIDO">
            <value>REGRESO</value>
          </Data>
          <Data name="LATITUD">
            <value>17.0572</value>
          </Data>
          <Data name="LONGITUD">
            <value>-96.73092</value>
          </Data>
          <Data name="NUM_PARADA_GESCAR">
            <value>836.0</value>
          </Data>
          <Data name="ENERO PASAJEROS SUBEN-SEMANA">
            <value/>
          </Data>
          <Data name="ENERO PASAJEROS BAJAN-SEMANA">
            <value/>
          </Data>
          <Data name="ENERO POR DIA PASAJEROS SUBEN">
            <value/>
          </Data>
          <Data name="ENERO POR DIA PASAJEROS BAJAN">
            <value/>
          </Data>
        </ExtendedData>
        <Point>
          <coordinates>
            -96.73092,17.0572,0
          </coordinates>
        </Point>
      </Placemark>
      <Placemark>
        <name>periférico</name>
        <description><![CDATA[descripción: RUTA: RA13<br>SAE: <br>NUM_ PARADERO: 73<br>SENTIDO: REGRESO<br>LATITUD: 17.0514399<br>LONGITUD: -96.7292121<br>NUM_PARADA_GESCAR: 2309<br>ENERO PASAJEROS SUBEN-SEMANA: <br>ENERO PASAJEROS BAJAN-SEMANA: <br>ENERO POR DIA PASAJEROS SUBEN: <br>ENERO POR DIA PASAJEROS BAJAN:<br>RUTA: RA13<br>SAE: <br>NUM_ PARADERO: 73.0<br>SENTIDO: REGRESO<br>LATITUD: 17.0514399<br>LONGITUD: -96.7292121<br>NUM_PARADA_GESCAR: 2309.0<br>ENERO PASAJEROS SUBEN-SEMANA: <br>ENERO PASAJEROS BAJAN-SEMANA: <br>ENERO POR DIA PASAJEROS SUBEN: <br>ENERO POR DIA PASAJEROS BAJAN: ]]></description>
        <styleUrl>#icon-1532-7CB342</styleUrl>
        <ExtendedData>
          <Data name="descripción">
            <value>RUTA: RA13
SAE: 
NUM_ PARADERO: 73
SENTIDO: REGRESO
LATITUD: 17.0514399
LONGITUD: -96.7292121
NUM_PARADA_GESCAR: 2309
ENERO PASAJEROS SUBEN-SEMANA: 
ENERO PASAJEROS BAJAN-SEMANA: 
ENERO POR DIA PASAJEROS SUBEN: 
ENERO POR DIA PASAJEROS BAJAN:</value>
          </Data>
          <Data name="RUTA">
            <value>RA13</value>
          </Data>
          <Data name="SAE">
            <value/>
          </Data>
          <Data name="NUM_ PARADERO">
            <value>73.0</value>
          </Data>
          <Data name="SENTIDO">
            <value>REGRESO</value>
          </Data>
          <Data name="LATITUD">
            <value>17.0514399</value>
          </Data>
          <Data name="LONGITUD">
            <value>-96.7292121</value>
          </Data>
          <Data name="NUM_PARADA_GESCAR">
            <value>2309.0</value>
          </Data>
          <Data name="ENERO PASAJEROS SUBEN-SEMANA">
            <value/>
          </Data>
          <Data name="ENERO PASAJEROS BAJAN-SEMANA">
            <value/>
          </Data>
          <Data name="ENERO POR DIA PASAJEROS SUBEN">
            <value/>
          </Data>
          <Data name="ENERO POR DIA PASAJEROS BAJAN">
            <value/>
          </Data>
        </ExtendedData>
        <Point>
          <coordinates>
            -96.729212,17.05144,0
          </coordinates>
        </Point>
      </Placemark>
      <Placemark>
        <name>CFE Periférico</name>
        <description><![CDATA[descripción: RUTA: RC08<br>SAE: <br>NUM_ PARADERO: 74<br>SENTIDO: REGRESO<br>LATITUD: 17.05102<br>LONGITUD: -96.72512<br>NUM_PARADA_GESCAR: 1664<br>ENERO PASAJEROS SUBEN-SEMANA: <br>ENERO PASAJEROS BAJAN-SEMANA: <br>ENERO POR DIA PASAJEROS SUBEN: <br>ENERO POR DIA PASAJEROS BAJAN:<br>RUTA: RC08<br>SAE: <br>NUM_ PARADERO: 74.0<br>SENTIDO: REGRESO<br>LATITUD: 17.05102<br>LONGITUD: -96.72512<br>NUM_PARADA_GESCAR: 1664.0<br>ENERO PASAJEROS SUBEN-SEMANA: <br>ENERO PASAJEROS BAJAN-SEMANA: <br>ENERO POR DIA PASAJEROS SUBEN: <br>ENERO POR DIA PASAJEROS BAJAN: ]]></description>
        <styleUrl>#icon-1532-7CB342</styleUrl>
        <ExtendedData>
          <Data name="descripción">
            <value>RUTA: RC08
SAE: 
NUM_ PARADERO: 74
SENTIDO: REGRESO
LATITUD: 17.05102
LONGITUD: -96.72512
NUM_PARADA_GESCAR: 1664
ENERO PASAJEROS SUBEN-SEMANA: 
ENERO PASAJEROS BAJAN-SEMANA: 
ENERO POR DIA PASAJEROS SUBEN: 
ENERO POR DIA PASAJEROS BAJAN:</value>
          </Data>
          <Data name="RUTA">
            <value>RC08</value>
          </Data>
          <Data name="SAE">
            <value/>
          </Data>
          <Data name="NUM_ PARADERO">
            <value>74.0</value>
          </Data>
          <Data name="SENTIDO">
            <value>REGRESO</value>
          </Data>
          <Data name="LATITUD">
            <value>17.05102</value>
          </Data>
          <Data name="LONGITUD">
            <value>-96.72512</value>
          </Data>
          <Data name="NUM_PARADA_GESCAR">
            <value>1664.0</value>
          </Data>
          <Data name="ENERO PASAJEROS SUBEN-SEMANA">
            <value/>
          </Data>
          <Data name="ENERO PASAJEROS BAJAN-SEMANA">
            <value/>
          </Data>
          <Data name="ENERO POR DIA PASAJEROS SUBEN">
            <value/>
          </Data>
          <Data name="ENERO POR DIA PASAJEROS BAJAN">
            <value/>
          </Data>
        </ExtendedData>
        <Point>
          <coordinates>
            -96.72512,17.05102,0
          </coordinates>
        </Point>
      </Placemark>
      <Placemark>
        <name>Xicoténcatl</name>
        <description><![CDATA[descripción: RUTA: RC08<br>SAE: <br>NUM_ PARADERO: 75<br>SENTIDO: REGRESO<br>LATITUD: 17.05156<br>LONGITUD: -96.72276<br>NUM_PARADA_GESCAR: 1665<br>ENERO PASAJEROS SUBEN-SEMANA: <br>ENERO PASAJEROS BAJAN-SEMANA: <br>ENERO POR DIA PASAJEROS SUBEN: <br>ENERO POR DIA PASAJEROS BAJAN:<br>RUTA: RC08<br>SAE: <br>NUM_ PARADERO: 75.0<br>SENTIDO: REGRESO<br>LATITUD: 17.05156<br>LONGITUD: -96.72276<br>NUM_PARADA_GESCAR: 1665.0<br>ENERO PASAJEROS SUBEN-SEMANA: <br>ENERO PASAJEROS BAJAN-SEMANA: <br>ENERO POR DIA PASAJEROS SUBEN: <br>ENERO POR DIA PASAJEROS BAJAN: ]]></description>
        <styleUrl>#icon-1532-7CB342</styleUrl>
        <ExtendedData>
          <Data name="descripción">
            <value>RUTA: RC08
SAE: 
NUM_ PARADERO: 75
SENTIDO: REGRESO
LATITUD: 17.05156
LONGITUD: -96.72276
NUM_PARADA_GESCAR: 1665
ENERO PASAJEROS SUBEN-SEMANA: 
ENERO PASAJEROS BAJAN-SEMANA: 
ENERO POR DIA PASAJEROS SUBEN: 
ENERO POR DIA PASAJEROS BAJAN:</value>
          </Data>
          <Data name="RUTA">
            <value>RC08</value>
          </Data>
          <Data name="SAE">
            <value/>
          </Data>
          <Data name="NUM_ PARADERO">
            <value>75.0</value>
          </Data>
          <Data name="SENTIDO">
            <value>REGRESO</value>
          </Data>
          <Data name="LATITUD">
            <value>17.05156</value>
          </Data>
          <Data name="LONGITUD">
            <value>-96.72276</value>
          </Data>
          <Data name="NUM_PARADA_GESCAR">
            <value>1665.0</value>
          </Data>
          <Data name="ENERO PASAJEROS SUBEN-SEMANA">
            <value/>
          </Data>
          <Data name="ENERO PASAJEROS BAJAN-SEMANA">
            <value/>
          </Data>
          <Data name="ENERO POR DIA PASAJEROS SUBEN">
            <value/>
          </Data>
          <Data name="ENERO POR DIA PASAJEROS BAJAN">
            <value/>
          </Data>
        </ExtendedData>
        <Point>
          <coordinates>
            -96.72276,17.05156,0
          </coordinates>
        </Point>
      </Placemark>
      <Placemark>
        <name>Eduardo Mata</name>
        <description><![CDATA[descripción: RUTA: RC08<br>SAE: <br>NUM_ PARADERO: 76<br>SENTIDO: REGRESO<br>LATITUD: 17.05227<br>LONGITUD: -96.72005<br>NUM_PARADA_GESCAR: 1617<br>ENERO PASAJEROS SUBEN-SEMANA: <br>ENERO PASAJEROS BAJAN-SEMANA: <br>ENERO POR DIA PASAJEROS SUBEN: <br>ENERO POR DIA PASAJEROS BAJAN:<br>RUTA: RC08<br>SAE: <br>NUM_ PARADERO: 76.0<br>SENTIDO: REGRESO<br>LATITUD: 17.05227<br>LONGITUD: -96.72005<br>NUM_PARADA_GESCAR: 1617.0<br>ENERO PASAJEROS SUBEN-SEMANA: <br>ENERO PASAJEROS BAJAN-SEMANA: <br>ENERO POR DIA PASAJEROS SUBEN: <br>ENERO POR DIA PASAJEROS BAJAN: ]]></description>
        <styleUrl>#icon-1532-7CB342</styleUrl>
        <ExtendedData>
          <Data name="descripción">
            <value>RUTA: RC08
SAE: 
NUM_ PARADERO: 76
SENTIDO: REGRESO
LATITUD: 17.05227
LONGITUD: -96.72005
NUM_PARADA_GESCAR: 1617
ENERO PASAJEROS SUBEN-SEMANA: 
ENERO PASAJEROS BAJAN-SEMANA: 
ENERO POR DIA PASAJEROS SUBEN: 
ENERO POR DIA PASAJEROS BAJAN:</value>
          </Data>
          <Data name="RUTA">
            <value>RC08</value>
          </Data>
          <Data name="SAE">
            <value/>
          </Data>
          <Data name="NUM_ PARADERO">
            <value>76.0</value>
          </Data>
          <Data name="SENTIDO">
            <value>REGRESO</value>
          </Data>
          <Data name="LATITUD">
            <value>17.05227</value>
          </Data>
          <Data name="LONGITUD">
            <value>-96.72005</value>
          </Data>
          <Data name="NUM_PARADA_GESCAR">
            <value>1617.0</value>
          </Data>
          <Data name="ENERO PASAJEROS SUBEN-SEMANA">
            <value/>
          </Data>
          <Data name="ENERO PASAJEROS BAJAN-SEMANA">
            <value/>
          </Data>
          <Data name="ENERO POR DIA PASAJEROS SUBEN">
            <value/>
          </Data>
          <Data name="ENERO POR DIA PASAJEROS BAJAN">
            <value/>
          </Data>
        </ExtendedData>
        <Point>
          <coordinates>
            -96.72005,17.05227,0
          </coordinates>
        </Point>
      </Placemark>
      <Placemark>
        <name>Chedraui Periférico</name>
        <description><![CDATA[descripción: RUTA: RC08<br>SAE: <br>NUM_ PARADERO: 77<br>SENTIDO: REGRESO<br>LATITUD: 17.05303<br>LONGITUD: -96.71696<br>NUM_PARADA_GESCAR: 1618<br>ENERO PASAJEROS SUBEN-SEMANA: <br>ENERO PASAJEROS BAJAN-SEMANA: <br>ENERO POR DIA PASAJEROS SUBEN: <br>ENERO POR DIA PASAJEROS BAJAN:<br>RUTA: RC08<br>SAE: <br>NUM_ PARADERO: 77.0<br>SENTIDO: REGRESO<br>LATITUD: 17.05303<br>LONGITUD: -96.71696<br>NUM_PARADA_GESCAR: 1618.0<br>ENERO PASAJEROS SUBEN-SEMANA: <br>ENERO PASAJEROS BAJAN-SEMANA: <br>ENERO POR DIA PASAJEROS SUBEN: <br>ENERO POR DIA PASAJEROS BAJAN: ]]></description>
        <styleUrl>#icon-1532-7CB342</styleUrl>
        <ExtendedData>
          <Data name="descripción">
            <value>RUTA: RC08
SAE: 
NUM_ PARADERO: 77
SENTIDO: REGRESO
LATITUD: 17.05303
LONGITUD: -96.71696
NUM_PARADA_GESCAR: 1618
ENERO PASAJEROS SUBEN-SEMANA: 
ENERO PASAJEROS BAJAN-SEMANA: 
ENERO POR DIA PASAJEROS SUBEN: 
ENERO POR DIA PASAJEROS BAJAN:</value>
          </Data>
          <Data name="RUTA">
            <value>RC08</value>
          </Data>
          <Data name="SAE">
            <value/>
          </Data>
          <Data name="NUM_ PARADERO">
            <value>77.0</value>
          </Data>
          <Data name="SENTIDO">
            <value>REGRESO</value>
          </Data>
          <Data name="LATITUD">
            <value>17.05303</value>
          </Data>
          <Data name="LONGITUD">
            <value>-96.71696</value>
          </Data>
          <Data name="NUM_PARADA_GESCAR">
            <value>1618.0</value>
          </Data>
          <Data name="ENERO PASAJEROS SUBEN-SEMANA">
            <value/>
          </Data>
          <Data name="ENERO PASAJEROS BAJAN-SEMANA">
            <value/>
          </Data>
          <Data name="ENERO POR DIA PASAJEROS SUBEN">
            <value/>
          </Data>
          <Data name="ENERO POR DIA PASAJEROS BAJAN">
            <value/>
          </Data>
        </ExtendedData>
        <Point>
          <coordinates>
            -96.71696,17.05303,0
          </coordinates>
        </Point>
      </Placemark>
      <Placemark>
        <name>Luis G. Urbina</name>
        <description><![CDATA[descripción: RUTA: RC08<br>SAE: <br>NUM_ PARADERO: 78<br>SENTIDO: REGRESO<br>LATITUD: 17.0556058<br>LONGITUD: -96.712951<br>NUM_PARADA_GESCAR: 171<br>ENERO PASAJEROS SUBEN-SEMANA: <br>ENERO PASAJEROS BAJAN-SEMANA: <br>ENERO POR DIA PASAJEROS SUBEN: <br>ENERO POR DIA PASAJEROS BAJAN:<br>RUTA: RC08<br>SAE: <br>NUM_ PARADERO: 78.0<br>SENTIDO: REGRESO<br>LATITUD: 17.0556058<br>LONGITUD: -96.712951<br>NUM_PARADA_GESCAR: 171.0<br>ENERO PASAJEROS SUBEN-SEMANA: <br>ENERO PASAJEROS BAJAN-SEMANA: <br>ENERO POR DIA PASAJEROS SUBEN: <br>ENERO POR DIA PASAJEROS BAJAN: ]]></description>
        <styleUrl>#icon-1532-7CB342</styleUrl>
        <ExtendedData>
          <Data name="descripción">
            <value>RUTA: RC08
SAE: 
NUM_ PARADERO: 78
SENTIDO: REGRESO
LATITUD: 17.0556058
LONGITUD: -96.712951
NUM_PARADA_GESCAR: 171
ENERO PASAJEROS SUBEN-SEMANA: 
ENERO PASAJEROS BAJAN-SEMANA: 
ENERO POR DIA PASAJEROS SUBEN: 
ENERO POR DIA PASAJEROS BAJAN:</value>
          </Data>
          <Data name="RUTA">
            <value>RC08</value>
          </Data>
          <Data name="SAE">
            <value/>
          </Data>
          <Data name="NUM_ PARADERO">
            <value>78.0</value>
          </Data>
          <Data name="SENTIDO">
            <value>REGRESO</value>
          </Data>
          <Data name="LATITUD">
            <value>17.0556058</value>
          </Data>
          <Data name="LONGITUD">
            <value>-96.712951</value>
          </Data>
          <Data name="NUM_PARADA_GESCAR">
            <value>171.0</value>
          </Data>
          <Data name="ENERO PASAJEROS SUBEN-SEMANA">
            <value/>
          </Data>
          <Data name="ENERO PASAJEROS BAJAN-SEMANA">
            <value/>
          </Data>
          <Data name="ENERO POR DIA PASAJEROS SUBEN">
            <value/>
          </Data>
          <Data name="ENERO POR DIA PASAJEROS BAJAN">
            <value/>
          </Data>
        </ExtendedData>
        <Point>
          <coordinates>
            -96.712951,17.055606,0
          </coordinates>
        </Point>
      </Placemark>
      <Placemark>
        <name>Miguel Hidalgo</name>
        <description><![CDATA[descripción: RUTA: RC08<br>SAE: <br>NUM_ PARADERO: 79<br>SENTIDO: REGRESO<br>LATITUD: 17.05827306<br>LONGITUD: -96.71265833<br>NUM_PARADA_GESCAR: 1669<br>ENERO PASAJEROS SUBEN-SEMANA: <br>ENERO PASAJEROS BAJAN-SEMANA: <br>ENERO POR DIA PASAJEROS SUBEN: <br>ENERO POR DIA PASAJEROS BAJAN:<br>RUTA: RC08<br>SAE: <br>NUM_ PARADERO: 79.0<br>SENTIDO: REGRESO<br>LATITUD: 17.05827306<br>LONGITUD: -96.71265833<br>NUM_PARADA_GESCAR: 1669.0<br>ENERO PASAJEROS SUBEN-SEMANA: <br>ENERO PASAJEROS BAJAN-SEMANA: <br>ENERO POR DIA PASAJEROS SUBEN: <br>ENERO POR DIA PASAJEROS BAJAN: ]]></description>
        <styleUrl>#icon-1532-7CB342</styleUrl>
        <ExtendedData>
          <Data name="descripción">
            <value>RUTA: RC08
SAE: 
NUM_ PARADERO: 79
SENTIDO: REGRESO
LATITUD: 17.05827306
LONGITUD: -96.71265833
NUM_PARADA_GESCAR: 1669
ENERO PASAJEROS SUBEN-SEMANA: 
ENERO PASAJEROS BAJAN-SEMANA: 
ENERO POR DIA PASAJEROS SUBEN: 
ENERO POR DIA PASAJEROS BAJAN:</value>
          </Data>
          <Data name="RUTA">
            <value>RC08</value>
          </Data>
          <Data name="SAE">
            <value/>
          </Data>
          <Data name="NUM_ PARADERO">
            <value>79.0</value>
          </Data>
          <Data name="SENTIDO">
            <value>REGRESO</value>
          </Data>
          <Data name="LATITUD">
            <value>17.05827306</value>
          </Data>
          <Data name="LONGITUD">
            <value>-96.71265833</value>
          </Data>
          <Data name="NUM_PARADA_GESCAR">
            <value>1669.0</value>
          </Data>
          <Data name="ENERO PASAJEROS SUBEN-SEMANA">
            <value/>
          </Data>
          <Data name="ENERO PASAJEROS BAJAN-SEMANA">
            <value/>
          </Data>
          <Data name="ENERO POR DIA PASAJEROS SUBEN">
            <value/>
          </Data>
          <Data name="ENERO POR DIA PASAJEROS BAJAN">
            <value/>
          </Data>
        </ExtendedData>
        <Point>
          <coordinates>
            -96.712658,17.058273,0
          </coordinates>
        </Point>
      </Placemark>
      <Placemark>
        <name>Prolongación Calzada de la República</name>
        <description><![CDATA[descripción: RUTA: RC08<br>SAE: <br>NUM_ PARADERO: 80<br>SENTIDO: REGRESO<br>LATITUD: 17.05967559<br>LONGITUD: -96.71310343<br>NUM_PARADA_GESCAR: 1670<br>ENERO PASAJEROS SUBEN-SEMANA: <br>ENERO PASAJEROS BAJAN-SEMANA: <br>ENERO POR DIA PASAJEROS SUBEN: <br>ENERO POR DIA PASAJEROS BAJAN:<br>RUTA: RC08<br>SAE: <br>NUM_ PARADERO: 80.0<br>SENTIDO: REGRESO<br>LATITUD: 17.05967559<br>LONGITUD: -96.71310343<br>NUM_PARADA_GESCAR: 1670.0<br>ENERO PASAJEROS SUBEN-SEMANA: <br>ENERO PASAJEROS BAJAN-SEMANA: <br>ENERO POR DIA PASAJEROS SUBEN: <br>ENERO POR DIA PASAJEROS BAJAN: ]]></description>
        <styleUrl>#icon-1532-7CB342</styleUrl>
        <ExtendedData>
          <Data name="descripción">
            <value>RUTA: RC08
SAE: 
NUM_ PARADERO: 80
SENTIDO: REGRESO
LATITUD: 17.05967559
LONGITUD: -96.71310343
NUM_PARADA_GESCAR: 1670
ENERO PASAJEROS SUBEN-SEMANA: 
ENERO PASAJEROS BAJAN-SEMANA: 
ENERO POR DIA PASAJEROS SUBEN: 
ENERO POR DIA PASAJEROS BAJAN:</value>
          </Data>
          <Data name="RUTA">
            <value>RC08</value>
          </Data>
          <Data name="SAE">
            <value/>
          </Data>
          <Data name="NUM_ PARADERO">
            <value>80.0</value>
          </Data>
          <Data name="SENTIDO">
            <value>REGRESO</value>
          </Data>
          <Data name="LATITUD">
            <value>17.05967559</value>
          </Data>
          <Data name="LONGITUD">
            <value>-96.71310343</value>
          </Data>
          <Data name="NUM_PARADA_GESCAR">
            <value>1670.0</value>
          </Data>
          <Data name="ENERO PASAJEROS SUBEN-SEMANA">
            <value/>
          </Data>
          <Data name="ENERO PASAJEROS BAJAN-SEMANA">
            <value/>
          </Data>
          <Data name="ENERO POR DIA PASAJEROS SUBEN">
            <value/>
          </Data>
          <Data name="ENERO POR DIA PASAJEROS BAJAN">
            <value/>
          </Data>
        </ExtendedData>
        <Point>
          <coordinates>
            -96.713103,17.059676,0
          </coordinates>
        </Point>
      </Placemark>
      <Placemark>
        <name>Panteón General</name>
        <description><![CDATA[descripción: RUTA: RC08<br>SAE: <br>NUM_ PARADERO: 81<br>SENTIDO: REGRESO<br>LATITUD: 17.06276886<br>LONGITUD: -96.71399869<br>NUM_PARADA_GESCAR: 1671<br>ENERO PASAJEROS SUBEN-SEMANA: <br>ENERO PASAJEROS BAJAN-SEMANA: <br>ENERO POR DIA PASAJEROS SUBEN: <br>ENERO POR DIA PASAJEROS BAJAN:<br>RUTA: RC08<br>SAE: <br>NUM_ PARADERO: 81.0<br>SENTIDO: REGRESO<br>LATITUD: 17.06276886<br>LONGITUD: -96.71399869<br>NUM_PARADA_GESCAR: 1671.0<br>ENERO PASAJEROS SUBEN-SEMANA: <br>ENERO PASAJEROS BAJAN-SEMANA: <br>ENERO POR DIA PASAJEROS SUBEN: <br>ENERO POR DIA PASAJEROS BAJAN: ]]></description>
        <styleUrl>#icon-1532-7CB342</styleUrl>
        <ExtendedData>
          <Data name="descripción">
            <value>RUTA: RC08
SAE: 
NUM_ PARADERO: 81
SENTIDO: REGRESO
LATITUD: 17.06276886
LONGITUD: -96.71399869
NUM_PARADA_GESCAR: 1671
ENERO PASAJEROS SUBEN-SEMANA: 
ENERO PASAJEROS BAJAN-SEMANA: 
ENERO POR DIA PASAJEROS SUBEN: 
ENERO POR DIA PASAJEROS BAJAN:</value>
          </Data>
          <Data name="RUTA">
            <value>RC08</value>
          </Data>
          <Data name="SAE">
            <value/>
          </Data>
          <Data name="NUM_ PARADERO">
            <value>81.0</value>
          </Data>
          <Data name="SENTIDO">
            <value>REGRESO</value>
          </Data>
          <Data name="LATITUD">
            <value>17.06276886</value>
          </Data>
          <Data name="LONGITUD">
            <value>-96.71399869</value>
          </Data>
          <Data name="NUM_PARADA_GESCAR">
            <value>1671.0</value>
          </Data>
          <Data name="ENERO PASAJEROS SUBEN-SEMANA">
            <value/>
          </Data>
          <Data name="ENERO PASAJEROS BAJAN-SEMANA">
            <value/>
          </Data>
          <Data name="ENERO POR DIA PASAJEROS SUBEN">
            <value/>
          </Data>
          <Data name="ENERO POR DIA PASAJEROS BAJAN">
            <value/>
          </Data>
        </ExtendedData>
        <Point>
          <coordinates>
            -96.713999,17.062769,0
          </coordinates>
        </Point>
      </Placemark>
      <Placemark>
        <name>Esc. Sec. Tec. N°6</name>
        <description><![CDATA[descripción: RUTA: RC08<br>SAE: <br>NUM_ PARADERO: 82<br>SENTIDO: REGRESO<br>LATITUD: 17.0663113<br>LONGITUD: -96.7141341<br>NUM_PARADA_GESCAR: 1976<br>ENERO PASAJEROS SUBEN-SEMANA: <br>ENERO PASAJEROS BAJAN-SEMANA: <br>ENERO POR DIA PASAJEROS SUBEN: <br>ENERO POR DIA PASAJEROS BAJAN:<br>RUTA: RC08<br>SAE: <br>NUM_ PARADERO: 82.0<br>SENTIDO: REGRESO<br>LATITUD: 17.0663113<br>LONGITUD: -96.7141341<br>NUM_PARADA_GESCAR: 1976.0<br>ENERO PASAJEROS SUBEN-SEMANA: <br>ENERO PASAJEROS BAJAN-SEMANA: <br>ENERO POR DIA PASAJEROS SUBEN: <br>ENERO POR DIA PASAJEROS BAJAN: ]]></description>
        <styleUrl>#icon-1532-7CB342</styleUrl>
        <ExtendedData>
          <Data name="descripción">
            <value>RUTA: RC08
SAE: 
NUM_ PARADERO: 82
SENTIDO: REGRESO
LATITUD: 17.0663113
LONGITUD: -96.7141341
NUM_PARADA_GESCAR: 1976
ENERO PASAJEROS SUBEN-SEMANA: 
ENERO PASAJEROS BAJAN-SEMANA: 
ENERO POR DIA PASAJEROS SUBEN: 
ENERO POR DIA PASAJEROS BAJAN:</value>
          </Data>
          <Data name="RUTA">
            <value>RC08</value>
          </Data>
          <Data name="SAE">
            <value/>
          </Data>
          <Data name="NUM_ PARADERO">
            <value>82.0</value>
          </Data>
          <Data name="SENTIDO">
            <value>REGRESO</value>
          </Data>
          <Data name="LATITUD">
            <value>17.0663113</value>
          </Data>
          <Data name="LONGITUD">
            <value>-96.7141341</value>
          </Data>
          <Data name="NUM_PARADA_GESCAR">
            <value>1976.0</value>
          </Data>
          <Data name="ENERO PASAJEROS SUBEN-SEMANA">
            <value/>
          </Data>
          <Data name="ENERO PASAJEROS BAJAN-SEMANA">
            <value/>
          </Data>
          <Data name="ENERO POR DIA PASAJEROS SUBEN">
            <value/>
          </Data>
          <Data name="ENERO POR DIA PASAJEROS BAJAN">
            <value/>
          </Data>
        </ExtendedData>
        <Point>
          <coordinates>
            -96.714134,17.066311,0
          </coordinates>
        </Point>
      </Placemark>
      <Placemark>
        <name>Priv. Alianza</name>
        <description><![CDATA[descripción: RUTA: RC08<br>SAE: <br>NUM_ PARADERO: 83<br>SENTIDO: REGRESO<br>LATITUD: 17.06797627<br>LONGITUD: -96.71383256<br>NUM_PARADA_GESCAR: 1673<br>ENERO PASAJEROS SUBEN-SEMANA: <br>ENERO PASAJEROS BAJAN-SEMANA: <br>ENERO POR DIA PASAJEROS SUBEN: <br>ENERO POR DIA PASAJEROS BAJAN:<br>RUTA: RC08<br>SAE: <br>NUM_ PARADERO: 83.0<br>SENTIDO: REGRESO<br>LATITUD: 17.06797627<br>LONGITUD: -96.71383256<br>NUM_PARADA_GESCAR: 1673.0<br>ENERO PASAJEROS SUBEN-SEMANA: <br>ENERO PASAJEROS BAJAN-SEMANA: <br>ENERO POR DIA PASAJEROS SUBEN: <br>ENERO POR DIA PASAJEROS BAJAN: ]]></description>
        <styleUrl>#icon-1532-7CB342</styleUrl>
        <ExtendedData>
          <Data name="descripción">
            <value>RUTA: RC08
SAE: 
NUM_ PARADERO: 83
SENTIDO: REGRESO
LATITUD: 17.06797627
LONGITUD: -96.71383256
NUM_PARADA_GESCAR: 1673
ENERO PASAJEROS SUBEN-SEMANA: 
ENERO PASAJEROS BAJAN-SEMANA: 
ENERO POR DIA PASAJEROS SUBEN: 
ENERO POR DIA PASAJEROS BAJAN:</value>
          </Data>
          <Data name="RUTA">
            <value>RC08</value>
          </Data>
          <Data name="SAE">
            <value/>
          </Data>
          <Data name="NUM_ PARADERO">
            <value>83.0</value>
          </Data>
          <Data name="SENTIDO">
            <value>REGRESO</value>
          </Data>
          <Data name="LATITUD">
            <value>17.06797627</value>
          </Data>
          <Data name="LONGITUD">
            <value>-96.71383256</value>
          </Data>
          <Data name="NUM_PARADA_GESCAR">
            <value>1673.0</value>
          </Data>
          <Data name="ENERO PASAJEROS SUBEN-SEMANA">
            <value/>
          </Data>
          <Data name="ENERO PASAJEROS BAJAN-SEMANA">
            <value/>
          </Data>
          <Data name="ENERO POR DIA PASAJEROS SUBEN">
            <value/>
          </Data>
          <Data name="ENERO POR DIA PASAJEROS BAJAN">
            <value/>
          </Data>
        </ExtendedData>
        <Point>
          <coordinates>
            -96.713833,17.067976,0
          </coordinates>
        </Point>
      </Placemark>
      <Placemark>
        <name>Heroico Colegio Militar</name>
        <description><![CDATA[descripción: RUTA: RC08<br>SAE: <br>NUM_ PARADERO: 84<br>SENTIDO: REGRESO<br>LATITUD: 17.07103821<br>LONGITUD: -96.7134353<br>NUM_PARADA_GESCAR: 1817<br>ENERO PASAJEROS SUBEN-SEMANA: <br>ENERO PASAJEROS BAJAN-SEMANA: <br>ENERO POR DIA PASAJEROS SUBEN: <br>ENERO POR DIA PASAJEROS BAJAN:<br>RUTA: RC08<br>SAE: <br>NUM_ PARADERO: 84.0<br>SENTIDO: REGRESO<br>LATITUD: 17.07103821<br>LONGITUD: -96.7134353<br>NUM_PARADA_GESCAR: 1817.0<br>ENERO PASAJEROS SUBEN-SEMANA: <br>ENERO PASAJEROS BAJAN-SEMANA: <br>ENERO POR DIA PASAJEROS SUBEN: <br>ENERO POR DIA PASAJEROS BAJAN: ]]></description>
        <styleUrl>#icon-1532-7CB342</styleUrl>
        <ExtendedData>
          <Data name="descripción">
            <value>RUTA: RC08
SAE: 
NUM_ PARADERO: 84
SENTIDO: REGRESO
LATITUD: 17.07103821
LONGITUD: -96.7134353
NUM_PARADA_GESCAR: 1817
ENERO PASAJEROS SUBEN-SEMANA: 
ENERO PASAJEROS BAJAN-SEMANA: 
ENERO POR DIA PASAJEROS SUBEN: 
ENERO POR DIA PASAJEROS BAJAN:</value>
          </Data>
          <Data name="RUTA">
            <value>RC08</value>
          </Data>
          <Data name="SAE">
            <value/>
          </Data>
          <Data name="NUM_ PARADERO">
            <value>84.0</value>
          </Data>
          <Data name="SENTIDO">
            <value>REGRESO</value>
          </Data>
          <Data name="LATITUD">
            <value>17.07103821</value>
          </Data>
          <Data name="LONGITUD">
            <value>-96.7134353</value>
          </Data>
          <Data name="NUM_PARADA_GESCAR">
            <value>1817.0</value>
          </Data>
          <Data name="ENERO PASAJEROS SUBEN-SEMANA">
            <value/>
          </Data>
          <Data name="ENERO PASAJEROS BAJAN-SEMANA">
            <value/>
          </Data>
          <Data name="ENERO POR DIA PASAJEROS SUBEN">
            <value/>
          </Data>
          <Data name="ENERO POR DIA PASAJEROS BAJAN">
            <value/>
          </Data>
        </ExtendedData>
        <Point>
          <coordinates>
            -96.713435,17.071038,0
          </coordinates>
        </Point>
      </Placemark>
      <Placemark>
        <name>Almendros</name>
        <description><![CDATA[descripción: RUTA: RC08<br>SAE: <br>NUM_ PARADERO: 85<br>SENTIDO: REGRESO<br>LATITUD: 17.07274482<br>LONGITUD: -96.7132091<br>NUM_PARADA_GESCAR: 1818<br>ENERO PASAJEROS SUBEN-SEMANA: <br>ENERO PASAJEROS BAJAN-SEMANA: <br>ENERO POR DIA PASAJEROS SUBEN: <br>ENERO POR DIA PASAJEROS BAJAN:<br>RUTA: RC08<br>SAE: <br>NUM_ PARADERO: 85.0<br>SENTIDO: REGRESO<br>LATITUD: 17.07274482<br>LONGITUD: -96.7132091<br>NUM_PARADA_GESCAR: 1818.0<br>ENERO PASAJEROS SUBEN-SEMANA: <br>ENERO PASAJEROS BAJAN-SEMANA: <br>ENERO POR DIA PASAJEROS SUBEN: <br>ENERO POR DIA PASAJEROS BAJAN: ]]></description>
        <styleUrl>#icon-1532-7CB342</styleUrl>
        <ExtendedData>
          <Data name="descripción">
            <value>RUTA: RC08
SAE: 
NUM_ PARADERO: 85
SENTIDO: REGRESO
LATITUD: 17.07274482
LONGITUD: -96.7132091
NUM_PARADA_GESCAR: 1818
ENERO PASAJEROS SUBEN-SEMANA: 
ENERO PASAJEROS BAJAN-SEMANA: 
ENERO POR DIA PASAJEROS SUBEN: 
ENERO POR DIA PASAJEROS BAJAN:</value>
          </Data>
          <Data name="RUTA">
            <value>RC08</value>
          </Data>
          <Data name="SAE">
            <value/>
          </Data>
          <Data name="NUM_ PARADERO">
            <value>85.0</value>
          </Data>
          <Data name="SENTIDO">
            <value>REGRESO</value>
          </Data>
          <Data name="LATITUD">
            <value>17.07274482</value>
          </Data>
          <Data name="LONGITUD">
            <value>-96.7132091</value>
          </Data>
          <Data name="NUM_PARADA_GESCAR">
            <value>1818.0</value>
          </Data>
          <Data name="ENERO PASAJEROS SUBEN-SEMANA">
            <value/>
          </Data>
          <Data name="ENERO PASAJEROS BAJAN-SEMANA">
            <value/>
          </Data>
          <Data name="ENERO POR DIA PASAJEROS SUBEN">
            <value/>
          </Data>
          <Data name="ENERO POR DIA PASAJEROS BAJAN">
            <value/>
          </Data>
        </ExtendedData>
        <Point>
          <coordinates>
            -96.713209,17.072745,0
          </coordinates>
        </Point>
      </Placemark>
      <Placemark>
        <name>Belisario Dominguez</name>
        <description><![CDATA[descripción: RUTA: RC08<br>SAE: <br>NUM_ PARADERO: 86<br>SENTIDO: REGRESO<br>LATITUD: 17.07485836<br>LONGITUD: -96.71295971<br>NUM_PARADA_GESCAR: 1725<br>ENERO PASAJEROS SUBEN-SEMANA: <br>ENERO PASAJEROS BAJAN-SEMANA: <br>ENERO POR DIA PASAJEROS SUBEN: <br>ENERO POR DIA PASAJEROS BAJAN:<br>RUTA: RC08<br>SAE: <br>NUM_ PARADERO: 86.0<br>SENTIDO: REGRESO<br>LATITUD: 17.07485836<br>LONGITUD: -96.71295971<br>NUM_PARADA_GESCAR: 1725.0<br>ENERO PASAJEROS SUBEN-SEMANA: <br>ENERO PASAJEROS BAJAN-SEMANA: <br>ENERO POR DIA PASAJEROS SUBEN: <br>ENERO POR DIA PASAJEROS BAJAN: ]]></description>
        <styleUrl>#icon-1532-7CB342</styleUrl>
        <ExtendedData>
          <Data name="descripción">
            <value>RUTA: RC08
SAE: 
NUM_ PARADERO: 86
SENTIDO: REGRESO
LATITUD: 17.07485836
LONGITUD: -96.71295971
NUM_PARADA_GESCAR: 1725
ENERO PASAJEROS SUBEN-SEMANA: 
ENERO PASAJEROS BAJAN-SEMANA: 
ENERO POR DIA PASAJEROS SUBEN: 
ENERO POR DIA PASAJEROS BAJAN:</value>
          </Data>
          <Data name="RUTA">
            <value>RC08</value>
          </Data>
          <Data name="SAE">
            <value/>
          </Data>
          <Data name="NUM_ PARADERO">
            <value>86.0</value>
          </Data>
          <Data name="SENTIDO">
            <value>REGRESO</value>
          </Data>
          <Data name="LATITUD">
            <value>17.07485836</value>
          </Data>
          <Data name="LONGITUD">
            <value>-96.71295971</value>
          </Data>
          <Data name="NUM_PARADA_GESCAR">
            <value>1725.0</value>
          </Data>
          <Data name="ENERO PASAJEROS SUBEN-SEMANA">
            <value/>
          </Data>
          <Data name="ENERO PASAJEROS BAJAN-SEMANA">
            <value/>
          </Data>
          <Data name="ENERO POR DIA PASAJEROS SUBEN">
            <value/>
          </Data>
          <Data name="ENERO POR DIA PASAJEROS BAJAN">
            <value/>
          </Data>
        </ExtendedData>
        <Point>
          <coordinates>
            -96.71296,17.074858,0
          </coordinates>
        </Point>
      </Placemark>
      <Placemark>
        <name>Sabinos</name>
        <description><![CDATA[descripción: RUTA: RC08<br>SAE: <br>NUM_ PARADERO: 87<br>SENTIDO: REGRESO<br>LATITUD: 17.07694372<br>LONGITUD: -96.71261889<br>NUM_PARADA_GESCAR: 1820<br>ENERO PASAJEROS SUBEN-SEMANA: <br>ENERO PASAJEROS BAJAN-SEMANA: <br>ENERO POR DIA PASAJEROS SUBEN: <br>ENERO POR DIA PASAJEROS BAJAN:<br>RUTA: RC08<br>SAE: <br>NUM_ PARADERO: 87.0<br>SENTIDO: REGRESO<br>LATITUD: 17.07694372<br>LONGITUD: -96.71261889<br>NUM_PARADA_GESCAR: 1820.0<br>ENERO PASAJEROS SUBEN-SEMANA: <br>ENERO PASAJEROS BAJAN-SEMANA: <br>ENERO POR DIA PASAJEROS SUBEN: <br>ENERO POR DIA PASAJEROS BAJAN: ]]></description>
        <styleUrl>#icon-1532-7CB342</styleUrl>
        <ExtendedData>
          <Data name="descripción">
            <value>RUTA: RC08
SAE: 
NUM_ PARADERO: 87
SENTIDO: REGRESO
LATITUD: 17.07694372
LONGITUD: -96.71261889
NUM_PARADA_GESCAR: 1820
ENERO PASAJEROS SUBEN-SEMANA: 
ENERO PASAJEROS BAJAN-SEMANA: 
ENERO POR DIA PASAJEROS SUBEN: 
ENERO POR DIA PASAJEROS BAJAN:</value>
          </Data>
          <Data name="RUTA">
            <value>RC08</value>
          </Data>
          <Data name="SAE">
            <value/>
          </Data>
          <Data name="NUM_ PARADERO">
            <value>87.0</value>
          </Data>
          <Data name="SENTIDO">
            <value>REGRESO</value>
          </Data>
          <Data name="LATITUD">
            <value>17.07694372</value>
          </Data>
          <Data name="LONGITUD">
            <value>-96.71261889</value>
          </Data>
          <Data name="NUM_PARADA_GESCAR">
            <value>1820.0</value>
          </Data>
          <Data name="ENERO PASAJEROS SUBEN-SEMANA">
            <value/>
          </Data>
          <Data name="ENERO PASAJEROS BAJAN-SEMANA">
            <value/>
          </Data>
          <Data name="ENERO POR DIA PASAJEROS SUBEN">
            <value/>
          </Data>
          <Data name="ENERO POR DIA PASAJEROS BAJAN">
            <value/>
          </Data>
        </ExtendedData>
        <Point>
          <coordinates>
            -96.712619,17.076944,0
          </coordinates>
        </Point>
      </Placemark>
      <Placemark>
        <name>7 de Enero</name>
        <description><![CDATA[descripción: RUTA: RC08<br>SAE: <br>NUM_ PARADERO: 88<br>SENTIDO: REGRESO<br>LATITUD: 17.08137074<br>LONGITUD: -96.71203533<br>NUM_PARADA_GESCAR: 1715<br>ENERO PASAJEROS SUBEN-SEMANA: <br>ENERO PASAJEROS BAJAN-SEMANA: <br>ENERO POR DIA PASAJEROS SUBEN: <br>ENERO POR DIA PASAJEROS BAJAN:<br>RUTA: RC08<br>SAE: <br>NUM_ PARADERO: 88.0<br>SENTIDO: REGRESO<br>LATITUD: 17.08137074<br>LONGITUD: -96.71203533<br>NUM_PARADA_GESCAR: 1715.0<br>ENERO PASAJEROS SUBEN-SEMANA: <br>ENERO PASAJEROS BAJAN-SEMANA: <br>ENERO POR DIA PASAJEROS SUBEN: <br>ENERO POR DIA PASAJEROS BAJAN: ]]></description>
        <styleUrl>#icon-1532-7CB342</styleUrl>
        <ExtendedData>
          <Data name="descripción">
            <value>RUTA: RC08
SAE: 
NUM_ PARADERO: 88
SENTIDO: REGRESO
LATITUD: 17.08137074
LONGITUD: -96.71203533
NUM_PARADA_GESCAR: 1715
ENERO PASAJEROS SUBEN-SEMANA: 
ENERO PASAJEROS BAJAN-SEMANA: 
ENERO POR DIA PASAJEROS SUBEN: 
ENERO POR DIA PASAJEROS BAJAN:</value>
          </Data>
          <Data name="RUTA">
            <value>RC08</value>
          </Data>
          <Data name="SAE">
            <value/>
          </Data>
          <Data name="NUM_ PARADERO">
            <value>88.0</value>
          </Data>
          <Data name="SENTIDO">
            <value>REGRESO</value>
          </Data>
          <Data name="LATITUD">
            <value>17.08137074</value>
          </Data>
          <Data name="LONGITUD">
            <value>-96.71203533</value>
          </Data>
          <Data name="NUM_PARADA_GESCAR">
            <value>1715.0</value>
          </Data>
          <Data name="ENERO PASAJEROS SUBEN-SEMANA">
            <value/>
          </Data>
          <Data name="ENERO PASAJEROS BAJAN-SEMANA">
            <value/>
          </Data>
          <Data name="ENERO POR DIA PASAJEROS SUBEN">
            <value/>
          </Data>
          <Data name="ENERO POR DIA PASAJEROS BAJAN">
            <value/>
          </Data>
        </ExtendedData>
        <Point>
          <coordinates>
            -96.712035,17.081371,0
          </coordinates>
        </Point>
      </Placemark>
      <Placemark>
        <name>Módulo Azul</name>
        <description><![CDATA[descripción: RUTA: RC08<br>SAE: <br>NUM_ PARADERO: 89<br>SENTIDO: REGRESO<br>LATITUD: 17.08593617<br>LONGITUD: -96.71149728<br>NUM_PARADA_GESCAR: 1823<br>ENERO PASAJEROS SUBEN-SEMANA: <br>ENERO PASAJEROS BAJAN-SEMANA: <br>ENERO POR DIA PASAJEROS SUBEN: <br>ENERO POR DIA PASAJEROS BAJAN:<br>RUTA: RC08<br>SAE: <br>NUM_ PARADERO: 89.0<br>SENTIDO: REGRESO<br>LATITUD: 17.08593617<br>LONGITUD: -96.71149728<br>NUM_PARADA_GESCAR: 1823.0<br>ENERO PASAJEROS SUBEN-SEMANA: <br>ENERO PASAJEROS BAJAN-SEMANA: <br>ENERO POR DIA PASAJEROS SUBEN: <br>ENERO POR DIA PASAJEROS BAJAN: ]]></description>
        <styleUrl>#icon-1532-7CB342</styleUrl>
        <ExtendedData>
          <Data name="descripción">
            <value>RUTA: RC08
SAE: 
NUM_ PARADERO: 89
SENTIDO: REGRESO
LATITUD: 17.08593617
LONGITUD: -96.71149728
NUM_PARADA_GESCAR: 1823
ENERO PASAJEROS SUBEN-SEMANA: 
ENERO PASAJEROS BAJAN-SEMANA: 
ENERO POR DIA PASAJEROS SUBEN: 
ENERO POR DIA PASAJEROS BAJAN:</value>
          </Data>
          <Data name="RUTA">
            <value>RC08</value>
          </Data>
          <Data name="SAE">
            <value/>
          </Data>
          <Data name="NUM_ PARADERO">
            <value>89.0</value>
          </Data>
          <Data name="SENTIDO">
            <value>REGRESO</value>
          </Data>
          <Data name="LATITUD">
            <value>17.08593617</value>
          </Data>
          <Data name="LONGITUD">
            <value>-96.71149728</value>
          </Data>
          <Data name="NUM_PARADA_GESCAR">
            <value>1823.0</value>
          </Data>
          <Data name="ENERO PASAJEROS SUBEN-SEMANA">
            <value/>
          </Data>
          <Data name="ENERO PASAJEROS BAJAN-SEMANA">
            <value/>
          </Data>
          <Data name="ENERO POR DIA PASAJEROS SUBEN">
            <value/>
          </Data>
          <Data name="ENERO POR DIA PASAJEROS BAJAN">
            <value/>
          </Data>
        </ExtendedData>
        <Point>
          <coordinates>
            -96.711497,17.085936,0
          </coordinates>
        </Point>
      </Placemark>
      <Placemark>
        <name>Volcán de Fuego</name>
        <description><![CDATA[descripción: RUTA: RC08<br>SAE: <br>NUM_ PARADERO: 90<br>SENTIDO: REGRESO<br>LATITUD: 17.08927299<br>LONGITUD: -96.70990646<br>NUM_PARADA_GESCAR: 1717<br>ENERO PASAJEROS SUBEN-SEMANA: <br>ENERO PASAJEROS BAJAN-SEMANA: <br>ENERO POR DIA PASAJEROS SUBEN: <br>ENERO POR DIA PASAJEROS BAJAN:<br>RUTA: RC08<br>SAE: <br>NUM_ PARADERO: 90.0<br>SENTIDO: REGRESO<br>LATITUD: 17.08927299<br>LONGITUD: -96.70990646<br>NUM_PARADA_GESCAR: 1717.0<br>ENERO PASAJEROS SUBEN-SEMANA: <br>ENERO PASAJEROS BAJAN-SEMANA: <br>ENERO POR DIA PASAJEROS SUBEN: <br>ENERO POR DIA PASAJEROS BAJAN: ]]></description>
        <styleUrl>#icon-1532-7CB342</styleUrl>
        <ExtendedData>
          <Data name="descripción">
            <value>RUTA: RC08
SAE: 
NUM_ PARADERO: 90
SENTIDO: REGRESO
LATITUD: 17.08927299
LONGITUD: -96.70990646
NUM_PARADA_GESCAR: 1717
ENERO PASAJEROS SUBEN-SEMANA: 
ENERO PASAJEROS BAJAN-SEMANA: 
ENERO POR DIA PASAJEROS SUBEN: 
ENERO POR DIA PASAJEROS BAJAN:</value>
          </Data>
          <Data name="RUTA">
            <value>RC08</value>
          </Data>
          <Data name="SAE">
            <value/>
          </Data>
          <Data name="NUM_ PARADERO">
            <value>90.0</value>
          </Data>
          <Data name="SENTIDO">
            <value>REGRESO</value>
          </Data>
          <Data name="LATITUD">
            <value>17.08927299</value>
          </Data>
          <Data name="LONGITUD">
            <value>-96.70990646</value>
          </Data>
          <Data name="NUM_PARADA_GESCAR">
            <value>1717.0</value>
          </Data>
          <Data name="ENERO PASAJEROS SUBEN-SEMANA">
            <value/>
          </Data>
          <Data name="ENERO PASAJEROS BAJAN-SEMANA">
            <value/>
          </Data>
          <Data name="ENERO POR DIA PASAJEROS SUBEN">
            <value/>
          </Data>
          <Data name="ENERO POR DIA PASAJEROS BAJAN">
            <value/>
          </Data>
        </ExtendedData>
        <Point>
          <coordinates>
            -96.709906,17.089273,0
          </coordinates>
        </Point>
      </Placemark>
      <Placemark>
        <name>Pico de Orizaba</name>
        <description><![CDATA[descripción: RUTA: RC08<br>SAE: <br>NUM_ PARADERO: 91<br>SENTIDO: REGRESO<br>LATITUD: 17.09294395<br>LONGITUD: -96.70805327<br>NUM_PARADA_GESCAR: 1718<br>ENERO PASAJEROS SUBEN-SEMANA: <br>ENERO PASAJEROS BAJAN-SEMANA: <br>ENERO POR DIA PASAJEROS SUBEN: <br>ENERO POR DIA PASAJEROS BAJAN:<br>RUTA: RC08<br>SAE: <br>NUM_ PARADERO: 91.0<br>SENTIDO: REGRESO<br>LATITUD: 17.09294395<br>LONGITUD: -96.70805327<br>NUM_PARADA_GESCAR: 1718.0<br>ENERO PASAJEROS SUBEN-SEMANA: <br>ENERO PASAJEROS BAJAN-SEMANA: <br>ENERO POR DIA PASAJEROS SUBEN: <br>ENERO POR DIA PASAJEROS BAJAN: ]]></description>
        <styleUrl>#icon-1532-7CB342</styleUrl>
        <ExtendedData>
          <Data name="descripción">
            <value>RUTA: RC08
SAE: 
NUM_ PARADERO: 91
SENTIDO: REGRESO
LATITUD: 17.09294395
LONGITUD: -96.70805327
NUM_PARADA_GESCAR: 1718
ENERO PASAJEROS SUBEN-SEMANA: 
ENERO PASAJEROS BAJAN-SEMANA: 
ENERO POR DIA PASAJEROS SUBEN: 
ENERO POR DIA PASAJEROS BAJAN:</value>
          </Data>
          <Data name="RUTA">
            <value>RC08</value>
          </Data>
          <Data name="SAE">
            <value/>
          </Data>
          <Data name="NUM_ PARADERO">
            <value>91.0</value>
          </Data>
          <Data name="SENTIDO">
            <value>REGRESO</value>
          </Data>
          <Data name="LATITUD">
            <value>17.09294395</value>
          </Data>
          <Data name="LONGITUD">
            <value>-96.70805327</value>
          </Data>
          <Data name="NUM_PARADA_GESCAR">
            <value>1718.0</value>
          </Data>
          <Data name="ENERO PASAJEROS SUBEN-SEMANA">
            <value/>
          </Data>
          <Data name="ENERO PASAJEROS BAJAN-SEMANA">
            <value/>
          </Data>
          <Data name="ENERO POR DIA PASAJEROS SUBEN">
            <value/>
          </Data>
          <Data name="ENERO POR DIA PASAJEROS BAJAN">
            <value/>
          </Data>
        </ExtendedData>
        <Point>
          <coordinates>
            -96.708053,17.092944,0
          </coordinates>
        </Point>
      </Placemark>
      <Placemark>
        <name>Cofre de Perote</name>
        <description><![CDATA[descripción: RUTA: RC08<br>SAE: <br>NUM_ PARADERO: 92<br>SENTIDO: REGRESO<br>LATITUD: 17.0944257<br>LONGITUD: -96.70650033<br>NUM_PARADA_GESCAR: 1719<br>ENERO PASAJEROS SUBEN-SEMANA: <br>ENERO PASAJEROS BAJAN-SEMANA: <br>ENERO POR DIA PASAJEROS SUBEN: <br>ENERO POR DIA PASAJEROS BAJAN:<br>RUTA: RC08<br>SAE: <br>NUM_ PARADERO: 92.0<br>SENTIDO: REGRESO<br>LATITUD: 17.0944257<br>LONGITUD: -96.70650033<br>NUM_PARADA_GESCAR: 1719.0<br>ENERO PASAJEROS SUBEN-SEMANA: <br>ENERO PASAJEROS BAJAN-SEMANA: <br>ENERO POR DIA PASAJEROS SUBEN: <br>ENERO POR DIA PASAJEROS BAJAN: ]]></description>
        <styleUrl>#icon-1532-7CB342</styleUrl>
        <ExtendedData>
          <Data name="descripción">
            <value>RUTA: RC08
SAE: 
NUM_ PARADERO: 92
SENTIDO: REGRESO
LATITUD: 17.0944257
LONGITUD: -96.70650033
NUM_PARADA_GESCAR: 1719
ENERO PASAJEROS SUBEN-SEMANA: 
ENERO PASAJEROS BAJAN-SEMANA: 
ENERO POR DIA PASAJEROS SUBEN: 
ENERO POR DIA PASAJEROS BAJAN:</value>
          </Data>
          <Data name="RUTA">
            <value>RC08</value>
          </Data>
          <Data name="SAE">
            <value/>
          </Data>
          <Data name="NUM_ PARADERO">
            <value>92.0</value>
          </Data>
          <Data name="SENTIDO">
            <value>REGRESO</value>
          </Data>
          <Data name="LATITUD">
            <value>17.0944257</value>
          </Data>
          <Data name="LONGITUD">
            <value>-96.70650033</value>
          </Data>
          <Data name="NUM_PARADA_GESCAR">
            <value>1719.0</value>
          </Data>
          <Data name="ENERO PASAJEROS SUBEN-SEMANA">
            <value/>
          </Data>
          <Data name="ENERO PASAJEROS BAJAN-SEMANA">
            <value/>
          </Data>
          <Data name="ENERO POR DIA PASAJEROS SUBEN">
            <value/>
          </Data>
          <Data name="ENERO POR DIA PASAJEROS BAJAN">
            <value/>
          </Data>
        </ExtendedData>
        <Point>
          <coordinates>
            -96.7065,17.094426,0
          </coordinates>
        </Point>
      </Placemark>
      <Placemark>
        <name>Tacana</name>
        <description><![CDATA[descripción: RUTA: RC08<br>SAE: <br>NUM_ PARADERO: 93<br>SENTIDO: REGRESO<br>LATITUD: 17.09305285<br>LONGITUD: -96.7036654<br>NUM_PARADA_GESCAR: 2491<br>ENERO PASAJEROS SUBEN-SEMANA: <br>ENERO PASAJEROS BAJAN-SEMANA: <br>ENERO POR DIA PASAJEROS SUBEN: <br>ENERO POR DIA PASAJEROS BAJAN:<br>RUTA: RC08<br>SAE: <br>NUM_ PARADERO: 93.0<br>SENTIDO: REGRESO<br>LATITUD: 17.09305285<br>LONGITUD: -96.7036654<br>NUM_PARADA_GESCAR: 2491.0<br>ENERO PASAJEROS SUBEN-SEMANA: <br>ENERO PASAJEROS BAJAN-SEMANA: <br>ENERO POR DIA PASAJEROS SUBEN: <br>ENERO POR DIA PASAJEROS BAJAN: ]]></description>
        <styleUrl>#icon-1532-7CB342</styleUrl>
        <ExtendedData>
          <Data name="descripción">
            <value>RUTA: RC08
SAE: 
NUM_ PARADERO: 93
SENTIDO: REGRESO
LATITUD: 17.09305285
LONGITUD: -96.7036654
NUM_PARADA_GESCAR: 2491
ENERO PASAJEROS SUBEN-SEMANA: 
ENERO PASAJEROS BAJAN-SEMANA: 
ENERO POR DIA PASAJEROS SUBEN: 
ENERO POR DIA PASAJEROS BAJAN:</value>
          </Data>
          <Data name="RUTA">
            <value>RC08</value>
          </Data>
          <Data name="SAE">
            <value/>
          </Data>
          <Data name="NUM_ PARADERO">
            <value>93.0</value>
          </Data>
          <Data name="SENTIDO">
            <value>REGRESO</value>
          </Data>
          <Data name="LATITUD">
            <value>17.09305285</value>
          </Data>
          <Data name="LONGITUD">
            <value>-96.7036654</value>
          </Data>
          <Data name="NUM_PARADA_GESCAR">
            <value>2491.0</value>
          </Data>
          <Data name="ENERO PASAJEROS SUBEN-SEMANA">
            <value/>
          </Data>
          <Data name="ENERO PASAJEROS BAJAN-SEMANA">
            <value/>
          </Data>
          <Data name="ENERO POR DIA PASAJEROS SUBEN">
            <value/>
          </Data>
          <Data name="ENERO POR DIA PASAJEROS BAJAN">
            <value/>
          </Data>
        </ExtendedData>
        <Point>
          <coordinates>
            -96.703665,17.093053,0
          </coordinates>
        </Point>
      </Placemark>
      <Placemark>
        <name>Laureles</name>
        <description><![CDATA[descripción: RUTA: RC08<br>SAE: <br>NUM_ PARADERO: 94<br>SENTIDO: REGRESO<br>LATITUD: 17.09293003<br>LONGITUD: -96.70023405<br>NUM_PARADA_GESCAR: 1801<br>ENERO PASAJEROS SUBEN-SEMANA: <br>ENERO PASAJEROS BAJAN-SEMANA: <br>ENERO POR DIA PASAJEROS SUBEN: <br>ENERO POR DIA PASAJEROS BAJAN:<br>RUTA: RC08<br>SAE: <br>NUM_ PARADERO: 94.0<br>SENTIDO: REGRESO<br>LATITUD: 17.09293003<br>LONGITUD: -96.70023405<br>NUM_PARADA_GESCAR: 1801.0<br>ENERO PASAJEROS SUBEN-SEMANA: <br>ENERO PASAJEROS BAJAN-SEMANA: <br>ENERO POR DIA PASAJEROS SUBEN: <br>ENERO POR DIA PASAJEROS BAJAN: ]]></description>
        <styleUrl>#icon-1532-7CB342</styleUrl>
        <ExtendedData>
          <Data name="descripción">
            <value>RUTA: RC08
SAE: 
NUM_ PARADERO: 94
SENTIDO: REGRESO
LATITUD: 17.09293003
LONGITUD: -96.70023405
NUM_PARADA_GESCAR: 1801
ENERO PASAJEROS SUBEN-SEMANA: 
ENERO PASAJEROS BAJAN-SEMANA: 
ENERO POR DIA PASAJEROS SUBEN: 
ENERO POR DIA PASAJEROS BAJAN:</value>
          </Data>
          <Data name="RUTA">
            <value>RC08</value>
          </Data>
          <Data name="SAE">
            <value/>
          </Data>
          <Data name="NUM_ PARADERO">
            <value>94.0</value>
          </Data>
          <Data name="SENTIDO">
            <value>REGRESO</value>
          </Data>
          <Data name="LATITUD">
            <value>17.09293003</value>
          </Data>
          <Data name="LONGITUD">
            <value>-96.70023405</value>
          </Data>
          <Data name="NUM_PARADA_GESCAR">
            <value>1801.0</value>
          </Data>
          <Data name="ENERO PASAJEROS SUBEN-SEMANA">
            <value/>
          </Data>
          <Data name="ENERO PASAJEROS BAJAN-SEMANA">
            <value/>
          </Data>
          <Data name="ENERO POR DIA PASAJEROS SUBEN">
            <value/>
          </Data>
          <Data name="ENERO POR DIA PASAJEROS BAJAN">
            <value/>
          </Data>
        </ExtendedData>
        <Point>
          <coordinates>
            -96.700234,17.09293,0
          </coordinates>
        </Point>
      </Placemark>
      <Placemark>
        <name>Base Col. Jardín</name>
        <description><![CDATA[descripción: RUTA: RC08<br>SAE: <br>NUM_ PARADERO: 95<br>SENTIDO: REGRESO<br>LATITUD: 17.09391501<br>LONGITUD: -96.69793367<br>NUM_PARADA_GESCAR: 1844<br>ENERO PASAJEROS SUBEN-SEMANA: <br>ENERO PASAJEROS BAJAN-SEMANA: <br>ENERO POR DIA PASAJEROS SUBEN: <br>ENERO POR DIA PASAJEROS BAJAN:<br>RUTA: RC08<br>SAE: <br>NUM_ PARADERO: 95.0<br>SENTIDO: REGRESO<br>LATITUD: 17.09391501<br>LONGITUD: -96.69793367<br>NUM_PARADA_GESCAR: 1844.0<br>ENERO PASAJEROS SUBEN-SEMANA: <br>ENERO PASAJEROS BAJAN-SEMANA: <br>ENERO POR DIA PASAJEROS SUBEN: <br>ENERO POR DIA PASAJEROS BAJAN: ]]></description>
        <styleUrl>#icon-1532-7CB342</styleUrl>
        <ExtendedData>
          <Data name="descripción">
            <value>RUTA: RC08
SAE: 
NUM_ PARADERO: 95
SENTIDO: REGRESO
LATITUD: 17.09391501
LONGITUD: -96.69793367
NUM_PARADA_GESCAR: 1844
ENERO PASAJEROS SUBEN-SEMANA: 
ENERO PASAJEROS BAJAN-SEMANA: 
ENERO POR DIA PASAJEROS SUBEN: 
ENERO POR DIA PASAJEROS BAJAN:</value>
          </Data>
          <Data name="RUTA">
            <value>RC08</value>
          </Data>
          <Data name="SAE">
            <value/>
          </Data>
          <Data name="NUM_ PARADERO">
            <value>95.0</value>
          </Data>
          <Data name="SENTIDO">
            <value>REGRESO</value>
          </Data>
          <Data name="LATITUD">
            <value>17.09391501</value>
          </Data>
          <Data name="LONGITUD">
            <value>-96.69793367</value>
          </Data>
          <Data name="NUM_PARADA_GESCAR">
            <value>1844.0</value>
          </Data>
          <Data name="ENERO PASAJEROS SUBEN-SEMANA">
            <value/>
          </Data>
          <Data name="ENERO PASAJEROS BAJAN-SEMANA">
            <value/>
          </Data>
          <Data name="ENERO POR DIA PASAJEROS SUBEN">
            <value/>
          </Data>
          <Data name="ENERO POR DIA PASAJEROS BAJAN">
            <value/>
          </Data>
        </ExtendedData>
        <Point>
          <coordinates>
            -96.697934,17.093915,0
          </coordinates>
        </Point>
      </Placemark>
      <Placemark>
        <name>Hortensias</name>
        <description><![CDATA[descripción: RUTA: RA13<br>SAE: <br>NUM_ PARADERO: 96<br>SENTIDO: REGRESO<br>LATITUD: 17.09663<br>LONGITUD: -96.69658<br>NUM_PARADA_GESCAR: 32<br>ENERO PASAJEROS SUBEN-SEMANA: <br>ENERO PASAJEROS BAJAN-SEMANA: <br>ENERO POR DIA PASAJEROS SUBEN: <br>ENERO POR DIA PASAJEROS BAJAN:<br>RUTA: RA13<br>SAE: <br>NUM_ PARADERO: 96.0<br>SENTIDO: REGRESO<br>LATITUD: 17.09663<br>LONGITUD: -96.69658<br>NUM_PARADA_GESCAR: 32.0<br>ENERO PASAJEROS SUBEN-SEMANA: <br>ENERO PASAJEROS BAJAN-SEMANA: <br>ENERO POR DIA PASAJEROS SUBEN: <br>ENERO POR DIA PASAJEROS BAJAN: ]]></description>
        <styleUrl>#icon-1532-7CB342</styleUrl>
        <ExtendedData>
          <Data name="descripción">
            <value>RUTA: RA13
SAE: 
NUM_ PARADERO: 96
SENTIDO: REGRESO
LATITUD: 17.09663
LONGITUD: -96.69658
NUM_PARADA_GESCAR: 32
ENERO PASAJEROS SUBEN-SEMANA: 
ENERO PASAJEROS BAJAN-SEMANA: 
ENERO POR DIA PASAJEROS SUBEN: 
ENERO POR DIA PASAJEROS BAJAN:</value>
          </Data>
          <Data name="RUTA">
            <value>RA13</value>
          </Data>
          <Data name="SAE">
            <value/>
          </Data>
          <Data name="NUM_ PARADERO">
            <value>96.0</value>
          </Data>
          <Data name="SENTIDO">
            <value>REGRESO</value>
          </Data>
          <Data name="LATITUD">
            <value>17.09663</value>
          </Data>
          <Data name="LONGITUD">
            <value>-96.69658</value>
          </Data>
          <Data name="NUM_PARADA_GESCAR">
            <value>32.0</value>
          </Data>
          <Data name="ENERO PASAJEROS SUBEN-SEMANA">
            <value/>
          </Data>
          <Data name="ENERO PASAJEROS BAJAN-SEMANA">
            <value/>
          </Data>
          <Data name="ENERO POR DIA PASAJEROS SUBEN">
            <value/>
          </Data>
          <Data name="ENERO POR DIA PASAJEROS BAJAN">
            <value/>
          </Data>
        </ExtendedData>
        <Point>
          <coordinates>
            -96.69658,17.09663,0
          </coordinates>
        </Point>
      </Placemark>
      <Placemark>
        <name>Camino Real</name>
        <description><![CDATA[descripción: RUTA: RA13<br>SAE: <br>NUM_ PARADERO: 97<br>SENTIDO: REGRESO<br>LATITUD: 17.09776<br>LONGITUD: -96.69541<br>NUM_PARADA_GESCAR: 1721<br>ENERO PASAJEROS SUBEN-SEMANA: <br>ENERO PASAJEROS BAJAN-SEMANA: <br>ENERO POR DIA PASAJEROS SUBEN: <br>ENERO POR DIA PASAJEROS BAJAN:<br>RUTA: RA13<br>SAE: <br>NUM_ PARADERO: 97.0<br>SENTIDO: REGRESO<br>LATITUD: 17.09776<br>LONGITUD: -96.69541<br>NUM_PARADA_GESCAR: 1721.0<br>ENERO PASAJEROS SUBEN-SEMANA: <br>ENERO PASAJEROS BAJAN-SEMANA: <br>ENERO POR DIA PASAJEROS SUBEN: <br>ENERO POR DIA PASAJEROS BAJAN: ]]></description>
        <styleUrl>#icon-1532-7CB342</styleUrl>
        <ExtendedData>
          <Data name="descripción">
            <value>RUTA: RA13
SAE: 
NUM_ PARADERO: 97
SENTIDO: REGRESO
LATITUD: 17.09776
LONGITUD: -96.69541
NUM_PARADA_GESCAR: 1721
ENERO PASAJEROS SUBEN-SEMANA: 
ENERO PASAJEROS BAJAN-SEMANA: 
ENERO POR DIA PASAJEROS SUBEN: 
ENERO POR DIA PASAJEROS BAJAN:</value>
          </Data>
          <Data name="RUTA">
            <value>RA13</value>
          </Data>
          <Data name="SAE">
            <value/>
          </Data>
          <Data name="NUM_ PARADERO">
            <value>97.0</value>
          </Data>
          <Data name="SENTIDO">
            <value>REGRESO</value>
          </Data>
          <Data name="LATITUD">
            <value>17.09776</value>
          </Data>
          <Data name="LONGITUD">
            <value>-96.69541</value>
          </Data>
          <Data name="NUM_PARADA_GESCAR">
            <value>1721.0</value>
          </Data>
          <Data name="ENERO PASAJEROS SUBEN-SEMANA">
            <value/>
          </Data>
          <Data name="ENERO PASAJEROS BAJAN-SEMANA">
            <value/>
          </Data>
          <Data name="ENERO POR DIA PASAJEROS SUBEN">
            <value/>
          </Data>
          <Data name="ENERO POR DIA PASAJEROS BAJAN">
            <value/>
          </Data>
        </ExtendedData>
        <Point>
          <coordinates>
            -96.69541,17.09776,0
          </coordinates>
        </Point>
      </Placemark>
      <Placemark>
        <name>Reforma</name>
        <description><![CDATA[descripción: RUTA: RA13<br>SAE: <br>NUM_ PARADERO: 98<br>SENTIDO: REGRESO<br>LATITUD: 17.09934<br>LONGITUD: -96.696192<br>NUM_PARADA_GESCAR: 53<br>ENERO PASAJEROS SUBEN-SEMANA: <br>ENERO PASAJEROS BAJAN-SEMANA: <br>ENERO POR DIA PASAJEROS SUBEN: <br>ENERO POR DIA PASAJEROS BAJAN:<br>RUTA: RA13<br>SAE: <br>NUM_ PARADERO: 98.0<br>SENTIDO: REGRESO<br>LATITUD: 17.09934<br>LONGITUD: -96.696192<br>NUM_PARADA_GESCAR: 53.0<br>ENERO PASAJEROS SUBEN-SEMANA: <br>ENERO PASAJEROS BAJAN-SEMANA: <br>ENERO POR DIA PASAJEROS SUBEN: <br>ENERO POR DIA PASAJEROS BAJAN: ]]></description>
        <styleUrl>#icon-1532-7CB342</styleUrl>
        <ExtendedData>
          <Data name="descripción">
            <value>RUTA: RA13
SAE: 
NUM_ PARADERO: 98
SENTIDO: REGRESO
LATITUD: 17.09934
LONGITUD: -96.696192
NUM_PARADA_GESCAR: 53
ENERO PASAJEROS SUBEN-SEMANA: 
ENERO PASAJEROS BAJAN-SEMANA: 
ENERO POR DIA PASAJEROS SUBEN: 
ENERO POR DIA PASAJEROS BAJAN:</value>
          </Data>
          <Data name="RUTA">
            <value>RA13</value>
          </Data>
          <Data name="SAE">
            <value/>
          </Data>
          <Data name="NUM_ PARADERO">
            <value>98.0</value>
          </Data>
          <Data name="SENTIDO">
            <value>REGRESO</value>
          </Data>
          <Data name="LATITUD">
            <value>17.09934</value>
          </Data>
          <Data name="LONGITUD">
            <value>-96.696192</value>
          </Data>
          <Data name="NUM_PARADA_GESCAR">
            <value>53.0</value>
          </Data>
          <Data name="ENERO PASAJEROS SUBEN-SEMANA">
            <value/>
          </Data>
          <Data name="ENERO PASAJEROS BAJAN-SEMANA">
            <value/>
          </Data>
          <Data name="ENERO POR DIA PASAJEROS SUBEN">
            <value/>
          </Data>
          <Data name="ENERO POR DIA PASAJEROS BAJAN">
            <value/>
          </Data>
        </ExtendedData>
        <Point>
          <coordinates>
            -96.696192,17.09934,0
          </coordinates>
        </Point>
      </Placemark>
      <Placemark>
        <name>Revolucion</name>
        <description><![CDATA[descripción: RUTA: RA13<br>SAE: <br>NUM_ PARADERO: 99<br>SENTIDO: REGRESO<br>LATITUD: 17.10204<br>LONGITUD: -96.69567<br>NUM_PARADA_GESCAR: 1723<br>ENERO PASAJEROS SUBEN-SEMANA: <br>ENERO PASAJEROS BAJAN-SEMANA: <br>ENERO POR DIA PASAJEROS SUBEN: <br>ENERO POR DIA PASAJEROS BAJAN:<br>RUTA: RA13<br>SAE: <br>NUM_ PARADERO: 99.0<br>SENTIDO: REGRESO<br>LATITUD: 17.10204<br>LONGITUD: -96.69567<br>NUM_PARADA_GESCAR: 1723.0<br>ENERO PASAJEROS SUBEN-SEMANA: <br>ENERO PASAJEROS BAJAN-SEMANA: <br>ENERO POR DIA PASAJEROS SUBEN: <br>ENERO POR DIA PASAJEROS BAJAN: ]]></description>
        <styleUrl>#icon-1532-7CB342</styleUrl>
        <ExtendedData>
          <Data name="descripción">
            <value>RUTA: RA13
SAE: 
NUM_ PARADERO: 99
SENTIDO: REGRESO
LATITUD: 17.10204
LONGITUD: -96.69567
NUM_PARADA_GESCAR: 1723
ENERO PASAJEROS SUBEN-SEMANA: 
ENERO PASAJEROS BAJAN-SEMANA: 
ENERO POR DIA PASAJEROS SUBEN: 
ENERO POR DIA PASAJEROS BAJAN:</value>
          </Data>
          <Data name="RUTA">
            <value>RA13</value>
          </Data>
          <Data name="SAE">
            <value/>
          </Data>
          <Data name="NUM_ PARADERO">
            <value>99.0</value>
          </Data>
          <Data name="SENTIDO">
            <value>REGRESO</value>
          </Data>
          <Data name="LATITUD">
            <value>17.10204</value>
          </Data>
          <Data name="LONGITUD">
            <value>-96.69567</value>
          </Data>
          <Data name="NUM_PARADA_GESCAR">
            <value>1723.0</value>
          </Data>
          <Data name="ENERO PASAJEROS SUBEN-SEMANA">
            <value/>
          </Data>
          <Data name="ENERO PASAJEROS BAJAN-SEMANA">
            <value/>
          </Data>
          <Data name="ENERO POR DIA PASAJEROS SUBEN">
            <value/>
          </Data>
          <Data name="ENERO POR DIA PASAJEROS BAJAN">
            <value/>
          </Data>
        </ExtendedData>
        <Point>
          <coordinates>
            -96.69567,17.10204,0
          </coordinates>
        </Point>
      </Placemark>
      <Placemark>
        <name>Niño Perdido</name>
        <description><![CDATA[descripción: RUTA: RA13<br>SAE: <br>NUM_ PARADERO: 100<br>SENTIDO: REGRESO<br>LATITUD: 17.1033862<br>LONGITUD: -96.6964153<br>NUM_PARADA_GESCAR: 2954<br>ENERO PASAJEROS SUBEN-SEMANA: <br>ENERO PASAJEROS BAJAN-SEMANA: <br>ENERO POR DIA PASAJEROS SUBEN: <br>ENERO POR DIA PASAJEROS BAJAN:<br>RUTA: RA13<br>SAE: <br>NUM_ PARADERO: 100.0<br>SENTIDO: REGRESO<br>LATITUD: 17.1033862<br>LONGITUD: -96.6964153<br>NUM_PARADA_GESCAR: 2954.0<br>ENERO PASAJEROS SUBEN-SEMANA: <br>ENERO PASAJEROS BAJAN-SEMANA: <br>ENERO POR DIA PASAJEROS SUBEN: <br>ENERO POR DIA PASAJEROS BAJAN: ]]></description>
        <styleUrl>#icon-1532-7CB342</styleUrl>
        <ExtendedData>
          <Data name="descripción">
            <value>RUTA: RA13
SAE: 
NUM_ PARADERO: 100
SENTIDO: REGRESO
LATITUD: 17.1033862
LONGITUD: -96.6964153
NUM_PARADA_GESCAR: 2954
ENERO PASAJEROS SUBEN-SEMANA: 
ENERO PASAJEROS BAJAN-SEMANA: 
ENERO POR DIA PASAJEROS SUBEN: 
ENERO POR DIA PASAJEROS BAJAN:</value>
          </Data>
          <Data name="RUTA">
            <value>RA13</value>
          </Data>
          <Data name="SAE">
            <value/>
          </Data>
          <Data name="NUM_ PARADERO">
            <value>100.0</value>
          </Data>
          <Data name="SENTIDO">
            <value>REGRESO</value>
          </Data>
          <Data name="LATITUD">
            <value>17.1033862</value>
          </Data>
          <Data name="LONGITUD">
            <value>-96.6964153</value>
          </Data>
          <Data name="NUM_PARADA_GESCAR">
            <value>2954.0</value>
          </Data>
          <Data name="ENERO PASAJEROS SUBEN-SEMANA">
            <value/>
          </Data>
          <Data name="ENERO PASAJEROS BAJAN-SEMANA">
            <value/>
          </Data>
          <Data name="ENERO POR DIA PASAJEROS SUBEN">
            <value/>
          </Data>
          <Data name="ENERO POR DIA PASAJEROS BAJAN">
            <value/>
          </Data>
        </ExtendedData>
        <Point>
          <coordinates>
            -96.696415,17.103386,0
          </coordinates>
        </Point>
      </Placemark>
      <Placemark>
        <name>Base San Luis Beltran</name>
        <description><![CDATA[descripción: RUTA: RA13<br>SAE: <br>NUM_ PARADERO: 101<br>SENTIDO: REGRESO<br>LATITUD: 17.1025095<br>LONGITUD: -96.6966372<br>NUM_PARADA_GESCAR: 1724<br>ENERO PASAJEROS SUBEN-SEMANA: <br>ENERO PASAJEROS BAJAN-SEMANA: <br>ENERO POR DIA PASAJEROS SUBEN: <br>ENERO POR DIA PASAJEROS BAJAN:<br>RUTA: RA13<br>SAE: <br>NUM_ PARADERO: 101.0<br>SENTIDO: REGRESO<br>LATITUD: 17.1025095<br>LONGITUD: -96.6966372<br>NUM_PARADA_GESCAR: 1724.0<br>ENERO PASAJEROS SUBEN-SEMANA: <br>ENERO PASAJEROS BAJAN-SEMANA: <br>ENERO POR DIA PASAJEROS SUBEN: <br>ENERO POR DIA PASAJEROS BAJAN: ]]></description>
        <styleUrl>#icon-1532-7CB342</styleUrl>
        <ExtendedData>
          <Data name="descripción">
            <value>RUTA: RA13
SAE: 
NUM_ PARADERO: 101
SENTIDO: REGRESO
LATITUD: 17.1025095
LONGITUD: -96.6966372
NUM_PARADA_GESCAR: 1724
ENERO PASAJEROS SUBEN-SEMANA: 
ENERO PASAJEROS BAJAN-SEMANA: 
ENERO POR DIA PASAJEROS SUBEN: 
ENERO POR DIA PASAJEROS BAJAN:</value>
          </Data>
          <Data name="RUTA">
            <value>RA13</value>
          </Data>
          <Data name="SAE">
            <value/>
          </Data>
          <Data name="NUM_ PARADERO">
            <value>101.0</value>
          </Data>
          <Data name="SENTIDO">
            <value>REGRESO</value>
          </Data>
          <Data name="LATITUD">
            <value>17.1025095</value>
          </Data>
          <Data name="LONGITUD">
            <value>-96.6966372</value>
          </Data>
          <Data name="NUM_PARADA_GESCAR">
            <value>1724.0</value>
          </Data>
          <Data name="ENERO PASAJEROS SUBEN-SEMANA">
            <value/>
          </Data>
          <Data name="ENERO PASAJEROS BAJAN-SEMANA">
            <value/>
          </Data>
          <Data name="ENERO POR DIA PASAJEROS SUBEN">
            <value/>
          </Data>
          <Data name="ENERO POR DIA PASAJEROS BAJAN">
            <value/>
          </Data>
        </ExtendedData>
        <Point>
          <coordinates>
            -96.696637,17.10251,0
          </coordinates>
        </Point>
      </Placemark>
    </Folder>
  </Document>
</kml>
