{"type": "FeatureCollection", "features": [{"type": "Feature", "geometry": {"type": "MultiLineString", "coordinates": [[[-96.72911, 17.050504], [-96.729228, 17.050196], [-96.729005, 17.050183], [-96.72867, 17.05006], [-96.727428, 17.050393], [-96.726559, 17.05066], [-96.725891, 17.050816], [-96.724837, 17.051104], [-96.722959, 17.051611], [-96.720655, 17.05216], [-96.718303, 17.052776], [-96.716291, 17.05325], [-96.714974, 17.05356], [-96.71358, 17.053917], [-96.713079, 17.054115], [-96.71302, 17.054254], [-96.713008, 17.054495], [-96.712981, 17.055014], [-96.71291, 17.055713], [-96.712844, 17.056362], [-96.712827, 17.057067], [-96.71274, 17.057904], [-96.712731, 17.058476], [-96.712882, 17.058944], [-96.713174, 17.059675], [-96.713537, 17.060523], [-96.71362, 17.06095], [-96.713625, 17.06109], [-96.713672, 17.061241], [-96.713825, 17.061494], [-96.713964, 17.06168], [-96.71401, 17.06183], [-96.714017, 17.062146], [-96.714073, 17.062821], [-96.714092, 17.063122], [-96.714105, 17.063594], [-96.714151, 17.064061], [-96.714163, 17.064532], [-96.714174, 17.065138], [-96.714113, 17.065252], [-96.714131, 17.065408], [-96.714143, 17.065622], [-96.71412, 17.06607], [-96.714021, 17.066886], [-96.713943, 17.067624], [-96.713848, 17.068174], [-96.713773, 17.06907], [-96.713681, 17.069868], [-96.713596, 17.070352], [-96.713549, 17.070377], [-96.713406, 17.070391], [-96.712564, 17.070322], [-96.712254, 17.070267], [-96.711812, 17.070172], [-96.710955, 17.070107], [-96.70968, 17.069993], [-96.708545, 17.069886], [-96.707811, 17.069834], [-96.706334, 17.06973], [-96.704507, 17.069568], [-96.703363, 17.069441], [-96.701464, 17.069282], [-96.700793, 17.069226], [-96.699776, 17.069134], [-96.698534, 17.069044], [-96.697488, 17.06894], [-96.696518, 17.068859], [-96.695268, 17.068746], [-96.694253, 17.068663], [-96.692877, 17.068594], [-96.691458, 17.068461], [-96.690682, 17.068358], [-96.689875, 17.068288], [-96.689356, 17.068211], [-96.688414, 17.067931], [-96.687486, 17.067668], [-96.686441, 17.067335], [-96.685376, 17.067018], [-96.684534, 17.066766], [-96.683411, 17.066431], [-96.682416, 17.066135], [-96.681464, 17.065864], [-96.680108, 17.065475], [-96.679507, 17.065339], [-96.679317, 17.065446], [-96.679263, 17.065621], [-96.678929, 17.065939], [-96.678445, 17.066338], [-96.677527, 17.06708], [-96.676928, 17.067582], [-96.676137, 17.068232], [-96.675377, 17.068844], [-96.674438, 17.069609], [-96.674022, 17.069963], [-96.673183, 17.070631], [-96.672548, 17.071175], [-96.671851, 17.071722], [-96.668058, 17.074827], [-96.665971, 17.076562], [-96.664428, 17.077811], [-96.663181, 17.078832], [-96.661886, 17.079921], [-96.659941, 17.081514], [-96.658257, 17.082908], [-96.657758, 17.0833], [-96.657806, 17.083388], [-96.657832, 17.083436], [-96.657803, 17.083512], [-96.65763, 17.083682], [-96.65729, 17.083982], [-96.657184, 17.084077], [-96.657192, 17.084158], [-96.657258, 17.084184], [-96.657584, 17.084212], [-96.6578, 17.084228], [-96.657894, 17.08424], [-96.657886, 17.084336], [-96.657894, 17.084335], [-96.657906, 17.084222], [-96.657429, 17.084185], [-96.657255, 17.084172], [-96.657194, 17.084149], [-96.657194, 17.084098], [-96.657215, 17.084063], [-96.657345, 17.083946], [-96.657658, 17.083676], [-96.657806, 17.083525], [-96.657835, 17.083463], [-96.657846, 17.083371], [-96.658199, 17.083071], [-96.65956, 17.081948], [-96.660609, 17.081072], [-96.661615, 17.080246], [-96.663446, 17.078751], [-96.664943, 17.077526], [-96.666445, 17.076274], [-96.667532, 17.075374], [-96.669449, 17.073808], [-96.670589, 17.072882], [-96.672252, 17.071518], [-96.673966, 17.070113], [-96.675348, 17.068967], [-96.676828, 17.067746], [-96.67777, 17.067], [-96.678872, 17.066113], [-96.679532, 17.065546], [-96.679824, 17.065562], [-96.680741, 17.065823], [-96.681854, 17.066146], [-96.68415, 17.066867], [-96.68573, 17.067318], [-96.687519, 17.067844], [-96.689308, 17.068341], [-96.69014, 17.068482], [-96.691435, 17.068598], [-96.693586, 17.068757], [-96.694973, 17.068877], [-96.695708, 17.068908], [-96.69666, 17.06898], [-96.697208, 17.069059], [-96.697449, 17.069108], [-96.698176, 17.069175], [-96.699801, 17.069318], [-96.701121, 17.069444], [-96.702162, 17.069531], [-96.704659, 17.069736], [-96.705799, 17.06981], [-96.707354, 17.069967], [-96.708577, 17.070064], [-96.709398, 17.070154], [-96.710943, 17.070249], [-96.711536, 17.0703], [-96.712308, 17.070355], [-96.712597, 17.07026], [-96.712789, 17.070274], [-96.71314, 17.070324], [-96.713303, 17.070336], [-96.713468, 17.07033], [-96.7137, 17.070285], [-96.713743, 17.070067], [-96.713869, 17.069046], [-96.713934, 17.068223], [-96.714065, 17.067352], [-96.714143, 17.066898], [-96.714269, 17.065703], [-96.71429, 17.0656], [-96.714363, 17.065418], [-96.714363, 17.065267], [-96.714331, 17.065149], [-96.71429, 17.064767], [-96.714248, 17.064362], [-96.714154, 17.062949], [-96.714095, 17.061854], [-96.714028, 17.061328], [-96.713899, 17.061005], [-96.713703, 17.060526], [-96.713496, 17.060036], [-96.713223, 17.059354], [-96.712941, 17.058592], [-96.712912, 17.058387], [-96.712928, 17.057562], [-96.713024, 17.056546], [-96.713075, 17.056328], [-96.713142, 17.055515], [-96.713247, 17.054649], [-96.713405, 17.054472], [-96.71358, 17.054146], [-96.714754, 17.0538], [-96.716318, 17.053382], [-96.718158, 17.052972], [-96.719526, 17.052628], [-96.720623, 17.052341], [-96.721516, 17.052123], [-96.723646, 17.051533], [-96.724735, 17.051292], [-96.72588, 17.051036], [-96.726379, 17.050915], [-96.726811, 17.050769], [-96.72709, 17.050674], [-96.727342, 17.050643], [-96.727715, 17.050656], [-96.728136, 17.050761], [-96.728399, 17.050902], [-96.728664, 17.051184], [-96.728841, 17.05139], [-96.729, 17.0518], [-96.729086, 17.052025], [-96.729185, 17.052464], [-96.729391, 17.053066], [-96.729517, 17.053013], [-96.729391, 17.052579], [-96.729319, 17.05191], [-96.729308, 17.051725], [-96.729338, 17.051515], [-96.729246, 17.051323], [-96.729072, 17.051133], [-96.728911, 17.050968], [-96.728988, 17.05085], [-96.729107, 17.050544]]]}, "properties": {"route_id": "RA03", "route_name": "RA-03 Ladxidó: Yuroo Parque del Amor ‘Ladxidó – De Azucena Camino a HuayápamRA03"}}, {"type": "Feature", "geometry": {"type": "MultiLineString", "coordinates": [[[-96.760482, 17.067579], [-96.76069, 17.067437], [-96.760967, 17.067462], [-96.760907, 17.067819], [-96.760871, 17.067881], [-96.760437, 17.068113], [-96.76039, 17.068637], [-96.760576, 17.068688], [-96.760667, 17.06874], [-96.760334, 17.069579], [-96.760237, 17.069856], [-96.760128, 17.070124], [-96.759793, 17.070659], [-96.759459, 17.071176], [-96.758984, 17.071886], [-96.758209, 17.071762], [-96.758113, 17.071772], [-96.757336, 17.072149], [-96.757795, 17.0729], [-96.75795, 17.073141], [-96.757982, 17.073276], [-96.757616, 17.073426], [-96.757065, 17.073867], [-96.756999, 17.073919], [-96.756815, 17.073934], [-96.756659, 17.073916], [-96.756195, 17.073097], [-96.755575, 17.072098], [-96.755436, 17.071845], [-96.755206, 17.071516], [-96.754526, 17.070576], [-96.754118, 17.070035], [-96.75334, 17.068948], [-96.753177, 17.068571], [-96.752812, 17.067291], [-96.752686, 17.067053], [-96.752547, 17.066884], [-96.751911, 17.066524], [-96.751447, 17.066271], [-96.751388, 17.066135], [-96.75109, 17.065281], [-96.750991, 17.065007], [-96.750905, 17.064881], [-96.750779, 17.064776], [-96.750449, 17.064604], [-96.749969, 17.064266], [-96.749594, 17.064012], [-96.749446, 17.063986], [-96.749119, 17.064014], [-96.748166, 17.06405], [-96.747719, 17.064132], [-96.747547, 17.064084], [-96.747477, 17.064007], [-96.747035, 17.063309], [-96.746568, 17.062563], [-96.74594, 17.061858], [-96.745761, 17.06163], [-96.745374, 17.061058], [-96.744841, 17.060312], [-96.744749, 17.06016], [-96.744486, 17.060089], [-96.744264, 17.059991], [-96.744076, 17.059783], [-96.743025, 17.058601], [-96.742234, 17.059304], [-96.741204, 17.060232], [-96.740989, 17.060396], [-96.74012, 17.061199], [-96.73983, 17.061414], [-96.739575, 17.061532], [-96.739342, 17.061589], [-96.738041, 17.061586], [-96.737325, 17.061601], [-96.737121, 17.061396], [-96.737092, 17.061322], [-96.737102, 17.061206], [-96.736958, 17.060645], [-96.736858, 17.05993], [-96.736845, 17.059737], [-96.736687, 17.059268], [-96.736604, 17.059083], [-96.736472, 17.058904], [-96.736357, 17.058953], [-96.735619, 17.059432], [-96.734506, 17.060148], [-96.7339, 17.060566], [-96.733514, 17.060817], [-96.73343, 17.060868], [-96.733248, 17.061199], [-96.732065, 17.061217], [-96.730738, 17.061191], [-96.729568, 17.060999], [-96.728822, 17.060845], [-96.728616, 17.061717], [-96.728576, 17.062132], [-96.728554, 17.062307], [-96.728444, 17.062694], [-96.728393, 17.062791], [-96.728294, 17.06324], [-96.728211, 17.063668], [-96.728058, 17.064712], [-96.727809, 17.065858], [-96.727535, 17.067414], [-96.727489, 17.067742], [-96.727532, 17.068345], [-96.727591, 17.068599], [-96.727637, 17.069224], [-96.72768, 17.069599], [-96.727583, 17.070296], [-96.727425, 17.070924], [-96.727358, 17.071327], [-96.727248, 17.071896], [-96.727052, 17.072971], [-96.726905, 17.073188], [-96.725711, 17.072822], [-96.725153, 17.072609], [-96.724408, 17.072471], [-96.723568, 17.07235], [-96.722291, 17.072145], [-96.720859, 17.07183], [-96.720532, 17.071753], [-96.72025, 17.071766], [-96.719732, 17.071648], [-96.719298, 17.071578], [-96.719006, 17.071509], [-96.718576, 17.071396], [-96.718482, 17.071732], [-96.718072, 17.072196], [-96.717817, 17.072558], [-96.717549, 17.07303], [-96.717474, 17.073494], [-96.717377, 17.07453], [-96.717334, 17.074988], [-96.717241, 17.075486], [-96.717064, 17.076632], [-96.716889, 17.077793], [-96.716798, 17.078673], [-96.716664, 17.079834], [-96.716463, 17.081175], [-96.716495, 17.081226], [-96.717498, 17.081352], [-96.717386, 17.082121], [-96.71731, 17.082524], [-96.718633, 17.082706], [-96.718888, 17.08277], [-96.718987, 17.083006], [-96.718938, 17.083254], [-96.71889, 17.083478], [-96.718828, 17.083711], [-96.718584, 17.084431], [-96.718595, 17.084549], [-96.718249, 17.085639], [-96.718045, 17.086288], [-96.717914, 17.086677], [-96.717608, 17.087608], [-96.717407, 17.088257], [-96.717211, 17.088874], [-96.716927, 17.088892], [-96.71532, 17.087987], [-96.714542, 17.087518], [-96.714443, 17.087359], [-96.713427, 17.086839], [-96.712828, 17.086549], [-96.712383, 17.086441], [-96.712212, 17.086336], [-96.71215, 17.086162], [-96.712053, 17.086082], [-96.71189, 17.086082], [-96.711782, 17.08619], [-96.711739, 17.086321], [-96.71182, 17.086444], [-96.71179, 17.086506], [-96.711275, 17.087344], [-96.710809, 17.088174], [-96.71049, 17.08871], [-96.710267, 17.088962], [-96.709916, 17.089354], [-96.709881, 17.08948], [-96.709594, 17.090038], [-96.709323, 17.090626], [-96.708778, 17.091695], [-96.708381, 17.092456], [-96.707898, 17.09333], [-96.70752, 17.094066], [-96.707134, 17.094781], [-96.707011, 17.094712], [-96.706198, 17.094294], [-96.705431, 17.093928], [-96.704522, 17.09351], [-96.70321, 17.092879], [-96.703116, 17.09282], [-96.703033, 17.092915], [-96.702875, 17.092971], [-96.70273, 17.092976], [-96.701971, 17.092797], [-96.701437, 17.0926], [-96.701222, 17.092579], [-96.700761, 17.092666], [-96.700592, 17.092707], [-96.699809, 17.09341], [-96.699329, 17.093894], [-96.698994, 17.093897], [-96.698444, 17.093866], [-96.69806, 17.093871], [-96.697886, 17.093912], [-96.697873, 17.093932], [-96.698102, 17.093882], [-96.699002, 17.093902], [-96.699329, 17.093894], [-96.699446, 17.093799], [-96.700078, 17.093167], [-96.700467, 17.092799], [-96.700582, 17.092716], [-96.700805, 17.092665], [-96.701222, 17.092579], [-96.701455, 17.092612], [-96.70189, 17.092784], [-96.702433, 17.092916], [-96.702838, 17.092997], [-96.70308, 17.092892], [-96.703122, 17.092848], [-96.703744, 17.09313], [-96.704502, 17.093531], [-96.705327, 17.09387], [-96.705892, 17.09415], [-96.706431, 17.094413], [-96.707145, 17.094786], [-96.707576, 17.094022], [-96.707854, 17.093516], [-96.707962, 17.093226], [-96.708241, 17.092745], [-96.70848, 17.092313], [-96.70881, 17.091662], [-96.709136, 17.091039], [-96.709466, 17.090373], [-96.709782, 17.089664], [-96.709904, 17.089452], [-96.710015, 17.089411], [-96.710386, 17.089001], [-96.710579, 17.088762], [-96.71073, 17.088513], [-96.711135, 17.087822], [-96.711936, 17.086494], [-96.712132, 17.08646], [-96.712655, 17.086599], [-96.713238, 17.086849], [-96.713475, 17.086949], [-96.713761, 17.087136], [-96.714119, 17.087338], [-96.71444, 17.087497], [-96.714798, 17.087682], [-96.715251, 17.087969], [-96.715999, 17.088379], [-96.716534, 17.088678], [-96.716891, 17.088877], [-96.717019, 17.089034], [-96.717247, 17.089101], [-96.717354, 17.088724], [-96.717686, 17.087633], [-96.717897, 17.086924], [-96.718149, 17.086312], [-96.718302, 17.08585], [-96.718482, 17.085178], [-96.718687, 17.084563], [-96.718938, 17.083827], [-96.719056, 17.083453], [-96.71905, 17.083132], [-96.719143, 17.082585], [-96.719103, 17.082176], [-96.719036, 17.082035], [-96.718922, 17.08192], [-96.718948, 17.081636], [-96.71908, 17.08071], [-96.719163, 17.080006], [-96.719253, 17.07926], [-96.719396, 17.079049], [-96.719383, 17.078951], [-96.719296, 17.078885], [-96.719386, 17.078094], [-96.719488, 17.077193], [-96.71953, 17.076802], [-96.719571, 17.076607], [-96.719639, 17.076042], [-96.719695, 17.075505], [-96.719667, 17.075239], [-96.719529, 17.074787], [-96.719504, 17.074702], [-96.719553, 17.074532], [-96.71954, 17.074455], [-96.719461, 17.074338], [-96.719451, 17.074296], [-96.719521, 17.073298], [-96.719584, 17.072446], [-96.719643, 17.071814], [-96.719878, 17.071737], [-96.720503, 17.071891], [-96.720953, 17.071961], [-96.721883, 17.072191], [-96.722852, 17.072352], [-96.723582, 17.072469], [-96.7242, 17.072541], [-96.72455, 17.072596], [-96.725191, 17.072732], [-96.72543, 17.072812], [-96.725608, 17.072881], [-96.725684, 17.072647], [-96.725775, 17.072147], [-96.725921, 17.071491], [-96.726001, 17.071073], [-96.726088, 17.070642], [-96.726205, 17.070038], [-96.726312, 17.069419], [-96.726394, 17.069022], [-96.726406, 17.06889], [-96.726437, 17.068372], [-96.72649, 17.067619], [-96.726551, 17.067028], [-96.726703, 17.066304], [-96.726772, 17.065928], [-96.726881, 17.065402], [-96.726978, 17.064891], [-96.727101, 17.064369], [-96.727259, 17.06359], [-96.727296, 17.06342], [-96.727414, 17.06287], [-96.727499, 17.062482], [-96.727537, 17.06215], [-96.727659, 17.061597], [-96.727773, 17.060984], [-96.72787, 17.06065], [-96.728, 17.059946], [-96.728048, 17.059715], [-96.728391, 17.059796], [-96.72914, 17.059945], [-96.73011, 17.060136], [-96.730659, 17.060246], [-96.731202, 17.060361], [-96.731588, 17.060456], [-96.732161, 17.060542], [-96.732437, 17.060606], [-96.733077, 17.060722], [-96.733312, 17.060745], [-96.733475, 17.06075], [-96.733729, 17.060797], [-96.734024, 17.0606], [-96.734761, 17.060105], [-96.735384, 17.0597], [-96.736057, 17.059247], [-96.73645, 17.058969], [-96.736516, 17.058992], [-96.736575, 17.059056], [-96.736703, 17.059351], [-96.736774, 17.059534], [-96.736868, 17.059834], [-96.736864, 17.059912], [-96.736904, 17.060387], [-96.736962, 17.060696], [-96.737107, 17.061234], [-96.737098, 17.061555], [-96.737253, 17.061604], [-96.737859, 17.061598], [-96.738869, 17.06158], [-96.739404, 17.061577], [-96.739827, 17.061442], [-96.739939, 17.06132], [-96.740378, 17.060977], [-96.740804, 17.060584], [-96.741262, 17.060187], [-96.741785, 17.059705], [-96.742475, 17.059096], [-96.742918, 17.0587], [-96.743025, 17.058601], [-96.743598, 17.05928], [-96.743918, 17.059606], [-96.744277, 17.059996], [-96.744765, 17.060196], [-96.745139, 17.060725], [-96.745493, 17.061246], [-96.745815, 17.061719], [-96.746029, 17.061988], [-96.74629, 17.062264], [-96.746542, 17.062542], [-96.746904, 17.063106], [-96.747488, 17.064037], [-96.747666, 17.064142], [-96.748427, 17.06405], [-96.748773, 17.064032], [-96.749446, 17.063986], [-96.749704, 17.064086], [-96.750069, 17.064334], [-96.750356, 17.064568], [-96.75083, 17.064811], [-96.750967, 17.064988], [-96.751128, 17.065478], [-96.751415, 17.066214], [-96.751539, 17.066352], [-96.752164, 17.066673], [-96.752464, 17.066822], [-96.752713, 17.067065], [-96.752845, 17.067391], [-96.753078, 17.068268], [-96.753277, 17.068834], [-96.75334, 17.068948], [-96.753518, 17.069196], [-96.753945, 17.069783], [-96.754444, 17.070483], [-96.754875, 17.071029], [-96.755202, 17.071519], [-96.755307, 17.071434], [-96.755824, 17.071145], [-96.756289, 17.070891], [-96.756506, 17.070883], [-96.75658, 17.070985], [-96.757936, 17.070352], [-96.759135, 17.070511], [-96.75921, 17.07008], [-96.759242, 17.069716], [-96.759414, 17.069627], [-96.759862, 17.069386], [-96.759805, 17.069237], [-96.759678, 17.068976], [-96.759486, 17.068561], [-96.759309, 17.068189], [-96.760227, 17.067697], [-96.760482, 17.067579]]]}, "properties": {"route_id": "RA11", "route_name": "RA-11 Tüchi: Montoya – Colonia JardínRA11"}}, {"type": "Feature", "geometry": {"type": "MultiLineString", "coordinates": [[[-96.760418, 17.067608], [-96.760715, 17.067434], [-96.760986, 17.067462], [-96.760884, 17.067876], [-96.760681, 17.067986], [-96.760467, 17.068102], [-96.760399, 17.068632], [-96.760665, 17.068747], [-96.760545, 17.069064], [-96.760385, 17.069449], [-96.760067, 17.070198], [-96.75982, 17.070616], [-96.75949, 17.0711], [-96.758969, 17.071888], [-96.758898, 17.071867], [-96.75834, 17.071782], [-96.75812, 17.071762], [-96.757498, 17.072062], [-96.757318, 17.072162], [-96.757101, 17.071813], [-96.756856, 17.07148], [-96.756838, 17.071382], [-96.756551, 17.070952], [-96.756462, 17.070867], [-96.756285, 17.070877], [-96.755818, 17.071139], [-96.755204, 17.071507], [-96.754906, 17.071092], [-96.754674, 17.07075], [-96.753924, 17.069771], [-96.753387, 17.068976], [-96.753223, 17.068689], [-96.753004, 17.06792], [-96.752816, 17.067299], [-96.752719, 17.067086], [-96.752572, 17.066912], [-96.752435, 17.066784], [-96.751638, 17.066366], [-96.751467, 17.066276], [-96.751402, 17.06616], [-96.751107, 17.065309], [-96.751019, 17.065058], [-96.750941, 17.064922], [-96.750839, 17.064814], [-96.750488, 17.06463], [-96.74997, 17.06425], [-96.749613, 17.064043], [-96.749439, 17.063986], [-96.749031, 17.064027], [-96.748189, 17.064055], [-96.74776, 17.064127], [-96.747599, 17.064107], [-96.747492, 17.064032], [-96.746834, 17.063007], [-96.746566, 17.062555], [-96.746024, 17.061945], [-96.745759, 17.06165], [-96.745228, 17.060855], [-96.74478, 17.060196], [-96.744707, 17.060145], [-96.744458, 17.060071], [-96.744308, 17.060004], [-96.744109, 17.059809], [-96.743651, 17.059335], [-96.743028, 17.058599], [-96.742291, 17.059248], [-96.741264, 17.060168], [-96.740217, 17.061094], [-96.739914, 17.061304], [-96.739836, 17.061412], [-96.739424, 17.061566], [-96.738466, 17.061576], [-96.73735, 17.061596], [-96.737128, 17.061407], [-96.737103, 17.06135], [-96.737106, 17.061186], [-96.736964, 17.060681], [-96.736875, 17.059963], [-96.736862, 17.059796], [-96.736618, 17.059117], [-96.736481, 17.058884], [-96.736342, 17.058955], [-96.735626, 17.059414], [-96.734676, 17.060022], [-96.734223, 17.06035], [-96.733643, 17.060742], [-96.733517, 17.060804], [-96.733397, 17.060889], [-96.733238, 17.061181], [-96.733177, 17.061194], [-96.732066, 17.061225], [-96.730741, 17.061189], [-96.729802, 17.06104], [-96.728831, 17.06085], [-96.727871, 17.060635], [-96.728075, 17.059581], [-96.728384, 17.058227], [-96.728547, 17.057399], [-96.728689, 17.056724], [-96.728928, 17.05553], [-96.729046, 17.054978], [-96.728091, 17.054796], [-96.727088, 17.05456], [-96.726125, 17.054396], [-96.725138, 17.054229], [-96.724323, 17.054094], [-96.72428, 17.054099], [-96.724087, 17.054919], [-96.72392, 17.055706], [-96.723846, 17.056036], [-96.722815, 17.055873], [-96.721832, 17.05572], [-96.721588, 17.056838], [-96.721478, 17.05739], [-96.720893, 17.057282], [-96.720158, 17.057128], [-96.718799, 17.056846], [-96.717889, 17.056656], [-96.716897, 17.056469], [-96.715953, 17.0563], [-96.715, 17.05609], [-96.714939, 17.056082], [-96.714609, 17.05602], [-96.713745, 17.055838], [-96.713158, 17.055728], [-96.713249, 17.054613], [-96.713246, 17.054359], [-96.71305, 17.054204], [-96.712827, 17.05422], [-96.712712, 17.054125], [-96.712395, 17.054071], [-96.711175, 17.053866], [-96.710448, 17.053745], [-96.709721, 17.053679], [-96.708769, 17.053525], [-96.707712, 17.053343], [-96.70669, 17.053217], [-96.705996, 17.05212], [-96.705454, 17.051284], [-96.705242, 17.051053], [-96.70478, 17.050799], [-96.704362, 17.050573], [-96.704003, 17.050419], [-96.703276, 17.050268], [-96.702286, 17.050071], [-96.701559, 17.04993], [-96.700245, 17.049676], [-96.699228, 17.049499], [-96.697772, 17.049201], [-96.69742, 17.049117], [-96.696903, 17.04873], [-96.696817, 17.048671], [-96.696163, 17.048512], [-96.695744, 17.048412], [-96.69568, 17.048373], [-96.694958, 17.048219], [-96.694899, 17.048176], [-96.693947, 17.047942], [-96.69358, 17.04785], [-96.693845, 17.046876], [-96.694248, 17.045322], [-96.694285, 17.045093], [-96.69439, 17.044757], [-96.694435, 17.04456], [-96.694406, 17.044375], [-96.694347, 17.044309], [-96.693483, 17.043847], [-96.693062, 17.043614], [-96.692424, 17.043257], [-96.692499, 17.042396], [-96.692657, 17.04156], [-96.69277, 17.040944], [-96.692987, 17.040918], [-96.693325, 17.040885], [-96.693809, 17.040817], [-96.693855, 17.040318], [-96.693958, 17.039441], [-96.694006, 17.038977], [-96.6941, 17.038425], [-96.694076, 17.038256], [-96.694015, 17.038176], [-96.69332, 17.037861], [-96.693017, 17.037705], [-96.69295, 17.037828], [-96.69295, 17.037828], [-96.692587, 17.038504], [-96.692556, 17.038715], [-96.692728, 17.039104], [-96.692895, 17.039399], [-96.692887, 17.040113], [-96.69275, 17.040966], [-96.692667, 17.041489], [-96.692657, 17.04156], [-96.692305, 17.041592], [-96.690768, 17.041756], [-96.689837, 17.041871], [-96.68922, 17.041561], [-96.688963, 17.041928], [-96.688802, 17.042266], [-96.688657, 17.042628], [-96.688746, 17.042936], [-96.688939, 17.043215], [-96.689234, 17.043687], [-96.689561, 17.044182], [-96.689682, 17.044366], [-96.68973, 17.044584], [-96.689811, 17.045292], [-96.689875, 17.045936], [-96.68995, 17.046982], [-96.689937, 17.047082], [-96.691122, 17.047372], [-96.692402, 17.047662], [-96.694129, 17.048075], [-96.695371, 17.048336], [-96.695687, 17.04839], [-96.695784, 17.048439], [-96.696666, 17.048649], [-96.69687, 17.048713], [-96.697326, 17.049057], [-96.697535, 17.049172], [-96.698082, 17.049282], [-96.699201, 17.049475], [-96.700245, 17.049676], [-96.70165, 17.049967], [-96.70254, 17.050118], [-96.703356, 17.050298], [-96.703916, 17.050416], [-96.7043, 17.050534], [-96.704748, 17.050798], [-96.705113, 17.05099], [-96.705287, 17.051111], [-96.705515, 17.05138], [-96.705996, 17.05212], [-96.706532, 17.052965], [-96.706896, 17.053539], [-96.707583, 17.054475], [-96.708074, 17.055121], [-96.708736, 17.056139], [-96.70927, 17.056983], [-96.709479, 17.057304], [-96.70964, 17.057537], [-96.70976, 17.057597], [-96.710106, 17.057182], [-96.710588, 17.056615], [-96.710934, 17.056209], [-96.711434, 17.055628], [-96.711752, 17.055282], [-96.712137, 17.054974], [-96.712705, 17.054583], [-96.713091, 17.054342], [-96.713488, 17.054205], [-96.713626, 17.054239], [-96.714248, 17.054308], [-96.715186, 17.054461], [-96.715929, 17.05456], [-96.716461, 17.054621], [-96.716806, 17.054689], [-96.717291, 17.054752], [-96.717632, 17.054808], [-96.71795, 17.054874], [-96.719079, 17.055195], [-96.718968, 17.055646], [-96.718886, 17.055964], [-96.719178, 17.056015], [-96.719989, 17.056181], [-96.720739, 17.056324], [-96.721691, 17.056519], [-96.722748, 17.056685], [-96.723668, 17.056864], [-96.724583, 17.05708], [-96.725586, 17.057254], [-96.727327, 17.057595], [-96.728689, 17.057864], [-96.729421, 17.05801], [-96.73029, 17.058157], [-96.731323, 17.058305], [-96.731355, 17.058326], [-96.731328, 17.058444], [-96.731178, 17.058823], [-96.731135, 17.059041], [-96.731111, 17.059195], [-96.731004, 17.0597], [-96.730838, 17.060287], [-96.73121, 17.060367], [-96.731967, 17.060526], [-96.73282, 17.060677], [-96.733166, 17.060728], [-96.73345, 17.060734], [-96.733541, 17.060785], [-96.733724, 17.060792], [-96.734477, 17.0603], [-96.735164, 17.059831], [-96.736395, 17.059018], [-96.736481, 17.058959], [-96.736596, 17.05908], [-96.736677, 17.059257], [-96.73687, 17.059836], [-96.736891, 17.060149], [-96.73695, 17.060654], [-96.737087, 17.061195], [-96.737092, 17.061575], [-96.7375, 17.061605], [-96.738777, 17.061585], [-96.739351, 17.061585], [-96.739544, 17.061554], [-96.739836, 17.061412], [-96.739946, 17.061305], [-96.741089, 17.060328], [-96.742253, 17.059277], [-96.743028, 17.058599], [-96.743487, 17.059169], [-96.743903, 17.059595], [-96.744308, 17.060004], [-96.744514, 17.06011], [-96.744748, 17.06018], [-96.745461, 17.061203], [-96.745893, 17.061839], [-96.74607, 17.062021], [-96.746566, 17.062555], [-96.746816, 17.063023], [-96.747132, 17.063498], [-96.747462, 17.064003], [-96.74765, 17.064131], [-96.748151, 17.064072], [-96.74891, 17.064031], [-96.749337, 17.064011], [-96.749471, 17.063998], [-96.749672, 17.064067], [-96.750085, 17.064375], [-96.750318, 17.064544], [-96.750809, 17.064813], [-96.750978, 17.065], [-96.75108, 17.065362], [-96.751448, 17.06628], [-96.752368, 17.066767], [-96.75266, 17.067031], [-96.752872, 17.067462], [-96.75306, 17.068213], [-96.753261, 17.068826], [-96.753591, 17.069321], [-96.754154, 17.070064], [-96.754819, 17.071018], [-96.755184, 17.071503], [-96.755238, 17.071487], [-96.756091, 17.070995], [-96.756262, 17.0709], [-96.756496, 17.07089], [-96.756595, 17.070998], [-96.756838, 17.071382], [-96.757134, 17.071228], [-96.757493, 17.071059], [-96.757982, 17.070821], [-96.758043, 17.070831], [-96.758491, 17.070885], [-96.759052, 17.070977], [-96.759116, 17.070521], [-96.759264, 17.069714], [-96.759862, 17.06938], [-96.759332, 17.068171], [-96.759752, 17.067931], [-96.760384, 17.067621]]]}, "properties": {"route_id": "RA14", "route_name": "RA-14 Poj: Montoya – Fraccionamiento El RosarioRA14"}}, {"type": "Feature", "geometry": {"type": "MultiLineString", "coordinates": [[[-96.758398, 17.056493], [-96.758331, 17.056488], [-96.758199, 17.056421], [-96.758129, 17.056352], [-96.758084, 17.056275], [-96.758019, 17.056139], [-96.757963, 17.055975], [-96.75792, 17.055908], [-96.757858, 17.055831], [-96.757765, 17.055795], [-96.75762, 17.055795], [-96.757416, 17.0557], [-96.757153, 17.05561], [-96.756853, 17.055518], [-96.756684, 17.055359], [-96.756488, 17.055223], [-96.756383, 17.0551], [-96.756356, 17.055026], [-96.756378, 17.054813], [-96.756389, 17.054682], [-96.756338, 17.054603], [-96.756252, 17.054564], [-96.755917, 17.054546], [-96.755724, 17.054528], [-96.755562, 17.05448], [-96.755404, 17.054408], [-96.755279, 17.054389], [-96.755217, 17.054412], [-96.75513, 17.054459], [-96.755083, 17.054538], [-96.755027, 17.05467], [-96.754957, 17.054915], [-96.754887, 17.055094], [-96.754811, 17.05525], [-96.754724, 17.055353], [-96.754635, 17.055425], [-96.754488, 17.055465], [-96.754358, 17.05545], [-96.754214, 17.055397], [-96.754061, 17.055316], [-96.75395, 17.055229], [-96.753894, 17.055163], [-96.753855, 17.055112], [-96.753796, 17.054978], [-96.753747, 17.054817], [-96.753697, 17.054684], [-96.753646, 17.054548], [-96.753562, 17.054394], [-96.753481, 17.05426], [-96.753422, 17.054162], [-96.753381, 17.054052], [-96.753365, 17.053965], [-96.753397, 17.053829], [-96.753384, 17.053639], [-96.753384, 17.053511], [-96.753459, 17.053324], [-96.753477, 17.053182], [-96.753464, 17.053039], [-96.753479, 17.052936], [-96.753525, 17.05286], [-96.753608, 17.052741], [-96.753624, 17.052631], [-96.753558, 17.052546], [-96.753459, 17.052515], [-96.753335, 17.052541], [-96.7532, 17.052587], [-96.753098, 17.052596], [-96.753056, 17.052611], [-96.752934, 17.052612], [-96.752823, 17.052604], [-96.752714, 17.05256], [-96.752666, 17.052498], [-96.752628, 17.05242], [-96.752517, 17.052234], [-96.752475, 17.05217], [-96.752428, 17.052116], [-96.752308, 17.05199], [-96.752216, 17.051936], [-96.75209, 17.051894], [-96.752005, 17.051908], [-96.751951, 17.051971], [-96.751921, 17.052053], [-96.751983, 17.052271], [-96.752073, 17.052524], [-96.752113, 17.052699], [-96.752105, 17.052842], [-96.752076, 17.052922], [-96.752033, 17.052981], [-96.751963, 17.053065], [-96.751881, 17.053132], [-96.75181, 17.053174], [-96.751709, 17.053247], [-96.75161, 17.053315], [-96.751536, 17.05336], [-96.75148, 17.05341], [-96.75145, 17.053451], [-96.75138, 17.053546], [-96.751301, 17.053609], [-96.751214, 17.053674], [-96.751022, 17.053721], [-96.750907, 17.053716], [-96.750743, 17.053664], [-96.750684, 17.053612], [-96.750559, 17.053372], [-96.750464, 17.053241], [-96.750353, 17.053146], [-96.750245, 17.053167], [-96.750175, 17.053244], [-96.750033, 17.053562], [-96.749778, 17.053993], [-96.749534, 17.054347], [-96.749392, 17.054514], [-96.749196, 17.054614], [-96.749086, 17.054658], [-96.749047, 17.054689], [-96.748975, 17.054799], [-96.7489, 17.054936], [-96.748818, 17.05509], [-96.748707, 17.055257], [-96.74862, 17.055399], [-96.748579, 17.055464], [-96.748516, 17.055575], [-96.748483, 17.055645], [-96.74838, 17.055799], [-96.748269, 17.055948], [-96.747988, 17.05624], [-96.747838, 17.056384], [-96.747564, 17.056543], [-96.747215, 17.056635], [-96.746974, 17.05664], [-96.746719, 17.056594], [-96.74651, 17.056489], [-96.746384, 17.056427], [-96.746226, 17.056314], [-96.746041, 17.056163], [-96.745968, 17.056099], [-96.745912, 17.056071], [-96.74578, 17.05615], [-96.744887, 17.056894], [-96.742991, 17.058576], [-96.741247, 17.06016], [-96.740212, 17.06108], [-96.740064, 17.061189], [-96.739898, 17.06132], [-96.73982, 17.061412], [-96.73963, 17.061499], [-96.739316, 17.061571], [-96.738677, 17.061561], [-96.737519, 17.061584], [-96.737344, 17.061574], [-96.737218, 17.061476], [-96.737119, 17.061332], [-96.737121, 17.061206], [-96.737086, 17.061052], [-96.736977, 17.060646], [-96.736902, 17.060251], [-96.736886, 17.059892], [-96.736871, 17.05975], [-96.736785, 17.059494], [-96.736659, 17.059152], [-96.736525, 17.058976], [-96.736455, 17.058899], [-96.7362, 17.059022], [-96.735704, 17.05935], [-96.734355, 17.060229], [-96.733826, 17.060585], [-96.733651, 17.060705], [-96.733464, 17.060818], [-96.733362, 17.06091], [-96.733236, 17.061174], [-96.732792, 17.061197], [-96.732527, 17.061201], [-96.732222, 17.061199], [-96.731975, 17.061201], [-96.730771, 17.061177], [-96.730548, 17.061154], [-96.729776, 17.061018], [-96.728821, 17.060826], [-96.728708, 17.061252], [-96.728598, 17.061736], [-96.728596, 17.061824], [-96.728569, 17.06207], [-96.728534, 17.062331], [-96.728435, 17.062713], [-96.726299, 17.062234], [-96.726017, 17.06218], [-96.724527, 17.061852], [-96.723758, 17.061713], [-96.723283, 17.061608], [-96.722645, 17.06149], [-96.719466, 17.060818], [-96.71915, 17.060754], [-96.715937, 17.06011], [-96.715872, 17.060099], [-96.715615, 17.06024], [-96.714775, 17.06061], [-96.714416, 17.060779], [-96.714318, 17.060828], [-96.7142, 17.060836], [-96.714079, 17.060803], [-96.713907, 17.060701], [-96.713696, 17.060465], [-96.713545, 17.060169], [-96.713406, 17.059805], [-96.713229, 17.059331], [-96.713055, 17.058923], [-96.712928, 17.05849], [-96.713062, 17.056402], [-96.713221, 17.054932], [-96.713235, 17.054625], [-96.713229, 17.054282], [-96.713155, 17.054069], [-96.712657, 17.054355], [-96.711609, 17.055157], [-96.710066, 17.056963], [-96.709154, 17.058081], [-96.708355, 17.058907], [-96.707524, 17.05943], [-96.706987, 17.05967], [-96.706342, 17.059928], [-96.705682, 17.060093], [-96.704821, 17.060319], [-96.704099, 17.060524], [-96.702892, 17.06083], [-96.70183, 17.061112], [-96.701047, 17.06134], [-96.70017, 17.061588], [-96.699408, 17.061788], [-96.698502, 17.061968], [-96.69804, 17.06196], [-96.697697, 17.061914], [-96.697254, 17.061783], [-96.696672, 17.061594], [-96.695995, 17.061338], [-96.695474, 17.061158], [-96.694492, 17.060753], [-96.693857, 17.06054], [-96.693299, 17.060353], [-96.692915, 17.060186], [-96.692491, 17.060013], [-96.692024, 17.059877], [-96.691501, 17.059651], [-96.690718, 17.05931], [-96.690262, 17.059159], [-96.689561, 17.058904], [-96.688856, 17.05864], [-96.688266, 17.058445], [-96.687587, 17.058181], [-96.687078, 17.057987], [-96.686574, 17.057782], [-96.685979, 17.057608], [-96.685578, 17.057464], [-96.685201, 17.057374], [-96.684957, 17.057318], [-96.68471, 17.057272], [-96.68453, 17.05724], [-96.684333, 17.057214], [-96.68429, 17.057209], [-96.684333, 17.057214], [-96.68429, 17.057209], [-96.684333, 17.057214], [-96.68429, 17.057209], [-96.684208, 17.057199], [-96.684081, 17.057184], [-96.684033, 17.05718], [-96.683979, 17.057171], [-96.683916, 17.05715], [-96.683871, 17.057146], [-96.683826, 17.057144], [-96.683758, 17.057137], [-96.683708, 17.057135], [-96.683652, 17.05713], [-96.683536, 17.057123], [-96.68326, 17.057115], [-96.682999, 17.0571], [-96.68267, 17.057088], [-96.682278, 17.057089], [-96.682125, 17.057083], [-96.681808, 17.057071], [-96.681479, 17.057079], [-96.681371, 17.057074], [-96.681261, 17.057074], [-96.681143, 17.057071], [-96.681046, 17.057061], [-96.680984, 17.057064], [-96.680917, 17.057059], [-96.680071, 17.057063], [-96.678931, 17.05706], [-96.678636, 17.057063], [-96.675676, 17.057036], [-96.673509, 17.057057], [-96.672854, 17.057129], [-96.672279, 17.057229], [-96.67017, 17.057796], [-96.669975, 17.057845], [-96.668604, 17.05822], [-96.668226, 17.05823], [-96.667819, 17.05822], [-96.667569, 17.058214], [-96.667276, 17.058145], [-96.666782, 17.058014], [-96.666557, 17.057936], [-96.666031, 17.057759], [-96.665763, 17.057652], [-96.662495, 17.056578], [-96.661331, 17.056191], [-96.660408, 17.055955], [-96.660081, 17.055807], [-96.659786, 17.056017], [-96.65955, 17.056176], [-96.65889, 17.057191], [-96.658391, 17.058012], [-96.657157, 17.057289], [-96.655012, 17.05613], [-96.654073, 17.055596], [-96.653209, 17.055094], [-96.649984, 17.053365], [-96.647902, 17.05214], [-96.646738, 17.051478], [-96.640766, 17.048122], [-96.639494, 17.047481], [-96.639135, 17.047291], [-96.63908, 17.047403], [-96.639182, 17.048306], [-96.639284, 17.048716], [-96.639633, 17.050101], [-96.639668, 17.050421], [-96.639651, 17.051195], [-96.63957, 17.051477], [-96.639053, 17.052567], [-96.636654, 17.051346], [-96.635217, 17.050556], [-96.633646, 17.049678], [-96.632879, 17.049278], [-96.632241, 17.04899], [-96.630841, 17.048447], [-96.629822, 17.048037], [-96.627802, 17.047182], [-96.627573, 17.047068], [-96.627386, 17.047411], [-96.627325, 17.047618], [-96.627105, 17.048095], [-96.626955, 17.048557], [-96.626821, 17.04889], [-96.626638, 17.049347], [-96.626515, 17.049565], [-96.626456, 17.049736], [-96.626368, 17.049942], [-96.626219, 17.050334], [-96.626195, 17.050552], [-96.626264, 17.050749], [-96.626372, 17.050948], [-96.626444, 17.051092], [-96.626393, 17.051412], [-96.626256, 17.051869], [-96.626121, 17.052373], [-96.625966, 17.052804], [-96.625875, 17.053193], [-96.625824, 17.053422], [-96.625765, 17.053537], [-96.625633, 17.053555], [-96.625475, 17.053534], [-96.625008, 17.053384], [-96.624963, 17.053483], [-96.624877, 17.053788], [-96.624818, 17.054134], [-96.624759, 17.054447], [-96.624584, 17.055029], [-96.624024, 17.057017], [-96.623823, 17.05776], [-96.623796, 17.057894], [-96.623651, 17.058504], [-96.623437, 17.058876], [-96.62338, 17.059028], [-96.623362, 17.059225], [-96.623341, 17.059677], [-96.623303, 17.060005], [-96.623254, 17.060547], [-96.623302, 17.060575], [-96.623916, 17.060554], [-96.6246, 17.060531], [-96.624569, 17.060507], [-96.624659, 17.060533], [-96.624578, 17.061145], [-96.624485, 17.061904], [-96.624363, 17.062594], [-96.624285, 17.06292], [-96.624062, 17.06372], [-96.623971, 17.063717], [-96.623689, 17.063673], [-96.623373, 17.063632], [-96.623051, 17.063632], [-96.622882, 17.063617], [-96.62296, 17.06333], [-96.62304, 17.06296], [-96.623099, 17.062663], [-96.62315, 17.062335], [-96.623201, 17.061907], [-96.623251, 17.061208], [-96.623285, 17.060582], [-96.623357, 17.059949], [-96.623407, 17.059405], [-96.623403, 17.05928], [-96.623417, 17.059021], [-96.623663, 17.058531], [-96.623709, 17.058395], [-96.623849, 17.057833], [-96.624015, 17.057142], [-96.62424, 17.056362], [-96.62447, 17.055556], [-96.624625, 17.055046], [-96.624818, 17.054351], [-96.62485, 17.054074], [-96.624995, 17.05349], [-96.624985, 17.053331], [-96.62426, 17.053136], [-96.623665, 17.052961], [-96.623521, 17.052908], [-96.623452, 17.052826], [-96.623449, 17.052693], [-96.623513, 17.052498], [-96.623716, 17.051813], [-96.623803, 17.05159], [-96.623849, 17.051416], [-96.623979, 17.050924], [-96.624148, 17.050324], [-96.624328, 17.049662], [-96.624374, 17.049457], [-96.624436, 17.049388], [-96.624613, 17.049418], [-96.625058, 17.049546], [-96.625383, 17.049649], [-96.625683, 17.0497], [-96.625887, 17.049659], [-96.625989, 17.049544], [-96.626034, 17.049331], [-96.626005, 17.049118], [-96.625747, 17.048775], [-96.625062, 17.047931], [-96.625041, 17.047864], [-96.625148, 17.04748], [-96.625384, 17.046674], [-96.625565, 17.046206], [-96.625632, 17.046214], [-96.626571, 17.046609], [-96.627539, 17.047083], [-96.628043, 17.047316], [-96.62928, 17.04785], [-96.629604, 17.046799], [-96.630071, 17.045642], [-96.630704, 17.043819], [-96.631638, 17.044198], [-96.632678, 17.044584], [-96.632842, 17.044636], [-96.633092, 17.044646], [-96.633303, 17.044551], [-96.633639, 17.0444], [-96.633859, 17.044369], [-96.635822, 17.045159], [-96.637497, 17.045762], [-96.638034, 17.045964], [-96.638712, 17.046244], [-96.638948, 17.046449], [-96.639045, 17.046777], [-96.639056, 17.04728], [-96.639093, 17.047444], [-96.641855, 17.048944], [-96.646201, 17.051417], [-96.651702, 17.054502], [-96.652319, 17.054846], [-96.654379, 17.055984], [-96.658406, 17.058178], [-96.659114, 17.057091], [-96.659693, 17.056198], [-96.660047, 17.055973], [-96.660401, 17.056024], [-96.661538, 17.056434], [-96.662311, 17.056691], [-96.666721, 17.058198], [-96.667643, 17.058424], [-96.668598, 17.058444], [-96.670562, 17.05788], [-96.672654, 17.057357], [-96.673094, 17.057296], [-96.680829, 17.057244], [-96.680982, 17.05725], [-96.681435, 17.057264], [-96.682453, 17.057258], [-96.682898, 17.057263], [-96.683195, 17.057259], [-96.68334, 17.057263], [-96.68348, 17.057265], [-96.683706, 17.057277], [-96.6838, 17.057278], [-96.68388, 17.057282], [-96.68438, 17.057357], [-96.684919, 17.057469], [-96.685509, 17.057633], [-96.685791, 17.057702], [-96.686134, 17.057833], [-96.686831, 17.058084], [-96.687388, 17.058313], [-96.68779, 17.058441], [-96.688273, 17.05861], [-96.688858, 17.058825], [-96.689683, 17.059141], [-96.690166, 17.059331], [-96.69063, 17.059529], [-96.690879, 17.059636], [-96.691118, 17.059718], [-96.691378, 17.059777], [-96.691662, 17.059903], [-96.692019, 17.060057], [-96.692376, 17.06016], [-96.692641, 17.060249], [-96.692954, 17.060363], [-96.693229, 17.060472], [-96.693714, 17.060632], [-96.693732, 17.060639], [-96.693775, 17.060656], [-96.693985, 17.060738], [-96.694197, 17.060838], [-96.694492, 17.06094], [-96.694942, 17.061102], [-96.69527, 17.06121], [-96.695739, 17.061386], [-96.696155, 17.061522], [-96.696713, 17.061743], [-96.696928, 17.061838], [-96.697153, 17.06192], [-96.697385, 17.061989], [-96.697559, 17.062014], [-96.697805, 17.062043], [-96.697999, 17.062072], [-96.698284, 17.06209], [-96.698573, 17.062093], [-96.698713, 17.062085], [-96.698917, 17.062057], [-96.699507, 17.061911], [-96.700239, 17.061706], [-96.700656, 17.061611], [-96.701069, 17.061493], [-96.701704, 17.061311], [-96.702554, 17.061092], [-96.703353, 17.060887], [-96.70457, 17.060527], [-96.704785, 17.060513], [-96.705424, 17.060326], [-96.706461, 17.060069], [-96.707423, 17.05969], [-96.708778, 17.058746], [-96.70984, 17.057481], [-96.711698, 17.055355], [-96.712042, 17.055022], [-96.712388, 17.054783], [-96.713014, 17.05441], [-96.712864, 17.056451], [-96.71276, 17.057464], [-96.712715, 17.057991], [-96.712699, 17.058305], [-96.712725, 17.058543], [-96.71321, 17.059802], [-96.713461, 17.060391], [-96.713574, 17.060708], [-96.713634, 17.061077], [-96.713866, 17.061019], [-96.714055, 17.060961], [-96.714224, 17.060972], [-96.7143, 17.060911], [-96.714447, 17.060897], [-96.716458, 17.061302], [-96.720482, 17.062119], [-96.721512, 17.062304], [-96.722263, 17.058543], [-96.726136, 17.05934], [-96.732155, 17.06054], [-96.733141, 17.060746], [-96.733474, 17.060771], [-96.733629, 17.060792], [-96.733844, 17.060751], [-96.735555, 17.059597], [-96.736304, 17.059055], [-96.736465, 17.058973], [-96.736609, 17.059101], [-96.736856, 17.059829], [-96.736872, 17.060332], [-96.736942, 17.060763], [-96.737065, 17.061199], [-96.737065, 17.061393], [-96.737253, 17.061614], [-96.738943, 17.061614], [-96.739324, 17.061634], [-96.739844, 17.06147], [-96.739984, 17.061327], [-96.741974, 17.059558], [-96.743047, 17.058629], [-96.74565, 17.056324], [-96.74586, 17.056145], [-96.745912, 17.056071], [-96.7463, 17.056422], [-96.746772, 17.056653], [-96.747282, 17.056668], [-96.747813, 17.056489], [-96.748269, 17.056017], [-96.748649, 17.055488], [-96.748773, 17.055263], [-96.748941, 17.054988], [-96.749059, 17.054721], [-96.749418, 17.054568], [-96.749579, 17.054388], [-96.750084, 17.053583], [-96.750186, 17.053316], [-96.750325, 17.053208], [-96.750454, 17.053316], [-96.750684, 17.053716], [-96.750832, 17.053752], [-96.750974, 17.053768], [-96.751192, 17.05376], [-96.751374, 17.053608], [-96.751492, 17.053475], [-96.75165, 17.053342], [-96.75191, 17.053162], [-96.752063, 17.053032], [-96.752152, 17.052883], [-96.75217, 17.052675], [-96.752068, 17.052347], [-96.751988, 17.052147], [-96.751961, 17.052003], [-96.752085, 17.051942], [-96.752208, 17.051998], [-96.752412, 17.052178], [-96.752519, 17.052352], [-96.7526, 17.052521], [-96.752702, 17.052634], [-96.752879, 17.05267], [-96.753136, 17.05267], [-96.753361, 17.052583], [-96.753538, 17.052583], [-96.753549, 17.05272], [-96.753453, 17.052864], [-96.75342, 17.053043], [-96.753404, 17.05333], [-96.753337, 17.053592], [-96.753351, 17.053807], [-96.753324, 17.053979], [-96.753331, 17.05407], [-96.753398, 17.05423], [-96.753513, 17.054406], [-96.75358, 17.054515], [-96.753646, 17.054658], [-96.753745, 17.054932], [-96.753766, 17.054986], [-96.753828, 17.055149], [-96.75392, 17.055263], [-96.754089, 17.055378], [-96.754257, 17.05546], [-96.754443, 17.055503], [-96.754647, 17.055461], [-96.75476, 17.055369], [-96.75487, 17.055241], [-96.755011, 17.054944], [-96.75507, 17.054652], [-96.75515, 17.054518], [-96.7553, 17.054436], [-96.755534, 17.054518], [-96.755804, 17.054585], [-96.756121, 17.054616], [-96.75632, 17.054657], [-96.756325, 17.054841], [-96.756341, 17.055108], [-96.756432, 17.055231], [-96.756684, 17.055359], [-96.756867, 17.05558], [-96.757307, 17.055729], [-96.757644, 17.055862], [-96.757827, 17.055882], [-96.757961, 17.056072], [-96.758031, 17.056334], [-96.758176, 17.056498], [-96.758326, 17.056539], [-96.758449, 17.056526]]]}, "properties": {"route_id": "RA15", "route_name": "RA-15 XRA’: Colonia Monte Albán – Cd. AdministrativaRA15"}}, {"type": "Feature", "geometry": {"type": "MultiLineString", "coordinates": [[[-96.712783, 17.031681], [-96.712756, 17.031681], [-96.712726, 17.031701], [-96.712179, 17.030952], [-96.711989, 17.030975], [-96.712659, 17.031986], [-96.713453, 17.03305], [-96.713668, 17.033376], [-96.713673, 17.033508], [-96.71365, 17.033672], [-96.713375, 17.034079], [-96.713112, 17.034447], [-96.712851, 17.034906], [-96.712541, 17.035346], [-96.712112, 17.035984], [-96.711838, 17.03634], [-96.711605, 17.036684], [-96.711251, 17.037143], [-96.71094, 17.037605], [-96.710776, 17.037859], [-96.710666, 17.038184], [-96.710645, 17.038613], [-96.710688, 17.038908], [-96.710913, 17.039341], [-96.711492, 17.040118], [-96.711846, 17.04051], [-96.7122, 17.040995], [-96.712474, 17.041385], [-96.713032, 17.042023], [-96.713322, 17.042416], [-96.713888, 17.043162], [-96.714148, 17.043636], [-96.714279, 17.044121], [-96.714185, 17.045172], [-96.713956, 17.046412], [-96.713885, 17.046939], [-96.713762, 17.047837], [-96.713381, 17.05051], [-96.712992, 17.052713], [-96.712883, 17.053364], [-96.712857, 17.053457], [-96.712833, 17.053761], [-96.71297, 17.054162], [-96.713128, 17.054305], [-96.713483, 17.054178], [-96.71434, 17.053901], [-96.715254, 17.053669], [-96.716401, 17.053373], [-96.717965, 17.053039], [-96.719506, 17.052636], [-96.721938, 17.052023], [-96.723415, 17.051627], [-96.724555, 17.051318], [-96.726332, 17.050932], [-96.727061, 17.050687], [-96.72741, 17.050504], [-96.729101, 17.050037], [-96.730948, 17.049484], [-96.731026, 17.049468], [-96.731168, 17.049545], [-96.73135, 17.049581], [-96.732243, 17.049883], [-96.73256, 17.0501], [-96.73345, 17.050609], [-96.734538, 17.051264], [-96.73519, 17.051359], [-96.736019, 17.05132], [-96.736829, 17.05122], [-96.737326, 17.051181], [-96.737771, 17.05121], [-96.738443, 17.051412], [-96.739141, 17.051723], [-96.73996, 17.052105], [-96.74034, 17.05224], [-96.740582, 17.052269], [-96.741358, 17.052218], [-96.741836, 17.05218], [-96.742184, 17.05225], [-96.742347, 17.052346], [-96.742556, 17.052555], [-96.742697, 17.052795], [-96.742944, 17.053237], [-96.743246, 17.053534], [-96.74369, 17.053812], [-96.744041, 17.054101], [-96.7443, 17.054382], [-96.744819, 17.054966], [-96.745536, 17.055681], [-96.745917, 17.056116], [-96.746348, 17.056455], [-96.746702, 17.056631], [-96.747067, 17.056677], [-96.74745, 17.056625], [-96.747784, 17.056458], [-96.7482, 17.056103], [-96.74838, 17.055867], [-96.748799, 17.055226], [-96.749069, 17.054736], [-96.74943, 17.054544], [-96.749558, 17.054407], [-96.749845, 17.05395], [-96.750065, 17.053599], [-96.750183, 17.053326], [-96.750287, 17.053205], [-96.750344, 17.053206], [-96.750421, 17.053254], [-96.75067, 17.053663], [-96.750818, 17.053744], [-96.750953, 17.053777], [-96.751127, 17.053753], [-96.751241, 17.053709], [-96.751385, 17.053612], [-96.751499, 17.053468], [-96.75189, 17.053178], [-96.752073, 17.053021], [-96.752148, 17.052895], [-96.752169, 17.052759], [-96.752149, 17.05261], [-96.752026, 17.052245], [-96.751968, 17.052091], [-96.751972, 17.051996], [-96.752034, 17.051942], [-96.752163, 17.051956], [-96.752336, 17.052072], [-96.752487, 17.052265], [-96.752655, 17.052545], [-96.752744, 17.052623], [-96.752953, 17.052659], [-96.75315, 17.052635], [-96.753458, 17.052564], [-96.753568, 17.052595], [-96.753578, 17.052659], [-96.753504, 17.052817], [-96.753449, 17.052913], [-96.753429, 17.053008], [-96.753429, 17.053227], [-96.753338, 17.053544], [-96.753351, 17.053808], [-96.753327, 17.054072], [-96.753388, 17.054232], [-96.753578, 17.054485], [-96.753655, 17.054672], [-96.753735, 17.054917], [-96.753836, 17.055187], [-96.753981, 17.055307], [-96.754122, 17.055391], [-96.754455, 17.055521], [-96.754632, 17.055481], [-96.754724, 17.05542], [-96.754838, 17.055307], [-96.75499, 17.055012], [-96.755092, 17.054596], [-96.755194, 17.054468], [-96.755332, 17.054437], [-96.75576, 17.054585], [-96.756281, 17.05463], [-96.756334, 17.054696], [-96.756328, 17.055087], [-96.756399, 17.055214], [-96.756834, 17.055564], [-96.75727, 17.055699], [-96.757621, 17.055846], [-96.757785, 17.055859], [-96.757872, 17.055938], [-96.758049, 17.05633], [-96.75815, 17.056446], [-96.75833, 17.056549], [-96.758529, 17.056544], [-96.758552, 17.056538], [-96.758544, 17.056445], [-96.7585, 17.05651], [-96.758511, 17.05657], [-96.758334, 17.05658], [-96.758147, 17.056479], [-96.758059, 17.056355], [-96.757963, 17.056129], [-96.757899, 17.05598], [-96.757807, 17.055892], [-96.757764, 17.055881], [-96.757617, 17.055873], [-96.75722, 17.055712], [-96.757078, 17.055666], [-96.75688, 17.055608], [-96.756826, 17.055582], [-96.75655, 17.055354], [-96.756426, 17.055262], [-96.756336, 17.055143], [-96.756356, 17.05479], [-96.756342, 17.054716], [-96.756299, 17.054666], [-96.75626, 17.054655], [-96.755768, 17.054611], [-96.755621, 17.054569], [-96.755394, 17.054485], [-96.755322, 17.054465], [-96.755219, 17.05448], [-96.755131, 17.054536], [-96.755045, 17.054676], [-96.754967, 17.054939], [-96.754914, 17.055115], [-96.754797, 17.055339], [-96.754666, 17.055478], [-96.754596, 17.05551], [-96.754498, 17.055534], [-96.754415, 17.055543], [-96.754195, 17.055469], [-96.754044, 17.055382], [-96.753943, 17.055305], [-96.753879, 17.055233], [-96.753798, 17.055107], [-96.753723, 17.054843], [-96.753631, 17.054574], [-96.753433, 17.054267], [-96.753359, 17.054112], [-96.753362, 17.054037], [-96.753384, 17.053846], [-96.753372, 17.053544], [-96.75346, 17.053279], [-96.753454, 17.053066], [-96.753514, 17.052881], [-96.753604, 17.052738], [-96.753582, 17.052617], [-96.753476, 17.052564], [-96.753122, 17.052649], [-96.752899, 17.052676], [-96.752734, 17.052639], [-96.752651, 17.052566], [-96.752507, 17.052294], [-96.752333, 17.052081], [-96.752169, 17.05197], [-96.752014, 17.051952], [-96.751948, 17.05201], [-96.751902, 17.052131], [-96.752131, 17.052774], [-96.752062, 17.052979], [-96.75187, 17.053185], [-96.751648, 17.053338], [-96.75153, 17.053447], [-96.751455, 17.053474], [-96.751328, 17.053643], [-96.751129, 17.053753], [-96.750911, 17.053783], [-96.750697, 17.053697], [-96.750533, 17.053407], [-96.750395, 17.053243], [-96.750276, 17.053211], [-96.750138, 17.053376], [-96.749837, 17.053956], [-96.749424, 17.054523], [-96.749283, 17.054634], [-96.749151, 17.0547], [-96.749028, 17.054764], [-96.748691, 17.055338], [-96.748534, 17.055602], [-96.748208, 17.056079], [-96.748133, 17.056166], [-96.747882, 17.056404], [-96.747454, 17.056638], [-96.747146, 17.056693], [-96.746884, 17.056688], [-96.74666, 17.056638], [-96.746388, 17.056492], [-96.745912, 17.056123], [-96.745717, 17.05586], [-96.745059, 17.055221], [-96.744426, 17.054538], [-96.744078, 17.054132], [-96.743719, 17.053833], [-96.743557, 17.053742], [-96.743267, 17.05356], [-96.743014, 17.053324], [-96.742627, 17.052665], [-96.74252, 17.05251], [-96.742363, 17.05236], [-96.742213, 17.05229], [-96.741855, 17.052201], [-96.74143, 17.052229], [-96.740604, 17.052292], [-96.74029, 17.052239], [-96.739957, 17.05213], [-96.739356, 17.051846], [-96.738896, 17.051612], [-96.738404, 17.051406], [-96.737798, 17.051231], [-96.73755, 17.05121], [-96.737083, 17.05121], [-96.736457, 17.051276], [-96.735817, 17.051342], [-96.735208, 17.051375], [-96.734955, 17.051342], [-96.734577, 17.051295], [-96.734363, 17.05117], [-96.733914, 17.050894], [-96.733662, 17.050745], [-96.73253, 17.050074], [-96.732026, 17.04984], [-96.731559, 17.04965], [-96.731031, 17.049366], [-96.730741, 17.049497], [-96.728786, 17.050084], [-96.727142, 17.050556], [-96.726479, 17.050722], [-96.725811, 17.05084], [-96.724663, 17.051171], [-96.72343, 17.051504], [-96.722327, 17.051774], [-96.720173, 17.052317], [-96.71852, 17.052713], [-96.717189, 17.053048], [-96.715593, 17.053413], [-96.714668, 17.053575], [-96.713143, 17.053275], [-96.714482, 17.043896], [-96.710861, 17.038713], [-96.71081, 17.038071], [-96.711145, 17.03747], [-96.71152, 17.036964], [-96.712076, 17.036218], [-96.712722, 17.035265], [-96.712982, 17.034913], [-96.713082, 17.034691], [-96.713639, 17.033807], [-96.713771, 17.033524], [-96.713849, 17.033282], [-96.713336, 17.032594], [-96.712736, 17.031766], [-96.7128, 17.031753]]]}, "properties": {"route_id": "RA17", "route_name": "RA-17 Bakku Nunni: Monte Albán – Símbolos PatriosRA17"}}, {"type": "Feature", "geometry": {"type": "MultiLineString", "coordinates": [[[-96.768124, 17.126439], [-96.767746, 17.126562], [-96.766003, 17.124386], [-96.764528, 17.122458], [-96.764023, 17.121872], [-96.762698, 17.120339], [-96.761435, 17.118839], [-96.760523, 17.117703], [-96.759104, 17.115924], [-96.758337, 17.115096], [-96.757186, 17.113507], [-96.756652, 17.112623], [-96.756231, 17.111769], [-96.755818, 17.110798], [-96.754788, 17.108308], [-96.754056, 17.106645], [-96.753139, 17.104427], [-96.75275, 17.103479], [-96.75504, 17.102707], [-96.756358, 17.102261], [-96.759533, 17.101361], [-96.76078, 17.100982], [-96.760424, 17.100177], [-96.75975, 17.0989], [-96.757964, 17.095752], [-96.756878, 17.09396], [-96.755301, 17.091276], [-96.754332, 17.089666], [-96.752946, 17.087304], [-96.752104, 17.085904], [-96.751318, 17.084466], [-96.750424, 17.082866], [-96.749762, 17.081605], [-96.748724, 17.079728], [-96.748617, 17.079674], [-96.748037, 17.078884], [-96.747458, 17.077833], [-96.746924, 17.076785], [-96.746854, 17.0766], [-96.746023, 17.075062], [-96.745288, 17.073818], [-96.744666, 17.072785], [-96.74425, 17.071972], [-96.744076, 17.071652], [-96.743853, 17.071264], [-96.742649, 17.068852], [-96.741581, 17.066939], [-96.740677, 17.065198], [-96.740138, 17.064108], [-96.739392, 17.062905], [-96.73936, 17.062805], [-96.738867, 17.061949], [-96.738837, 17.061875], [-96.738875, 17.061821], [-96.739317, 17.061654], [-96.739878, 17.061446], [-96.740331, 17.061057], [-96.741388, 17.06011], [-96.743078, 17.058595], [-96.742308, 17.057803], [-96.741198, 17.056754], [-96.739798, 17.055644], [-96.739189, 17.05498], [-96.73752, 17.053436], [-96.736249, 17.052318], [-96.736128, 17.052178], [-96.735745, 17.051879], [-96.73521, 17.05157], [-96.734674, 17.051309], [-96.734587, 17.051245], [-96.733996, 17.05086], [-96.733422, 17.050551], [-96.732639, 17.050098], [-96.732369, 17.049942], [-96.731511, 17.049589], [-96.731162, 17.049373], [-96.731056, 17.049326], [-96.731002, 17.049247], [-96.730858, 17.049296], [-96.729754, 17.049618], [-96.729031, 17.049842], [-96.728142, 17.050055], [-96.727167, 17.050333], [-96.72697, 17.050352], [-96.727836, 17.046922], [-96.726491, 17.046735], [-96.72593, 17.046671], [-96.725357, 17.046618], [-96.724416, 17.046553], [-96.723365, 17.046418], [-96.722458, 17.045177], [-96.721793, 17.044216], [-96.721077, 17.043225], [-96.720413, 17.04228], [-96.719934, 17.041662], [-96.719788, 17.041442], [-96.719324, 17.040894], [-96.719094, 17.04059], [-96.718463, 17.039668], [-96.717946, 17.038906], [-96.717461, 17.03824], [-96.716705, 17.037185], [-96.716147, 17.036429], [-96.715615, 17.035674], [-96.715121, 17.03497], [-96.714095, 17.033546], [-96.713843, 17.033208], [-96.713108, 17.032191], [-96.712297, 17.031032], [-96.712742, 17.031041], [-96.712806, 17.030589], [-96.712895, 17.029415], [-96.713017, 17.028666], [-96.71327, 17.028236], [-96.713638, 17.027722], [-96.714196, 17.027032], [-96.714337, 17.026864], [-96.71441, 17.02676], [-96.714782, 17.026385], [-96.715568, 17.025457], [-96.715907, 17.025161], [-96.716122, 17.025042], [-96.716139, 17.024979], [-96.716143, 17.023698], [-96.716147, 17.023521], [-96.716206, 17.023525], [-96.716191, 17.023472], [-96.716106, 17.02347], [-96.716097, 17.024071], [-96.716101, 17.024751], [-96.71609, 17.025019], [-96.715893, 17.02512], [-96.715727, 17.025254], [-96.715258, 17.02575], [-96.714674, 17.026442], [-96.714324, 17.026794], [-96.713997, 17.02723], [-96.713718, 17.027572], [-96.71334, 17.028057], [-96.712984, 17.028625], [-96.712856, 17.02951], [-96.712762, 17.030594], [-96.712724, 17.031017], [-96.712685, 17.031047], [-96.712335, 17.031046], [-96.711964, 17.030973], [-96.712846, 17.03222], [-96.713613, 17.033299], [-96.713953, 17.03367], [-96.714, 17.033774], [-96.71459, 17.034641], [-96.714916, 17.03512], [-96.715569, 17.035998], [-96.715889, 17.036414], [-96.716394, 17.037138], [-96.717043, 17.038052], [-96.717576, 17.038839], [-96.717976, 17.039416], [-96.718274, 17.039801], [-96.718841, 17.040646], [-96.719067, 17.040927], [-96.719043, 17.040998], [-96.719215, 17.041233], [-96.719701, 17.041901], [-96.72021, 17.042565], [-96.721327, 17.044111], [-96.721874, 17.044899], [-96.722448, 17.045641], [-96.723272, 17.0468], [-96.723688, 17.047382], [-96.724107, 17.047968], [-96.726376, 17.050913], [-96.727106, 17.050693], [-96.727703, 17.050427], [-96.72935, 17.049984], [-96.730182, 17.049762], [-96.731016, 17.049486], [-96.731184, 17.049566], [-96.731376, 17.04959], [-96.732309, 17.049967], [-96.733693, 17.05076], [-96.734707, 17.051367], [-96.735397, 17.051708], [-96.735692, 17.051878], [-96.736177, 17.05228], [-96.737875, 17.053832], [-96.738452, 17.054347], [-96.739251, 17.055116], [-96.739782, 17.055683], [-96.741072, 17.056714], [-96.742038, 17.057598], [-96.744069, 17.059751], [-96.744404, 17.060068], [-96.744764, 17.060196], [-96.74601, 17.061968], [-96.746498, 17.062546], [-96.747154, 17.063539], [-96.747622, 17.064173], [-96.747416, 17.064368], [-96.746552, 17.064765], [-96.745632, 17.064973], [-96.745289, 17.064968], [-96.744417, 17.06457], [-96.743251, 17.064205], [-96.742963, 17.064247], [-96.742325, 17.064554], [-96.741877, 17.064723], [-96.741638, 17.064815], [-96.74136, 17.064922], [-96.740642, 17.065174], [-96.740886, 17.065656], [-96.741111, 17.066078], [-96.741374, 17.066583], [-96.741584, 17.067001], [-96.741922, 17.067609], [-96.742168, 17.068038], [-96.742518, 17.068666], [-96.742766, 17.069144], [-96.74308, 17.069769], [-96.743785, 17.071198], [-96.744053, 17.071656], [-96.744401, 17.072336], [-96.744689, 17.072888], [-96.745085, 17.073538], [-96.745389, 17.074043], [-96.745763, 17.074656], [-96.74605, 17.075189], [-96.74644, 17.075889], [-96.746761, 17.07648], [-96.746851, 17.07666], [-96.746899, 17.076807], [-96.747135, 17.07727], [-96.747378, 17.077721], [-96.747417, 17.077857], [-96.747636, 17.078166], [-96.74676, 17.078634], [-96.747267, 17.079535], [-96.747632, 17.080176], [-96.747835, 17.080513], [-96.748028, 17.08083], [-96.748442, 17.081656], [-96.748944, 17.082543], [-96.749248, 17.083156], [-96.749705, 17.083991], [-96.750161, 17.084834], [-96.750625, 17.085733], [-96.751116, 17.086533], [-96.751844, 17.087782], [-96.752549, 17.088996], [-96.752942, 17.089741], [-96.753434, 17.090557], [-96.754035, 17.091496], [-96.754322, 17.09196], [-96.755006, 17.093154], [-96.755261, 17.093549], [-96.755472, 17.093976], [-96.755847, 17.09458], [-96.75604, 17.094885], [-96.756336, 17.095359], [-96.75664, 17.095853], [-96.756905, 17.096298], [-96.757224, 17.096779], [-96.757564, 17.097383], [-96.757847, 17.097907], [-96.75836, 17.098837], [-96.758757, 17.099573], [-96.759126, 17.100306], [-96.759443, 17.100986], [-96.759575, 17.101203], [-96.759594, 17.101403], [-96.759637, 17.101681], [-96.759688, 17.10206], [-96.759936, 17.102453], [-96.760198, 17.102923], [-96.760348, 17.103341], [-96.760487, 17.10379], [-96.76066, 17.104074], [-96.760776, 17.104373], [-96.760896, 17.104647], [-96.760986, 17.104911], [-96.761131, 17.105156], [-96.761201, 17.105447], [-96.761374, 17.105724], [-96.76144, 17.105935], [-96.761525, 17.106167], [-96.761909, 17.107211], [-96.762009, 17.107485], [-96.762177, 17.107871], [-96.76228, 17.108177], [-96.762392, 17.108452], [-96.762516, 17.108694], [-96.7627, 17.109151], [-96.76284, 17.109444], [-96.762921, 17.109662], [-96.763022, 17.109831], [-96.76316, 17.110073], [-96.763385, 17.110323], [-96.763557, 17.110597], [-96.763786, 17.110833], [-96.763989, 17.111038], [-96.764181, 17.111238], [-96.764331, 17.111438], [-96.764512, 17.111611], [-96.764625, 17.111814], [-96.76472, 17.112052], [-96.764912, 17.112307], [-96.765097, 17.112481], [-96.765345, 17.112774], [-96.765676, 17.113066], [-96.766214, 17.113478], [-96.766714, 17.113919], [-96.767139, 17.114326], [-96.767558, 17.1147], [-96.768069, 17.115127], [-96.768727, 17.115729], [-96.769085, 17.116133], [-96.769204, 17.116928], [-96.769371, 17.117731], [-96.769179, 17.118303], [-96.768699, 17.118713], [-96.768158, 17.119177], [-96.76758, 17.119691], [-96.767272, 17.119943], [-96.767086, 17.120132], [-96.768777, 17.12195], [-96.770622, 17.123842], [-96.772344, 17.125652], [-96.77354, 17.126984], [-96.774503, 17.128054], [-96.775359, 17.128952], [-96.776534, 17.130126], [-96.777482, 17.131174], [-96.778282, 17.131993], [-96.779146, 17.133039], [-96.779736, 17.1337], [-96.779902, 17.133927], [-96.780129, 17.134336], [-96.780288, 17.134682], [-96.780496, 17.135128], [-96.776324, 17.136119], [-96.775217, 17.136422], [-96.774955, 17.135825], [-96.774676, 17.135222], [-96.774428, 17.134786], [-96.774069, 17.134326], [-96.773473, 17.13359], [-96.772884, 17.132874], [-96.771901, 17.131683], [-96.771247, 17.130876], [-96.770629, 17.13009], [-96.770492, 17.129894], [-96.769974, 17.129354], [-96.769856, 17.12921], [-96.769528, 17.128694], [-96.768732, 17.127776], [-96.768156, 17.127058], [-96.767739, 17.12657], [-96.767722, 17.126522], [-96.768093, 17.126402]]]}, "properties": {"route_id": "RA18", "route_name": "RA-18 Nave’e: Yuroo Viguera – Centro de Rehabilitación DIFRA18"}}, {"type": "Feature", "geometry": {"type": "MultiLineString", "coordinates": [[[-96.748968, 17.126907], [-96.749236, 17.126502], [-96.74936, 17.126246], [-96.749531, 17.126153], [-96.749778, 17.126112], [-96.750148, 17.126153], [-96.750577, 17.126292], [-96.75084, 17.126425], [-96.751438, 17.12681], [-96.752436, 17.12735], [-96.753125, 17.127709], [-96.753431, 17.12775], [-96.753777, 17.127758], [-96.755403, 17.127671], [-96.757787, 17.127514], [-96.758329, 17.127466], [-96.759756, 17.126289], [-96.761244, 17.125026], [-96.761057, 17.124913], [-96.760335, 17.124436], [-96.759976, 17.124126], [-96.759807, 17.123957], [-96.759549, 17.123554], [-96.75938, 17.123167], [-96.759233, 17.122688], [-96.758935, 17.122731], [-96.758643, 17.122731], [-96.75846, 17.122716], [-96.758125, 17.122672], [-96.757766, 17.122601], [-96.757312, 17.122519], [-96.756363, 17.122319], [-96.755834, 17.122331], [-96.755783, 17.122337], [-96.755566, 17.122406], [-96.755338, 17.12246], [-96.755258, 17.121724], [-96.755156, 17.121162], [-96.755043, 17.120532], [-96.754276, 17.120491], [-96.753208, 17.120399], [-96.75228, 17.120327], [-96.751664, 17.120283], [-96.751892, 17.119622], [-96.75242, 17.119414], [-96.753123, 17.119128], [-96.753068, 17.118979], [-96.752896, 17.118449], [-96.752912, 17.118413], [-96.753813, 17.118034], [-96.755447, 17.117375], [-96.757697, 17.116509], [-96.758963, 17.116024], [-96.759122, 17.115947], [-96.758556, 17.115342], [-96.75807, 17.114717], [-96.757391, 17.113825], [-96.757137, 17.113471], [-96.756683, 17.112671], [-96.756522, 17.112353], [-96.756206, 17.111748], [-96.755817, 17.110836], [-96.755656, 17.110372], [-96.755289, 17.109508], [-96.755012, 17.10889], [-96.75465, 17.108039], [-96.754132, 17.106837], [-96.753202, 17.104578], [-96.750329, 17.097878], [-96.750144, 17.097398], [-96.74997, 17.097173], [-96.749803, 17.096824], [-96.749262, 17.095493], [-96.74876, 17.094253], [-96.748443, 17.093566], [-96.748282, 17.093289], [-96.748138, 17.092948], [-96.748033, 17.092755], [-96.748006, 17.092443], [-96.747786, 17.092107], [-96.747703, 17.091779], [-96.747556, 17.091507], [-96.747263, 17.090815], [-96.746831, 17.089822], [-96.746662, 17.089425], [-96.746359, 17.088784], [-96.745893, 17.087723], [-96.745244, 17.086261], [-96.744793, 17.085179], [-96.744141, 17.083595], [-96.743763, 17.082754], [-96.74361, 17.082439], [-96.743559, 17.081257], [-96.743535, 17.080526], [-96.743492, 17.08017], [-96.743272, 17.079734], [-96.742996, 17.079216], [-96.742907, 17.079066], [-96.74288, 17.078932], [-96.742551, 17.078335], [-96.742116, 17.077615], [-96.741609, 17.076722], [-96.741268, 17.07611], [-96.741228, 17.075899], [-96.741188, 17.075817], [-96.74107, 17.075661], [-96.740842, 17.075515], [-96.740576, 17.075094], [-96.740257, 17.074638], [-96.739619, 17.073785], [-96.73893, 17.072879], [-96.738456, 17.072219], [-96.738323, 17.071957], [-96.73789, 17.071096], [-96.737615, 17.070383], [-96.737452, 17.06993], [-96.737385, 17.069764], [-96.737171, 17.06928], [-96.736678, 17.068482], [-96.736198, 17.067691], [-96.73582, 17.067079], [-96.735887, 17.066929], [-96.735926, 17.066771], [-96.73598, 17.066406], [-96.735938, 17.066283], [-96.735862, 17.066138], [-96.735754, 17.066096], [-96.735624, 17.066116], [-96.735511, 17.06618], [-96.735488, 17.066208], [-96.73526, 17.066474], [-96.734428, 17.066769], [-96.734659, 17.067044], [-96.735016, 17.067408], [-96.735566, 17.068216], [-96.735979, 17.069031], [-96.73622, 17.069634], [-96.736421, 17.070154], [-96.736663, 17.070977], [-96.736869, 17.071362], [-96.737408, 17.072367], [-96.737848, 17.073133], [-96.738602, 17.074415], [-96.738988, 17.074987], [-96.73931, 17.075326], [-96.739704, 17.075882], [-96.74023, 17.077031], [-96.74071, 17.078125], [-96.741029, 17.078766], [-96.741536, 17.079882], [-96.741684, 17.080248], [-96.742209, 17.080559], [-96.742714, 17.080971], [-96.74303, 17.081376], [-96.743344, 17.082058], [-96.743674, 17.082869], [-96.743888, 17.083304], [-96.744342, 17.084443], [-96.745007, 17.085979], [-96.745101, 17.08625], [-96.745517, 17.087138], [-96.745849, 17.08794], [-96.746281, 17.088876], [-96.746686, 17.089863], [-96.747292, 17.091324], [-96.747923, 17.092678], [-96.748022, 17.092942], [-96.748733, 17.094613], [-96.749046, 17.095316], [-96.749564, 17.09647], [-96.749886, 17.097382], [-96.750047, 17.097687], [-96.750213, 17.097941], [-96.750661, 17.099102], [-96.751439, 17.100853], [-96.751911, 17.101951], [-96.752576, 17.103581], [-96.753075, 17.104565], [-96.753421, 17.105396], [-96.753982, 17.106721], [-96.75454, 17.108008], [-96.754829, 17.1087], [-96.755476, 17.110223], [-96.755615, 17.110531], [-96.755696, 17.110877], [-96.75591, 17.111331], [-96.756353, 17.112356], [-96.756503, 17.112556], [-96.756632, 17.112779], [-96.757144, 17.11361], [-96.75811, 17.11494], [-96.75848, 17.115481], [-96.758944, 17.116004], [-96.758963, 17.116024], [-96.757622, 17.116522], [-96.756573, 17.116937], [-96.75476, 17.11767], [-96.75286, 17.118434], [-96.753123, 17.119128], [-96.751892, 17.119622], [-96.751664, 17.120283], [-96.754097, 17.120482], [-96.755043, 17.120532], [-96.755344, 17.122443], [-96.755834, 17.122331], [-96.756382, 17.122315], [-96.757128, 17.122474], [-96.757946, 17.122625], [-96.758429, 17.122712], [-96.758935, 17.122731], [-96.759233, 17.122688], [-96.759392, 17.123214], [-96.759684, 17.123773], [-96.760103, 17.124255], [-96.760593, 17.124622], [-96.761244, 17.125026], [-96.759714, 17.126296], [-96.758329, 17.127466], [-96.757787, 17.127514], [-96.75594, 17.127646], [-96.753714, 17.127764], [-96.753228, 17.127721], [-96.752751, 17.127508], [-96.751104, 17.126585], [-96.750787, 17.126378], [-96.750476, 17.126244], [-96.750122, 17.126139], [-96.749778, 17.126112], [-96.749473, 17.126196], [-96.749344, 17.12629], [-96.748968, 17.126907]]]}, "properties": {"route_id": "RC05", "route_name": "RC-05 XUUJX: Viguera / Los Ángeles – Jardín Madero (Centro)RC05"}}, {"type": "Feature", "geometry": {"type": "MultiLineString", "coordinates": [[[-96.769135, 17.108597], [-96.769396, 17.10932], [-96.76936, 17.10941], [-96.769118, 17.10974], [-96.768746, 17.110236], [-96.768642, 17.110062], [-96.767352, 17.110524], [-96.766065, 17.111006], [-96.766014, 17.110974], [-96.765487, 17.110544], [-96.765197, 17.110313], [-96.764829, 17.110066], [-96.764652, 17.109946], [-96.764532, 17.109849], [-96.764386, 17.109708], [-96.764221, 17.109525], [-96.764141, 17.109433], [-96.764106, 17.109362], [-96.76396, 17.109075], [-96.763777, 17.108643], [-96.763477, 17.107906], [-96.763424, 17.107762], [-96.763348, 17.107544], [-96.763265, 17.107304], [-96.763105, 17.106889], [-96.762884, 17.106323], [-96.762605, 17.105609], [-96.762213, 17.104593], [-96.762008, 17.10406], [-96.761841, 17.103662], [-96.7616, 17.103075], [-96.761322, 17.102378], [-96.761193, 17.102064], [-96.761175, 17.101977], [-96.761206, 17.101786], [-96.761241, 17.101624], [-96.761221, 17.10157], [-96.76103, 17.101415], [-96.760883, 17.101241], [-96.760756, 17.100981], [-96.760715, 17.100977], [-96.760068, 17.101153], [-96.759562, 17.101313], [-96.759093, 17.101455], [-96.758384, 17.101642], [-96.757733, 17.101846], [-96.756854, 17.102095], [-96.755879, 17.102363], [-96.754706, 17.102745], [-96.754198, 17.102924], [-96.753185, 17.103269], [-96.752696, 17.103435], [-96.752375, 17.10267], [-96.751958, 17.10177], [-96.751536, 17.100805], [-96.751132, 17.099812], [-96.750608, 17.09854], [-96.750259, 17.097693], [-96.750109, 17.097312], [-96.749989, 17.09719], [-96.749874, 17.096994], [-96.749653, 17.096428], [-96.74932, 17.095618], [-96.748967, 17.094773], [-96.748703, 17.09412], [-96.748435, 17.093563], [-96.748281, 17.093303], [-96.74814, 17.092976], [-96.74805, 17.092772], [-96.748007, 17.092524], [-96.747884, 17.09226], [-96.747782, 17.092052], [-96.747703, 17.09182], [-96.747554, 17.091455], [-96.74737, 17.091066], [-96.747265, 17.090827], [-96.746885, 17.089961], [-96.746702, 17.089502], [-96.746415, 17.088902], [-96.746262, 17.088533], [-96.746045, 17.088071], [-96.745849, 17.087617], [-96.745554, 17.086984], [-96.745152, 17.086033], [-96.745004, 17.085682], [-96.744725, 17.085087], [-96.744347, 17.08411], [-96.744165, 17.083654], [-96.743945, 17.083185], [-96.743757, 17.082708], [-96.743612, 17.082464], [-96.743596, 17.082146], [-96.743561, 17.080744], [-96.743465, 17.080121], [-96.743395, 17.079964], [-96.742899, 17.079052], [-96.742893, 17.078916], [-96.74258, 17.078411], [-96.741995, 17.077403], [-96.741759, 17.07699], [-96.741323, 17.076194], [-96.741252, 17.076072], [-96.741234, 17.075913], [-96.741172, 17.075784], [-96.74108, 17.075671], [-96.74087, 17.075524], [-96.74076, 17.075371], [-96.740604, 17.075152], [-96.740321, 17.074722], [-96.740167, 17.07453], [-96.73999, 17.074253], [-96.739714, 17.073921], [-96.7394, 17.073495], [-96.739176, 17.073217], [-96.738823, 17.072758], [-96.738617, 17.072448], [-96.73843, 17.072189], [-96.738208, 17.071754], [-96.73786, 17.071029], [-96.737757, 17.070774], [-96.737458, 17.069956], [-96.73732, 17.069635], [-96.737166, 17.069275], [-96.736899, 17.068848], [-96.73647, 17.068132], [-96.736181, 17.067665], [-96.735806, 17.067048], [-96.735904, 17.06686], [-96.735948, 17.066701], [-96.735976, 17.066455], [-96.736082, 17.066247], [-96.736232, 17.065967], [-96.736317, 17.065684], [-96.736348, 17.065499], [-96.736346, 17.065335], [-96.736294, 17.065025], [-96.736207, 17.064752], [-96.736058, 17.064443], [-96.735814, 17.063933], [-96.7355, 17.063378], [-96.73525, 17.063006], [-96.735065, 17.062726], [-96.734888, 17.062514], [-96.734596, 17.062116], [-96.73443, 17.061898], [-96.734191, 17.061539], [-96.733992, 17.061242], [-96.733891, 17.061137], [-96.733711, 17.061147], [-96.733145, 17.061208], [-96.732142, 17.061224], [-96.730734, 17.061193], [-96.730484, 17.061144], [-96.729492, 17.060985], [-96.728816, 17.060839], [-96.728151, 17.060698], [-96.726992, 17.060467], [-96.726882, 17.060444], [-96.726657, 17.061519], [-96.726485, 17.062314], [-96.726305, 17.063185], [-96.726287, 17.063393], [-96.726187, 17.063878], [-96.725973, 17.064847], [-96.725753, 17.066096], [-96.72556, 17.067047], [-96.725434, 17.067585], [-96.725297, 17.068137], [-96.725085, 17.069324], [-96.72498, 17.069883], [-96.724817, 17.070752], [-96.724583, 17.071698], [-96.724422, 17.072475], [-96.723561, 17.072347], [-96.722304, 17.072134], [-96.721748, 17.072026], [-96.720791, 17.071801], [-96.720472, 17.071752], [-96.72023, 17.071757], [-96.71968, 17.071642], [-96.719136, 17.071536], [-96.71864, 17.071421], [-96.71805, 17.071298], [-96.717677, 17.071111], [-96.716907, 17.070906], [-96.71636, 17.070785], [-96.715976, 17.070675], [-96.715657, 17.070585], [-96.714906, 17.070462], [-96.713755, 17.07036], [-96.713594, 17.070372], [-96.713334, 17.070396], [-96.712704, 17.070326], [-96.712484, 17.070311], [-96.712221, 17.070244], [-96.711619, 17.07017], [-96.711313, 17.070151], [-96.710346, 17.070057], [-96.709839, 17.070002], [-96.709059, 17.069934], [-96.708216, 17.069867], [-96.70696, 17.069787], [-96.705825, 17.069694], [-96.704102, 17.069511], [-96.702998, 17.069417], [-96.70217, 17.069351], [-96.700689, 17.069211], [-96.698951, 17.069083], [-96.69743, 17.068966], [-96.696692, 17.068862], [-96.694692, 17.068714], [-96.694155, 17.068647], [-96.693568, 17.068639], [-96.692347, 17.068552], [-96.691765, 17.068488], [-96.691213, 17.068424], [-96.690743, 17.068372], [-96.690094, 17.068329], [-96.68937, 17.068216], [-96.688737, 17.068026], [-96.687989, 17.067821], [-96.686473, 17.067357], [-96.685403, 17.067039], [-96.684649, 17.066793], [-96.683421, 17.066414], [-96.68204, 17.066016], [-96.681533, 17.065862], [-96.681157, 17.065806], [-96.679851, 17.065411], [-96.679604, 17.065352], [-96.679349, 17.065383], [-96.679261, 17.065632], [-96.678239, 17.066483], [-96.677136, 17.067393], [-96.67586, 17.068439], [-96.674017, 17.069965], [-96.672161, 17.071483], [-96.670479, 17.072854], [-96.669455, 17.073706], [-96.668197, 17.074713], [-96.667384, 17.075385], [-96.666295, 17.076282], [-96.665294, 17.077103], [-96.664527, 17.077754], [-96.663814, 17.078321], [-96.663063, 17.078921], [-96.662164, 17.07967], [-96.660928, 17.080705], [-96.659541, 17.081854], [-96.658632, 17.082618], [-96.657948, 17.083149], [-96.657811, 17.083233], [-96.65783, 17.083444], [-96.657792, 17.083536], [-96.657304, 17.083969], [-96.657186, 17.084072], [-96.657184, 17.084151], [-96.65724, 17.084182], [-96.657892, 17.084238], [-96.657894, 17.084227], [-96.657567, 17.084193], [-96.657258, 17.084174], [-96.657205, 17.084156], [-96.657194, 17.0841], [-96.65721, 17.084056], [-96.657591, 17.083736], [-96.657778, 17.08356], [-96.657832, 17.083484], [-96.657846, 17.08337], [-96.657988, 17.083238], [-96.658324, 17.082971], [-96.658805, 17.082579], [-96.659099, 17.082321], [-96.659414, 17.082074], [-96.659713, 17.081821], [-96.66013, 17.081479], [-96.660725, 17.080974], [-96.661496, 17.080323], [-96.661827, 17.080063], [-96.662895, 17.079181], [-96.663713, 17.078532], [-96.664684, 17.077725], [-96.66569, 17.076902], [-96.667032, 17.075792], [-96.668552, 17.074533], [-96.669859, 17.073471], [-96.671306, 17.072298], [-96.67254, 17.071261], [-96.673885, 17.070188], [-96.675553, 17.068817], [-96.676681, 17.067865], [-96.677506, 17.067193], [-96.678433, 17.066456], [-96.679288, 17.065724], [-96.679508, 17.065578], [-96.679789, 17.065546], [-96.68076, 17.065832], [-96.681103, 17.065937], [-96.681957, 17.066188], [-96.682246, 17.066272], [-96.684057, 17.066819], [-96.684944, 17.06708], [-96.68601, 17.067379], [-96.68731, 17.067761], [-96.688078, 17.067964], [-96.688774, 17.068198], [-96.6893, 17.068339], [-96.690373, 17.068493], [-96.691354, 17.068588], [-96.69369, 17.068762], [-96.69501, 17.06887], [-96.695445, 17.068883], [-96.696303, 17.06896], [-96.696971, 17.069011], [-96.697386, 17.069096], [-96.698476, 17.069198], [-96.701783, 17.069503], [-96.703336, 17.069631], [-96.705004, 17.06976], [-96.706876, 17.069919], [-96.708781, 17.070078], [-96.709899, 17.070172], [-96.711921, 17.070336], [-96.713204, 17.07047], [-96.713614, 17.070431], [-96.714429, 17.070503], [-96.715298, 17.070657], [-96.715709, 17.070711], [-96.716736, 17.070972], [-96.717616, 17.071165], [-96.718015, 17.071203], [-96.719268, 17.07147], [-96.719681, 17.071531], [-96.720236, 17.071667], [-96.720523, 17.071829], [-96.721736, 17.07216], [-96.724415, 17.072567], [-96.725332, 17.072767], [-96.725577, 17.072883], [-96.725662, 17.072726], [-96.72581, 17.072016], [-96.726057, 17.070752], [-96.726301, 17.069526], [-96.726384, 17.06906], [-96.726411, 17.068698], [-96.726505, 17.067408], [-96.726534, 17.067178], [-96.726553, 17.067026], [-96.726708, 17.066244], [-96.727009, 17.064793], [-96.727202, 17.06386], [-96.727293, 17.063421], [-96.727478, 17.062606], [-96.727502, 17.062442], [-96.727653, 17.061621], [-96.727677, 17.061521], [-96.72787, 17.060649], [-96.728047, 17.059729], [-96.729066, 17.059921], [-96.730785, 17.060267], [-96.731574, 17.060449], [-96.732143, 17.060549], [-96.732215, 17.060044], [-96.733036, 17.060131], [-96.733532, 17.060793], [-96.73406, 17.061593], [-96.734347, 17.061911], [-96.734911, 17.062739], [-96.735112, 17.063052], [-96.735495, 17.063593], [-96.735721, 17.064019], [-96.736077, 17.064788], [-96.736155, 17.064983], [-96.736185, 17.065132], [-96.736281, 17.065421], [-96.736276, 17.065539], [-96.736238, 17.065693], [-96.736158, 17.065875], [-96.735876, 17.066119], [-96.735713, 17.06609], [-96.73553, 17.066137], [-96.735359, 17.066332], [-96.735257, 17.066488], [-96.734412, 17.066757], [-96.734656, 17.067019], [-96.73509, 17.067526], [-96.735587, 17.068254], [-96.735989, 17.069014], [-96.736179, 17.069506], [-96.736327, 17.069916], [-96.736437, 17.070152], [-96.736657, 17.070965], [-96.736917, 17.071439], [-96.737418, 17.07239], [-96.73788, 17.073152], [-96.738545, 17.074331], [-96.738937, 17.07489], [-96.739283, 17.075308], [-96.739578, 17.075667], [-96.739744, 17.075959], [-96.739948, 17.076406], [-96.740476, 17.077577], [-96.740712, 17.078113], [-96.741238, 17.079157], [-96.741624, 17.080069], [-96.74168, 17.080246], [-96.742316, 17.080628], [-96.742504, 17.080762], [-96.742705, 17.080962], [-96.742898, 17.081177], [-96.743014, 17.081346], [-96.743349, 17.082085], [-96.743529, 17.082554], [-96.743684, 17.082895], [-96.743883, 17.083272], [-96.744119, 17.083905], [-96.744451, 17.0847], [-96.744682, 17.08523], [-96.74495, 17.085892], [-96.745063, 17.086156], [-96.74554, 17.08723], [-96.745835, 17.087894], [-96.746337, 17.089017], [-96.746686, 17.089907], [-96.747152, 17.090932], [-96.747662, 17.092076], [-96.747866, 17.092578], [-96.748013, 17.092968], [-96.748204, 17.093365], [-96.748515, 17.094091], [-96.748705, 17.09457], [-96.749177, 17.09557], [-96.749569, 17.096473], [-96.749789, 17.097101], [-96.749918, 17.097442], [-96.750162, 17.097842], [-96.750441, 17.098554], [-96.751031, 17.099903], [-96.75139, 17.100736], [-96.751637, 17.101292], [-96.752155, 17.102561], [-96.752428, 17.103084], [-96.752586, 17.103487], [-96.7543, 17.102915], [-96.757347, 17.101972], [-96.759673, 17.101302], [-96.760724, 17.100995], [-96.760845, 17.10122], [-96.761218, 17.101597], [-96.761228, 17.101672], [-96.76118, 17.102018], [-96.761499, 17.102869], [-96.761859, 17.103746], [-96.762304, 17.104853], [-96.762765, 17.10606], [-96.763267, 17.107353], [-96.763422, 17.107796], [-96.763777, 17.108643], [-96.764031, 17.109242], [-96.764179, 17.109496], [-96.764412, 17.109755], [-96.764697, 17.109988], [-96.766065, 17.111006], [-96.768661, 17.110064], [-96.768733, 17.110255], [-96.769217, 17.109604], [-96.769367, 17.109398], [-96.769376, 17.109248], [-96.769135, 17.108597]]]}, "properties": {"route_id": "RC06", "route_name": "RC-06 Mondok: Base San Jacinto Amilpas - De Azucena Camino a HuayápamRC06"}}, {"type": "Feature", "geometry": {"type": "MultiLineString", "coordinates": [[[-96.743234, 17.100772], [-96.743053, 17.100666], [-96.742889, 17.100506], [-96.742893, 17.100444], [-96.742954, 17.10037], [-96.74312, 17.100125], [-96.743159, 17.100063], [-96.743198, 17.099988], [-96.743219, 17.09991], [-96.743314, 17.099349], [-96.743344, 17.099122], [-96.743294, 17.098926], [-96.742889, 17.097786], [-96.74283, 17.097681], [-96.742691, 17.097525], [-96.742649, 17.097448], [-96.742653, 17.097363], [-96.74268, 17.097317], [-96.742712, 17.097291], [-96.742763, 17.097248], [-96.742818, 17.097213], [-96.742885, 17.097188], [-96.742958, 17.097172], [-96.74303, 17.097167], [-96.743089, 17.097166], [-96.743179, 17.097168], [-96.743219, 17.097176], [-96.743281, 17.097191], [-96.743347, 17.097223], [-96.743583, 17.097323], [-96.743831, 17.097434], [-96.743945, 17.097476], [-96.744033, 17.097496], [-96.744122, 17.097499], [-96.744224, 17.09749], [-96.744319, 17.097468], [-96.744382, 17.097438], [-96.744429, 17.097376], [-96.744489, 17.097302], [-96.744535, 17.097223], [-96.744563, 17.097154], [-96.744595, 17.097048], [-96.744625, 17.096903], [-96.744649, 17.096752], [-96.744688, 17.096656], [-96.74475, 17.096435], [-96.744741, 17.096316], [-96.744732, 17.096236], [-96.744662, 17.096061], [-96.744615, 17.095957], [-96.74454, 17.095879], [-96.744434, 17.095813], [-96.744291, 17.095768], [-96.74415, 17.095763], [-96.743933, 17.0958], [-96.743742, 17.095836], [-96.743561, 17.095858], [-96.743194, 17.095848], [-96.742952, 17.095843], [-96.742864, 17.095838], [-96.742649, 17.095892], [-96.742474, 17.095927], [-96.742188, 17.096026], [-96.741822, 17.096131], [-96.741614, 17.09617], [-96.741589, 17.096166], [-96.74149, 17.096134], [-96.741424, 17.096081], [-96.741388, 17.096034], [-96.741327, 17.095898], [-96.741283, 17.095745], [-96.741267, 17.095717], [-96.74122, 17.095654], [-96.74114, 17.095579], [-96.741062, 17.095513], [-96.740972, 17.095444], [-96.740953, 17.095396], [-96.740934, 17.095349], [-96.740936, 17.095282], [-96.741007, 17.09513], [-96.741087, 17.094965], [-96.741192, 17.094636], [-96.741263, 17.094343], [-96.741433, 17.093907], [-96.741542, 17.093589], [-96.741613, 17.09341], [-96.741659, 17.093219], [-96.741676, 17.093148], [-96.741651, 17.093036], [-96.74163, 17.09298], [-96.741636, 17.092928], [-96.74165, 17.092876], [-96.741697, 17.092848], [-96.74193, 17.092754], [-96.742082, 17.0927], [-96.742182, 17.092672], [-96.742339, 17.092641], [-96.742418, 17.092632], [-96.742507, 17.092631], [-96.74258, 17.092621], [-96.742662, 17.092607], [-96.74274, 17.09259], [-96.742834, 17.092557], [-96.742905, 17.092516], [-96.74298, 17.092473], [-96.743052, 17.092404], [-96.743117, 17.092332], [-96.743212, 17.092272], [-96.74333, 17.092199], [-96.743401, 17.092145], [-96.743573, 17.091999], [-96.743681, 17.091922], [-96.743736, 17.091893], [-96.743904, 17.091867], [-96.743931, 17.091998], [-96.744229, 17.092987], [-96.744282, 17.09301], [-96.746514, 17.092334], [-96.746122, 17.091421], [-96.747082, 17.090914], [-96.747266, 17.090808], [-96.746707, 17.089419], [-96.745999, 17.08787], [-96.745296, 17.086316], [-96.745006, 17.085588], [-96.744717, 17.084963], [-96.744266, 17.083814], [-96.743928, 17.083096], [-96.743816, 17.082753], [-96.743622, 17.082445], [-96.743633, 17.082286], [-96.743617, 17.081866], [-96.743601, 17.081225], [-96.743569, 17.080594], [-96.743499, 17.080214], [-96.74344, 17.080004], [-96.742917, 17.079048], [-96.742909, 17.078917], [-96.742786, 17.078707], [-96.742485, 17.07822], [-96.741758, 17.07694], [-96.741281, 17.076089], [-96.741249, 17.075968], [-96.741254, 17.075915], [-96.741214, 17.07583], [-96.741147, 17.075712], [-96.74101, 17.075576], [-96.740873, 17.075502], [-96.740519, 17.074974], [-96.740232, 17.074561], [-96.739442, 17.073517], [-96.738789, 17.072666], [-96.738486, 17.072243], [-96.738456, 17.072187], [-96.738365, 17.071992], [-96.738255, 17.0718], [-96.737841, 17.070948], [-96.737492, 17.069983], [-96.737377, 17.069688], [-96.737197, 17.069296], [-96.737122, 17.069162], [-96.736433, 17.068032], [-96.73628, 17.067785], [-96.735854, 17.067108], [-96.735899, 17.066957], [-96.735972, 17.066688], [-96.735974, 17.066442], [-96.735904, 17.066265], [-96.735843, 17.066157], [-96.735719, 17.066119], [-96.735534, 17.066101], [-96.735266, 17.066083], [-96.735215, 17.066057], [-96.734764, 17.065401], [-96.734665, 17.065247], [-96.734349, 17.064868], [-96.734059, 17.064539], [-96.733946, 17.064421], [-96.733735, 17.064211], [-96.733681, 17.064132], [-96.733214, 17.063801], [-96.733069, 17.063698], [-96.732568, 17.063468], [-96.732139, 17.063368], [-96.731476, 17.06329], [-96.730216, 17.063047], [-96.727514, 17.062479], [-96.727552, 17.062237], [-96.727586, 17.062056], [-96.727684, 17.061551], [-96.727871, 17.060661], [-96.727938, 17.060392], [-96.72807, 17.059692], [-96.728322, 17.058556], [-96.728676, 17.056871], [-96.728866, 17.055915], [-96.729065, 17.054971], [-96.728338, 17.05483], [-96.728054, 17.054761], [-96.72708, 17.054538], [-96.726514, 17.054445], [-96.726082, 17.054363], [-96.725184, 17.054215], [-96.724277, 17.054071], [-96.724248, 17.054067], [-96.724105, 17.054729], [-96.723823, 17.056026], [-96.722952, 17.055877], [-96.721278, 17.055597], [-96.720256, 17.05539], [-96.719604, 17.055274], [-96.71906, 17.055172], [-96.71888, 17.055933], [-96.718751, 17.056813], [-96.717665, 17.056587], [-96.716906, 17.056464], [-96.715916, 17.056277], [-96.714462, 17.055964], [-96.713709, 17.055823], [-96.713175, 17.055728], [-96.713167, 17.055648], [-96.713239, 17.054979], [-96.713271, 17.05473], [-96.713293, 17.054507], [-96.713258, 17.05432], [-96.71318, 17.05423], [-96.713065, 17.054172], [-96.712934, 17.054192], [-96.712838, 17.054219], [-96.712767, 17.054117], [-96.712566, 17.054087], [-96.712403, 17.054046], [-96.712243, 17.054037], [-96.711934, 17.053965], [-96.710521, 17.053742], [-96.70938, 17.053599], [-96.707947, 17.053366], [-96.707298, 17.053268], [-96.7067, 17.053196], [-96.706628, 17.053073], [-96.70611, 17.052242], [-96.705963, 17.051999], [-96.705633, 17.051509], [-96.705474, 17.051255], [-96.705389, 17.051165], [-96.70522, 17.051027], [-96.704785, 17.050786], [-96.704388, 17.050568], [-96.704275, 17.050501], [-96.703978, 17.050391], [-96.703291, 17.050255], [-96.702545, 17.050111], [-96.701821, 17.049965], [-96.700869, 17.049777], [-96.699346, 17.049474], [-96.697554, 17.049136], [-96.697372, 17.049059], [-96.697007, 17.048792], [-96.696889, 17.048685], [-96.696157, 17.04849], [-96.695234, 17.048272], [-96.695025, 17.048218], [-96.694869, 17.048144], [-96.69359, 17.047841], [-96.693646, 17.047646], [-96.693828, 17.047005], [-96.69393, 17.046577], [-96.694005, 17.04632], [-96.694097, 17.046005], [-96.69419, 17.0456], [-96.694295, 17.045141], [-96.694333, 17.044973], [-96.694378, 17.044855], [-96.694413, 17.044757], [-96.694435, 17.044687], [-96.694451, 17.044621], [-96.694453, 17.04453], [-96.694448, 17.044442], [-96.69442, 17.044375], [-96.694366, 17.044306], [-96.694138, 17.044178], [-96.693505, 17.04383], [-96.693132, 17.043635], [-96.692447, 17.04326], [-96.692426, 17.043235], [-96.692494, 17.042736], [-96.692552, 17.042285], [-96.692678, 17.041552], [-96.692758, 17.041054], [-96.692849, 17.040431], [-96.692903, 17.040077], [-96.692924, 17.039498], [-96.692903, 17.039382], [-96.692839, 17.039249], [-96.69266, 17.038917], [-96.692588, 17.038923], [-96.692021, 17.039255], [-96.691992, 17.039253], [-96.691966, 17.039172], [-96.691544, 17.038354], [-96.691117, 17.037531], [-96.690875, 17.037084], [-96.690798, 17.037], [-96.69073, 17.036932], [-96.690657, 17.036887], [-96.690458, 17.036816], [-96.690358, 17.036824], [-96.690285, 17.036841], [-96.690216, 17.036877], [-96.690257, 17.03689], [-96.690327, 17.036861], [-96.690409, 17.036847], [-96.690486, 17.036854], [-96.690593, 17.036893], [-96.690676, 17.036938], [-96.690711, 17.036959], [-96.690772, 17.037014], [-96.690849, 17.037118], [-96.69092, 17.037236], [-96.691057, 17.037498], [-96.691163, 17.037696], [-96.691427, 17.038218], [-96.691632, 17.038598], [-96.691986, 17.039293], [-96.692023, 17.039298], [-96.692239, 17.039166], [-96.69263, 17.038942], [-96.692701, 17.039078], [-96.692822, 17.039312], [-96.692877, 17.039433], [-96.692876, 17.039639], [-96.692854, 17.040093], [-96.69278, 17.040584], [-96.692686, 17.041232], [-96.69261, 17.041697], [-96.69251, 17.042237], [-96.692469, 17.042601], [-96.692384, 17.043223], [-96.692382, 17.043265], [-96.692425, 17.043299], [-96.692838, 17.043515], [-96.69383, 17.044051], [-96.694241, 17.044276], [-96.694343, 17.044336], [-96.694375, 17.044381], [-96.694403, 17.044445], [-96.694411, 17.04453], [-96.694406, 17.044612], [-96.694402, 17.044655], [-96.694366, 17.04476], [-96.694313, 17.0449], [-96.694265, 17.045069], [-96.69425, 17.045177], [-96.694127, 17.045668], [-96.694069, 17.04593], [-96.693891, 17.0466], [-96.693722, 17.047234], [-96.693515, 17.047926], [-96.693787, 17.048006], [-96.694191, 17.048105], [-96.694654, 17.04821], [-96.694985, 17.048279], [-96.695587, 17.048394], [-96.695683, 17.04842], [-96.695775, 17.04846], [-96.69626, 17.048566], [-96.696662, 17.048673], [-96.696788, 17.048702], [-96.696869, 17.048739], [-96.69713, 17.048942], [-96.697238, 17.049027], [-96.697346, 17.0491], [-96.697438, 17.049148], [-96.697553, 17.049187], [-96.697745, 17.04923], [-96.698744, 17.049415], [-96.699586, 17.049589], [-96.700423, 17.049748], [-96.701225, 17.049897], [-96.701819, 17.050016], [-96.702612, 17.050183], [-96.703053, 17.050265], [-96.703603, 17.05037], [-96.703934, 17.050433], [-96.704311, 17.050564], [-96.704376, 17.050623], [-96.704865, 17.050884], [-96.705066, 17.050992], [-96.705221, 17.051096], [-96.705449, 17.051315], [-96.705775, 17.051823], [-96.706258, 17.052583], [-96.70664, 17.05319], [-96.706899, 17.053569], [-96.707236, 17.054055], [-96.707551, 17.054478], [-96.707786, 17.05479], [-96.70814, 17.055283], [-96.708433, 17.055712], [-96.708674, 17.056095], [-96.708857, 17.056377], [-96.70935, 17.057149], [-96.709447, 17.057269], [-96.709588, 17.057529], [-96.709686, 17.057598], [-96.709779, 17.057603], [-96.709825, 17.057562], [-96.710294, 17.057005], [-96.711053, 17.056105], [-96.71141, 17.055692], [-96.711644, 17.055433], [-96.711831, 17.055248], [-96.712121, 17.054992], [-96.712907, 17.054484], [-96.713183, 17.054346], [-96.713446, 17.05423], [-96.713524, 17.054215], [-96.713623, 17.054256], [-96.71376, 17.054264], [-96.714438, 17.054366], [-96.714955, 17.054444], [-96.715763, 17.054552], [-96.716687, 17.05468], [-96.717294, 17.054772], [-96.717742, 17.054847], [-96.717955, 17.054885], [-96.718243, 17.054967], [-96.718682, 17.055098], [-96.719004, 17.055193], [-96.7191, 17.055208], [-96.718994, 17.055622], [-96.71891, 17.055987], [-96.719476, 17.056089], [-96.71992, 17.056184], [-96.720773, 17.056352], [-96.721754, 17.05655], [-96.722653, 17.05669], [-96.723546, 17.056855], [-96.723967, 17.056957], [-96.724219, 17.057021], [-96.724622, 17.057103], [-96.725625, 17.057275], [-96.726454, 17.057435], [-96.727556, 17.057664], [-96.72822, 17.057796], [-96.728865, 17.057922], [-96.729699, 17.058083], [-96.730798, 17.058254], [-96.731244, 17.058313], [-96.731335, 17.058334], [-96.731196, 17.058749], [-96.731158, 17.058834], [-96.731142, 17.05896], [-96.731011, 17.059596], [-96.730821, 17.060288], [-96.731156, 17.060378], [-96.731658, 17.060486], [-96.7321, 17.060555], [-96.732913, 17.060706], [-96.73313, 17.060752], [-96.733336, 17.060768], [-96.73346, 17.060758], [-96.733681, 17.061088], [-96.734043, 17.061614], [-96.734336, 17.06195], [-96.734384, 17.062019], [-96.734631, 17.062365], [-96.734834, 17.062663], [-96.735052, 17.063004], [-96.735245, 17.063299], [-96.735465, 17.063609], [-96.735757, 17.064135], [-96.735881, 17.064381], [-96.73605, 17.064771], [-96.736152, 17.065024], [-96.736216, 17.06526], [-96.736264, 17.065527], [-96.736218, 17.065727], [-96.736138, 17.065848], [-96.736084, 17.065937], [-96.735958, 17.066032], [-96.735848, 17.066117], [-96.7355, 17.066168], [-96.73528, 17.066419], [-96.735178, 17.066506], [-96.734395, 17.06675], [-96.734376, 17.066788], [-96.734666, 17.067063], [-96.734891, 17.067319], [-96.735103, 17.067591], [-96.735347, 17.067927], [-96.735537, 17.068227], [-96.735838, 17.068796], [-96.735958, 17.069032], [-96.736141, 17.069491], [-96.736398, 17.070148], [-96.736448, 17.070304], [-96.736632, 17.070976], [-96.737031, 17.071701], [-96.737396, 17.072399], [-96.737576, 17.072694], [-96.738211, 17.073811], [-96.738571, 17.074401], [-96.738941, 17.074955], [-96.739161, 17.075219], [-96.739542, 17.075673], [-96.739708, 17.075916], [-96.739915, 17.076383], [-96.740068, 17.07675], [-96.740336, 17.077365], [-96.740676, 17.078129], [-96.741127, 17.079037], [-96.741417, 17.079626], [-96.741502, 17.07988], [-96.741454, 17.079955], [-96.741449, 17.080055], [-96.741441, 17.080144], [-96.741787, 17.080342], [-96.742012, 17.080475], [-96.742288, 17.080655], [-96.742522, 17.080834], [-96.742712, 17.080996], [-96.742862, 17.081178], [-96.743029, 17.081434], [-96.74323, 17.081903], [-96.743426, 17.082365], [-96.743622, 17.082856], [-96.743802, 17.083225], [-96.744068, 17.083902], [-96.74444, 17.084768], [-96.744628, 17.085199], [-96.744961, 17.085986], [-96.744971, 17.086071], [-96.745191, 17.086543], [-96.745492, 17.087189], [-96.745682, 17.087673], [-96.745843, 17.087991], [-96.74595, 17.088222], [-96.746259, 17.088935], [-96.746498, 17.089481], [-96.746758, 17.09016], [-96.747069, 17.090886], [-96.747503, 17.091832], [-96.747565, 17.091996], [-96.747208, 17.092109], [-96.746687, 17.092262], [-96.746341, 17.09237], [-96.745622, 17.09258], [-96.745116, 17.092726], [-96.744552, 17.0929], [-96.744274, 17.092979], [-96.744243, 17.092906], [-96.74419, 17.092718], [-96.744073, 17.092338], [-96.743987, 17.092057], [-96.743927, 17.091865], [-96.743919, 17.091825], [-96.743785, 17.091852], [-96.743691, 17.091872], [-96.743437, 17.092062], [-96.743339, 17.092147], [-96.743279, 17.092184], [-96.743192, 17.092248], [-96.743101, 17.092304], [-96.743024, 17.09238], [-96.742962, 17.092448], [-96.74287, 17.092494], [-96.742742, 17.092551], [-96.742643, 17.092579], [-96.742539, 17.092592], [-96.742392, 17.0926], [-96.742211, 17.092637], [-96.742069, 17.09267], [-96.741947, 17.092711], [-96.741837, 17.092755], [-96.741696, 17.09281], [-96.741633, 17.092846], [-96.741599, 17.092901], [-96.741588, 17.092952], [-96.741635, 17.093125], [-96.741636, 17.093168], [-96.741564, 17.09344], [-96.741491, 17.093621], [-96.741326, 17.094083], [-96.741235, 17.094319], [-96.741155, 17.094613], [-96.741062, 17.094916], [-96.741025, 17.095015], [-96.740906, 17.095265], [-96.740896, 17.095315], [-96.740901, 17.095361], [-96.740937, 17.095449], [-96.740992, 17.095507], [-96.741058, 17.095559], [-96.741136, 17.095621], [-96.741184, 17.095675], [-96.741218, 17.095714], [-96.741251, 17.095772], [-96.741281, 17.095875], [-96.741314, 17.095975], [-96.741352, 17.096043], [-96.741387, 17.096095], [-96.741447, 17.096149], [-96.741494, 17.096172], [-96.741554, 17.096194], [-96.741621, 17.096204], [-96.741686, 17.096193], [-96.741888, 17.096146], [-96.742156, 17.09607], [-96.742442, 17.095976], [-96.742883, 17.095885], [-96.743294, 17.095888], [-96.743551, 17.095894], [-96.743736, 17.095882], [-96.743893, 17.095856], [-96.74408, 17.095812], [-96.744192, 17.095803], [-96.744301, 17.095809], [-96.744377, 17.095826], [-96.744479, 17.095881], [-96.744541, 17.095931], [-96.744597, 17.096018], [-96.744655, 17.096135], [-96.744703, 17.096281], [-96.74471, 17.096404], [-96.744698, 17.096475], [-96.74464, 17.096662], [-96.744593, 17.096849], [-96.74458, 17.096977], [-96.744505, 17.0972], [-96.744393, 17.097366], [-96.744348, 17.097414], [-96.744292, 17.097435], [-96.744148, 17.097459], [-96.744046, 17.097462], [-96.743886, 17.097421], [-96.743565, 17.097272], [-96.743355, 17.097187], [-96.74324, 17.097135], [-96.743154, 17.09713], [-96.743047, 17.097126], [-96.742929, 17.097139], [-96.742846, 17.097166], [-96.742785, 17.09719], [-96.742714, 17.097237], [-96.742659, 17.09729], [-96.742616, 17.097362], [-96.742611, 17.097437], [-96.742616, 17.097482], [-96.742706, 17.097605], [-96.742808, 17.097721], [-96.742846, 17.097795], [-96.743087, 17.098464], [-96.74319, 17.098755], [-96.743307, 17.099126], [-96.743292, 17.099214], [-96.74326, 17.099423], [-96.743169, 17.099959], [-96.743123, 17.100052], [-96.742926, 17.100348], [-96.742865, 17.100439], [-96.74286, 17.100492], [-96.742893, 17.100543], [-96.742953, 17.100596]]]}, "properties": {"route_id": "RC09", "route_name": "RC-09 Kítsian Jan: Colonia Bugambilias – Fraccionamiento El RosarioRC09"}}, {"type": "Feature", "geometry": {"type": "MultiLineString", "coordinates": [[[-96.745195, 17.108948], [-96.745354, 17.10912], [-96.745406, 17.109171], [-96.745518, 17.109239], [-96.745594, 17.109277], [-96.745644, 17.109284], [-96.745682, 17.109281], [-96.745716, 17.109287], [-96.745841, 17.109307], [-96.745914, 17.10931], [-96.745963, 17.109299], [-96.746019, 17.109281], [-96.746137, 17.109222], [-96.74618, 17.109165], [-96.746198, 17.108858], [-96.746246, 17.108701], [-96.746272, 17.108635], [-96.746243, 17.108531], [-96.746183, 17.108173], [-96.746158, 17.108023], [-96.746118, 17.107713], [-96.746098, 17.107581], [-96.746101, 17.10751], [-96.746102, 17.107468], [-96.746113, 17.107436], [-96.746138, 17.107403], [-96.746174, 17.107373], [-96.746258, 17.107339], [-96.746326, 17.107318], [-96.746389, 17.107302], [-96.746452, 17.107294], [-96.746566, 17.107306], [-96.746649, 17.107314], [-96.746779, 17.107359], [-96.746907, 17.107427], [-96.747018, 17.107485], [-96.747037, 17.107501], [-96.747086, 17.107484], [-96.747108, 17.107389], [-96.74718, 17.107123], [-96.747235, 17.106907], [-96.747284, 17.10683], [-96.747292, 17.106788], [-96.747288, 17.106754], [-96.747274, 17.106716], [-96.747233, 17.106682], [-96.747194, 17.106664], [-96.747118, 17.10667], [-96.747052, 17.10669], [-96.74703, 17.106695], [-96.746784, 17.106654], [-96.746444, 17.106604], [-96.74635, 17.106588], [-96.746301, 17.106568], [-96.746258, 17.106552], [-96.746218, 17.106532], [-96.746203, 17.106506], [-96.74606, 17.106157], [-96.746038, 17.106096], [-96.745974, 17.106087], [-96.745905, 17.106085], [-96.745804, 17.106085], [-96.745685, 17.106089], [-96.745641, 17.10609], [-96.7456, 17.106094], [-96.745572, 17.10609], [-96.745545, 17.106088], [-96.745512, 17.106062], [-96.745502, 17.106007], [-96.74552, 17.105942], [-96.745615, 17.105752], [-96.745673, 17.105664], [-96.745745, 17.105551], [-96.745779, 17.105501], [-96.745824, 17.105406], [-96.745846, 17.105334], [-96.745846, 17.105261], [-96.745827, 17.105197], [-96.745795, 17.105116], [-96.745732, 17.105041], [-96.745582, 17.104971], [-96.745474, 17.104939], [-96.74526, 17.104916], [-96.745072, 17.104914], [-96.744903, 17.104939], [-96.744813, 17.104937], [-96.744761, 17.104933], [-96.744726, 17.104886], [-96.7447, 17.104833], [-96.744698, 17.104778], [-96.744715, 17.104701], [-96.744796, 17.104509], [-96.744839, 17.104402], [-96.744904, 17.104154], [-96.744943, 17.104033], [-96.744975, 17.103955], [-96.744982, 17.103868], [-96.744982, 17.103768], [-96.744971, 17.103695], [-96.744957, 17.103641], [-96.744867, 17.103412], [-96.745909, 17.103005], [-96.745926, 17.102993], [-96.745989, 17.103054], [-96.746052, 17.103078], [-96.746146, 17.103074], [-96.746184, 17.103055], [-96.746212, 17.103019], [-96.746238, 17.102966], [-96.746369, 17.102947], [-96.747076, 17.102866], [-96.74714, 17.102858], [-96.747664, 17.102723], [-96.747978, 17.102642], [-96.748535, 17.102484], [-96.749708, 17.102099], [-96.749791, 17.102101], [-96.749877, 17.102099], [-96.749909, 17.102073], [-96.74998, 17.102024], [-96.750371, 17.10186], [-96.75102, 17.101592], [-96.751606, 17.101358], [-96.751692, 17.101282], [-96.751714, 17.101232], [-96.751707, 17.101128], [-96.751454, 17.100512], [-96.751145, 17.099767], [-96.750793, 17.098938], [-96.750455, 17.098111], [-96.750211, 17.097518], [-96.750138, 17.097334], [-96.750098, 17.097275], [-96.750018, 17.097195], [-96.749916, 17.097029], [-96.749642, 17.096354], [-96.749382, 17.095706], [-96.748958, 17.094642], [-96.748467, 17.09357], [-96.748341, 17.093352], [-96.748298, 17.093275], [-96.748156, 17.092963], [-96.748073, 17.092786], [-96.748003, 17.092455], [-96.747882, 17.092209], [-96.747815, 17.092083], [-96.747789, 17.091947], [-96.74773, 17.091817], [-96.747617, 17.091573], [-96.747308, 17.090855], [-96.746716, 17.089463], [-96.746488, 17.088989], [-96.746061, 17.08804], [-96.745734, 17.087304], [-96.7452, 17.086084], [-96.745155, 17.086002], [-96.745133, 17.085887], [-96.744776, 17.085112], [-96.744305, 17.083948], [-96.743935, 17.083122], [-96.743774, 17.082707], [-96.743633, 17.082475], [-96.743636, 17.082346], [-96.743611, 17.082211], [-96.743603, 17.082079], [-96.74361, 17.0819], [-96.743606, 17.08166], [-96.743602, 17.081083], [-96.743597, 17.080964], [-96.743561, 17.080578], [-96.743527, 17.080288], [-96.743466, 17.080051], [-96.74329, 17.07969], [-96.743173, 17.07949], [-96.743007, 17.079188], [-96.742933, 17.07907], [-96.742916, 17.078959], [-96.74287, 17.078845], [-96.742544, 17.078304], [-96.742259, 17.07781], [-96.742086, 17.077511], [-96.741956, 17.077284], [-96.741718, 17.076868], [-96.741593, 17.076641], [-96.741422, 17.076344], [-96.741306, 17.076123], [-96.741266, 17.076038], [-96.741258, 17.075947], [-96.741223, 17.075865], [-96.741184, 17.07579], [-96.741148, 17.075735], [-96.741111, 17.075681], [-96.741041, 17.075606], [-96.740927, 17.075527], [-96.740856, 17.075491], [-96.740732, 17.0753], [-96.740447, 17.074874], [-96.73932, 17.073364], [-96.738789, 17.072644], [-96.738521, 17.072287], [-96.738458, 17.072203], [-96.738414, 17.072116], [-96.738378, 17.072031], [-96.7383, 17.07188], [-96.737872, 17.071012], [-96.737838, 17.070957], [-96.737722, 17.07063], [-96.737545, 17.070141], [-96.737467, 17.069926], [-96.737423, 17.069804], [-96.737331, 17.069604], [-96.73723, 17.069372], [-96.737203, 17.069303], [-96.737168, 17.069257], [-96.737117, 17.069176], [-96.736918, 17.068836], [-96.736811, 17.068652], [-96.736476, 17.068108], [-96.736204, 17.067668], [-96.735848, 17.067099], [-96.735867, 17.067008], [-96.735906, 17.066909], [-96.735949, 17.066807], [-96.735967, 17.066684], [-96.735997, 17.066473], [-96.736016, 17.066376], [-96.736067, 17.066307], [-96.736147, 17.066178], [-96.736177, 17.066125], [-96.736226, 17.066023], [-96.736263, 17.065916], [-96.736336, 17.065658], [-96.736362, 17.06557], [-96.736373, 17.065332], [-96.736284, 17.064928], [-96.736171, 17.064637], [-96.735986, 17.064227], [-96.735827, 17.063923], [-96.735762, 17.06381], [-96.735579, 17.063489], [-96.735493, 17.06333], [-96.735289, 17.063037], [-96.735064, 17.062691], [-96.734892, 17.062478], [-96.734685, 17.062212], [-96.734573, 17.06205], [-96.734455, 17.061896], [-96.734398, 17.061771], [-96.734275, 17.061602], [-96.734034, 17.061276], [-96.733849, 17.061014], [-96.733621, 17.060709], [-96.733395, 17.060373], [-96.732993, 17.059786], [-96.732848, 17.059567], [-96.732428, 17.058944], [-96.732177, 17.058592], [-96.731759, 17.058003], [-96.731502, 17.057641], [-96.731408, 17.057551], [-96.731314, 17.057485], [-96.731083, 17.057161], [-96.730751, 17.056627], [-96.730541, 17.056309], [-96.730477, 17.056181], [-96.730375, 17.05592], [-96.730187, 17.055235], [-96.730144, 17.055009], [-96.730065, 17.05473], [-96.729963, 17.054368], [-96.729698, 17.053478], [-96.729558, 17.053055], [-96.729467, 17.05274], [-96.729416, 17.052491], [-96.729346, 17.052019], [-96.729336, 17.051812], [-96.729236, 17.051563], [-96.72906, 17.051283], [-96.728979, 17.051181], [-96.728845, 17.05104], [-96.72855, 17.050819], [-96.728282, 17.050645], [-96.72804, 17.050542], [-96.727852, 17.050488], [-96.727614, 17.050483], [-96.727212, 17.050522], [-96.726883, 17.050563], [-96.72634, 17.050686], [-96.725644, 17.05084], [-96.724367, 17.051213], [-96.72302, 17.051556], [-96.720448, 17.05221], [-96.719083, 17.052544], [-96.718412, 17.05271], [-96.718115, 17.052821], [-96.717356, 17.052985], [-96.715843, 17.053318], [-96.715552, 17.053388], [-96.715491, 17.053357], [-96.715412, 17.053305], [-96.714601, 17.053517], [-96.713155, 17.053275], [-96.713265, 17.052508], [-96.713316, 17.052098], [-96.713458, 17.051218], [-96.713555, 17.0507], [-96.713775, 17.049308], [-96.713914, 17.048346], [-96.714045, 17.047584], [-96.71418, 17.046618], [-96.714241, 17.046092], [-96.714391, 17.045241], [-96.714477, 17.044838], [-96.714536, 17.044289], [-96.714539, 17.043979], [-96.714504, 17.04384], [-96.714394, 17.043538], [-96.714249, 17.0433], [-96.714013, 17.042994], [-96.713745, 17.042622], [-96.713383, 17.04213], [-96.713203, 17.04191], [-96.713032, 17.04172], [-96.712897, 17.041589], [-96.71264, 17.041248], [-96.711972, 17.040389], [-96.711672, 17.040025], [-96.711004, 17.039132], [-96.710907, 17.038958], [-96.710864, 17.038848], [-96.710838, 17.038719], [-96.710816, 17.038583], [-96.710805, 17.038383], [-96.710824, 17.038276], [-96.710931, 17.037888], [-96.710996, 17.037778], [-96.711685, 17.036783], [-96.712149, 17.036152], [-96.712948, 17.035008], [-96.713155, 17.03455], [-96.713477, 17.034008], [-96.713705, 17.03367], [-96.71375, 17.033516], [-96.713831, 17.033218], [-96.713734, 17.033052], [-96.713007, 17.032044], [-96.712538, 17.031362], [-96.712205, 17.030895], [-96.711157, 17.029423], [-96.710719, 17.028869], [-96.710634, 17.028772], [-96.71051, 17.028661], [-96.710364, 17.028421], [-96.710247, 17.028242], [-96.710125, 17.028041], [-96.71001, 17.027823], [-96.709825, 17.027315], [-96.709771, 17.02704], [-96.70972, 17.026833], [-96.709699, 17.02665], [-96.709675, 17.026497], [-96.709694, 17.026253], [-96.709734, 17.025932], [-96.709769, 17.025722], [-96.709838, 17.025445], [-96.710013, 17.024789], [-96.710243, 17.023804], [-96.710546, 17.022544], [-96.710766, 17.021554], [-96.711215, 17.019617], [-96.711392, 17.018955], [-96.711473, 17.018612], [-96.711564, 17.01795], [-96.711655, 17.017811], [-96.712192, 17.015272], [-96.712471, 17.013923], [-96.712632, 17.013128], [-96.712744, 17.012466], [-96.712787, 17.012025], [-96.712798, 17.011712], [-96.712825, 17.010691], [-96.71291, 17.008732], [-96.712948, 17.007685], [-96.712996, 17.005613], [-96.713082, 17.003679], [-96.713101, 17.003204], [-96.713101, 17.002325], [-96.713096, 17.001365], [-96.713176, 17.000893], [-96.713216, 17.000709], [-96.713273, 16.99966], [-96.71331, 16.998562], [-96.713374, 16.996971], [-96.713439, 16.995027], [-96.713466, 16.99456], [-96.713519, 16.99356], [-96.713565, 16.991987], [-96.713616, 16.990569], [-96.71364, 16.989748], [-96.713704, 16.988435], [-96.713694, 16.987845], [-96.713651, 16.987611], [-96.713578, 16.987442], [-96.713495, 16.987273], [-96.713391, 16.987119], [-96.713316, 16.987032], [-96.71294, 16.986644], [-96.712634, 16.986288], [-96.71221, 16.985895], [-96.711677, 16.985356], [-96.71132, 16.985005], [-96.711221, 16.985031], [-96.711167, 16.985095], [-96.71145, 16.98538], [-96.71122, 16.985152], [-96.711386, 16.985344], [-96.71222, 16.986198], [-96.712698, 16.986691], [-96.712939, 16.986937], [-96.713146, 16.987142], [-96.713331, 16.987391], [-96.713417, 16.987583], [-96.713476, 16.987727], [-96.713497, 16.987865], [-96.713486, 16.988663], [-96.713462, 16.989258], [-96.713419, 16.990274], [-96.713387, 16.991239], [-96.713336, 16.992762], [-96.71328, 16.99415], [-96.713207, 16.996174], [-96.713151, 16.997546], [-96.713127, 16.998577], [-96.713081, 16.999498], [-96.713038, 17.000293], [-96.712987, 17.000922], [-96.712947, 17.00214], [-96.712934, 17.002753], [-96.712859, 17.004269], [-96.71281, 17.005744], [-96.712784, 17.006498], [-96.712738, 17.007904], [-96.712652, 17.010322], [-96.712588, 17.011876], [-96.712574, 17.012074], [-96.712526, 17.01251], [-96.712494, 17.012772], [-96.712228, 17.014105], [-96.71192, 17.015565], [-96.711692, 17.016709], [-96.711464, 17.017788], [-96.711045, 17.019589], [-96.71071, 17.020935], [-96.710455, 17.022002], [-96.710179, 17.023182], [-96.709787, 17.024805], [-96.709718, 17.025164], [-96.709573, 17.025698], [-96.709474, 17.026288], [-96.709479, 17.026549], [-96.709541, 17.027165], [-96.709637, 17.027486], [-96.70975, 17.027804], [-96.709814, 17.027945], [-96.70998, 17.028196], [-96.710606, 17.029081], [-96.711499, 17.030373], [-96.71258, 17.031879], [-96.713441, 17.033104], [-96.713631, 17.033353], [-96.713658, 17.033407], [-96.713658, 17.033474], [-96.71365, 17.033551], [-96.713626, 17.033646], [-96.713542, 17.033787], [-96.712834, 17.034887], [-96.711754, 17.036441], [-96.71122, 17.037164], [-96.711062, 17.037374], [-96.710793, 17.037787], [-96.710689, 17.038013], [-96.710619, 17.038316], [-96.710624, 17.038536], [-96.71063, 17.038711], [-96.710664, 17.038867], [-96.710705, 17.038954], [-96.710812, 17.039195], [-96.710868, 17.039303], [-96.711035, 17.039529], [-96.711563, 17.040218], [-96.712067, 17.040847], [-96.712252, 17.041067], [-96.712317, 17.041175], [-96.712585, 17.041537], [-96.712824, 17.041842], [-96.713052, 17.042055], [-96.713108, 17.042142], [-96.71332, 17.042455], [-96.713685, 17.042919], [-96.713972, 17.043316], [-96.714033, 17.043439], [-96.714151, 17.043737], [-96.714208, 17.043898], [-96.714234, 17.044037], [-96.714253, 17.044191], [-96.714261, 17.044337], [-96.714221, 17.044552], [-96.71421, 17.04485], [-96.714143, 17.045194], [-96.71402, 17.045773], [-96.71388, 17.046781], [-96.713706, 17.048109], [-96.713647, 17.048658], [-96.713486, 17.049696], [-96.713312, 17.050797], [-96.713207, 17.051402], [-96.71317, 17.051653], [-96.713116, 17.052081], [-96.71303, 17.052476], [-96.712955, 17.052817], [-96.71288, 17.053325], [-96.712821, 17.053453], [-96.712818, 17.053771], [-96.712848, 17.05382], [-96.712875, 17.053871], [-96.712963, 17.05412], [-96.713054, 17.054272], [-96.713368, 17.054232], [-96.713615, 17.054251], [-96.714098, 17.054304], [-96.714408, 17.054356], [-96.715288, 17.054495], [-96.71608, 17.054595], [-96.717423, 17.054797], [-96.717907, 17.054876], [-96.718492, 17.055046], [-96.718924, 17.055173], [-96.719069, 17.055209], [-96.719007, 17.055433], [-96.718874, 17.055948], [-96.718922, 17.055982], [-96.718974, 17.055995], [-96.719128, 17.056031], [-96.719772, 17.05615], [-96.720575, 17.056306], [-96.721348, 17.056473], [-96.721621, 17.056531], [-96.721865, 17.056568], [-96.722686, 17.056695], [-96.723494, 17.056847], [-96.723739, 17.056901], [-96.724526, 17.057083], [-96.724696, 17.057118], [-96.725478, 17.05725], [-96.725901, 17.057328], [-96.726697, 17.057486], [-96.727521, 17.057663], [-96.72837, 17.057814], [-96.729055, 17.05796], [-96.730215, 17.058165], [-96.730765, 17.058252], [-96.730993, 17.05827], [-96.731344, 17.058345], [-96.731192, 17.05875], [-96.73114, 17.05896], [-96.731012, 17.059578], [-96.730824, 17.060299], [-96.731379, 17.06043], [-96.731677, 17.060494], [-96.731966, 17.060535], [-96.732841, 17.060702], [-96.733174, 17.06075], [-96.733396, 17.060755], [-96.733479, 17.060763], [-96.733742, 17.061153], [-96.734, 17.061517], [-96.734177, 17.061766], [-96.734351, 17.061938], [-96.734431, 17.062081], [-96.734748, 17.062553], [-96.734922, 17.062784], [-96.735056, 17.063014], [-96.735244, 17.063291], [-96.735453, 17.063578], [-96.735716, 17.06405], [-96.735942, 17.064481], [-96.736121, 17.064945], [-96.736175, 17.065125], [-96.736229, 17.065299], [-96.736258, 17.065496], [-96.736239, 17.065661], [-96.736159, 17.065832], [-96.735984, 17.066012], [-96.735866, 17.066112], [-96.735775, 17.066091], [-96.735668, 17.066122], [-96.735496, 17.066168], [-96.735354, 17.066307], [-96.735282, 17.066412], [-96.735233, 17.066468], [-96.734429, 17.066729], [-96.734379, 17.066764], [-96.734391, 17.066796], [-96.734586, 17.066996], [-96.734769, 17.067173], [-96.735022, 17.067481], [-96.735225, 17.067735], [-96.735553, 17.068266], [-96.735856, 17.068827], [-96.736006, 17.069138], [-96.736129, 17.069481], [-96.736406, 17.070181], [-96.736609, 17.070894], [-96.736829, 17.07132], [-96.737395, 17.072407], [-96.737749, 17.072991], [-96.738227, 17.073822], [-96.738594, 17.074453], [-96.738951, 17.07496], [-96.739192, 17.075253], [-96.739638, 17.075796], [-96.739766, 17.076048], [-96.740144, 17.076922], [-96.740558, 17.077809], [-96.740694, 17.078152], [-96.741121, 17.079009], [-96.741502, 17.079878], [-96.741419, 17.080009], [-96.741416, 17.080096], [-96.741494, 17.080176], [-96.741858, 17.080378], [-96.742014, 17.080481], [-96.742258, 17.080616], [-96.742685, 17.08097], [-96.742835, 17.081124], [-96.743001, 17.081396], [-96.743331, 17.082129], [-96.743605, 17.082783], [-96.743838, 17.083293], [-96.744077, 17.083883], [-96.744407, 17.084644], [-96.744616, 17.08516], [-96.744975, 17.085993], [-96.745002, 17.086116], [-96.745112, 17.086342], [-96.74538, 17.086918], [-96.745713, 17.087695], [-96.74604, 17.088436], [-96.746287, 17.08898], [-96.746491, 17.089467], [-96.746748, 17.090121], [-96.747081, 17.090897], [-96.747574, 17.091979], [-96.747848, 17.092569], [-96.747982, 17.092915], [-96.748089, 17.093184], [-96.748489, 17.094112], [-96.748647, 17.094489], [-96.748789, 17.094825], [-96.7491, 17.095486], [-96.749355, 17.096071], [-96.749535, 17.096481], [-96.749817, 17.097243], [-96.749865, 17.097427], [-96.750171, 17.097932], [-96.750404, 17.098555], [-96.750766, 17.099378], [-96.750954, 17.099791], [-96.751249, 17.100463], [-96.751565, 17.101183], [-96.751582, 17.101224], [-96.751547, 17.101265], [-96.750471, 17.101691], [-96.749956, 17.101896], [-96.749905, 17.101896], [-96.74983, 17.101873], [-96.74976, 17.101885], [-96.749682, 17.101978], [-96.749379, 17.102101], [-96.748264, 17.102452], [-96.747797, 17.10257], [-96.747352, 17.10268], [-96.746855, 17.102785], [-96.746273, 17.102862], [-96.746222, 17.102844], [-96.746174, 17.102798], [-96.746094, 17.102785], [-96.745992, 17.10279], [-96.745917, 17.102908], [-96.745903, 17.102962], [-96.744863, 17.103382], [-96.74483, 17.103409], [-96.744871, 17.103532], [-96.744923, 17.103672], [-96.744942, 17.103764], [-96.744942, 17.10387], [-96.744935, 17.103953], [-96.74486, 17.104172], [-96.744824, 17.104303], [-96.7448, 17.104393], [-96.744738, 17.104537], [-96.74468, 17.104684], [-96.744665, 17.104735], [-96.74466, 17.104794], [-96.744674, 17.104854], [-96.744698, 17.104908], [-96.744719, 17.104937], [-96.744742, 17.104955], [-96.744785, 17.104974], [-96.744852, 17.10498], [-96.744919, 17.104971], [-96.745115, 17.104954], [-96.745239, 17.10495], [-96.745372, 17.104959], [-96.745486, 17.104978], [-96.745565, 17.104995], [-96.745624, 17.105019], [-96.745673, 17.105044], [-96.745717, 17.105085], [-96.745757, 17.105121], [-96.745785, 17.10519], [-96.745808, 17.105258], [-96.745805, 17.105313], [-96.745801, 17.105355], [-96.745785, 17.10541], [-96.745734, 17.105501], [-96.745626, 17.10566], [-96.745508, 17.105881], [-96.745475, 17.105947], [-96.745461, 17.106004], [-96.745461, 17.106034], [-96.745481, 17.106059], [-96.7455, 17.106088], [-96.745533, 17.106108], [-96.745572, 17.106118], [-96.745642, 17.106122], [-96.745722, 17.106115], [-96.745846, 17.106118], [-96.745962, 17.106126], [-96.746006, 17.106132], [-96.746025, 17.106164], [-96.746068, 17.106264], [-96.746127, 17.106415], [-96.746173, 17.106516], [-96.746194, 17.106554], [-96.746204, 17.10657], [-96.746267, 17.106591], [-96.746346, 17.106614], [-96.746434, 17.106634], [-96.746519, 17.106648], [-96.746796, 17.106695], [-96.746932, 17.106715], [-96.747011, 17.106728], [-96.74703, 17.106747], [-96.747016, 17.106792], [-96.74703, 17.106834], [-96.747057, 17.106869], [-96.747097, 17.106902], [-96.747153, 17.106915], [-96.747199, 17.106919], [-96.747051, 17.107446], [-96.747038, 17.107456], [-96.746996, 17.107425], [-96.746932, 17.107396], [-96.74685, 17.107357], [-96.746796, 17.107328], [-96.746717, 17.107301], [-96.746657, 17.107282], [-96.746595, 17.107274], [-96.746524, 17.107265], [-96.746466, 17.107262], [-96.746394, 17.107262], [-96.746326, 17.107287], [-96.746256, 17.107301], [-96.746173, 17.107337], [-96.746107, 17.107379], [-96.746068, 17.107439], [-96.746056, 17.107515], [-96.746098, 17.107905], [-96.74617, 17.108326], [-96.746202, 17.108537], [-96.746237, 17.108611], [-96.746185, 17.108784], [-96.746169, 17.108845], [-96.746148, 17.109153], [-96.746144, 17.109177], [-96.746111, 17.109203], [-96.745982, 17.109262], [-96.745898, 17.109277], [-96.745841, 17.109276], [-96.745726, 17.109257], [-96.745652, 17.109254], [-96.745596, 17.10925], [-96.745509, 17.1092], [-96.745447, 17.109163], [-96.74541, 17.109142], [-96.745348, 17.109069], [-96.74522, 17.108931]]]}, "properties": {"route_id": "RC10", "route_name": "RC-10 Kaimo: Manzana L – Ánimas TrujanoRC10"}}, {"type": "Feature", "geometry": {"type": "MultiLineString", "coordinates": [[[-96.726232, 16.976922], [-96.725824, 16.978297], [-96.72565, 16.978948], [-96.725489, 16.979423], [-96.725159, 16.980829], [-96.724792, 16.982342], [-96.724585, 16.983163], [-96.724389, 16.983966], [-96.724105, 16.985128], [-96.723614, 16.987096], [-96.723432, 16.98796], [-96.722954, 16.990002], [-96.722724, 16.990787], [-96.722724, 16.991259], [-96.722619, 16.991498], [-96.722085, 16.992157], [-96.721798, 16.992482], [-96.721503, 16.992852], [-96.721192, 16.99336], [-96.720921, 16.993819], [-96.720798, 16.993968], [-96.720567, 16.994116], [-96.720473, 16.994204], [-96.720371, 16.994378], [-96.720122, 16.995222], [-96.719736, 16.996492], [-96.719478, 16.997425], [-96.719103, 16.99869], [-96.718657, 17.000211], [-96.718411, 17.001073], [-96.718376, 17.001247], [-96.717627, 17.001329], [-96.717359, 17.001368], [-96.71686, 17.001406], [-96.716571, 17.001414], [-96.715693, 17.001455], [-96.714731, 17.001504], [-96.714532, 17.001524], [-96.714229, 17.001604], [-96.713985, 17.001712], [-96.713727, 17.001858], [-96.71343, 17.002099], [-96.713259, 17.002294], [-96.712966, 17.00253], [-96.712932, 17.003549], [-96.712866, 17.004584], [-96.712832, 17.005891], [-96.712797, 17.007108], [-96.712714, 17.009463], [-96.712633, 17.011379], [-96.712553, 17.012587], [-96.712255, 17.014138], [-96.71192, 17.015793], [-96.711552, 17.017593], [-96.711161, 17.019201], [-96.71079, 17.020802], [-96.710372, 17.022458], [-96.710037, 17.023895], [-96.709723, 17.025213], [-96.709543, 17.025926], [-96.709511, 17.026549], [-96.709597, 17.027272], [-96.709833, 17.027914], [-96.710978, 17.029552], [-96.711643, 17.030514], [-96.712255, 17.031373], [-96.71344, 17.033014], [-96.713693, 17.033368], [-96.713655, 17.033556], [-96.713601, 17.033771], [-96.713078, 17.034517], [-96.712537, 17.035361], [-96.711863, 17.036305], [-96.711201, 17.037215], [-96.710806, 17.037797], [-96.710731, 17.037954], [-96.710627, 17.038295], [-96.710643, 17.038646], [-96.710742, 17.03901], [-96.711131, 17.039631], [-96.712201, 17.040977], [-96.712679, 17.041621], [-96.712931, 17.041918], [-96.713097, 17.042054], [-96.713465, 17.042619], [-96.713805, 17.043026], [-96.714017, 17.04338], [-96.714167, 17.043688], [-96.714261, 17.044098], [-96.714264, 17.044452], [-96.714234, 17.04466], [-96.714159, 17.045216], [-96.714017, 17.045957], [-96.713896, 17.046981], [-96.713727, 17.048122], [-96.713545, 17.049491], [-96.71329, 17.051007], [-96.713154, 17.051984], [-96.713068, 17.052373], [-96.712912, 17.053132], [-96.712885, 17.053353], [-96.712815, 17.053561], [-96.71288, 17.053884], [-96.713011, 17.054392], [-96.713009, 17.054789], [-96.712866, 17.056186], [-96.712837, 17.05692], [-96.712724, 17.058046], [-96.71274, 17.058538], [-96.713035, 17.059328], [-96.713518, 17.060471], [-96.713604, 17.060822], [-96.713634, 17.061107], [-96.71373, 17.061369], [-96.713896, 17.061571], [-96.714006, 17.061787], [-96.714044, 17.062258], [-96.714041, 17.062669], [-96.714098, 17.063171], [-96.714127, 17.063864], [-96.714173, 17.064589], [-96.714167, 17.065192], [-96.714124, 17.065266], [-96.71413, 17.065474], [-96.71414, 17.065605], [-96.71413, 17.065928], [-96.714063, 17.066579], [-96.713985, 17.067233], [-96.713843, 17.068287], [-96.713803, 17.068523], [-96.71377, 17.0691], [-96.713599, 17.070448], [-96.713529, 17.070858], [-96.713414, 17.07153], [-96.713328, 17.072394], [-96.713258, 17.072861], [-96.713124, 17.073861], [-96.713035, 17.074417], [-96.71292, 17.075228], [-96.712789, 17.076035], [-96.712665, 17.077079], [-96.712472, 17.078302], [-96.712373, 17.079343], [-96.712247, 17.079899], [-96.712225, 17.080453], [-96.712086, 17.081471], [-96.712032, 17.081801], [-96.711928, 17.082363], [-96.711861, 17.08325], [-96.711818, 17.083458], [-96.711595, 17.083804], [-96.711319, 17.084327], [-96.711209, 17.084829], [-96.711217, 17.085147], [-96.711351, 17.085565], [-96.711608, 17.086032], [-96.711751, 17.086242], [-96.71156, 17.085924], [-96.711751, 17.086242], [-96.711799, 17.086416], [-96.711879, 17.086461], [-96.71197, 17.086491], [-96.712142, 17.086457], [-96.71249, 17.08655], [-96.713209, 17.086814], [-96.713743, 17.087122], [-96.714379, 17.087462], [-96.714896, 17.087729], [-96.716192, 17.088483], [-96.71657, 17.088696], [-96.716905, 17.088888], [-96.717045, 17.089057], [-96.717257, 17.089085], [-96.71731, 17.088957], [-96.71742, 17.088496], [-96.71778, 17.087352], [-96.718072, 17.086498], [-96.71822, 17.08614], [-96.718456, 17.085306], [-96.718775, 17.084317], [-96.719016, 17.083619], [-96.719065, 17.083476], [-96.719207, 17.083245], [-96.719121, 17.082719], [-96.719126, 17.082353], [-96.719067, 17.082084], [-96.718904, 17.081909], [-96.718944, 17.081573], [-96.719043, 17.080963], [-96.719212, 17.079468], [-96.719266, 17.079253], [-96.719373, 17.079071], [-96.719384, 17.078958], [-96.719295, 17.078894], [-96.7194, 17.077832], [-96.719531, 17.076802], [-96.71959, 17.076502], [-96.719649, 17.075763], [-96.719667, 17.075224], [-96.719491, 17.074735], [-96.719538, 17.074604], [-96.71955, 17.074453], [-96.719432, 17.07431], [-96.719515, 17.073261], [-96.719572, 17.072338], [-96.719637, 17.071639], [-96.718813, 17.071482], [-96.718067, 17.07131], [-96.717667, 17.071088], [-96.717182, 17.070984], [-96.716659, 17.070858], [-96.715796, 17.070605], [-96.714652, 17.070444], [-96.7137, 17.070361], [-96.713789, 17.069556], [-96.713872, 17.068969], [-96.713942, 17.068205], [-96.714135, 17.066946], [-96.714293, 17.065592], [-96.714379, 17.065405], [-96.71432, 17.065153], [-96.714245, 17.064284], [-96.714105, 17.062018], [-96.714038, 17.061443], [-96.714014, 17.061274], [-96.713625, 17.060333], [-96.713038, 17.058822], [-96.71289, 17.058443], [-96.712965, 17.057225], [-96.71303, 17.056602], [-96.713081, 17.056271], [-96.713249, 17.054702], [-96.713266, 17.054445], [-96.713148, 17.054022], [-96.713097, 17.053622], [-96.713188, 17.052776], [-96.7133, 17.052122], [-96.713574, 17.050389], [-96.713842, 17.04866], [-96.713899, 17.048324], [-96.714003, 17.04764], [-96.714231, 17.046029], [-96.714448, 17.044827], [-96.7145, 17.044293], [-96.71451, 17.043914], [-96.714373, 17.043537], [-96.713966, 17.042972], [-96.713193, 17.041929], [-96.712743, 17.041431], [-96.711729, 17.040131], [-96.710959, 17.039105], [-96.71086, 17.038892], [-96.71079, 17.03861], [-96.710782, 17.03828], [-96.710911, 17.037869], [-96.711109, 17.037554], [-96.711844, 17.036502], [-96.712437, 17.035672], [-96.713038, 17.034835], [-96.71319, 17.034443], [-96.713646, 17.033807], [-96.713773, 17.033504], [-96.713816, 17.033217], [-96.713373, 17.032568], [-96.71289, 17.031899], [-96.712303, 17.031045], [-96.711184, 17.029488], [-96.710723, 17.028901], [-96.710626, 17.028783], [-96.710482, 17.028662], [-96.710157, 17.028173], [-96.709926, 17.027719], [-96.709712, 17.027039], [-96.709631, 17.026454], [-96.709722, 17.025818], [-96.71005, 17.02449], [-96.710578, 17.022233], [-96.710913, 17.020804], [-96.711249, 17.019294], [-96.711517, 17.018155], [-96.711686, 17.017396], [-96.711911, 17.016344], [-96.71215, 17.015354], [-96.712324, 17.014385], [-96.712517, 17.013574], [-96.712694, 17.012469], [-96.712799, 17.010904], [-96.712861, 17.008688], [-96.712949, 17.006157], [-96.713035, 17.004251], [-96.71307, 17.00312], [-96.713115, 17.002871], [-96.713282, 17.002381], [-96.713317, 17.00226], [-96.713494, 17.00207], [-96.713757, 17.001861], [-96.713998, 17.001714], [-96.714145, 17.001649], [-96.714386, 17.001573], [-96.714685, 17.001519], [-96.715364, 17.001482], [-96.716218, 17.001442], [-96.716676, 17.001422], [-96.716952, 17.001416], [-96.717437, 17.00138], [-96.717518, 17.001391], [-96.718368, 17.001346], [-96.718397, 17.001343], [-96.718402, 17.001178], [-96.718434, 17.001023], [-96.718511, 17.000774], [-96.718618, 17.000406], [-96.718698, 17.00013], [-96.718827, 16.999716], [-96.718954, 16.999257], [-96.719075, 16.998855], [-96.719181, 16.998461], [-96.719321, 16.998005], [-96.719455, 16.997536], [-96.719531, 16.997278], [-96.719653, 16.996856], [-96.719772, 16.996407], [-96.719888, 16.996025], [-96.720254, 16.99481], [-96.720364, 16.994437], [-96.720409, 16.994349], [-96.720487, 16.994208], [-96.720834, 16.993954], [-96.720901, 16.993874], [-96.721111, 16.993547], [-96.721181, 16.993404], [-96.721391, 16.993071], [-96.721516, 16.992868], [-96.721764, 16.992544], [-96.72204, 16.992221], [-96.722372, 16.991825], [-96.722605, 16.991523], [-96.722693, 16.991369], [-96.722741, 16.991242], [-96.722736, 16.990785], [-96.722889, 16.990246], [-96.723043, 16.989682], [-96.723185, 16.989092], [-96.723376, 16.988285], [-96.723466, 16.987862], [-96.723676, 16.986898], [-96.723741, 16.986637], [-96.72384, 16.986258], [-96.723891, 16.986031], [-96.723987, 16.985638], [-96.72406, 16.985355], [-96.724142, 16.98501], [-96.724207, 16.984761], [-96.724284, 16.984433], [-96.72441, 16.983938], [-96.724508, 16.983548], [-96.72462, 16.983092], [-96.724766, 16.982486], [-96.724946, 16.981762], [-96.72506, 16.981291], [-96.725252, 16.980481], [-96.725295, 16.980297], [-96.725365, 16.979976], [-96.725476, 16.979544], [-96.725507, 16.97945], [-96.725679, 16.978897], [-96.725786, 16.978479], [-96.725886, 16.97812], [-96.726018, 16.977631], [-96.726192, 16.977072], [-96.726252, 16.976898]]]}, "properties": {"route_id": "RC11", "route_name": "RC-11 Má┼²: La Raya / Aeropuerto – Módulo AzulRC11"}}, {"type": "Feature", "geometry": {"type": "MultiLineString", "coordinates": [[[-96.648554, 17.074425], [-96.649434, 17.074607], [-96.650488, 17.074815], [-96.650555, 17.074828], [-96.650711, 17.07412], [-96.650915, 17.073182], [-96.65099, 17.072822], [-96.651078, 17.072397], [-96.651143, 17.072035], [-96.651223, 17.07163], [-96.651381, 17.070782], [-96.651451, 17.070389], [-96.651494, 17.07012], [-96.651558, 17.069769], [-96.651655, 17.069325], [-96.651768, 17.068784], [-96.651837, 17.06853], [-96.651904, 17.0682], [-96.652009, 17.067692], [-96.652103, 17.067094], [-96.652215, 17.067012], [-96.65254, 17.067043], [-96.652661, 17.067002], [-96.652862, 17.066705], [-96.65302, 17.066453], [-96.65339, 17.065848], [-96.653779, 17.065256], [-96.654165, 17.064679], [-96.654342, 17.064361], [-96.654482, 17.064097], [-96.65468, 17.063753], [-96.655037, 17.063205], [-96.655351, 17.062751], [-96.655544, 17.062469], [-96.655641, 17.062307], [-96.655815, 17.062048], [-96.656078, 17.061633], [-96.65622, 17.061412], [-96.656354, 17.061207], [-96.656547, 17.060918], [-96.656697, 17.060692], [-96.656813, 17.06053], [-96.656998, 17.060223], [-96.657151, 17.059994], [-96.657282, 17.05983], [-96.657475, 17.059546], [-96.657692, 17.059133], [-96.657754, 17.059012], [-96.657837, 17.058902], [-96.658006, 17.058658], [-96.658156, 17.058451], [-96.658269, 17.058292], [-96.658508, 17.058053], [-96.658682, 17.057787], [-96.658824, 17.057581], [-96.659074, 17.057184], [-96.659463, 17.056584], [-96.659597, 17.056404], [-96.659739, 17.056207], [-96.659876, 17.056107], [-96.660048, 17.056028], [-96.660139, 17.056004], [-96.660447, 17.056122], [-96.66089, 17.056281], [-96.661466, 17.056486], [-96.662081, 17.056686], [-96.662638, 17.056866], [-96.663336, 17.057102], [-96.663996, 17.05732], [-96.664664, 17.057543], [-96.665315, 17.057769], [-96.665747, 17.057917], [-96.666254, 17.058092], [-96.666753, 17.05824], [-96.667311, 17.058338], [-96.667566, 17.058392], [-96.667728, 17.058418], [-96.668196, 17.058435], [-96.6684, 17.058435], [-96.66879, 17.058367], [-96.669272, 17.058284], [-96.669974, 17.058087], [-96.670133, 17.058046], [-96.67031, 17.057994], [-96.670784, 17.057884], [-96.671879, 17.057602], [-96.6723, 17.057494], [-96.672606, 17.057438], [-96.672901, 17.057376], [-96.672968, 17.057364], [-96.673638, 17.057315], [-96.674309, 17.057299], [-96.674867, 17.05731], [-96.675492, 17.057299], [-96.675902, 17.057297], [-96.676162, 17.057289], [-96.6765, 17.057289], [-96.676792, 17.057281], [-96.677246, 17.057271], [-96.678276, 17.057281], [-96.678622, 17.057292], [-96.679043, 17.057294], [-96.680915, 17.057307], [-96.681438, 17.057315], [-96.682487, 17.05732], [-96.683388, 17.05732], [-96.68393, 17.05734], [-96.684429, 17.057415], [-96.685507, 17.057674], [-96.686218, 17.057922], [-96.687645, 17.058446], [-96.689761, 17.059248], [-96.691051, 17.059715], [-96.69203, 17.060107], [-96.692325, 17.06021], [-96.693698, 17.060674], [-96.69464, 17.061046], [-96.696678, 17.061802], [-96.697199, 17.062005], [-96.698108, 17.062133], [-96.698685, 17.06212], [-96.699278, 17.062007], [-96.699669, 17.061907], [-96.700235, 17.061774], [-96.701504, 17.061418], [-96.702461, 17.061169], [-96.703419, 17.060912], [-96.703727, 17.060838], [-96.704572, 17.060592], [-96.704838, 17.060548], [-96.705286, 17.060428], [-96.705897, 17.060279], [-96.706849, 17.060002], [-96.707254, 17.05981], [-96.708185, 17.059276], [-96.708536, 17.059038], [-96.709486, 17.057882], [-96.710189, 17.057169], [-96.710693, 17.056468], [-96.711158, 17.055939], [-96.711632, 17.055375], [-96.712184, 17.054894], [-96.712948, 17.054434], [-96.714087, 17.053917], [-96.716494, 17.05336], [-96.720846, 17.052297], [-96.724041, 17.051457], [-96.726242, 17.050968], [-96.727238, 17.050661], [-96.727829, 17.050669], [-96.728293, 17.050802], [-96.72849, 17.050988], [-96.7288, 17.051317], [-96.728925, 17.051586], [-96.729153, 17.052288], [-96.729331, 17.052974], [-96.729526, 17.052977], [-96.729396, 17.052531], [-96.729335, 17.0515], [-96.729159, 17.051132], [-96.729299, 17.050458], [-96.729302, 17.050409], [-96.729324, 17.050239], [-96.729109, 17.0502], [-96.728806, 17.050017], [-96.728118, 17.050206], [-96.727367, 17.05046], [-96.726232, 17.050727], [-96.724966, 17.051074], [-96.72352, 17.051447], [-96.720594, 17.052196], [-96.717716, 17.052921], [-96.71627, 17.05323], [-96.714781, 17.0536], [-96.713577, 17.053937], [-96.712755, 17.054365], [-96.71197, 17.05489], [-96.711104, 17.055638], [-96.710358, 17.056516], [-96.709776, 17.057246], [-96.709465, 17.0576], [-96.7091, 17.058051], [-96.708692, 17.058492], [-96.708456, 17.058723], [-96.708231, 17.058892], [-96.707947, 17.059077], [-96.707523, 17.059339], [-96.706986, 17.059626], [-96.706445, 17.059831], [-96.705956, 17.059964], [-96.705061, 17.06018], [-96.704664, 17.060298], [-96.703467, 17.060621], [-96.701922, 17.06101], [-96.700812, 17.061334], [-96.699605, 17.061657], [-96.698779, 17.061852], [-96.698301, 17.061908], [-96.697765, 17.061831], [-96.697261, 17.061708], [-96.696934, 17.061616], [-96.696091, 17.061318], [-96.694686, 17.060764], [-96.694359, 17.060646], [-96.6935, 17.060328], [-96.692229, 17.059867], [-96.690303, 17.059108], [-96.689477, 17.05881], [-96.688533, 17.058462], [-96.687798, 17.058174], [-96.686886, 17.057862], [-96.68613, 17.057595], [-96.685556, 17.05739], [-96.685008, 17.057262], [-96.68473, 17.057195], [-96.684156, 17.057128], [-96.683694, 17.057072], [-96.68283, 17.057062], [-96.681055, 17.057016], [-96.678732, 17.057031], [-96.67664, 17.056995], [-96.673942, 17.057005], [-96.673019, 17.057067], [-96.672493, 17.057144], [-96.672182, 17.05721], [-96.670868, 17.057569], [-96.669736, 17.057862], [-96.66876, 17.058149], [-96.668288, 17.05818], [-96.667547, 17.058164], [-96.666823, 17.057974], [-96.666453, 17.057851], [-96.665562, 17.057544], [-96.664854, 17.057287], [-96.664334, 17.057108], [-96.66303, 17.056698], [-96.661324, 17.056133], [-96.660289, 17.055841], [-96.660005, 17.055785], [-96.65956, 17.056113], [-96.659125, 17.05678], [-96.658449, 17.057862], [-96.658358, 17.057974], [-96.656904, 17.057108], [-96.655155, 17.056149], [-96.653659, 17.055292], [-96.653289, 17.055072], [-96.652918, 17.054872], [-96.652436, 17.054605], [-96.652033, 17.054426], [-96.65169, 17.054231], [-96.651427, 17.055005], [-96.650773, 17.056882], [-96.650912, 17.056998], [-96.65073, 17.0576], [-96.65014, 17.059698], [-96.649866, 17.060754], [-96.649619, 17.0616], [-96.649319, 17.062836], [-96.649163, 17.063723], [-96.649147, 17.063985], [-96.648734, 17.065806], [-96.64852, 17.066682], [-96.648332, 17.067662], [-96.647951, 17.069595], [-96.647672, 17.070841], [-96.647361, 17.072477], [-96.647103, 17.074092], [-96.647109, 17.074185], [-96.648396, 17.07441]]]}, "properties": {"route_id": "RC12", "route_name": "RC-12 Ñunda: Tlalixtac de Cabrera – Yuroo Parque del Amor ‘Ladxido’RC12"}}, {"type": "Feature", "geometry": {"type": "MultiLineString", "coordinates": [[[-96.767839, 17.126451], [-96.767706, 17.126533], [-96.76579, 17.124109], [-96.764678, 17.122701], [-96.764515, 17.122537], [-96.764467, 17.122387], [-96.764316, 17.122217], [-96.764148, 17.122071], [-96.763643, 17.121491], [-96.763345, 17.121104], [-96.76267, 17.120309], [-96.761826, 17.11928], [-96.761177, 17.11851], [-96.75983, 17.116823], [-96.758896, 17.115685], [-96.757963, 17.114544], [-96.757187, 17.113578], [-96.756944, 17.113184], [-96.756733, 17.112755], [-96.75638, 17.112009], [-96.755783, 17.11068], [-96.755387, 17.109702], [-96.754068, 17.10662], [-96.752928, 17.104036], [-96.752694, 17.10345], [-96.751636, 17.100967], [-96.751356, 17.100279], [-96.75036, 17.098039], [-96.750008, 17.097232], [-96.749241, 17.095378], [-96.748775, 17.094262], [-96.748504, 17.093656], [-96.747695, 17.091805], [-96.747233, 17.090713], [-96.746255, 17.088487], [-96.745908, 17.08768], [-96.74475, 17.085038], [-96.743789, 17.082753], [-96.743612, 17.082407], [-96.743594, 17.082049], [-96.743533, 17.080467], [-96.743432, 17.080034], [-96.742891, 17.079025], [-96.742153, 17.077729], [-96.741763, 17.076972], [-96.741503, 17.07652], [-96.741326, 17.076171], [-96.741233, 17.07595], [-96.741191, 17.07578], [-96.740963, 17.075592], [-96.740841, 17.0755], [-96.740604, 17.075159], [-96.739341, 17.07343], [-96.738387, 17.072064], [-96.738024, 17.071342], [-96.737575, 17.070268], [-96.737146, 17.069195], [-96.736585, 17.068282], [-96.735728, 17.06686], [-96.735043, 17.06574], [-96.734398, 17.064922], [-96.733859, 17.064344], [-96.733381, 17.06393], [-96.73261, 17.063483], [-96.731763, 17.06331], [-96.730023, 17.063006], [-96.725887, 17.062169], [-96.720608, 17.061064], [-96.71593, 17.060112], [-96.714459, 17.060772], [-96.714258, 17.060866], [-96.714058, 17.060777], [-96.713871, 17.060699], [-96.713724, 17.060709], [-96.713609, 17.060816], [-96.713566, 17.061065], [-96.712595, 17.061381], [-96.710107, 17.062171], [-96.708772, 17.062639], [-96.708123, 17.062813], [-96.707316, 17.062992], [-96.70616, 17.063239], [-96.704757, 17.063534], [-96.701712, 17.064176], [-96.699982, 17.06455], [-96.698732, 17.064649], [-96.697404, 17.064742], [-96.696412, 17.064662], [-96.695645, 17.064476], [-96.695279, 17.064415], [-96.694976, 17.064441], [-96.694522, 17.064577], [-96.693892, 17.064772], [-96.69338, 17.064881], [-96.692808, 17.064831], [-96.687306, 17.064153], [-96.686505, 17.064045], [-96.685992, 17.063988], [-96.68483, 17.064091], [-96.683226, 17.064295], [-96.681871, 17.064136], [-96.680783, 17.063893], [-96.6792, 17.063561], [-96.677619, 17.06321], [-96.673279, 17.062269], [-96.67203, 17.062022], [-96.67056, 17.061672], [-96.669758, 17.061571], [-96.668052, 17.061323], [-96.666904, 17.061136], [-96.66717, 17.060154], [-96.667609, 17.058447], [-96.668376, 17.058421], [-96.669319, 17.058266], [-96.670452, 17.057928], [-96.670424, 17.057694], [-96.670442, 17.057617], [-96.670529, 17.057288], [-96.670678, 17.05676], [-96.670809, 17.056308], [-96.670828, 17.056251], [-96.670913, 17.055847], [-96.670755, 17.056399], [-96.670517, 17.057227], [-96.670398, 17.057629], [-96.670367, 17.05777], [-96.670078, 17.057836], [-96.668847, 17.058185], [-96.668385, 17.058258], [-96.667843, 17.058272], [-96.667297, 17.058207], [-96.66671, 17.058017], [-96.666178, 17.057847], [-96.665427, 17.057598], [-96.664817, 17.057394], [-96.663472, 17.056929], [-96.663227, 17.056845], [-96.662791, 17.056701], [-96.66252, 17.056608], [-96.662342, 17.056542], [-96.662284, 17.056695], [-96.663817, 17.057205], [-96.665419, 17.057754], [-96.666494, 17.05812], [-96.667209, 17.058338], [-96.667558, 17.05841], [-96.667583, 17.058452], [-96.667471, 17.0589], [-96.66729, 17.059614], [-96.667158, 17.060064], [-96.667074, 17.060411], [-96.666862, 17.061161], [-96.666934, 17.061187], [-96.667132, 17.061223], [-96.667973, 17.061349], [-96.669811, 17.061613], [-96.670367, 17.061681], [-96.671269, 17.06187], [-96.672005, 17.062045], [-96.67373, 17.062418], [-96.675608, 17.062816], [-96.676405, 17.06299], [-96.676728, 17.063054], [-96.678227, 17.063388], [-96.679098, 17.063577], [-96.679531, 17.063682], [-96.680108, 17.063805], [-96.680418, 17.063867], [-96.681058, 17.064005], [-96.681699, 17.064133], [-96.682798, 17.064287], [-96.683181, 17.064325], [-96.68344, 17.064321], [-96.683644, 17.064288], [-96.685121, 17.064126], [-96.68599, 17.064036], [-96.687793, 17.064264], [-96.688486, 17.064343], [-96.691171, 17.064675], [-96.692761, 17.064859], [-96.693383, 17.064914], [-96.69373, 17.064848], [-96.694009, 17.064773], [-96.694791, 17.064537], [-96.695177, 17.064457], [-96.695527, 17.064489], [-96.695831, 17.064552], [-96.696153, 17.064628], [-96.696538, 17.064695], [-96.696866, 17.064732], [-96.697406, 17.064772], [-96.69798, 17.06474], [-96.698149, 17.06473], [-96.699965, 17.064585], [-96.701154, 17.064344], [-96.702641, 17.064023], [-96.703738, 17.063828], [-96.705694, 17.063432], [-96.706361, 17.063263], [-96.706927, 17.063131], [-96.707761, 17.062943], [-96.708581, 17.062747], [-96.709618, 17.062395], [-96.710433, 17.062143], [-96.711495, 17.061809], [-96.712049, 17.061646], [-96.712559, 17.061479], [-96.71356, 17.06116], [-96.713771, 17.061035], [-96.713984, 17.060987], [-96.714303, 17.060921], [-96.714523, 17.060905], [-96.714825, 17.060973], [-96.716085, 17.061202], [-96.723366, 17.062614], [-96.729144, 17.063808], [-96.729568, 17.063933], [-96.729997, 17.064015], [-96.730467, 17.064078], [-96.732229, 17.064323], [-96.732725, 17.064834], [-96.733282, 17.065556], [-96.733964, 17.066374], [-96.734147, 17.066587], [-96.734297, 17.066695], [-96.734606, 17.066954], [-96.735093, 17.067522], [-96.735429, 17.068028], [-96.735689, 17.068463], [-96.735869, 17.068796], [-96.736144, 17.069427], [-96.736341, 17.070022], [-96.736521, 17.07048], [-96.736637, 17.070885], [-96.73677, 17.071167], [-96.737367, 17.072265], [-96.737705, 17.072842], [-96.737965, 17.073323], [-96.738518, 17.074266], [-96.739058, 17.075104], [-96.739255, 17.075274], [-96.739716, 17.075881], [-96.739968, 17.0764], [-96.740535, 17.077681], [-96.740959, 17.078646], [-96.741342, 17.079475], [-96.741502, 17.079864], [-96.741587, 17.080095], [-96.741858, 17.080301], [-96.742239, 17.080549], [-96.742545, 17.080768], [-96.742897, 17.081155], [-96.743165, 17.081706], [-96.743466, 17.082432], [-96.744211, 17.084166], [-96.74461, 17.085066], [-96.74614, 17.08856], [-96.747606, 17.092002], [-96.748785, 17.094736], [-96.749271, 17.095899], [-96.750529, 17.098809], [-96.750947, 17.099732], [-96.752166, 17.102589], [-96.753605, 17.105938], [-96.75476, 17.108593], [-96.75521, 17.109721], [-96.756021, 17.111541], [-96.756391, 17.112409], [-96.75666, 17.11299], [-96.756994, 17.113536], [-96.757429, 17.11415], [-96.75806, 17.114904], [-96.758844, 17.11584], [-96.760797, 17.11833], [-96.763301, 17.121405], [-96.763955, 17.122234], [-96.764188, 17.122526], [-96.764365, 17.122691], [-96.76492, 17.123365], [-96.767112, 17.125988], [-96.767812, 17.126828], [-96.769534, 17.128977], [-96.770653, 17.130366], [-96.772093, 17.132121], [-96.773058, 17.133379], [-96.773952, 17.134437], [-96.774327, 17.134909], [-96.774778, 17.135879], [-96.774985, 17.136294], [-96.775045, 17.136387], [-96.775081, 17.136415], [-96.775152, 17.136399], [-96.775118, 17.136253], [-96.774981, 17.135932], [-96.774799, 17.135542], [-96.774442, 17.134811], [-96.773998, 17.134293], [-96.77256, 17.132488], [-96.771213, 17.130834], [-96.769636, 17.128902], [-96.768032, 17.126936], [-96.767795, 17.126554], [-96.767881, 17.126489]]]}, "properties": {"route_id": "RC14", "route_name": "RC-14 Laba’: Yuroo Viguera – San Sebastián TutlaRC14"}}, {"type": "Feature", "geometry": {"type": "MultiLineString", "coordinates": [[[-96.768198, 17.126391], [-96.768156, 17.126396], [-96.767702, 17.126545], [-96.766039, 17.12443], [-96.764921, 17.123036], [-96.764486, 17.122459], [-96.764446, 17.122305], [-96.764285, 17.122192], [-96.763137, 17.120841], [-96.761871, 17.119403], [-96.760559, 17.117724], [-96.759457, 17.116391], [-96.758556, 17.115333], [-96.757944, 17.114594], [-96.757174, 17.11351], [-96.756619, 17.112572], [-96.756316, 17.111982], [-96.755622, 17.110418], [-96.75557, 17.110206], [-96.754795, 17.108365], [-96.753889, 17.106237], [-96.753226, 17.104753], [-96.752623, 17.103256], [-96.751901, 17.101651], [-96.751368, 17.100436], [-96.750726, 17.09889], [-96.750163, 17.0975], [-96.750067, 17.097296], [-96.749941, 17.097131], [-96.749793, 17.096829], [-96.748983, 17.094793], [-96.748436, 17.093537], [-96.748259, 17.093258], [-96.748017, 17.09265], [-96.74798, 17.092422], [-96.747784, 17.092073], [-96.747722, 17.091822], [-96.747164, 17.090643], [-96.746588, 17.089235], [-96.745899, 17.08771], [-96.745451, 17.086671], [-96.745145, 17.086058], [-96.745021, 17.08573], [-96.744579, 17.084682], [-96.744179, 17.083684], [-96.743804, 17.082818], [-96.743577, 17.082292], [-96.743557, 17.081084], [-96.743532, 17.080463], [-96.743472, 17.080058], [-96.743287, 17.079646], [-96.742854, 17.078844], [-96.742398, 17.078087], [-96.741902, 17.077254], [-96.741347, 17.076249], [-96.741223, 17.075885], [-96.741138, 17.075713], [-96.740877, 17.075524], [-96.740724, 17.0753], [-96.739949, 17.074195], [-96.738598, 17.072393], [-96.738475, 17.072146], [-96.738313, 17.071887], [-96.737865, 17.070992], [-96.737503, 17.070034], [-96.737188, 17.069272], [-96.736337, 17.067864], [-96.735895, 17.067105], [-96.735982, 17.0665], [-96.736257, 17.066003], [-96.736414, 17.065608], [-96.736406, 17.065285], [-96.736123, 17.064431], [-96.735595, 17.063452], [-96.735113, 17.062747], [-96.734923, 17.062609], [-96.734199, 17.061598], [-96.733472, 17.060534], [-96.732394, 17.058972], [-96.731573, 17.057831], [-96.731447, 17.057616], [-96.731311, 17.057434], [-96.731147, 17.057351], [-96.730626, 17.056605], [-96.730629, 17.056412], [-96.73046, 17.056065], [-96.730298, 17.055559], [-96.730144, 17.055038], [-96.73003, 17.054688], [-96.729802, 17.053895], [-96.72951, 17.052954], [-96.729357, 17.052316], [-96.729336, 17.051682], [-96.729301, 17.051488], [-96.729213, 17.051339], [-96.728987, 17.051045], [-96.729022, 17.050931], [-96.729181, 17.050354], [-96.729254, 17.050194], [-96.729537, 17.050072], [-96.730798, 17.04975], [-96.731039, 17.049584], [-96.731082, 17.049533], [-96.73109, 17.049451], [-96.731266, 17.049242], [-96.731381, 17.049118], [-96.731457, 17.048831], [-96.731441, 17.048652], [-96.731309, 17.047705], [-96.731094, 17.046368], [-96.730967, 17.045701], [-96.730913, 17.04548], [-96.730552, 17.04462], [-96.730169, 17.043699], [-96.729823, 17.042958], [-96.729564, 17.042382], [-96.729399, 17.041857], [-96.729184, 17.040841], [-96.729017, 17.039949], [-96.728841, 17.038992], [-96.72873, 17.038223], [-96.728629, 17.037651], [-96.728502, 17.036765], [-96.728501, 17.036654], [-96.728502, 17.036529], [-96.73019, 17.022805], [-96.730313, 17.02246], [-96.730737, 17.021571], [-96.730871, 17.021226], [-96.731154, 17.020592], [-96.731427, 17.019988], [-96.73168, 17.01941], [-96.732053, 17.018596], [-96.732427, 17.017779], [-96.732772, 17.016988], [-96.733079, 17.016324], [-96.73312, 17.01623], [-96.732833, 17.016071], [-96.732771, 17.016011], [-96.733027, 17.016093], [-96.732625, 17.017078], [-96.731826, 17.018832], [-96.730259, 17.022346], [-96.73005, 17.022976], [-96.729997, 17.023161], [-96.729977, 17.023291], [-96.729928, 17.023578], [-96.729849, 17.024183], [-96.729549, 17.026595], [-96.729256, 17.028852], [-96.729197, 17.029524], [-96.72894, 17.031363], [-96.728731, 17.032963], [-96.728566, 17.034548], [-96.728452, 17.035397], [-96.728356, 17.036349], [-96.728347, 17.036497], [-96.72834, 17.036642], [-96.728352, 17.036784], [-96.728547, 17.038169], [-96.728803, 17.039567], [-96.729095, 17.041252], [-96.729216, 17.041849], [-96.729551, 17.042693], [-96.730123, 17.04399], [-96.730638, 17.04528], [-96.730847, 17.045993], [-96.730951, 17.046627], [-96.73112, 17.047534], [-96.731279, 17.04857], [-96.731302, 17.04892], [-96.731208, 17.04918], [-96.731056, 17.049545], [-96.731008, 17.04959], [-96.730804, 17.049729], [-96.730051, 17.04993], [-96.729515, 17.05009], [-96.729148, 17.05019], [-96.728993, 17.050368], [-96.728796, 17.050842], [-96.728661, 17.051152], [-96.728757, 17.051313], [-96.72896, 17.051727], [-96.729048, 17.051966], [-96.729177, 17.052458], [-96.729534, 17.053627], [-96.729897, 17.054812], [-96.730106, 17.055403], [-96.730243, 17.055749], [-96.730333, 17.056025], [-96.730491, 17.056463], [-96.731028, 17.057299], [-96.731382, 17.057794], [-96.731679, 17.058194], [-96.732068, 17.058774], [-96.732978, 17.060002], [-96.733275, 17.060319], [-96.733511, 17.060665], [-96.733585, 17.06085], [-96.734147, 17.06172], [-96.734458, 17.062092], [-96.734708, 17.062466], [-96.735121, 17.063087], [-96.735504, 17.063605], [-96.736102, 17.064862], [-96.736231, 17.065266], [-96.736274, 17.065497], [-96.7362, 17.065841], [-96.736074, 17.065997], [-96.735858, 17.066138], [-96.735677, 17.066146], [-96.735459, 17.066245], [-96.735338, 17.066369], [-96.735231, 17.066466], [-96.734434, 17.066741], [-96.73444, 17.066827], [-96.734871, 17.067266], [-96.735381, 17.067969], [-96.735778, 17.06867], [-96.735998, 17.069101], [-96.736161, 17.069528], [-96.736432, 17.070197], [-96.736642, 17.070946], [-96.736996, 17.071635], [-96.737444, 17.072433], [-96.737747, 17.073], [-96.738238, 17.073825], [-96.738559, 17.074361], [-96.738943, 17.074951], [-96.739621, 17.075745], [-96.739959, 17.076428], [-96.740326, 17.077276], [-96.740706, 17.07813], [-96.741518, 17.079843], [-96.741618, 17.08014], [-96.7417, 17.080258], [-96.742183, 17.080558], [-96.742701, 17.080955], [-96.742907, 17.081155], [-96.74309, 17.081502], [-96.743706, 17.082966], [-96.744042, 17.083717], [-96.744248, 17.084283], [-96.744656, 17.085201], [-96.744991, 17.085952], [-96.745018, 17.08615], [-96.745469, 17.087037], [-96.745831, 17.087916], [-96.746265, 17.088875], [-96.746939, 17.090485], [-96.747614, 17.092024], [-96.747944, 17.0927], [-96.74814, 17.093241], [-96.748773, 17.094733], [-96.749151, 17.095546], [-96.74954, 17.096428], [-96.749808, 17.097189], [-96.74994, 17.097478], [-96.750157, 17.097892], [-96.750522, 17.098774], [-96.751024, 17.099876], [-96.751627, 17.10134], [-96.752037, 17.102294], [-96.752469, 17.103304], [-96.753136, 17.104869], [-96.75361, 17.105962], [-96.754034, 17.106933], [-96.754465, 17.107882], [-96.755189, 17.109587], [-96.755597, 17.11053], [-96.755701, 17.110858], [-96.755911, 17.111358], [-96.756358, 17.112355], [-96.756522, 17.112581], [-96.756624, 17.112773], [-96.756999, 17.113427], [-96.757233, 17.113747], [-96.757877, 17.114652], [-96.758405, 17.115365], [-96.758958, 17.116003], [-96.760336, 17.117695], [-96.76139, 17.118977], [-96.762672, 17.12052], [-96.763649, 17.121755], [-96.764075, 17.122317], [-96.764184, 17.122514], [-96.764298, 17.122617], [-96.764834, 17.123255], [-96.766151, 17.124839], [-96.767503, 17.126523], [-96.767697, 17.126391], [-96.767829, 17.126291], [-96.767982, 17.126278], [-96.768374, 17.126187], [-96.768399, 17.126131], [-96.768521, 17.126185], [-96.768469, 17.126319], [-96.768387, 17.12629], [-96.7682, 17.126378]]]}, "properties": {"route_id": "RT01", "route_name": "RT-01 Kayaal: Yuroo Viguera – Yuroo XoxocotlánRT01"}}, {"type": "Feature", "geometry": {"type": "MultiLineString", "coordinates": [[[-96.745907, 17.019966], [-96.745884, 17.019842], [-96.746744, 17.018079], [-96.747127, 17.016897], [-96.747425, 17.016007], [-96.746025, 17.015656], [-96.745284, 17.015472], [-96.744056, 17.015239], [-96.743267, 17.015048], [-96.741256, 17.014663], [-96.741494, 17.013809], [-96.741769, 17.012645], [-96.742174, 17.010934], [-96.743849, 17.011275], [-96.744776, 17.011471], [-96.745112, 17.009862], [-96.746538, 17.010124], [-96.746906, 17.008562], [-96.747237, 17.007116], [-96.747384, 17.006526], [-96.747296, 17.006517], [-96.74691, 17.006448], [-96.74615, 17.006322], [-96.745385, 17.00615], [-96.744461, 17.005977], [-96.744048, 17.005921], [-96.743427, 17.005789], [-96.74282, 17.005686], [-96.740801, 17.005294], [-96.740561, 17.005254], [-96.740619, 17.004161], [-96.739742, 17.00396], [-96.738597, 17.003699], [-96.738192, 17.004536], [-96.737788, 17.005442], [-96.737371, 17.006409], [-96.737128, 17.007], [-96.736585, 17.008256], [-96.736192, 17.009148], [-96.735854, 17.009875], [-96.735336, 17.011014], [-96.734956, 17.011824], [-96.734253, 17.013334], [-96.733818, 17.014325], [-96.733338, 17.015469], [-96.73297, 17.016307], [-96.732897, 17.016449], [-96.732551, 17.017307], [-96.731966, 17.018605], [-96.731599, 17.019405], [-96.731162, 17.020405], [-96.73075, 17.021299], [-96.730394, 17.022057], [-96.730098, 17.022781], [-96.73004, 17.023112], [-96.72998, 17.02312], [-96.729917, 17.023208], [-96.729953, 17.023326], [-96.729827, 17.024093], [-96.729657, 17.025529], [-96.729516, 17.026873], [-96.729346, 17.028298], [-96.729244, 17.028922], [-96.729197, 17.029597], [-96.729013, 17.030856], [-96.728878, 17.031942], [-96.728734, 17.03315], [-96.728542, 17.03437], [-96.728483, 17.034912], [-96.72845, 17.035411], [-96.728344, 17.036415], [-96.728263, 17.03651], [-96.728128, 17.036616], [-96.72797, 17.036681], [-96.727401, 17.036821], [-96.727545, 17.037708], [-96.727754, 17.038704], [-96.727738, 17.039104], [-96.727597, 17.03956], [-96.727122, 17.040887], [-96.726977, 17.041646], [-96.726984, 17.042398], [-96.727201, 17.043559], [-96.727406, 17.044352], [-96.72782, 17.045297], [-96.728478, 17.04639], [-96.728847, 17.047029], [-96.729513, 17.048216], [-96.729673, 17.048684], [-96.72978, 17.048976], [-96.729828, 17.049404], [-96.72981, 17.04988], [-96.729869, 17.050192], [-96.72982, 17.050423], [-96.729583, 17.051116], [-96.729517, 17.051566], [-96.729464, 17.052077], [-96.729338, 17.05213], [-96.729102, 17.052023], [-96.729205, 17.052495], [-96.729504, 17.053463], [-96.729857, 17.054646], [-96.730102, 17.055494], [-96.730215, 17.05594], [-96.7304, 17.056401], [-96.730719, 17.056882], [-96.73131, 17.057662], [-96.731474, 17.057913], [-96.731785, 17.058332], [-96.732289, 17.059066], [-96.732917, 17.059932], [-96.733177, 17.060331], [-96.733471, 17.060725], [-96.733531, 17.0608], [-96.733598, 17.060845], [-96.733753, 17.060775], [-96.734671, 17.060163], [-96.735707, 17.059484], [-96.736483, 17.058952], [-96.736604, 17.0591], [-96.736731, 17.059392], [-96.736826, 17.059645], [-96.736894, 17.06023], [-96.736874, 17.05984], [-96.73674, 17.05943], [-96.736627, 17.059123], [-96.736541, 17.058997], [-96.736466, 17.05891], [-96.736391, 17.058917], [-96.735688, 17.059374], [-96.734653, 17.060035], [-96.733618, 17.060746], [-96.733052, 17.059915], [-96.731896, 17.058253], [-96.731547, 17.057756], [-96.731461, 17.057597], [-96.731228, 17.057438], [-96.730627, 17.056499], [-96.730463, 17.056246], [-96.730176, 17.05533], [-96.730093, 17.054879], [-96.72987, 17.054163], [-96.729626, 17.053322], [-96.729506, 17.052945], [-96.729414, 17.052668], [-96.729338, 17.05213], [-96.729468, 17.052099], [-96.729562, 17.051284], [-96.729878, 17.050237], [-96.729814, 17.049671], [-96.729801, 17.049181], [-96.729742, 17.048801], [-96.729513, 17.048216], [-96.728502, 17.04645], [-96.727786, 17.045216], [-96.727585, 17.044762], [-96.727406, 17.044352], [-96.72711, 17.043147], [-96.726979, 17.04237], [-96.726984, 17.041693], [-96.727094, 17.041011], [-96.727714, 17.039185], [-96.727776, 17.038862], [-96.727473, 17.037277], [-96.727419, 17.036838], [-96.728096, 17.036723], [-96.728308, 17.036709], [-96.728378, 17.036773], [-96.72847, 17.036776], [-96.728564, 17.036702], [-96.72857, 17.036616], [-96.728492, 17.03649], [-96.728525, 17.035832], [-96.728607, 17.035156], [-96.728743, 17.034285], [-96.728869, 17.033189], [-96.728949, 17.03249], [-96.729071, 17.031582], [-96.729178, 17.030839], [-96.729271, 17.030199], [-96.729362, 17.029554], [-96.729422, 17.028656], [-96.729553, 17.027602], [-96.729716, 17.026357], [-96.729844, 17.025014], [-96.730061, 17.023422], [-96.730186, 17.023276], [-96.730179, 17.02322], [-96.730129, 17.023124], [-96.730191, 17.022777], [-96.730345, 17.022391], [-96.730734, 17.021548], [-96.730992, 17.021011], [-96.731322, 17.02025], [-96.731858, 17.019009], [-96.732418, 17.017792], [-96.733247, 17.015953], [-96.733864, 17.014553], [-96.734261, 17.013596], [-96.734473, 17.013119], [-96.734894, 17.012262], [-96.735423, 17.011088], [-96.735956, 17.00988], [-96.736576, 17.008487], [-96.737249, 17.006992], [-96.737491, 17.00645], [-96.737715, 17.005831], [-96.738336, 17.004422], [-96.738702, 17.003729], [-96.73945, 17.003894], [-96.740629, 17.00415], [-96.740582, 17.004474], [-96.740595, 17.004733], [-96.740561, 17.005254], [-96.74109, 17.005355], [-96.741845, 17.005507], [-96.743479, 17.005796], [-96.744185, 17.005942], [-96.745106, 17.00609], [-96.745848, 17.006259], [-96.746487, 17.006381], [-96.74688, 17.006432], [-96.747374, 17.006541], [-96.747276, 17.006984], [-96.747096, 17.00769], [-96.746697, 17.009307], [-96.746525, 17.01012], [-96.745504, 17.009918], [-96.745103, 17.009844], [-96.745031, 17.010209], [-96.74476, 17.01145], [-96.743002, 17.011098], [-96.742174, 17.010934], [-96.742031, 17.011553], [-96.741826, 17.012397], [-96.741698, 17.012948], [-96.741415, 17.014032], [-96.741256, 17.014663], [-96.742837, 17.014964], [-96.744568, 17.015354], [-96.746033, 17.01567], [-96.746332, 17.015726], [-96.747428, 17.016016], [-96.747127, 17.016897], [-96.746776, 17.01793], [-96.746508, 17.018555], [-96.746052, 17.019412], [-96.745875, 17.019848], [-96.745899, 17.019967]]]}, "properties": {"route_id": null, "route_name": "BinniBusRA01"}}, {"type": "Feature", "geometry": {"type": "MultiLineString", "coordinates": [[[-96.779753, 17.102677], [-96.77977, 17.102158], [-96.780018, 17.10181], [-96.780172, 17.101471], [-96.780703, 17.100924], [-96.781042, 17.100795], [-96.781356, 17.100854], [-96.781029, 17.102019], [-96.780785, 17.103294], [-96.780497, 17.104193], [-96.780224, 17.105073], [-96.778524, 17.104517], [-96.775956, 17.103876], [-96.774907, 17.103692], [-96.774656, 17.103609], [-96.774418, 17.103493], [-96.774019, 17.103125], [-96.772301, 17.101438], [-96.771568, 17.100549], [-96.770963, 17.09962], [-96.770416, 17.09861], [-96.769988, 17.097809], [-96.769376, 17.096686], [-96.768727, 17.095512], [-96.76819, 17.094574], [-96.767557, 17.093446], [-96.766903, 17.092282], [-96.766039, 17.090744], [-96.765433, 17.089605], [-96.7645, 17.087959], [-96.763572, 17.086277], [-96.763019, 17.085283], [-96.762204, 17.083837], [-96.761689, 17.082867], [-96.760637, 17.081016], [-96.760192, 17.080186], [-96.759854, 17.079591], [-96.759173, 17.07837], [-96.758669, 17.077509], [-96.75781, 17.07594], [-96.757032, 17.07454], [-96.756453, 17.07353], [-96.755756, 17.072335], [-96.754887, 17.071048], [-96.754023, 17.069858], [-96.753808, 17.06954], [-96.753417, 17.068996], [-96.753245, 17.068738], [-96.752897, 17.067513], [-96.752779, 17.067164], [-96.752607, 17.066938], [-96.752323, 17.066708], [-96.751641, 17.066384], [-96.751459, 17.066256], [-96.75132, 17.066], [-96.75111, 17.065379], [-96.750987, 17.064974], [-96.750885, 17.064872], [-96.750697, 17.064744], [-96.749737, 17.064092], [-96.749453, 17.063979], [-96.748637, 17.06401], [-96.747967, 17.064072], [-96.747693, 17.064123], [-96.747481, 17.064051], [-96.747079, 17.063353], [-96.746698, 17.062758], [-96.746446, 17.06241], [-96.746081, 17.062004], [-96.745781, 17.061686], [-96.745496, 17.061225], [-96.74504, 17.060548], [-96.744799, 17.060204], [-96.744724, 17.060127], [-96.744482, 17.060076], [-96.744348, 17.06004], [-96.744144, 17.059835], [-96.743721, 17.059384], [-96.743174, 17.058748], [-96.743008, 17.058568], [-96.741296, 17.060091], [-96.74032, 17.060983], [-96.74003, 17.06123], [-96.739809, 17.061451], [-96.739539, 17.061544], [-96.738876, 17.061572], [-96.737367, 17.061622], [-96.737107, 17.061362], [-96.73706, 17.061003], [-96.736996, 17.060658], [-96.736929, 17.060296], [-96.73688, 17.059928], [-96.736768, 17.059435], [-96.736642, 17.059137], [-96.736447, 17.058896], [-96.736117, 17.059104], [-96.735428, 17.059558], [-96.734763, 17.059963], [-96.734296, 17.060286], [-96.734172, 17.060376], [-96.733974, 17.060483], [-96.733518, 17.060812], [-96.733368, 17.060914], [-96.733261, 17.061168], [-96.732456, 17.061204], [-96.731351, 17.061188], [-96.730798, 17.061163], [-96.730128, 17.061091], [-96.729516, 17.060958], [-96.728846, 17.06084], [-96.728644, 17.061483], [-96.728586, 17.061942], [-96.728427, 17.06267], [-96.724428, 17.061854], [-96.720596, 17.061067], [-96.719992, 17.063857], [-96.719688, 17.065138], [-96.719372, 17.066471], [-96.719246, 17.067446], [-96.71898, 17.068338], [-96.718792, 17.06924], [-96.718682, 17.069682], [-96.718609, 17.069997], [-96.718573, 17.07024], [-96.718511, 17.070635], [-96.71859, 17.070958], [-96.718597, 17.071133], [-96.718578, 17.071338], [-96.718553, 17.071447], [-96.718489, 17.071693], [-96.718333, 17.07188], [-96.71818, 17.071993], [-96.718049, 17.07218], [-96.717893, 17.072404], [-96.717649, 17.072798], [-96.717526, 17.073039], [-96.717478, 17.073316], [-96.7174, 17.074057], [-96.717301, 17.074924], [-96.717252, 17.075426], [-96.717161, 17.075862], [-96.717027, 17.076688], [-96.716877, 17.077647], [-96.716801, 17.078655], [-96.716672, 17.07963], [-96.716463, 17.081214], [-96.717474, 17.081378], [-96.717305, 17.082519], [-96.718209, 17.082644], [-96.718678, 17.082713], [-96.718898, 17.082811], [-96.718978, 17.08317], [-96.718883, 17.0835], [-96.718594, 17.084402], [-96.718583, 17.084561], [-96.718374, 17.085182], [-96.717896, 17.086669], [-96.717494, 17.08794], [-96.717188, 17.088889], [-96.717054, 17.088874], [-96.716963, 17.08892], [-96.717022, 17.089022], [-96.717118, 17.089076], [-96.717205, 17.089085], [-96.717239, 17.08915], [-96.716955, 17.090084], [-96.716558, 17.091371], [-96.716445, 17.092027], [-96.717116, 17.092135], [-96.718623, 17.092289], [-96.719106, 17.09236], [-96.719266, 17.092385], [-96.719329, 17.092696], [-96.719358, 17.093047], [-96.719396, 17.093468], [-96.719299, 17.093909], [-96.719213, 17.094252], [-96.71909, 17.094986], [-96.719015, 17.095355], [-96.71913, 17.095383], [-96.71957, 17.095386], [-96.719803, 17.095414], [-96.719935, 17.09546], [-96.720042, 17.095588], [-96.720066, 17.095752], [-96.720028, 17.096451], [-96.72002, 17.097051], [-96.720009, 17.09712], [-96.720017, 17.097438], [-96.720084, 17.097748], [-96.720176, 17.098012], [-96.72028, 17.098317], [-96.720288, 17.098489], [-96.720251, 17.099038], [-96.720248, 17.099253], [-96.720297, 17.099361], [-96.720479, 17.099448], [-96.720863, 17.099646], [-96.720919, 17.099746], [-96.720976, 17.100023], [-96.72097, 17.100405], [-96.72097, 17.10048], [-96.721147, 17.100677], [-96.72123, 17.100792], [-96.721257, 17.10108], [-96.721256, 17.10131], [-96.721272, 17.101354], [-96.72128, 17.101174], [-96.721277, 17.100995], [-96.721253, 17.10079], [-96.721124, 17.100623], [-96.721006, 17.10049], [-96.721006, 17.10008], [-96.720995, 17.099874], [-96.720939, 17.099713], [-96.720813, 17.099559], [-96.720467, 17.099416], [-96.720354, 17.09938], [-96.720311, 17.099339], [-96.720276, 17.099228], [-96.720311, 17.098759], [-96.720333, 17.098398], [-96.720298, 17.098259], [-96.720132, 17.09778], [-96.720046, 17.097301], [-96.720048, 17.096888], [-96.720064, 17.09637], [-96.720083, 17.095857], [-96.720072, 17.095634], [-96.720019, 17.095542], [-96.719957, 17.095478], [-96.719901, 17.095442], [-96.719778, 17.095398], [-96.719206, 17.09537], [-96.719015, 17.095355], [-96.719054, 17.095219], [-96.719108, 17.094996], [-96.719196, 17.094588], [-96.719242, 17.094321], [-96.71932, 17.093962], [-96.719384, 17.093729], [-96.719424, 17.093529], [-96.719424, 17.09345], [-96.719371, 17.092909], [-96.719329, 17.092696], [-96.71929, 17.09244], [-96.719266, 17.092385], [-96.719008, 17.092326], [-96.719003, 17.092221], [-96.718949, 17.092029], [-96.718845, 17.091793], [-96.718799, 17.091685], [-96.718869, 17.091457], [-96.718954, 17.091233], [-96.719002, 17.090951], [-96.719013, 17.090641], [-96.719056, 17.090351], [-96.719069, 17.090025], [-96.71905, 17.089861], [-96.718957, 17.089728], [-96.718852, 17.089666], [-96.718533, 17.089638], [-96.718061, 17.089592], [-96.717481, 17.08952], [-96.717197, 17.089487], [-96.717133, 17.089451], [-96.717245, 17.089125], [-96.717294, 17.089028], [-96.717307, 17.088951], [-96.717312, 17.088833], [-96.717476, 17.088287], [-96.717894, 17.086923], [-96.718163, 17.086216], [-96.718259, 17.085928], [-96.718533, 17.084975], [-96.719032, 17.083559], [-96.719049, 17.083312], [-96.719103, 17.082856], [-96.719162, 17.082508], [-96.719114, 17.082328], [-96.719103, 17.08219], [-96.71898, 17.08201], [-96.718888, 17.081918], [-96.718953, 17.081656], [-96.719098, 17.080626], [-96.719237, 17.079482], [-96.71928, 17.079236], [-96.719342, 17.079074], [-96.719371, 17.078974], [-96.71932, 17.07889], [-96.719326, 17.078749], [-96.719401, 17.078033], [-96.719546, 17.076798], [-96.719612, 17.07628], [-96.719704, 17.075608], [-96.719698, 17.075464], [-96.719666, 17.075126], [-96.719494, 17.0747], [-96.719531, 17.074553], [-96.719544, 17.074455], [-96.719445, 17.074321], [-96.719508, 17.073526], [-96.719567, 17.0727], [-96.719636, 17.071816], [-96.719798, 17.071749], [-96.720495, 17.071892], [-96.721396, 17.072103], [-96.721916, 17.07221], [-96.723381, 17.072467], [-96.724298, 17.072574], [-96.724765, 17.072662], [-96.725093, 17.07273], [-96.725424, 17.072839], [-96.72562, 17.072901], [-96.725671, 17.072683], [-96.72577, 17.072191], [-96.725925, 17.071437], [-96.726041, 17.070878], [-96.726202, 17.070078], [-96.726352, 17.069316], [-96.726419, 17.068819], [-96.726475, 17.067981], [-96.726529, 17.067204], [-96.726746, 17.066114], [-96.726886, 17.065404], [-96.727108, 17.064363], [-96.727508, 17.062518], [-96.728055, 17.059677], [-96.73078, 17.060231], [-96.731821, 17.060492], [-96.733226, 17.060723], [-96.733457, 17.060728], [-96.733538, 17.06079], [-96.733705, 17.060795], [-96.733866, 17.060722], [-96.734398, 17.060351], [-96.734894, 17.060046], [-96.735482, 17.059659], [-96.735895, 17.059364], [-96.73612, 17.059238], [-96.73634, 17.059074], [-96.736452, 17.058986], [-96.736499, 17.058993], [-96.736551, 17.059047], [-96.736601, 17.059135], [-96.736651, 17.059237], [-96.736715, 17.05942], [-96.736768, 17.059524], [-96.736845, 17.0598], [-96.736868, 17.059842], [-96.736863, 17.060001], [-96.736874, 17.060157], [-96.736908, 17.060498], [-96.736954, 17.060706], [-96.737005, 17.060883], [-96.73708, 17.061245], [-96.737083, 17.061465], [-96.737075, 17.061573], [-96.737284, 17.061616], [-96.73793, 17.061614], [-96.73863, 17.061606], [-96.738982, 17.061609], [-96.739325, 17.061611], [-96.739524, 17.061583], [-96.739856, 17.061434], [-96.740055, 17.061252], [-96.740395, 17.060965], [-96.741018, 17.060401], [-96.74117, 17.06028], [-96.741348, 17.060129], [-96.741586, 17.059911], [-96.741964, 17.059534], [-96.74226, 17.059293], [-96.743006, 17.058623], [-96.743242, 17.058864], [-96.743586, 17.059274], [-96.744026, 17.059767], [-96.744256, 17.060018], [-96.744428, 17.060131], [-96.744799, 17.060204], [-96.745136, 17.060783], [-96.745522, 17.061316], [-96.745694, 17.061572], [-96.746013, 17.061957], [-96.74622, 17.062198], [-96.746568, 17.062608], [-96.746866, 17.063126], [-96.747172, 17.063582], [-96.74743, 17.063977], [-96.747601, 17.064126], [-96.747832, 17.064161], [-96.748336, 17.06409], [-96.748604, 17.064054], [-96.749066, 17.064064], [-96.749441, 17.064023], [-96.749688, 17.0641], [-96.749908, 17.064259], [-96.750176, 17.064479], [-96.75053, 17.06469], [-96.750836, 17.064869], [-96.750986, 17.065069], [-96.751158, 17.065561], [-96.75134, 17.066126], [-96.75148, 17.066305], [-96.751641, 17.066428], [-96.752107, 17.066659], [-96.752386, 17.066813], [-96.752558, 17.066972], [-96.752687, 17.06712], [-96.752805, 17.067346], [-96.752971, 17.067946], [-96.7531, 17.068392], [-96.753245, 17.068833], [-96.753357, 17.069028], [-96.753899, 17.069756], [-96.754436, 17.070531], [-96.754832, 17.071069], [-96.755342, 17.071797], [-96.75583, 17.072536], [-96.756233, 17.073166], [-96.756436, 17.073602], [-96.756635, 17.073905], [-96.756807, 17.074212], [-96.757053, 17.074643], [-96.757488, 17.075454], [-96.757912, 17.076218], [-96.758292, 17.076905], [-96.758797, 17.077817], [-96.759322, 17.078715], [-96.760014, 17.079981], [-96.760283, 17.080407], [-96.760696, 17.081186], [-96.761028, 17.081822], [-96.761549, 17.082725], [-96.761849, 17.083273], [-96.762187, 17.083909], [-96.762911, 17.085201], [-96.763174, 17.085678], [-96.763753, 17.086703], [-96.764241, 17.087565], [-96.764954, 17.088843], [-96.765361, 17.089581], [-96.765962, 17.09072], [-96.766745, 17.092104], [-96.767067, 17.092688], [-96.767732, 17.093909], [-96.768698, 17.095611], [-96.768998, 17.096155], [-96.76939, 17.096797], [-96.769647, 17.097235], [-96.769918, 17.097763], [-96.771018, 17.099681], [-96.771793, 17.100881], [-96.772354, 17.10151], [-96.773414, 17.102558], [-96.774467, 17.103509], [-96.774834, 17.103667], [-96.775168, 17.103742], [-96.775966, 17.103857], [-96.776956, 17.104142], [-96.778524, 17.104517], [-96.779359, 17.104802], [-96.779366, 17.104711], [-96.779559, 17.103987], [-96.779744, 17.103289], [-96.779755, 17.102705]]]}, "properties": {"route_id": null, "route_name": "BinniBusRA02"}}, {"type": "Feature", "geometry": {"type": "MultiLineString", "coordinates": [[[-96.74305, 17.07932], [-96.74297, 17.07919], [-96.74296, 17.07916], [-96.7429, 17.07907], [-96.74286, 17.07904], [-96.74284, 17.07902], [-96.74283, 17.079], [-96.74277, 17.07892], [-96.74269, 17.07878], [-96.74269, 17.07877], [-96.74265, 17.07871], [-96.74243, 17.07832], [-96.74226, 17.07803], [-96.74215, 17.07783], [-96.74211, 17.07776], [-96.74199, 17.07758], [-96.74194, 17.0775], [-96.74192, 17.07747], [-96.74189, 17.07741], [-96.74186, 17.07735], [-96.7417, 17.07707], [-96.74169, 17.07706], [-96.74167, 17.07702], [-96.74163, 17.07694], [-96.7415, 17.07671], [-96.74138, 17.07649], [-96.7412, 17.07615], [-96.7411, 17.07609], [-96.74109, 17.07608], [-96.74105, 17.07606], [-96.741, 17.07601], [-96.74097, 17.07597], [-96.74093, 17.0759], [-96.74092, 17.07589], [-96.74089, 17.07582], [-96.74087, 17.07577], [-96.74087, 17.0757], [-96.74086, 17.07562], [-96.74083, 17.0755], [-96.74071, 17.07531], [-96.74027, 17.07466], [-96.73996, 17.07424], [-96.73987, 17.07413], [-96.7396, 17.07378], [-96.73932, 17.0734], [-96.73918, 17.07323], [-96.73901, 17.073], [-96.73886, 17.0728], [-96.73874, 17.07263], [-96.73862, 17.07245], [-96.73843, 17.07221], [-96.73835, 17.07202], [-96.73831, 17.07196], [-96.7383, 17.07194], [-96.73826, 17.07187], [-96.73786, 17.07105], [-96.73782, 17.07096], [-96.73762, 17.07041], [-96.7375, 17.07008], [-96.7374, 17.06982], [-96.73718, 17.06931], [-96.73712, 17.06923], [-96.73675, 17.06861], [-96.73633, 17.06792], [-96.7362, 17.06772], [-96.73602, 17.06741], [-96.73582, 17.06708], [-96.7358, 17.06706], [-96.73566, 17.06681], [-96.73555, 17.06663], [-96.73536, 17.06634], [-96.73521, 17.0661], [-96.7351, 17.06594], [-96.73498, 17.06575], [-96.73467, 17.06531], [-96.73436, 17.06492], [-96.73414, 17.06467], [-96.73397, 17.06448], [-96.73383, 17.06434], [-96.73364, 17.06414], [-96.73329, 17.06388], [-96.73316, 17.06379], [-96.73313, 17.06376], [-96.73282, 17.06359], [-96.73272, 17.06354], [-96.73245, 17.06347], [-96.73215, 17.06339], [-96.73206, 17.06338], [-96.73164, 17.06334], [-96.73154, 17.06333], [-96.73142, 17.06331], [-96.73033, 17.0631], [-96.72938, 17.0629], [-96.7293, 17.06288], [-96.72844, 17.0627], [-96.7284, 17.06278], [-96.72839, 17.0628], [-96.72837, 17.06287], [-96.72832, 17.06306], [-96.72828, 17.06322], [-96.72824, 17.06346], [-96.72822, 17.06363], [-96.7282, 17.06381], [-96.72808, 17.06455], [-96.7279, 17.06544], [-96.72786, 17.06568], [-96.7278, 17.06592], [-96.72773, 17.06632], [-96.72771, 17.06649], [-96.72766, 17.06673], [-96.72765, 17.0668], [-96.72759, 17.0671], [-96.72754, 17.06737], [-96.72751, 17.06756], [-96.72749, 17.06768], [-96.72748, 17.06779], [-96.72753, 17.06823], [-96.72754, 17.0684], [-96.72759, 17.06859], [-96.72764, 17.06923], [-96.72765, 17.06927], [-96.72765, 17.06928], [-96.72768, 17.06958], [-96.72759, 17.0703], [-96.72744, 17.07083], [-96.72742, 17.0709], [-96.72742, 17.07093], [-96.7274, 17.07101], [-96.72736, 17.07132], [-96.72735, 17.07137], [-96.72734, 17.07142], [-96.72723, 17.07195], [-96.72721, 17.07204], [-96.7272, 17.07212], [-96.72708, 17.07283], [-96.72707, 17.07291], [-96.72704, 17.073], [-96.72699, 17.07309], [-96.72693, 17.07316], [-96.7269, 17.0732], [-96.72669, 17.07314], [-96.72659, 17.07311], [-96.72644, 17.07307], [-96.72621, 17.07299], [-96.72593, 17.0729], [-96.72565, 17.07278], [-96.7252, 17.07263], [-96.72443, 17.07247], [-96.72368, 17.07238], [-96.72313, 17.07229], [-96.72294, 17.07225], [-96.72293, 17.07225], [-96.72228, 17.07214], [-96.72177, 17.07204], [-96.72112, 17.07189], [-96.72054, 17.07176], [-96.72051, 17.07175], [-96.72041, 17.07176], [-96.72027, 17.07177], [-96.72023, 17.07176], [-96.71966, 17.07163], [-96.71906, 17.07153], [-96.71858, 17.0714], [-96.71809, 17.07131], [-96.71804, 17.0713], [-96.71802, 17.07129], [-96.71784, 17.07118], [-96.71764, 17.07108], [-96.71721, 17.07098], [-96.71671, 17.07088], [-96.71668, 17.07088], [-96.71622, 17.07075], [-96.71596, 17.07066], [-96.71588, 17.07064], [-96.7157, 17.07061], [-96.71566, 17.0706], [-96.71561, 17.07059], [-96.71549, 17.07057], [-96.71497, 17.07048], [-96.71488, 17.07047], [-96.71469, 17.07045], [-96.71453, 17.07043], [-96.71449, 17.07043], [-96.71404, 17.0704], [-96.71369, 17.07037], [-96.71361, 17.07037], [-96.71346, 17.07038], [-96.71341, 17.07039], [-96.71332, 17.07038], [-96.71321, 17.07038], [-96.71281, 17.07034], [-96.7125, 17.07031], [-96.71234, 17.07028], [-96.71212, 17.07025], [-96.71188, 17.07019], [-96.71157, 17.07017], [-96.71147, 17.07016], [-96.71141, 17.07015], [-96.71116, 17.07013], [-96.71082, 17.0701], [-96.71064, 17.07008], [-96.71022, 17.07004], [-96.70946, 17.06997], [-96.7089, 17.06992], [-96.70856, 17.06989], [-96.70781, 17.06983], [-96.70764, 17.06982], [-96.70694, 17.06978], [-96.70646, 17.06974], [-96.70574, 17.06968], [-96.70501, 17.06961], [-96.70484, 17.06959], [-96.70338, 17.06945], [-96.70267, 17.06939], [-96.70216, 17.06935], [-96.70118, 17.06926], [-96.70046, 17.0692], [-96.70036, 17.06919], [-96.70011, 17.06916], [-96.69989, 17.06915], [-96.698, 17.06901], [-96.69771, 17.06898], [-96.69744, 17.06895], [-96.69698, 17.0689], [-96.69593, 17.06882], [-96.6957, 17.06879], [-96.69551, 17.06877], [-96.69524, 17.06876], [-96.69494, 17.06873], [-96.69424, 17.06866], [-96.6938, 17.06865], [-96.69302, 17.0686], [-96.69218, 17.06853], [-96.69198, 17.06851], [-96.69174, 17.06848], [-96.69165, 17.06847], [-96.690713, 17.06836], [-96.690686, 17.068323], [-96.690701, 17.068282], [-96.69078, 17.068191], [-96.691209, 17.06794], [-96.692111, 17.067257], [-96.693012, 17.066574], [-96.69371, 17.066152], [-96.693765, 17.066111], [-96.693804, 17.06606], [-96.693923, 17.065548], [-96.69419, 17.064688], [-96.693521, 17.06485], [-96.693315, 17.064867], [-96.693082, 17.064852], [-96.692661, 17.064778], [-96.692227, 17.064732], [-96.691794, 17.064665], [-96.690529, 17.064541], [-96.688622, 17.064318], [-96.687652, 17.064212], [-96.686564, 17.06405], [-96.685876, 17.064], [-96.685036, 17.064105], [-96.6844, 17.064211], [-96.683345, 17.064316], [-96.682975, 17.064299], [-96.68158, 17.06409], [-96.6816, 17.06399], [-96.68162, 17.06392], [-96.68164, 17.06384], [-96.68166, 17.06374], [-96.68198, 17.06263], [-96.68202, 17.0625], [-96.68227, 17.06177], [-96.682461, 17.061355], [-96.68263, 17.06085], [-96.68269, 17.06073], [-96.68279, 17.06054], [-96.68296, 17.06023], [-96.68311, 17.05996], [-96.68318, 17.05984], [-96.68322, 17.05976], [-96.68329, 17.05963], [-96.68333, 17.05955], [-96.68336, 17.05948], [-96.6834, 17.05939], [-96.68344, 17.0593], [-96.68348, 17.05917], [-96.68351, 17.05907], [-96.68352, 17.05893], [-96.68355, 17.05882], [-96.68362, 17.05857], [-96.68368, 17.0583], [-96.68377, 17.05788], [-96.68388, 17.05728], [-96.68389, 17.05717], [-96.68394, 17.05707], [-96.68396, 17.05701], [-96.68402, 17.05683], [-96.68405, 17.05673], [-96.68433, 17.05589], [-96.68438, 17.05575], [-96.68446, 17.05556], [-96.68446, 17.05556], [-96.68448, 17.05551], [-96.68414, 17.0555], [-96.68409, 17.0555], [-96.68368, 17.0555], [-96.68295, 17.0555], [-96.6827, 17.05553], [-96.68249, 17.05552], [-96.68167, 17.05553], [-96.68131, 17.05549], [-96.68129, 17.05553], [-96.68125, 17.05561], [-96.68122, 17.05573], [-96.68118, 17.05586], [-96.68114, 17.05602], [-96.68104, 17.05637], [-96.68102, 17.05645], [-96.68095, 17.05663], [-96.68092, 17.05687], [-96.68131, 17.05689], [-96.6816, 17.05688], [-96.68264, 17.05688], [-96.68291, 17.0569], [-96.68305, 17.0569], [-96.68315, 17.05689], [-96.68324, 17.05686], [-96.68351, 17.05673], [-96.68364, 17.0569], [-96.68366, 17.05692], [-96.68374, 17.05701], [-96.68381, 17.05709], [-96.68389, 17.05717], [-96.68388, 17.05728], [-96.68377, 17.05788], [-96.68368, 17.0583], [-96.68362, 17.05857], [-96.68355, 17.05882], [-96.68352, 17.05893], [-96.68351, 17.05907], [-96.68348, 17.05917], [-96.68344, 17.0593], [-96.6834, 17.05939], [-96.68336, 17.05948], [-96.68333, 17.05955], [-96.68329, 17.05963], [-96.68322, 17.05976], [-96.68318, 17.05984], [-96.68311, 17.05996], [-96.68296, 17.06023], [-96.68279, 17.06054], [-96.68269, 17.06073], [-96.68263, 17.06085], [-96.68237, 17.06152], [-96.68227, 17.06177], [-96.68202, 17.0625], [-96.68198, 17.06263], [-96.68166, 17.06374], [-96.68151, 17.0639], [-96.68147, 17.06395], [-96.681359, 17.064058], [-96.681823, 17.064149], [-96.682539, 17.064244], [-96.683102, 17.06433], [-96.683411, 17.064322], [-96.68376, 17.06428], [-96.68435, 17.064229], [-96.684902, 17.064152], [-96.685047, 17.064139], [-96.68562, 17.06405], [-96.68584, 17.06403], [-96.68609, 17.06403], [-96.68625, 17.06403], [-96.68641, 17.06405], [-96.6875, 17.06418], [-96.68827, 17.06429], [-96.68849, 17.06431], [-96.68888, 17.06435], [-96.68911, 17.06438], [-96.68947, 17.06442], [-96.68949, 17.06442], [-96.68982, 17.06447], [-96.69038, 17.06455], [-96.69326, 17.064873], [-96.693495, 17.064862], [-96.693282, 17.06561], [-96.693018, 17.06655], [-96.691958, 17.067368], [-96.691304, 17.067877], [-96.69091, 17.068114], [-96.690715, 17.068249], [-96.69064, 17.068338], [-96.690601, 17.068348], [-96.690538, 17.068342], [-96.69005, 17.0683], [-96.689375, 17.068212], [-96.689343, 17.068238], [-96.689334, 17.068296], [-96.689363, 17.068355], [-96.69087, 17.06855], [-96.69124, 17.06858], [-96.69142, 17.06859], [-96.69198, 17.06862], [-96.69218, 17.06864], [-96.69345, 17.06875], [-96.69359, 17.06876], [-96.69487, 17.06887], [-96.694962, 17.068864], [-96.695, 17.068875], [-96.695083, 17.068881], [-96.695139, 17.068885], [-96.695243, 17.068883], [-96.69537, 17.068885], [-96.695448, 17.068887], [-96.69561, 17.068895], [-96.695682, 17.068902], [-96.695766, 17.068916], [-96.695887, 17.068924], [-96.69598, 17.068944], [-96.696187, 17.06896], [-96.696399, 17.068964], [-96.696596, 17.068982], [-96.696843, 17.069], [-96.696941, 17.069012], [-96.69716, 17.069066], [-96.69724, 17.0691], [-96.6973, 17.06909], [-96.69731, 17.06909], [-96.69743, 17.06911], [-96.69748, 17.06911], [-96.69772, 17.06914], [-96.69794, 17.06916], [-96.69822, 17.06918], [-96.69879, 17.06923], [-96.6998, 17.06933], [-96.70007, 17.06936], [-96.70028, 17.06937], [-96.70082, 17.06942], [-96.70157, 17.06948], [-96.70215, 17.06953], [-96.7034, 17.06965], [-96.7044, 17.06971], [-96.70478, 17.06974], [-96.70489, 17.06975], [-96.705, 17.06976], [-96.70515, 17.06977], [-96.70641, 17.06987], [-96.70756, 17.06999], [-96.70781, 17.07001], [-96.70861, 17.07006], [-96.70942, 17.07015], [-96.71021, 17.07021], [-96.7111, 17.07027], [-96.71149, 17.0703], [-96.71159, 17.07031], [-96.71193, 17.07034], [-96.71218, 17.07036], [-96.71319, 17.07046], [-96.71328, 17.07046], [-96.71346, 17.07045], [-96.71358, 17.07044], [-96.71368, 17.07045], [-96.71386, 17.07046], [-96.7145, 17.07051], [-96.71455, 17.07052], [-96.71472, 17.07054], [-96.71488, 17.07057], [-96.71548, 17.07068], [-96.7156, 17.0707], [-96.71568, 17.07072], [-96.71583, 17.07076], [-96.7162, 17.07086], [-96.71637, 17.07091], [-96.71667, 17.07098], [-96.71671, 17.07099], [-96.71707, 17.07106], [-96.71718, 17.07108], [-96.71723, 17.07109], [-96.71762, 17.07117], [-96.71784, 17.07118], [-96.71806, 17.07122], [-96.71817, 17.07124], [-96.7182, 17.07125], [-96.71834, 17.07128], [-96.71861, 17.07132], [-96.71892, 17.07139], [-96.71909, 17.07144], [-96.71922, 17.07148], [-96.71927, 17.07148], [-96.71954, 17.07151], [-96.71967, 17.07151], [-96.72023, 17.07167], [-96.72032, 17.07171], [-96.72041, 17.07176], [-96.72064, 17.07189], [-96.72176, 17.07217], [-96.7222, 17.07225], [-96.72292, 17.07236], [-96.72293, 17.07236], [-96.72311, 17.07239], [-96.72367, 17.07248], [-96.72441, 17.07257], [-96.72517, 17.07272], [-96.72559, 17.07287], [-96.72565, 17.07278], [-96.72568, 17.07265], [-96.72571, 17.07252], [-96.72578, 17.07213], [-96.72579, 17.07206], [-96.72581, 17.07199], [-96.72592, 17.07146], [-96.72603, 17.07092], [-96.72603, 17.07088], [-96.72609, 17.07061], [-96.72621, 17.06999], [-96.7263, 17.06952], [-96.72634, 17.06932], [-96.7264, 17.06894], [-96.7264, 17.06889], [-96.72641, 17.06875], [-96.72641, 17.06874], [-96.72642, 17.06856], [-96.72644, 17.06832], [-96.72646, 17.06806], [-96.72649, 17.06763], [-96.72651, 17.0674], [-96.72651, 17.06736], [-96.72653, 17.06721], [-96.72656, 17.06703], [-96.72666, 17.06648], [-96.72672, 17.06619], [-96.72691, 17.06527], [-96.72708, 17.06444], [-96.7271, 17.06436], [-96.72729, 17.06343], [-96.72749, 17.0625], [-96.72753, 17.06225], [-96.72756, 17.06207], [-96.72766, 17.06158], [-96.7277, 17.06133], [-96.72776, 17.06108], [-96.72786, 17.06064], [-96.72805, 17.05972], [-96.72902, 17.05993], [-96.72957, 17.06003], [-96.72996, 17.0601], [-96.73083, 17.06029], [-96.73176, 17.06049], [-96.73214, 17.06054], [-96.73222, 17.06005], [-96.73265, 17.06009], [-96.73284, 17.06011], [-96.73305, 17.06012], [-96.73309, 17.06021], [-96.73322, 17.06038], [-96.73344, 17.06069], [-96.73347, 17.06073], [-96.73352, 17.0608], [-96.73358, 17.06088], [-96.73376, 17.06115], [-96.73419, 17.06174], [-96.73427, 17.06183], [-96.73436, 17.06193], [-96.73454, 17.0622], [-96.73475, 17.06251], [-96.73498, 17.06282], [-96.73511, 17.06306], [-96.73538, 17.06344], [-96.73553, 17.06365], [-96.73558, 17.06375], [-96.73567, 17.06392], [-96.73596, 17.06447], [-96.73608, 17.06478], [-96.73615, 17.06496], [-96.73618, 17.06509], [-96.73623, 17.06523], [-96.73627, 17.06535], [-96.73629, 17.06544], [-96.73628, 17.06556], [-96.73627, 17.06562], [-96.73625, 17.06571], [-96.73619, 17.06583], [-96.7361, 17.06595], [-96.73605, 17.06598], [-96.73595, 17.06607], [-96.73585, 17.06615], [-96.73583, 17.06614], [-96.73582, 17.06613], [-96.73575, 17.06611], [-96.73558, 17.06613], [-96.73548, 17.06621], [-96.73543, 17.06625], [-96.73536, 17.06634], [-96.7353, 17.06643], [-96.73527, 17.06646], [-96.73525, 17.06648], [-96.73521, 17.0665], [-96.73511, 17.06653], [-96.735, 17.06657], [-96.73485, 17.06663], [-96.7345, 17.06674], [-96.7344, 17.06677], [-96.73452, 17.06689], [-96.73479, 17.06716], [-96.73501, 17.06742], [-96.73523, 17.06771], [-96.73541, 17.06797], [-96.73552, 17.06814], [-96.73558, 17.06827], [-96.73571, 17.06849], [-96.73598, 17.06901], [-96.73607, 17.06924], [-96.73615, 17.06945], [-96.73621, 17.06961], [-96.73623, 17.06966], [-96.73629, 17.0698], [-96.73635, 17.06997], [-96.73643, 17.07016], [-96.73647, 17.0703], [-96.7365, 17.0704], [-96.73652, 17.07051], [-96.73664, 17.0709], [-96.73668, 17.07098], [-96.73684, 17.07129], [-96.73697, 17.07153], [-96.7373, 17.07215], [-96.73742, 17.0724], [-96.73748, 17.07247], [-96.73767, 17.07282], [-96.73781, 17.07305], [-96.73792, 17.07324], [-96.73802, 17.0734], [-96.73826, 17.07382], [-96.73839, 17.07405], [-96.73851, 17.07426], [-96.7386, 17.0744], [-96.73898, 17.07497], [-96.7392, 17.07521], [-96.73945, 17.07552], [-96.73964, 17.07576], [-96.73972, 17.0759], [-96.7399, 17.07632], [-96.73992, 17.07635], [-96.74005, 17.07664], [-96.74015, 17.07689], [-96.74016, 17.0769], [-96.74022, 17.07701], [-96.74035, 17.0773], [-96.74056, 17.07778], [-96.741594, 17.079963], [-96.742498, 17.080053], [-96.743085, 17.080234], [-96.743528, 17.080166], [-96.743098, 17.079386]]]}, "properties": {"route_id": null, "route_name": "BinniBusRA04"}}, {"type": "Feature", "geometry": {"type": "MultiLineString", "coordinates": [[[-96.697934, 17.093915], [-96.698614, 17.093889], [-96.699161, 17.093961], [-96.699387, 17.09392], [-96.700299, 17.092982], [-96.70053, 17.092792], [-96.700615, 17.09273], [-96.700892, 17.092684], [-96.701195, 17.09262], [-96.701358, 17.092618], [-96.701621, 17.092707], [-96.70183, 17.092797], [-96.702202, 17.092885], [-96.702473, 17.092964], [-96.702704, 17.093002], [-96.702817, 17.093018], [-96.702994, 17.092982], [-96.703122, 17.092872], [-96.703533, 17.093056], [-96.70452, 17.093546], [-96.705341, 17.093925], [-96.706413, 17.094422], [-96.707022, 17.094741], [-96.707159, 17.094815], [-96.70731, 17.094566], [-96.70802, 17.093179], [-96.708508, 17.092302], [-96.709142, 17.091049], [-96.709324, 17.090711], [-96.709651, 17.089972], [-96.709898, 17.089506], [-96.710096, 17.089336], [-96.710526, 17.088875], [-96.710751, 17.088475], [-96.711239, 17.087639], [-96.711497, 17.087214], [-96.711808, 17.086696], [-96.711896, 17.086526], [-96.71203, 17.086485], [-96.712148, 17.086434], [-96.712218, 17.086306], [-96.712148, 17.086116], [-96.711992, 17.086075], [-96.711858, 17.086106], [-96.71167, 17.085942], [-96.711477, 17.085593], [-96.711337, 17.085173], [-96.711337, 17.084901], [-96.711386, 17.084532], [-96.71153, 17.084214], [-96.711681, 17.083962], [-96.711895, 17.083655], [-96.711981, 17.083316], [-96.711997, 17.082747], [-96.712035, 17.082317], [-96.712131, 17.081912], [-96.712153, 17.081799], [-96.712164, 17.081379], [-96.712265, 17.080697], [-96.712322, 17.080454], [-96.712359, 17.079896], [-96.712419, 17.079466], [-96.712472, 17.079205], [-96.712542, 17.078543], [-96.712757, 17.077031], [-96.712958, 17.075672], [-96.71307, 17.074969], [-96.713296, 17.073224], [-96.713355, 17.072783], [-96.713511, 17.071511], [-96.713602, 17.071014], [-96.713688, 17.070547], [-96.713889, 17.068992], [-96.713969, 17.068197], [-96.714119, 17.067192], [-96.714244, 17.066279], [-96.71426, 17.065746], [-96.714281, 17.065587], [-96.714378, 17.065407], [-96.714362, 17.065284], [-96.714319, 17.065146], [-96.71427, 17.064674], [-96.714161, 17.062824], [-96.714086, 17.061696], [-96.713989, 17.061204], [-96.713646, 17.060353], [-96.713335, 17.059614], [-96.713125, 17.058992], [-96.712932, 17.05851], [-96.712932, 17.058161], [-96.712985, 17.056951], [-96.713041, 17.056456], [-96.713095, 17.056138], [-96.713165, 17.055594], [-96.713192, 17.054979], [-96.713245, 17.05462], [-96.713261, 17.054456], [-96.713143, 17.053953], [-96.7131, 17.053599], [-96.713133, 17.053163], [-96.713218, 17.052702], [-96.713476, 17.051107], [-96.713674, 17.049763], [-96.713857, 17.048583], [-96.713938, 17.048121], [-96.71412, 17.046844], [-96.714168, 17.046342], [-96.714512, 17.044421], [-96.714523, 17.043913], [-96.714255, 17.043293], [-96.713815, 17.042795], [-96.713214, 17.041939], [-96.712833, 17.04157], [-96.711884, 17.040318], [-96.711002, 17.039203], [-96.710863, 17.038875], [-96.710766, 17.038372], [-96.710874, 17.037983], [-96.711356, 17.037213], [-96.712826, 17.035131], [-96.713642, 17.033982], [-96.713973, 17.033549], [-96.713844, 17.033251], [-96.71356, 17.032836], [-96.712224, 17.030966], [-96.71122, 17.02954], [-96.710598, 17.02877], [-96.71018, 17.028116], [-96.710003, 17.0278], [-96.709874, 17.027512], [-96.709786, 17.027246], [-96.709681, 17.026832], [-96.709654, 17.026552], [-96.709703, 17.025957], [-96.709788, 17.025552], [-96.709939, 17.024957], [-96.710397, 17.022931], [-96.710708, 17.02174], [-96.711489, 17.018482], [-96.712058, 17.015804], [-96.712441, 17.013984], [-96.712956, 17.014087], [-96.713761, 17.0142], [-96.7142, 17.014353], [-96.714501, 17.01462], [-96.714694, 17.014795], [-96.714809, 17.015339], [-96.714991, 17.015647], [-96.715688, 17.015842], [-96.715868, 17.015885], [-96.71593, 17.015947], [-96.715954, 17.016098], [-96.715871, 17.016406], [-96.715831, 17.016555], [-96.715844, 17.016734], [-96.715916, 17.016832], [-96.716123, 17.016939], [-96.716458, 17.017044], [-96.718474, 17.017582], [-96.71878, 17.017705], [-96.719038, 17.017864], [-96.719424, 17.018116], [-96.71966, 17.018254], [-96.719842, 17.018318], [-96.720476, 17.018487], [-96.720803, 17.018549], [-96.721382, 17.018664], [-96.725744, 17.019546], [-96.726041, 17.019564], [-96.726334, 17.019494], [-96.726462, 17.019466], [-96.72658, 17.019417], [-96.72709, 17.019499], [-96.728082, 17.019694], [-96.728195, 17.019707], [-96.728313, 17.019792], [-96.728375, 17.019817], [-96.728394, 17.019971], [-96.728522, 17.020294], [-96.729273, 17.021719], [-96.729558, 17.022339], [-96.729778, 17.022668], [-96.729912, 17.022878], [-96.73, 17.023096], [-96.729917, 17.023183], [-96.729936, 17.023309], [-96.730062, 17.023375], [-96.730196, 17.023291], [-96.730167, 17.023175], [-96.730142, 17.02305], [-96.730185, 17.022821], [-96.730328, 17.022455], [-96.730684, 17.021678], [-96.732021, 17.018686], [-96.732391, 17.017871], [-96.73325, 17.015977], [-96.733867, 17.014592], [-96.734903, 17.012227], [-96.735472, 17.011037], [-96.736225, 17.009328], [-96.736396, 17.008938], [-96.736616, 17.008446], [-96.73732, 17.006833], [-96.737562, 17.006279], [-96.737696, 17.005719], [-96.739485, 17.001954], [-96.740032, 17.000774], [-96.741218, 16.998144], [-96.741636, 16.997179], [-96.741775, 16.996799], [-96.741947, 16.996748], [-96.742366, 16.996738], [-96.742913, 16.996748], [-96.746475, 16.99684], [-96.747548, 16.996882], [-96.749416, 16.996938], [-96.750296, 16.99699], [-96.752184, 16.997005], [-96.753305, 16.997041], [-96.756018, 16.997144], [-96.756823, 16.997185], [-96.757297, 16.997217], [-96.757538, 16.997217], [-96.757527, 16.997153], [-96.757415, 16.997117], [-96.757018, 16.997096], [-96.75654, 16.997063], [-96.75654, 16.997063], [-96.755393, 16.997028], [-96.754138, 16.996971], [-96.752963, 16.996925], [-96.750472, 16.996875], [-96.749748, 16.99687], [-96.747553, 16.996778], [-96.746604, 16.996747], [-96.745393, 16.996705], [-96.743644, 16.996644], [-96.742443, 16.996633], [-96.741949, 16.996654], [-96.741809, 16.996605], [-96.741716, 16.996615], [-96.741643, 16.996713], [-96.741656, 16.996854], [-96.741148, 16.998102], [-96.740445, 16.999574], [-96.739807, 17.001016], [-96.73901, 17.002815], [-96.738688, 17.003517], [-96.738276, 17.004321], [-96.737839, 17.005235], [-96.737442, 17.00614], [-96.737383, 17.006427], [-96.737098, 17.007068], [-96.736247, 17.009016], [-96.735759, 17.010057], [-96.734971, 17.011776], [-96.734703, 17.012355], [-96.733574, 17.014842], [-96.733253, 17.015648], [-96.732818, 17.016621], [-96.73252, 17.017334], [-96.732026, 17.018424], [-96.730929, 17.020889], [-96.7305, 17.021782], [-96.730258, 17.022346], [-96.730097, 17.022792], [-96.730053, 17.023105], [-96.729898, 17.022793], [-96.729568, 17.022298], [-96.729365, 17.021852], [-96.728985, 17.02113], [-96.728769, 17.020717], [-96.728518, 17.020217], [-96.728436, 17.019978], [-96.728382, 17.019772], [-96.728494, 17.019665], [-96.728437, 17.019552], [-96.728356, 17.019512], [-96.728254, 17.01955], [-96.728219, 17.019617], [-96.728204, 17.01968], [-96.727826, 17.019605], [-96.726676, 17.019387], [-96.726559, 17.019393], [-96.726196, 17.019488], [-96.726016, 17.019522], [-96.72564, 17.01948], [-96.725058, 17.01936], [-96.723768, 17.019091], [-96.72066, 17.018475], [-96.719711, 17.018234], [-96.719175, 17.017893], [-96.718674, 17.017608], [-96.718119, 17.017447], [-96.71744, 17.01726], [-96.716333, 17.016953], [-96.716051, 17.016863], [-96.71592, 17.016765], [-96.715861, 17.016617], [-96.715874, 17.016508], [-96.715954, 17.016284], [-96.716021, 17.016077], [-96.716015, 17.016008], [-96.715948, 17.015884], [-96.715859, 17.015828], [-96.715132, 17.015651], [-96.714966, 17.015561], [-96.714896, 17.015441], [-96.714832, 17.01531], [-96.714768, 17.014933], [-96.71464, 17.01463], [-96.714318, 17.014407], [-96.713886, 17.014187], [-96.713361, 17.01411], [-96.712403, 17.013958], [-96.712274, 17.013956], [-96.711609, 17.017261], [-96.710521, 17.021957], [-96.709802, 17.024943], [-96.70951, 17.026131], [-96.709532, 17.026931], [-96.709618, 17.027423], [-96.709779, 17.027751], [-96.709957, 17.028153], [-96.710515, 17.028902], [-96.71103, 17.029635], [-96.712092, 17.031148], [-96.713348, 17.032923], [-96.71367, 17.033456], [-96.713659, 17.033744], [-96.713154, 17.034421], [-96.712307, 17.035713], [-96.711599, 17.036677], [-96.710805, 17.037826], [-96.710644, 17.038267], [-96.710629, 17.038574], [-96.710709, 17.038943], [-96.710854, 17.039256], [-96.711346, 17.039905], [-96.711965, 17.040698], [-96.71237, 17.041198], [-96.712664, 17.041623], [-96.712995, 17.04198], [-96.713132, 17.042109], [-96.713266, 17.042311], [-96.713525, 17.042617], [-96.713868, 17.043109], [-96.71404, 17.043438], [-96.714249, 17.043894], [-96.714259, 17.044233], [-96.714254, 17.04453], [-96.714206, 17.044971], [-96.714104, 17.045515], [-96.714002, 17.045992], [-96.71389, 17.046911], [-96.713606, 17.049001], [-96.713263, 17.051191], [-96.713139, 17.052052], [-96.713119, 17.052477], [-96.71306, 17.052821], [-96.71298, 17.05318], [-96.712931, 17.05358], [-96.712974, 17.053826], [-96.713012, 17.054077], [-96.713076, 17.054544], [-96.713028, 17.054749], [-96.712969, 17.055282], [-96.712915, 17.055841], [-96.712862, 17.056241], [-96.712851, 17.056611], [-96.712658, 17.058273], [-96.712774, 17.058622], [-96.713279, 17.060017], [-96.713574, 17.06063], [-96.713627, 17.060968], [-96.713713, 17.061353], [-96.714013, 17.061799], [-96.714088, 17.06303], [-96.714169, 17.065133], [-96.714121, 17.065268], [-96.714137, 17.065627], [-96.714094, 17.066237], [-96.71404, 17.066924], [-96.713627, 17.070242], [-96.713541, 17.070668], [-96.713439, 17.071401], [-96.713369, 17.07197], [-96.713275, 17.072792], [-96.7132, 17.073305], [-96.713055, 17.074167], [-96.71298, 17.074715], [-96.712918, 17.075253], [-96.712773, 17.076187], [-96.712355, 17.078925], [-96.712312, 17.079468], [-96.712237, 17.07994], [-96.712151, 17.080689], [-96.712054, 17.081602], [-96.711936, 17.082299], [-96.711882, 17.082935], [-96.71184, 17.083422], [-96.711663, 17.083693], [-96.711459, 17.084042], [-96.711309, 17.084375], [-96.711196, 17.084739], [-96.711201, 17.085001], [-96.711263, 17.085386], [-96.711384, 17.085686], [-96.71152, 17.08587], [-96.711628, 17.086044], [-96.711751, 17.086221], [-96.71177, 17.08637], [-96.711802, 17.086462], [-96.711142, 17.087562], [-96.710482, 17.088716], [-96.71022, 17.088998], [-96.709878, 17.089408], [-96.708811, 17.091592], [-96.708339, 17.092505], [-96.707872, 17.093325], [-96.707265, 17.094583], [-96.707139, 17.094757], [-96.706662, 17.094527], [-96.7038, 17.09314], [-96.703135, 17.092824], [-96.702906, 17.09292], [-96.702676, 17.092936], [-96.702107, 17.092782], [-96.701694, 17.092684], [-96.701404, 17.092577], [-96.701168, 17.092572], [-96.700879, 17.092618], [-96.700557, 17.092684], [-96.70023, 17.09293], [-96.699972, 17.093208], [-96.699339, 17.093859], [-96.699264, 17.093884], [-96.699084, 17.093879], [-96.698853, 17.093874], [-96.698537, 17.093838], [-96.697912, 17.093892]]]}, "properties": {"route_id": null, "route_name": "BinniBusRA05"}}, {"type": "Feature", "geometry": {"type": "MultiLineString", "coordinates": [[[-96.75378, 17.05967], [-96.75386, 17.06001], [-96.75388, 17.06008], [-96.75388, 17.06016], [-96.75387, 17.06022], [-96.75384, 17.06028], [-96.75382, 17.06033], [-96.75375, 17.0605], [-96.75368, 17.0607], [-96.75362, 17.06087], [-96.75349, 17.06121], [-96.75327, 17.06164], [-96.75325, 17.06167], [-96.75317, 17.06183], [-96.75316, 17.06187], [-96.75315, 17.06191], [-96.75314, 17.06198], [-96.75314, 17.06207], [-96.75307, 17.0621], [-96.75299, 17.06215], [-96.75283, 17.06227], [-96.7525, 17.06255], [-96.7523, 17.06275], [-96.75216, 17.06287], [-96.75202, 17.06298], [-96.75178, 17.06318], [-96.75172, 17.06324], [-96.7515, 17.06339], [-96.75142, 17.06345], [-96.75139, 17.06348], [-96.75099, 17.06382], [-96.7506, 17.06411], [-96.75059, 17.06412], [-96.75057, 17.06412], [-96.75054, 17.06413], [-96.74997, 17.06428], [-96.74979, 17.06416], [-96.74973, 17.06411], [-96.74964, 17.06406], [-96.74955, 17.06402], [-96.74952, 17.06401], [-96.74946, 17.064], [-96.74939, 17.064], [-96.74915, 17.06403], [-96.74868, 17.06404], [-96.74817, 17.06407], [-96.74778, 17.06414], [-96.74772, 17.06414], [-96.74766, 17.06414], [-96.74757, 17.0641], [-96.74752, 17.06407], [-96.74749, 17.06404], [-96.74745, 17.06398], [-96.74731, 17.06376], [-96.74691, 17.06314], [-96.74678, 17.06294], [-96.74655, 17.06255], [-96.7463, 17.06227], [-96.74602, 17.06196], [-96.74593, 17.06186], [-96.74586, 17.06179], [-96.74578, 17.06169], [-96.74543, 17.06116], [-96.74487, 17.06035], [-96.74474, 17.06017], [-96.7445, 17.06011], [-96.74438, 17.06006], [-96.74427, 17.05999], [-96.74411, 17.05982], [-96.74389, 17.05959], [-96.74366, 17.05935], [-96.74303, 17.05859], [-96.74228, 17.05927], [-96.74201, 17.05948], [-96.74123, 17.06022], [-96.74108, 17.06032], [-96.74095, 17.06044], [-96.74086, 17.06052], [-96.74029, 17.06104], [-96.7402, 17.06113], [-96.73993, 17.06132], [-96.73985, 17.06142], [-96.73972, 17.06149], [-96.73967, 17.06151], [-96.73961, 17.06153], [-96.7396, 17.06153], [-96.73954, 17.06155], [-96.73946, 17.06157], [-96.73933, 17.0616], [-96.73923, 17.06159], [-96.73913, 17.06159], [-96.73898, 17.06158], [-96.73865, 17.06159], [-96.73863, 17.06159], [-96.73854, 17.06159], [-96.73847, 17.06159], [-96.73843, 17.06159], [-96.73787, 17.0616], [-96.73777, 17.0616], [-96.7377, 17.0616], [-96.73767, 17.0616], [-96.73759, 17.0616], [-96.73756, 17.06161], [-96.73753, 17.06161], [-96.73737, 17.0616], [-96.73729, 17.06155], [-96.73723, 17.0615], [-96.73718, 17.06144], [-96.73712, 17.06138], [-96.7371, 17.06135], [-96.7371, 17.06126], [-96.7371, 17.0612], [-96.73702, 17.06091], [-96.73695, 17.06064], [-96.73691, 17.06039], [-96.73691, 17.06034], [-96.73687, 17.05991], [-96.73688, 17.05985], [-96.73683, 17.0597], [-96.73678, 17.05954], [-96.73675, 17.05946], [-96.73666, 17.05921], [-96.73661, 17.05911], [-96.73659, 17.05907], [-96.73653, 17.05901], [-96.73651, 17.05893], [-96.73649, 17.05889], [-96.73641, 17.05892], [-96.7357, 17.05937], [-96.73557, 17.05946], [-96.73554, 17.05947], [-96.73553, 17.05948], [-96.73529, 17.05964], [-96.73484, 17.05992], [-96.73482, 17.05994], [-96.73477, 17.05997], [-96.73466, 17.06003], [-96.73436, 17.06026], [-96.73376, 17.06066], [-96.7337, 17.06069], [-96.73362, 17.06075], [-96.73357, 17.06068], [-96.73347, 17.06053], [-96.73323, 17.06019], [-96.73318, 17.06013], [-96.73315, 17.06007], [-96.73314, 17.06005], [-96.73307, 17.05995], [-96.73289, 17.05967], [-96.73241, 17.05896], [-96.73238, 17.05892], [-96.73215, 17.05859], [-96.73198, 17.05836], [-96.73162, 17.05785], [-96.73147, 17.05764], [-96.73127, 17.05747], [-96.73112, 17.05725], [-96.73099, 17.05705], [-96.73059, 17.05644], [-96.73051, 17.0563], [-96.73046, 17.05622], [-96.73042, 17.05611], [-96.73028, 17.05565], [-96.73012, 17.05508], [-96.73012, 17.05502], [-96.73009, 17.05486], [-96.73002, 17.05469], [-96.72997, 17.05449], [-96.72996, 17.05447], [-96.72989, 17.0542], [-96.72983, 17.054], [-96.72976, 17.05375], [-96.72952, 17.05299], [-96.7294, 17.05263], [-96.72937, 17.05242], [-96.72936, 17.05238], [-96.72934, 17.05221], [-96.72933, 17.05203], [-96.72931, 17.05176], [-96.72925, 17.05164], [-96.7292, 17.05156], [-96.7291, 17.0514], [-96.72901, 17.05125], [-96.72891, 17.05114], [-96.72881, 17.05105], [-96.72852, 17.05081], [-96.72824, 17.05064], [-96.72805, 17.05055], [-96.7279, 17.05051], [-96.72775, 17.0505], [-96.72772, 17.0505], [-96.72763, 17.05049], [-96.72739, 17.0505], [-96.7272, 17.05049], [-96.72713, 17.05051], [-96.72696, 17.05056], [-96.72689, 17.05058], [-96.72655, 17.05068], [-96.72624, 17.05074], [-96.72592, 17.05081], [-96.72571, 17.05086], [-96.72515, 17.05103], [-96.72451, 17.05121], [-96.72407, 17.05132], [-96.72362, 17.05143], [-96.72355, 17.05145], [-96.72348, 17.05147], [-96.72339, 17.05149], [-96.72315, 17.05155], [-96.72297, 17.0516], [-96.72278, 17.05164], [-96.72269, 17.05166], [-96.72259, 17.05169], [-96.72082, 17.05214], [-96.72078, 17.05215], [-96.72066, 17.05218], [-96.72052, 17.05222], [-96.72043, 17.05224], [-96.72031, 17.05227], [-96.71958, 17.05246], [-96.71953, 17.05247], [-96.71852, 17.05271], [-96.71818, 17.05282], [-96.71783, 17.0529], [-96.7178, 17.05291], [-96.71631, 17.05324], [-96.7162, 17.05326], [-96.71614, 17.05328], [-96.71557, 17.05341], [-96.71554, 17.05342], [-96.71412, 17.05376], [-96.714, 17.0538], [-96.71386, 17.05383], [-96.71375, 17.05387], [-96.7136, 17.05392], [-96.71345, 17.05398], [-96.71344, 17.05398], [-96.71331, 17.05403], [-96.71324, 17.05406], [-96.71317, 17.05409], [-96.71311, 17.05411], [-96.71304, 17.05415], [-96.71296, 17.05419], [-96.713, 17.05441], [-96.71301, 17.05446], [-96.71301, 17.05453], [-96.71301, 17.05459], [-96.71301, 17.05471], [-96.71298, 17.05501], [-96.71292, 17.0557], [-96.7129, 17.05589], [-96.71288, 17.05612], [-96.71287, 17.0565], [-96.71286, 17.05655], [-96.71286, 17.05666], [-96.71283, 17.05702], [-96.71282, 17.05717], [-96.71281, 17.0572], [-96.71278, 17.05749], [-96.71276, 17.05776], [-96.71272, 17.05819], [-96.71272, 17.05832], [-96.71272, 17.05838], [-96.71273, 17.05841], [-96.71274, 17.05849], [-96.71276, 17.05859], [-96.71279, 17.05869], [-96.71284, 17.0588], [-96.71287, 17.05888], [-96.71301, 17.05924], [-96.71312, 17.05951], [-96.71319, 17.0597], [-96.71328, 17.05994], [-96.71333, 17.06005], [-96.71346, 17.06032], [-96.71354, 17.06056], [-96.71357, 17.06066], [-96.7136, 17.06079], [-96.71363, 17.06108], [-96.71367, 17.06125], [-96.71373, 17.06135], [-96.71377, 17.06141], [-96.7138, 17.06146], [-96.71386, 17.06152], [-96.71388, 17.06154], [-96.71395, 17.06165], [-96.71399, 17.06174], [-96.71401, 17.06182], [-96.71401, 17.06192], [-96.71403, 17.06213], [-96.71405, 17.06266], [-96.71408, 17.06303], [-96.71409, 17.06316], [-96.7141, 17.06343], [-96.71412, 17.06375], [-96.71414, 17.06396], [-96.71417, 17.06451], [-96.71417, 17.06499], [-96.71417, 17.06519], [-96.71415, 17.06521], [-96.71415, 17.06522], [-96.71414, 17.06524], [-96.71414, 17.06526], [-96.71413, 17.06528], [-96.71413, 17.0654], [-96.71414, 17.06544], [-96.71414, 17.06547], [-96.71415, 17.06555], [-96.71415, 17.06559], [-96.71411, 17.06621], [-96.71404, 17.06678], [-96.71403, 17.06684], [-96.71402, 17.0669], [-96.71401, 17.06698], [-96.71385, 17.06818], [-96.71385, 17.06822], [-96.71385, 17.06826], [-96.71377, 17.06902], [-96.71377, 17.06906], [-96.71376, 17.06913], [-96.71369, 17.0697], [-96.71367, 17.06985], [-96.71365, 17.07006], [-96.71361, 17.07029], [-96.71361, 17.07037], [-96.71358, 17.07044], [-96.71358, 17.0705], [-96.71354, 17.07074], [-96.71345, 17.07133], [-96.71342, 17.07152], [-96.71338, 17.0719], [-96.71332, 17.07242], [-96.71329, 17.07261], [-96.71325, 17.07283], [-96.71321, 17.07332], [-96.7131, 17.07388], [-96.71299, 17.07472], [-96.71297, 17.07491], [-96.71296, 17.07496], [-96.71295, 17.07503], [-96.71287, 17.07555], [-96.7128, 17.07598], [-96.71279, 17.07603], [-96.71278, 17.0761], [-96.71274, 17.07647], [-96.71267, 17.07704], [-96.71267, 17.07709], [-96.71266, 17.07716], [-96.71256, 17.07771], [-96.71249, 17.07818], [-96.71248, 17.07822], [-96.71247, 17.07826], [-96.71246, 17.07833], [-96.71242, 17.07871], [-96.71237, 17.07929], [-96.71237, 17.07934], [-96.71236, 17.07939], [-96.71227, 17.07981], [-96.71224, 17.08011], [-96.71223, 17.08036], [-96.71223, 17.08041], [-96.71222, 17.08047], [-96.71216, 17.08095], [-96.71209, 17.0814], [-96.71208, 17.08147], [-96.71154, 17.08141], [-96.71137, 17.0814], [-96.71125, 17.08139], [-96.71108, 17.08133], [-96.71096, 17.08133], [-96.71065, 17.08129], [-96.7104, 17.08125], [-96.71037, 17.08125], [-96.71023, 17.08123], [-96.71008, 17.08122], [-96.70996, 17.0812], [-96.70915, 17.08109], [-96.70913, 17.08109], [-96.70888, 17.08106], [-96.7088, 17.08105], [-96.70857, 17.08102], [-96.7085, 17.08101], [-96.70812, 17.08096], [-96.70775, 17.08093], [-96.70699, 17.08085], [-96.70675, 17.08082], [-96.70648, 17.0808], [-96.7064, 17.08079], [-96.70638, 17.08078], [-96.70635, 17.08077], [-96.70634, 17.08076], [-96.70632, 17.08074], [-96.70628, 17.08072], [-96.70623, 17.0802], [-96.70621, 17.0797], [-96.70621, 17.07963], [-96.70565, 17.07956], [-96.70498, 17.07948], [-96.70461, 17.07943], [-96.7046, 17.07943], [-96.70443, 17.07941], [-96.70442, 17.07941], [-96.70404, 17.07936], [-96.70351, 17.07929], [-96.70318, 17.07924], [-96.70317, 17.07931], [-96.70308, 17.07984], [-96.70299, 17.08041], [-96.70289, 17.08108], [-96.70283, 17.08153], [-96.70276, 17.08203], [-96.70159, 17.08198], [-96.69986, 17.08193], [-96.6999, 17.08252], [-96.69991, 17.08261], [-96.69992, 17.08316], [-96.69994, 17.0835], [-96.69994, 17.08359], [-96.69956, 17.08357], [-96.69927, 17.08355], [-96.69912, 17.08354], [-96.699, 17.08354], [-96.69872, 17.08353], [-96.69853, 17.08352], [-96.69843, 17.08351], [-96.69811, 17.08349], [-96.69795, 17.08348], [-96.69776, 17.08348], [-96.69768, 17.0835], [-96.69762, 17.08352], [-96.69755, 17.08355], [-96.69744, 17.08361], [-96.69736, 17.08365], [-96.69719, 17.08372], [-96.69695, 17.08385], [-96.69687, 17.08388], [-96.6968, 17.08392], [-96.69672, 17.08396], [-96.69635, 17.08416], [-96.69609, 17.08428], [-96.6959, 17.08438], [-96.69584, 17.0844], [-96.69579, 17.08441], [-96.69574, 17.08443], [-96.69565, 17.08444], [-96.69555, 17.08445], [-96.69547, 17.08445], [-96.69535, 17.08444], [-96.69526, 17.08444], [-96.6951, 17.08443], [-96.69505, 17.08443], [-96.69474, 17.08441], [-96.6945, 17.08439], [-96.69429, 17.08438], [-96.6942, 17.08437], [-96.69409, 17.08436], [-96.69408, 17.08445], [-96.69407, 17.08452], [-96.69402, 17.08498], [-96.69401, 17.08507], [-96.69398, 17.08519], [-96.69393, 17.08555], [-96.69392, 17.08557], [-96.69387, 17.08596], [-96.6938, 17.0865], [-96.69381, 17.08652], [-96.69381, 17.08653], [-96.69381, 17.08654], [-96.69382, 17.08655], [-96.69383, 17.08656], [-96.69384, 17.08656], [-96.69385, 17.08657], [-96.69386, 17.08657], [-96.69388, 17.08657], [-96.69392, 17.08658], [-96.69392, 17.08653], [-96.69392, 17.08653], [-96.69396, 17.08622], [-96.69403, 17.08559], [-96.69403, 17.08557], [-96.69411, 17.08507], [-96.69412, 17.08498], [-96.69418, 17.08453], [-96.69419, 17.08446], [-96.69444, 17.08448], [-96.69455, 17.08448], [-96.69462, 17.08449], [-96.69505, 17.0845], [-96.6951, 17.08451], [-96.69546, 17.08452], [-96.69561, 17.08452], [-96.69571, 17.08452], [-96.69577, 17.08451], [-96.69582, 17.0845], [-96.69594, 17.08444], [-96.69655, 17.08413], [-96.69678, 17.08401], [-96.69683, 17.08398], [-96.69691, 17.08395], [-96.69697, 17.08392], [-96.69721, 17.0838], [-96.69723, 17.08379], [-96.69728, 17.08376], [-96.69734, 17.08374], [-96.69739, 17.08371], [-96.69768, 17.08358], [-96.69774, 17.08356], [-96.69777, 17.08356], [-96.69783, 17.08355], [-96.69789, 17.08355], [-96.69795, 17.08356], [-96.69807, 17.08357], [-96.69841, 17.08359], [-96.69859, 17.0836], [-96.69877, 17.08361], [-96.69882, 17.08361], [-96.69895, 17.08362], [-96.69902, 17.08362], [-96.69923, 17.08363], [-96.69953, 17.08365], [-96.69995, 17.08366], [-96.69994, 17.08359], [-96.69994, 17.0835], [-96.69992, 17.08316], [-96.69991, 17.08261], [-96.6999, 17.08252], [-96.69986, 17.08193], [-96.70159, 17.08198], [-96.70276, 17.08203], [-96.70283, 17.08153], [-96.70289, 17.08108], [-96.70299, 17.08041], [-96.70308, 17.07984], [-96.70317, 17.07931], [-96.7035, 17.07935], [-96.70404, 17.07942], [-96.70442, 17.07947], [-96.7046, 17.07949], [-96.70461, 17.07949], [-96.70497, 17.07954], [-96.70548, 17.07961], [-96.70565, 17.07963], [-96.70566, 17.07963], [-96.70584, 17.07966], [-96.70611, 17.07968], [-96.70621, 17.0797], [-96.70631, 17.07969], [-96.70639, 17.07968], [-96.70684, 17.07973], [-96.70724, 17.07978], [-96.70791, 17.07987], [-96.70902, 17.08002], [-96.70955, 17.08008], [-96.71011, 17.08015], [-96.71023, 17.08015], [-96.71085, 17.08023], [-96.71122, 17.08027], [-96.71195, 17.08038], [-96.71223, 17.08041], [-96.71231, 17.08043], [-96.71231, 17.08037], [-96.71233, 17.08013], [-96.71236, 17.07983], [-96.71245, 17.0794], [-96.71246, 17.07935], [-96.71247, 17.0793], [-96.71253, 17.07872], [-96.71257, 17.07834], [-96.71258, 17.07827], [-96.71259, 17.07823], [-96.71259, 17.07819], [-96.71266, 17.07772], [-96.71274, 17.07718], [-96.71275, 17.0771], [-96.71275, 17.07705], [-96.71283, 17.07648], [-96.71288, 17.07611], [-96.71289, 17.07604], [-96.7129, 17.07598], [-96.71297, 17.07556], [-96.71304, 17.07505], [-96.71305, 17.07498], [-96.71306, 17.07492], [-96.71308, 17.07474], [-96.71319, 17.07388], [-96.71327, 17.07324], [-96.71331, 17.073], [-96.71333, 17.07286], [-96.71339, 17.07246], [-96.71344, 17.07193], [-96.71349, 17.07153], [-96.71352, 17.07134], [-96.71364, 17.07074], [-96.71367, 17.07051], [-96.71368, 17.07045], [-96.71369, 17.07037], [-96.7137, 17.0703], [-96.71373, 17.07009], [-96.71378, 17.0697], [-96.71385, 17.06915], [-96.71386, 17.06907], [-96.71387, 17.06903], [-96.71394, 17.06828], [-96.71394, 17.06823], [-96.71394, 17.0682], [-96.71414, 17.06691], [-96.71421, 17.06627], [-96.71429, 17.06561], [-96.71431, 17.06555], [-96.71436, 17.06542], [-96.71436, 17.06538], [-96.71436, 17.06533], [-96.71436, 17.06529], [-96.71435, 17.06525], [-96.71433, 17.0652], [-96.71431, 17.06498], [-96.71426, 17.06452], [-96.71423, 17.0641], [-96.71419, 17.06345], [-96.71417, 17.06304], [-96.71414, 17.0627], [-96.71412, 17.06208], [-96.7141, 17.06187], [-96.71407, 17.06158], [-96.71405, 17.06149], [-96.71403, 17.06134], [-96.71397, 17.06118], [-96.71391, 17.06102], [-96.71378, 17.06073], [-96.71367, 17.06048], [-96.71361, 17.06033], [-96.71338, 17.05971], [-96.71332, 17.05956], [-96.71326, 17.05941], [-96.7131, 17.059], [-96.71303, 17.05882], [-96.71299, 17.05873], [-96.71296, 17.05863], [-96.71293, 17.0585], [-96.71292, 17.05845], [-96.71291, 17.0584], [-96.71291, 17.05835], [-96.71291, 17.05825], [-96.71291, 17.05803], [-96.71295, 17.05752], [-96.71297, 17.0572], [-96.71297, 17.05717], [-96.71302, 17.05669], [-96.71303, 17.05655], [-96.71307, 17.05631], [-96.71309, 17.05617], [-96.71311, 17.05602], [-96.71312, 17.05591], [-96.71313, 17.05573], [-96.7132, 17.05498], [-96.71322, 17.05487], [-96.71325, 17.05465], [-96.71326, 17.05457], [-96.71326, 17.05449], [-96.71324, 17.05438], [-96.71322, 17.05429], [-96.71333, 17.05425], [-96.7136, 17.05414], [-96.71369, 17.0541], [-96.71386, 17.05404], [-96.71397, 17.054], [-96.71404, 17.05398], [-96.7141, 17.05396], [-96.71422, 17.05393], [-96.71427, 17.05392], [-96.71464, 17.05382], [-96.71477, 17.05379], [-96.71558, 17.05358], [-96.71625, 17.05341], [-96.71636, 17.05338], [-96.7164, 17.05338], [-96.71785, 17.05305], [-96.71821, 17.05296], [-96.71949, 17.05263], [-96.71955, 17.05262], [-96.72029, 17.05243], [-96.7205, 17.05238], [-96.72094, 17.05228], [-96.72162, 17.05209], [-96.72211, 17.05197], [-96.72252, 17.05186], [-96.72256, 17.05185], [-96.72292, 17.05174], [-96.72293, 17.05173], [-96.7231, 17.05169], [-96.72337, 17.05162], [-96.72346, 17.0516], [-96.72354, 17.05158], [-96.72406, 17.05145], [-96.72451, 17.05134], [-96.72496, 17.05123], [-96.72533, 17.05116], [-96.72583, 17.05107], [-96.72617, 17.05099], [-96.72636, 17.05092], [-96.72681, 17.05077], [-96.7269, 17.05074], [-96.72703, 17.0507], [-96.72708, 17.05068], [-96.72721, 17.05067], [-96.72733, 17.05066], [-96.72747, 17.05065], [-96.72764, 17.05066], [-96.72778, 17.05067], [-96.72796, 17.05071], [-96.72819, 17.05078], [-96.72823, 17.05079], [-96.72828, 17.05081], [-96.72834, 17.05085], [-96.72848, 17.05098], [-96.72872, 17.05123], [-96.72876, 17.05128], [-96.72881, 17.05135], [-96.72885, 17.05142], [-96.72898, 17.05176], [-96.72908, 17.05198], [-96.7291, 17.0521], [-96.72915, 17.0523], [-96.72953, 17.05358], [-96.72967, 17.05403], [-96.72999, 17.05506], [-96.73, 17.05509], [-96.73004, 17.05524], [-96.73004, 17.05529], [-96.73015, 17.05569], [-96.73023, 17.05596], [-96.73031, 17.05619], [-96.73034, 17.05627], [-96.73041, 17.05641], [-96.73049, 17.05654], [-96.73051, 17.05658], [-96.73052, 17.05659], [-96.73055, 17.05664], [-96.730429, 17.056445], [-96.73034, 17.05627], [-96.730326, 17.056225], [-96.73031, 17.05619], [-96.73015, 17.05569], [-96.730093, 17.055488], [-96.72999, 17.05506], [-96.73, 17.05509], [-96.73004, 17.05524], [-96.73004, 17.05529], [-96.73015, 17.05569], [-96.73023, 17.05596], [-96.73031, 17.05619], [-96.73034, 17.05627], [-96.73041, 17.05641], [-96.73049, 17.05654], [-96.73051, 17.05658], [-96.73052, 17.05659], [-96.73055, 17.05664], [-96.73084, 17.05705], [-96.73101, 17.05726], [-96.73129, 17.05764], [-96.73135, 17.05773], [-96.73145, 17.05789], [-96.73163, 17.0581], [-96.73183, 17.05841], [-96.732, 17.05865], [-96.7324, 17.05922], [-96.73279, 17.05976], [-96.73295, 17.05999], [-96.73301, 17.06007], [-96.73305, 17.06012], [-96.73309, 17.06021], [-96.73322, 17.06038], [-96.73344, 17.06069], [-96.73347, 17.06073], [-96.73352, 17.0608], [-96.73358, 17.06088], [-96.73368, 17.06082], [-96.7338, 17.06075], [-96.73389, 17.0607], [-96.73399, 17.06062], [-96.73404, 17.06059], [-96.7341, 17.06055], [-96.73412, 17.06053], [-96.73472, 17.06013], [-96.73477, 17.0601], [-96.73483, 17.06006], [-96.7349, 17.06001], [-96.73571, 17.05948], [-96.73573, 17.05947], [-96.73576, 17.05945], [-96.73583, 17.0594], [-96.73643, 17.05899], [-96.73646, 17.05896], [-96.73653, 17.05901], [-96.73659, 17.05907], [-96.73661, 17.05911], [-96.73666, 17.05921], [-96.73675, 17.05946], [-96.73678, 17.05954], [-96.73683, 17.0597], [-96.73688, 17.05985], [-96.73687, 17.05991], [-96.73691, 17.06034], [-96.73691, 17.06039], [-96.73695, 17.06064], [-96.73702, 17.06091], [-96.7371, 17.0612], [-96.7371, 17.06126], [-96.7371, 17.06135], [-96.7371, 17.06137], [-96.73711, 17.06147], [-96.73713, 17.0616], [-96.73731, 17.0616], [-96.73737, 17.0616], [-96.73753, 17.06161], [-96.73756, 17.06161], [-96.73759, 17.0616], [-96.73767, 17.0616], [-96.7377, 17.0616], [-96.73777, 17.0616], [-96.73787, 17.0616], [-96.73843, 17.06159], [-96.73847, 17.06159], [-96.73854, 17.06159], [-96.73863, 17.06159], [-96.73865, 17.06159], [-96.73898, 17.06158], [-96.73913, 17.06159], [-96.73923, 17.06159], [-96.73933, 17.0616], [-96.73946, 17.06157], [-96.73954, 17.06155], [-96.7396, 17.06153], [-96.73961, 17.06153], [-96.73967, 17.06151], [-96.73972, 17.06149], [-96.73985, 17.06142], [-96.73993, 17.06132], [-96.7402, 17.06113], [-96.74029, 17.06104], [-96.74086, 17.06052], [-96.74095, 17.06044], [-96.74108, 17.06032], [-96.74123, 17.06022], [-96.74201, 17.05948], [-96.74228, 17.05927], [-96.74303, 17.05859], [-96.74366, 17.05935], [-96.74389, 17.05959], [-96.74411, 17.05982], [-96.74427, 17.05999], [-96.74438, 17.06006], [-96.7445, 17.06011], [-96.74474, 17.06017], [-96.74487, 17.06035], [-96.74543, 17.06116], [-96.74578, 17.06169], [-96.74586, 17.06179], [-96.74593, 17.06186], [-96.74602, 17.06196], [-96.7463, 17.06227], [-96.74655, 17.06255], [-96.74678, 17.06294], [-96.74691, 17.06314], [-96.74731, 17.06376], [-96.74745, 17.06398], [-96.74749, 17.06404], [-96.74752, 17.06407], [-96.74757, 17.0641], [-96.74766, 17.06414], [-96.74772, 17.06414], [-96.74778, 17.06414], [-96.74817, 17.06407], [-96.74868, 17.06404], [-96.74915, 17.06403], [-96.74939, 17.064], [-96.74946, 17.064], [-96.74952, 17.06401], [-96.74955, 17.06402], [-96.74964, 17.06406], [-96.74973, 17.06411], [-96.74979, 17.06416], [-96.74997, 17.06428], [-96.75054, 17.06413], [-96.75057, 17.06412], [-96.75059, 17.06412], [-96.7506, 17.06411], [-96.75099, 17.06382], [-96.75139, 17.06348], [-96.75142, 17.06345], [-96.7515, 17.06339], [-96.75172, 17.06324], [-96.75178, 17.06318], [-96.75202, 17.06298], [-96.75216, 17.06287], [-96.7523, 17.06275], [-96.7525, 17.06255], [-96.75283, 17.06227], [-96.75299, 17.06215], [-96.75307, 17.0621], [-96.75314, 17.06207], [-96.75314, 17.06198], [-96.75315, 17.06191], [-96.75316, 17.06187], [-96.75317, 17.06183], [-96.75325, 17.06167], [-96.75327, 17.06164], [-96.75349, 17.06121], [-96.75362, 17.06087], [-96.75368, 17.0607], [-96.75375, 17.0605], [-96.75382, 17.06033], [-96.75384, 17.06028], [-96.75387, 17.06022], [-96.75388, 17.06016], [-96.75388, 17.06008], [-96.75386, 17.06001], [-96.75377, 17.05961], [-96.75383, 17.0596]]]}, "properties": {"route_id": null, "route_name": "BinniBusRA06"}}, {"type": "Feature", "geometry": {"type": "MultiLineString", "coordinates": [[[-96.735177, 17.103308], [-96.735195, 17.103292], [-96.735176, 17.1031], [-96.735192, 17.103074], [-96.735777, 17.102371], [-96.736276, 17.10189], [-96.736484, 17.101689], [-96.736665, 17.101472], [-96.737008, 17.101057], [-96.737323, 17.100644], [-96.737416, 17.100549], [-96.737459, 17.100507], [-96.737514, 17.100482], [-96.737562, 17.100472], [-96.737645, 17.100485], [-96.737727, 17.100522], [-96.737778, 17.100531], [-96.737826, 17.100517], [-96.737884, 17.100474], [-96.737917, 17.100425], [-96.737951, 17.100371], [-96.738062, 17.100253], [-96.7382, 17.100115], [-96.738309, 17.099963], [-96.738396, 17.099824], [-96.738443, 17.099696], [-96.738532, 17.099449], [-96.73856, 17.099308], [-96.738589, 17.099235], [-96.738612, 17.099201], [-96.738707, 17.099126], [-96.738907, 17.098996], [-96.739017, 17.09892], [-96.739089, 17.098853], [-96.739168, 17.098775], [-96.739222, 17.09866], [-96.739289, 17.098458], [-96.739297, 17.09828], [-96.739308, 17.098007], [-96.739301, 17.097715], [-96.739266, 17.097142], [-96.739246, 17.096838], [-96.739249, 17.096705], [-96.739264, 17.09619], [-96.739276, 17.095897], [-96.739276, 17.095424], [-96.739272, 17.095348], [-96.739236, 17.095074], [-96.739308, 17.094584], [-96.739378, 17.09415], [-96.739428, 17.093727], [-96.739372, 17.093573], [-96.739278, 17.093409], [-96.739085, 17.093128], [-96.738891, 17.092932], [-96.738696, 17.092643], [-96.738605, 17.0925], [-96.738498, 17.092229], [-96.738454, 17.092089], [-96.738432, 17.092027], [-96.738411, 17.091966], [-96.738374, 17.091909], [-96.738346, 17.091877], [-96.738203, 17.091786], [-96.737905, 17.091634], [-96.737583, 17.091533], [-96.737461, 17.091494], [-96.737169, 17.091449], [-96.737104, 17.091443], [-96.73698, 17.091404], [-96.736927, 17.091386], [-96.736748, 17.091283], [-96.736624, 17.091185], [-96.736545, 17.091081], [-96.73651, 17.090997], [-96.736497, 17.090842], [-96.736501, 17.090783], [-96.736556, 17.090608], [-96.736722, 17.090302], [-96.736789, 17.090138], [-96.736792, 17.090048], [-96.736821, 17.089934], [-96.736847, 17.089869], [-96.736946, 17.089744], [-96.737048, 17.089665], [-96.737132, 17.089578], [-96.737209, 17.08946], [-96.737285, 17.08933], [-96.737367, 17.089201], [-96.737426, 17.08911], [-96.737539, 17.088996], [-96.737599, 17.088923], [-96.737696, 17.088746], [-96.737763, 17.088605], [-96.737795, 17.088526], [-96.737831, 17.088387], [-96.737818, 17.088269], [-96.737788, 17.088172], [-96.737741, 17.088061], [-96.73771, 17.08797], [-96.737694, 17.087906], [-96.737697, 17.087819], [-96.737767, 17.087179], [-96.737788, 17.086987], [-96.737778, 17.086891], [-96.73777, 17.086795], [-96.737728, 17.08665], [-96.737685, 17.086526], [-96.737583, 17.086368], [-96.737377, 17.086187], [-96.737323, 17.08615], [-96.737246, 17.086136], [-96.737186, 17.086132], [-96.737098, 17.086163], [-96.736811, 17.086278], [-96.736344, 17.086479], [-96.736239, 17.086523], [-96.736159, 17.086545], [-96.736074, 17.086556], [-96.735982, 17.086565], [-96.735793, 17.086572], [-96.7356, 17.086586], [-96.735381, 17.086576], [-96.735274, 17.086577], [-96.735242, 17.086582], [-96.735174, 17.086576], [-96.735079, 17.086551], [-96.735007, 17.086504], [-96.734944, 17.086455], [-96.734908, 17.086402], [-96.734888, 17.086327], [-96.734857, 17.086008], [-96.734826, 17.085863], [-96.734812, 17.085795], [-96.734778, 17.085701], [-96.734725, 17.085644], [-96.734638, 17.085565], [-96.734547, 17.085526], [-96.734454, 17.085514], [-96.734399, 17.085526], [-96.734291, 17.085546], [-96.734237, 17.085579], [-96.734084, 17.085654], [-96.733912, 17.0857], [-96.733758, 17.085722], [-96.733597, 17.085729], [-96.73351, 17.085728], [-96.73332, 17.085714], [-96.733158, 17.085685], [-96.733022, 17.085672], [-96.732881, 17.085676], [-96.732738, 17.085699], [-96.732685, 17.085712], [-96.732478, 17.085788], [-96.732453, 17.085797], [-96.732375, 17.085797], [-96.732303, 17.085798], [-96.732268, 17.085788], [-96.73222, 17.085776], [-96.732012, 17.085699], [-96.731926, 17.08567], [-96.731757, 17.085584], [-96.731716, 17.085557], [-96.731688, 17.085532], [-96.731499, 17.085209], [-96.731458, 17.08517], [-96.731432, 17.085148], [-96.731259, 17.08506], [-96.731045, 17.084978], [-96.730992, 17.084947], [-96.730907, 17.084841], [-96.730804, 17.084724], [-96.730688, 17.084596], [-96.730653, 17.084567], [-96.730605, 17.08452], [-96.730516, 17.08447], [-96.730438, 17.084422], [-96.73029, 17.084327], [-96.730215, 17.084282], [-96.730104, 17.084177], [-96.73001, 17.084109], [-96.729936, 17.08405], [-96.729848, 17.083968], [-96.729706, 17.083824], [-96.729651, 17.083772], [-96.729588, 17.083725], [-96.729477, 17.083665], [-96.729344, 17.083611], [-96.72925, 17.083581], [-96.729102, 17.083536], [-96.728787, 17.083419], [-96.728725, 17.083396], [-96.728412, 17.083255], [-96.72788, 17.08302], [-96.727735, 17.082958], [-96.727611, 17.082901], [-96.727539, 17.082864], [-96.727501, 17.082831], [-96.727462, 17.082799], [-96.727392, 17.082728], [-96.727331, 17.082662], [-96.72731, 17.08264], [-96.727268, 17.082499], [-96.727189, 17.082259], [-96.727094, 17.081856], [-96.727051, 17.08155], [-96.727047, 17.081422], [-96.727081, 17.080952], [-96.727094, 17.080753], [-96.727072, 17.080508], [-96.727026, 17.080312], [-96.726989, 17.080222], [-96.726949, 17.080135], [-96.726875, 17.079901], [-96.726742, 17.079488], [-96.726654, 17.079216], [-96.726612, 17.079103], [-96.726546, 17.07889], [-96.726521, 17.07884], [-96.726467, 17.078799], [-96.726411, 17.078778], [-96.726341, 17.078747], [-96.726175, 17.078715], [-96.726124, 17.078699], [-96.726109, 17.078688], [-96.726112, 17.078607], [-96.726121, 17.078282], [-96.726128, 17.07821], [-96.72618, 17.077773], [-96.726212, 17.077519], [-96.726249, 17.077029], [-96.7263, 17.076437], [-96.726329, 17.076184], [-96.726348, 17.075996], [-96.726353, 17.075532], [-96.726387, 17.07522], [-96.726446, 17.074692], [-96.726471, 17.074284], [-96.72653, 17.073811], [-96.726557, 17.073604], [-96.726585, 17.07347], [-96.726615, 17.073387], [-96.726663, 17.073255], [-96.726632, 17.073142], [-96.726589, 17.073072], [-96.726455, 17.073041], [-96.726214, 17.072952], [-96.726056, 17.072904], [-96.725684, 17.072761], [-96.726063, 17.070798], [-96.726165, 17.070332], [-96.7262, 17.070156], [-96.726242, 17.069935], [-96.726329, 17.069499], [-96.726378, 17.069196], [-96.726417, 17.068971], [-96.726435, 17.068791], [-96.726448, 17.068517], [-96.726457, 17.068358], [-96.726486, 17.067987], [-96.72651, 17.067631], [-96.726545, 17.067263], [-96.72657, 17.067051], [-96.726656, 17.066623], [-96.726926, 17.065296], [-96.727301, 17.063463], [-96.727478, 17.06267], [-96.727532, 17.06234], [-96.727607, 17.061927], [-96.727679, 17.061558], [-96.727878, 17.060653], [-96.728065, 17.059732], [-96.728634, 17.059863], [-96.729385, 17.060009], [-96.729702, 17.06007], [-96.730198, 17.060168], [-96.730506, 17.06024], [-96.731051, 17.06035], [-96.73167, 17.060491], [-96.73178, 17.060518], [-96.732095, 17.06056], [-96.732368, 17.060608], [-96.732551, 17.060646], [-96.732892, 17.060708], [-96.733128, 17.060756], [-96.733278, 17.060764], [-96.733404, 17.060756], [-96.733576, 17.060864], [-96.733718, 17.060828], [-96.734096, 17.06059], [-96.734563, 17.060251], [-96.735118, 17.059895], [-96.735684, 17.059528], [-96.736065, 17.059262], [-96.736363, 17.059059], [-96.736436, 17.059012], [-96.736455, 17.058997], [-96.736481, 17.059001], [-96.736503, 17.059013], [-96.736532, 17.059044], [-96.736566, 17.059078], [-96.736638, 17.059217], [-96.736668, 17.059302], [-96.736729, 17.059475], [-96.736753, 17.059528], [-96.73676, 17.059545], [-96.736811, 17.059724], [-96.736848, 17.059834], [-96.736854, 17.059857], [-96.736848, 17.059888], [-96.736848, 17.059922], [-96.736861, 17.060092], [-96.736882, 17.060299], [-96.736891, 17.060381], [-96.736905, 17.060464], [-96.736915, 17.060558], [-96.736927, 17.060624], [-96.736936, 17.060672], [-96.73696, 17.060772], [-96.736981, 17.060839], [-96.737064, 17.061153], [-96.737077, 17.061219], [-96.737074, 17.061288], [-96.737078, 17.061363], [-96.737075, 17.061541], [-96.737071, 17.061618], [-96.737174, 17.061627], [-96.737263, 17.061627], [-96.737606, 17.061632], [-96.738101, 17.061626], [-96.738533, 17.061615], [-96.738757, 17.061615], [-96.738924, 17.061612], [-96.739202, 17.061617], [-96.739335, 17.06162], [-96.739379, 17.061617], [-96.739476, 17.061596], [-96.73961, 17.061559], [-96.73976, 17.061499], [-96.739882, 17.061438], [-96.739926, 17.06137], [-96.740011, 17.061303], [-96.740201, 17.061168], [-96.740381, 17.061005], [-96.740657, 17.060746], [-96.740904, 17.060518], [-96.741071, 17.060373], [-96.741216, 17.060263], [-96.741698, 17.059812], [-96.742096, 17.059452], [-96.742347, 17.059238], [-96.742894, 17.058751], [-96.743009, 17.058649], [-96.743023, 17.058646], [-96.743078, 17.058696], [-96.743221, 17.058872], [-96.743408, 17.059095], [-96.743556, 17.059276], [-96.743732, 17.059472], [-96.743963, 17.059705], [-96.744194, 17.059956], [-96.744287, 17.060038], [-96.744345, 17.060076], [-96.744426, 17.060113], [-96.744513, 17.060142], [-96.74459, 17.060163], [-96.744662, 17.060178], [-96.744788, 17.060194], [-96.744824, 17.060192], [-96.744922, 17.060191], [-96.74528, 17.060091], [-96.74546, 17.060045], [-96.745671, 17.05995], [-96.745738, 17.059905], [-96.746013, 17.059685], [-96.746284, 17.059435], [-96.746371, 17.059358], [-96.74648, 17.059254], [-96.746599, 17.059196], [-96.747051, 17.058949], [-96.747385, 17.058792], [-96.747474, 17.058745], [-96.747503, 17.058736], [-96.747583, 17.058726], [-96.747652, 17.058719], [-96.747672, 17.058718], [-96.747743, 17.058718], [-96.747785, 17.058719], [-96.747816, 17.058723], [-96.747876, 17.058746], [-96.747892, 17.058754], [-96.747916, 17.058771], [-96.747957, 17.058822], [-96.748018, 17.05892], [-96.748047, 17.058975], [-96.748146, 17.059135], [-96.74817, 17.059178], [-96.748203, 17.059216], [-96.748235, 17.059248], [-96.748286, 17.059278], [-96.748314, 17.059291], [-96.748353, 17.059298], [-96.748405, 17.059302], [-96.748501, 17.059288], [-96.748625, 17.059273], [-96.748731, 17.059266], [-96.748834, 17.059272], [-96.74895, 17.059267], [-96.749079, 17.059262], [-96.749156, 17.059254], [-96.749286, 17.059236], [-96.749379, 17.059225], [-96.749499, 17.059218], [-96.749599, 17.059213], [-96.749691, 17.059201], [-96.749854, 17.059184], [-96.749955, 17.059183], [-96.750124, 17.059176], [-96.750225, 17.059171], [-96.750476, 17.05912], [-96.750786, 17.059056], [-96.75093, 17.059026], [-96.751016, 17.059015], [-96.751227, 17.058977], [-96.751463, 17.058942], [-96.751564, 17.058928], [-96.751646, 17.058922], [-96.751773, 17.058913], [-96.75225, 17.058922], [-96.752409, 17.058928], [-96.752533, 17.058917], [-96.752579, 17.058907], [-96.752816, 17.058853], [-96.752932, 17.058824], [-96.753188, 17.05878], [-96.753296, 17.058757], [-96.753534, 17.058703], [-96.753672, 17.058671], [-96.754068, 17.058582], [-96.754385, 17.058512], [-96.754781, 17.058428], [-96.754875, 17.058407], [-96.755234, 17.058309], [-96.755473, 17.058246], [-96.755629, 17.058203], [-96.755795, 17.058151], [-96.755938, 17.058114], [-96.756015, 17.058093], [-96.756068, 17.058089], [-96.756216, 17.058085], [-96.75645, 17.058078], [-96.756748, 17.058099], [-96.757028, 17.058123], [-96.757139, 17.058131], [-96.757225, 17.058135], [-96.75737, 17.058144], [-96.757584, 17.058149], [-96.757718, 17.058154], [-96.757971, 17.058133], [-96.758026, 17.058124], [-96.758072, 17.058112], [-96.758159, 17.058056], [-96.758184, 17.058028], [-96.758212, 17.057982], [-96.758231, 17.057969], [-96.758271, 17.057962], [-96.758493, 17.05794], [-96.758623, 17.057926], [-96.758723, 17.057908], [-96.758792, 17.057886], [-96.758844, 17.057858], [-96.758895, 17.057821], [-96.758919, 17.057807], [-96.758954, 17.057797], [-96.759001, 17.057794], [-96.759046, 17.057806], [-96.759083, 17.057823], [-96.759103, 17.057854], [-96.759141, 17.057834], [-96.759115, 17.057786], [-96.759063, 17.057759], [-96.758986, 17.057749], [-96.758914, 17.057763], [-96.758811, 17.057822], [-96.758758, 17.057857], [-96.758646, 17.057881], [-96.75823, 17.057926], [-96.758179, 17.05795], [-96.758134, 17.058018], [-96.758092, 17.058052], [-96.758044, 17.058078], [-96.757956, 17.058095], [-96.75781, 17.058111], [-96.757695, 17.058111], [-96.757228, 17.0581], [-96.756644, 17.05805], [-96.756365, 17.05804], [-96.756019, 17.058046], [-96.755678, 17.05814], [-96.755292, 17.058262], [-96.754856, 17.058364], [-96.754547, 17.058436], [-96.753735, 17.058617], [-96.753049, 17.058764], [-96.75258, 17.058863], [-96.752485, 17.058882], [-96.752321, 17.058881], [-96.751794, 17.058873], [-96.751479, 17.058893], [-96.75128, 17.058927], [-96.751018, 17.058971], [-96.75057, 17.059061], [-96.750248, 17.059125], [-96.750072, 17.059141], [-96.749882, 17.059141], [-96.74941, 17.059182], [-96.749011, 17.059229], [-96.748708, 17.059226], [-96.748506, 17.059246], [-96.748414, 17.059266], [-96.748357, 17.059266], [-96.7483, 17.059254], [-96.748246, 17.059212], [-96.748185, 17.059124], [-96.748071, 17.058932], [-96.747979, 17.058785], [-96.747946, 17.058746], [-96.747881, 17.058706], [-96.747784, 17.058677], [-96.747645, 17.058676], [-96.747542, 17.058693], [-96.747437, 17.058716], [-96.747217, 17.058821], [-96.746986, 17.058935], [-96.746738, 17.059072], [-96.746443, 17.059229], [-96.746097, 17.059552], [-96.745735, 17.059862], [-96.745622, 17.059931], [-96.745386, 17.060021], [-96.744901, 17.060154], [-96.74478, 17.060149], [-96.744614, 17.060109], [-96.744505, 17.060082], [-96.744402, 17.06004], [-96.744295, 17.059964], [-96.744163, 17.059831], [-96.743801, 17.059453], [-96.743084, 17.058622], [-96.743019, 17.058563], [-96.742912, 17.05865], [-96.742587, 17.058953], [-96.7422, 17.05929], [-96.741972, 17.05947], [-96.741549, 17.059874], [-96.741179, 17.060214], [-96.740899, 17.060448], [-96.740337, 17.060961], [-96.740156, 17.061134], [-96.739978, 17.061253], [-96.739912, 17.0613], [-96.739832, 17.061395], [-96.73974, 17.061447], [-96.739581, 17.061511], [-96.739355, 17.061563], [-96.73919, 17.061565], [-96.73872, 17.061561], [-96.737986, 17.061574], [-96.737404, 17.061576], [-96.737338, 17.061574], [-96.73724, 17.061495], [-96.737176, 17.061429], [-96.737122, 17.06137], [-96.737113, 17.061216], [-96.737096, 17.06112], [-96.737015, 17.060829], [-96.736963, 17.060593], [-96.736886, 17.059935], [-96.736885, 17.059812], [-96.736877, 17.059789], [-96.736806, 17.059536], [-96.736767, 17.059458], [-96.736731, 17.059353], [-96.736695, 17.059244], [-96.73662, 17.059086], [-96.736594, 17.059046], [-96.736551, 17.059002], [-96.736434, 17.058907], [-96.736334, 17.058943], [-96.735718, 17.059335], [-96.734649, 17.060016], [-96.734325, 17.060262], [-96.733898, 17.060542], [-96.733652, 17.060715], [-96.733408, 17.060856], [-96.733255, 17.061167], [-96.73274, 17.061212], [-96.732068, 17.061203], [-96.730756, 17.061173], [-96.730464, 17.061144], [-96.729721, 17.061011], [-96.728812, 17.060829], [-96.728629, 17.06155], [-96.728557, 17.062144], [-96.728535, 17.062306], [-96.728439, 17.062642], [-96.728385, 17.062765], [-96.728297, 17.063098], [-96.728208, 17.063583], [-96.728152, 17.063947], [-96.728066, 17.064532], [-96.727889, 17.065432], [-96.727717, 17.066291], [-96.727519, 17.067355], [-96.727462, 17.067788], [-96.727522, 17.068414], [-96.72757, 17.068614], [-96.727648, 17.069578], [-96.727572, 17.070257], [-96.72745, 17.070726], [-96.727397, 17.070923], [-96.72733, 17.07136], [-96.72719, 17.072065], [-96.727122, 17.072457], [-96.727066, 17.072825], [-96.727037, 17.072966], [-96.727009, 17.073024], [-96.726973, 17.073076], [-96.726923, 17.073146], [-96.726883, 17.073156], [-96.726774, 17.073183], [-96.726518, 17.073215], [-96.726479, 17.073329], [-96.726427, 17.073553], [-96.726359, 17.074006], [-96.726306, 17.074692], [-96.726191, 17.075747], [-96.726162, 17.076149], [-96.726146, 17.076652], [-96.726136, 17.076776], [-96.726082, 17.077121], [-96.726056, 17.077571], [-96.726024, 17.077976], [-96.725995, 17.078281], [-96.725972, 17.078667], [-96.725985, 17.078716], [-96.726078, 17.078754], [-96.72617, 17.078762], [-96.726355, 17.078811], [-96.726422, 17.078843], [-96.726469, 17.078866], [-96.726482, 17.078891], [-96.726571, 17.079175], [-96.726749, 17.079689], [-96.72694, 17.080268], [-96.727017, 17.080535], [-96.727036, 17.080755], [-96.727012, 17.08112], [-96.726985, 17.081422], [-96.726993, 17.081596], [-96.727039, 17.081914], [-96.7271, 17.08215], [-96.727202, 17.082489], [-96.727269, 17.082678], [-96.727339, 17.08275], [-96.727489, 17.082899], [-96.727666, 17.082986], [-96.728087, 17.083173], [-96.728573, 17.083388], [-96.728977, 17.083553], [-96.729131, 17.083603], [-96.729293, 17.083653], [-96.729453, 17.083723], [-96.729608, 17.083806], [-96.729758, 17.083968], [-96.729862, 17.084064], [-96.730051, 17.08421], [-96.730185, 17.084331], [-96.730347, 17.084436], [-96.730481, 17.084518], [-96.730578, 17.084572], [-96.730677, 17.084672], [-96.730944, 17.084979], [-96.731004, 17.085026], [-96.731057, 17.085047], [-96.731156, 17.085086], [-96.731356, 17.085174], [-96.731424, 17.085218], [-96.731464, 17.085255], [-96.731632, 17.085546], [-96.731696, 17.085608], [-96.731816, 17.085685], [-96.732044, 17.085772], [-96.732272, 17.085852], [-96.73247, 17.085849], [-96.732698, 17.085767], [-96.732857, 17.085723], [-96.733026, 17.085723], [-96.733353, 17.085767], [-96.733613, 17.085788], [-96.733836, 17.085762], [-96.734115, 17.085713], [-96.7343, 17.085611], [-96.734383, 17.085585], [-96.734447, 17.085575], [-96.734554, 17.085585], [-96.734635, 17.085626], [-96.734732, 17.085741], [-96.734812, 17.086034], [-96.734836, 17.086331], [-96.734884, 17.086472], [-96.734952, 17.086526], [-96.73504, 17.086587], [-96.735158, 17.086618], [-96.7353, 17.086628], [-96.735638, 17.086641], [-96.735853, 17.086626], [-96.73604, 17.086621], [-96.736156, 17.0866], [-96.736419, 17.086521], [-96.736912, 17.0863], [-96.7371, 17.086228], [-96.737218, 17.086175], [-96.737336, 17.086234], [-96.737476, 17.086349], [-96.737532, 17.086395], [-96.737594, 17.086498], [-96.737663, 17.086654], [-96.737703, 17.086808], [-96.737725, 17.086972], [-96.737709, 17.087157], [-96.737636, 17.087834], [-96.737647, 17.087972], [-96.737677, 17.088069], [-96.737765, 17.088316], [-96.73777, 17.088382], [-96.737741, 17.088498], [-96.737602, 17.088808], [-96.737548, 17.088913], [-96.737357, 17.08911], [-96.737199, 17.089359], [-96.737103, 17.089518], [-96.737022, 17.089615], [-96.736915, 17.08971], [-96.736797, 17.089838], [-96.73674, 17.090015], [-96.736732, 17.090115], [-96.736687, 17.090259], [-96.736609, 17.0904], [-96.73648, 17.090672], [-96.736446, 17.090795], [-96.736446, 17.090925], [-96.736467, 17.091061], [-96.736539, 17.091174], [-96.736609, 17.091256], [-96.736765, 17.091359], [-96.736912, 17.091438], [-96.737046, 17.091484], [-96.737301, 17.09153], [-96.73754, 17.091577], [-96.737867, 17.091687], [-96.738205, 17.091854], [-96.738318, 17.091925], [-96.738379, 17.092046], [-96.738473, 17.092318], [-96.738564, 17.092566], [-96.738798, 17.092894], [-96.739039, 17.093164], [-96.739197, 17.093397], [-96.73931, 17.093551], [-96.739372, 17.093746], [-96.739264, 17.094517], [-96.739171, 17.095094], [-96.739192, 17.095209], [-96.739222, 17.095353], [-96.739216, 17.095914], [-96.739187, 17.096817], [-96.739246, 17.097742], [-96.739256, 17.098194], [-96.739219, 17.098501], [-96.739163, 17.098681], [-96.738986, 17.098868], [-96.738701, 17.09907], [-96.738575, 17.099175], [-96.738495, 17.099334], [-96.738457, 17.099506], [-96.738366, 17.099744], [-96.738338, 17.099824], [-96.738124, 17.100114], [-96.737868, 17.100374], [-96.73784, 17.100414], [-96.73783, 17.100446], [-96.737818, 17.100459], [-96.737797, 17.100465], [-96.737771, 17.10047], [-96.73774, 17.100468], [-96.737679, 17.100446], [-96.737643, 17.100432], [-96.737585, 17.100427], [-96.737549, 17.100434], [-96.73749, 17.100446], [-96.73744, 17.100471], [-96.737396, 17.100507], [-96.737325, 17.10058], [-96.737226, 17.1007], [-96.737022, 17.100965], [-96.736818, 17.101224], [-96.736598, 17.101485], [-96.736411, 17.10171], [-96.736152, 17.101949], [-96.735992, 17.102093], [-96.735795, 17.102292], [-96.735421, 17.10274], [-96.735158, 17.103067], [-96.735132, 17.103104], [-96.735154, 17.103308]]]}, "properties": {"route_id": null, "route_name": "BinniBusRA07"}}, {"type": "Feature", "geometry": {"type": "MultiLineString", "coordinates": [[[-96.700266, 17.108847], [-96.700311, 17.108516], [-96.700502, 17.108067], [-96.700661, 17.1076], [-96.700771, 17.107307], [-96.700886, 17.106914], [-96.700912, 17.106803], [-96.700956, 17.106395], [-96.70102, 17.105801], [-96.701086, 17.105274], [-96.701129, 17.10491], [-96.701153, 17.104778], [-96.701161, 17.104588], [-96.70121, 17.104152], [-96.701238, 17.103866], [-96.701282, 17.103458], [-96.701336, 17.103451], [-96.702012, 17.103518], [-96.702154, 17.103537], [-96.702543, 17.103611], [-96.702997, 17.103702], [-96.703051, 17.103714], [-96.703074, 17.103522], [-96.703139, 17.103032], [-96.703198, 17.102595], [-96.703251, 17.102166], [-96.703314, 17.101723], [-96.703373, 17.101216], [-96.703397, 17.101035], [-96.703421, 17.100976], [-96.703459, 17.10089], [-96.703634, 17.100691], [-96.703786, 17.100542], [-96.703845, 17.100443], [-96.703906, 17.100325], [-96.703966, 17.100201], [-96.704087, 17.099777], [-96.704108, 17.099709], [-96.704102, 17.099691], [-96.70407, 17.099643], [-96.704062, 17.099617], [-96.704057, 17.09957], [-96.704064, 17.099525], [-96.70412, 17.099271], [-96.704222, 17.098843], [-96.70426, 17.098754], [-96.704439, 17.098376], [-96.704639, 17.097958], [-96.704686, 17.097854], [-96.70479, 17.097623], [-96.704918, 17.097353], [-96.705072, 17.097089], [-96.705254, 17.096772], [-96.705359, 17.096563], [-96.705457, 17.096362], [-96.705482, 17.096336], [-96.705511, 17.096328], [-96.705571, 17.096326], [-96.705954, 17.096314], [-96.706205, 17.096302], [-96.706359, 17.096316], [-96.706422, 17.096334], [-96.706747, 17.096555], [-96.706803, 17.09659], [-96.706871, 17.096616], [-96.706904, 17.096623], [-96.706926, 17.096624], [-96.706954, 17.096614], [-96.706979, 17.096595], [-96.707005, 17.096551], [-96.707009, 17.096519], [-96.706998, 17.09646], [-96.706952, 17.096366], [-96.706814, 17.096129], [-96.706507, 17.095606], [-96.706444, 17.095487], [-96.706411, 17.095397], [-96.706395, 17.095327], [-96.706388, 17.095238], [-96.706393, 17.095156], [-96.706427, 17.095036], [-96.706513, 17.094842], [-96.70665, 17.094565], [-96.707154, 17.09482], [-96.707199, 17.094765], [-96.707268, 17.094624], [-96.70757, 17.094069], [-96.707886, 17.093444], [-96.707971, 17.093286], [-96.708056, 17.093124], [-96.708283, 17.092727], [-96.708573, 17.092168], [-96.70875, 17.09183], [-96.709077, 17.091193], [-96.709329, 17.090685], [-96.709369, 17.090621], [-96.709589, 17.090126], [-96.709699, 17.089886], [-96.709878, 17.089547], [-96.709908, 17.089492], [-96.709974, 17.089453], [-96.710037, 17.089415], [-96.710202, 17.089246], [-96.71041, 17.08902], [-96.710515, 17.088903], [-96.71065, 17.088716], [-96.710795, 17.088461], [-96.710991, 17.088124], [-96.711342, 17.087519], [-96.711463, 17.087316], [-96.711777, 17.086783], [-96.71193, 17.086555], [-96.711967, 17.086521], [-96.712082, 17.086493], [-96.71219, 17.086493], [-96.712258, 17.086532], [-96.712407, 17.086566], [-96.712568, 17.086606], [-96.712852, 17.086706], [-96.713364, 17.086932], [-96.713531, 17.08703], [-96.71398, 17.0873], [-96.714334, 17.087479], [-96.714432, 17.08752], [-96.714495, 17.087543], [-96.714661, 17.087632], [-96.714805, 17.087708], [-96.71492, 17.087784], [-96.715129, 17.087915], [-96.715439, 17.088094], [-96.715651, 17.088206], [-96.716045, 17.088426], [-96.716438, 17.088644], [-96.716803, 17.088848], [-96.716863, 17.088885], [-96.716905, 17.088925], [-96.716955, 17.088998], [-96.717067, 17.08908], [-96.717199, 17.089094], [-96.717284, 17.089066], [-96.71733, 17.088994], [-96.717328, 17.088907], [-96.717352, 17.088815], [-96.717483, 17.088384], [-96.717573, 17.088106], [-96.71764, 17.0879], [-96.717753, 17.087492], [-96.71782, 17.087305], [-96.717922, 17.086956], [-96.718066, 17.086571], [-96.71816, 17.086355], [-96.718278, 17.086019], [-96.718308, 17.08587], [-96.718555, 17.085042], [-96.718721, 17.084529], [-96.718927, 17.08397], [-96.719021, 17.083683], [-96.719054, 17.083537], [-96.719064, 17.083265], [-96.719096, 17.083052], [-96.719155, 17.082701], [-96.719172, 17.082506], [-96.719155, 17.082365], [-96.719123, 17.082155], [-96.719088, 17.082063], [-96.718984, 17.081955], [-96.718935, 17.081932], [-96.718917, 17.081917], [-96.718957, 17.081776], [-96.719002, 17.081424], [-96.719064, 17.081009], [-96.719091, 17.080804], [-96.719212, 17.079735], [-96.719252, 17.079381], [-96.719311, 17.07923], [-96.719359, 17.07914], [-96.719408, 17.079053], [-96.719389, 17.078945], [-96.719335, 17.078912], [-96.719323, 17.078886], [-96.719352, 17.078598], [-96.719444, 17.077753], [-96.719527, 17.076945], [-96.719578, 17.076697], [-96.719613, 17.076484], [-96.719648, 17.07612], [-96.719677, 17.075861], [-96.719712, 17.075594], [-96.719717, 17.07542], [-96.71964, 17.075063], [-96.719527, 17.074753], [-96.719519, 17.074681], [-96.719554, 17.074615], [-96.71957, 17.074484], [-96.71954, 17.074425], [-96.719503, 17.074358], [-96.719457, 17.074317], [-96.719489, 17.07392], [-96.719535, 17.073266], [-96.719564, 17.072848], [-96.719621, 17.072294], [-96.719672, 17.071661], [-96.719758, 17.071099], [-96.719865, 17.07014], [-96.719924, 17.069666], [-96.720063, 17.068892], [-96.72023, 17.06802], [-96.720423, 17.067158], [-96.720552, 17.066592], [-96.720702, 17.065938], [-96.720857, 17.065258], [-96.720967, 17.064766], [-96.721085, 17.064202], [-96.721163, 17.063735], [-96.721313, 17.06294], [-96.721461, 17.062264], [-96.721663, 17.061257], [-96.721859, 17.060388], [-96.722082, 17.059456], [-96.722291, 17.05851], [-96.722519, 17.057559], [-96.722648, 17.056685], [-96.723348, 17.056823], [-96.723643, 17.056882], [-96.724364, 17.057049], [-96.72482, 17.057141], [-96.725319, 17.057228], [-96.725486, 17.057256], [-96.7259, 17.057333], [-96.726288, 17.057409], [-96.726438, 17.057433], [-96.726501, 17.057424], [-96.726546, 17.057214], [-96.72663, 17.056868], [-96.726697, 17.056617], [-96.726734, 17.05645], [-96.72682, 17.056047], [-96.726931, 17.055524], [-96.72706, 17.054911], [-96.727131, 17.054523], [-96.727249, 17.053945], [-96.727324, 17.053596], [-96.727468, 17.052966], [-96.727551, 17.05256], [-96.727618, 17.052237], [-96.727713, 17.051818], [-96.727737, 17.051714], [-96.727839, 17.051286], [-96.727904, 17.051016], [-96.727961, 17.050784], [-96.727987, 17.050701], [-96.728089, 17.050542], [-96.728168, 17.050461], [-96.728208, 17.050414], [-96.728342, 17.050303], [-96.728695, 17.050197], [-96.729086, 17.050082], [-96.729446, 17.049942], [-96.729825, 17.049817], [-96.730202, 17.049712], [-96.73042, 17.049646], [-96.730507, 17.049629], [-96.73081, 17.049562], [-96.731137, 17.049421], [-96.731307, 17.049266], [-96.731393, 17.049138], [-96.731439, 17.049047], [-96.731467, 17.048956], [-96.731487, 17.04886], [-96.731471, 17.048583], [-96.731437, 17.048385], [-96.731406, 17.048197], [-96.731272, 17.047358], [-96.731187, 17.046853], [-96.73112, 17.04643], [-96.731047, 17.046004], [-96.730948, 17.045522], [-96.730886, 17.045381], [-96.73072, 17.044945], [-96.730379, 17.044142], [-96.729851, 17.042953], [-96.729615, 17.042427], [-96.729432, 17.041888], [-96.729341, 17.041509], [-96.729255, 17.041034], [-96.729046, 17.039978], [-96.728918, 17.039214], [-96.728826, 17.038711], [-96.728649, 17.037654], [-96.728569, 17.037147], [-96.728553, 17.036803], [-96.728563, 17.036703], [-96.728569, 17.036636], [-96.728557, 17.036567], [-96.728533, 17.036536], [-96.728512, 17.036463], [-96.728616, 17.035413], [-96.728658, 17.035067], [-96.72871, 17.034769], [-96.728742, 17.034559], [-96.728785, 17.03431], [-96.728954, 17.032874], [-96.728972, 17.032715], [-96.729074, 17.031815], [-96.729166, 17.031099], [-96.729195, 17.030881], [-96.729259, 17.030563], [-96.729356, 17.029912], [-96.729402, 17.029394], [-96.729431, 17.028966], [-96.729512, 17.028319], [-96.729608, 17.027547], [-96.729686, 17.026955], [-96.729726, 17.026652], [-96.729809, 17.02578], [-96.729868, 17.025226], [-96.730056, 17.023793], [-96.730096, 17.023459], [-96.73012, 17.023369], [-96.730171, 17.023316], [-96.730297, 17.023284], [-96.730445, 17.023242], [-96.73052, 17.023208], [-96.730568, 17.023182], [-96.730622, 17.023173], [-96.730747, 17.023192], [-96.730853, 17.023203], [-96.730924, 17.023232], [-96.731086, 17.023276], [-96.731406, 17.023371], [-96.731585, 17.023419], [-96.731844, 17.023505], [-96.732041, 17.023575], [-96.732644, 17.02378], [-96.733045, 17.023909], [-96.733242, 17.023976], [-96.733351, 17.024012], [-96.733776, 17.024171], [-96.734099, 17.024289], [-96.734904, 17.02458], [-96.735199, 17.024686], [-96.735306, 17.024727], [-96.73543, 17.024731], [-96.735521, 17.024706], [-96.735615, 17.024681], [-96.735925, 17.024553], [-96.736157, 17.02447], [-96.736418, 17.024361], [-96.737263, 17.024016], [-96.737716, 17.023837], [-96.738166, 17.023673], [-96.738438, 17.023567], [-96.738774, 17.023441], [-96.739045, 17.02333], [-96.739334, 17.023219], [-96.739806, 17.023022], [-96.739992, 17.022944], [-96.74022, 17.022853], [-96.741009, 17.022552], [-96.741186, 17.022477], [-96.741316, 17.022423], [-96.741506, 17.022349], [-96.741903, 17.022205], [-96.742948, 17.021805], [-96.743613, 17.021534], [-96.744586, 17.021155], [-96.745418, 17.020836], [-96.746242, 17.020503], [-96.746467, 17.020415], [-96.747044, 17.02019], [-96.747294, 17.020076], [-96.747902, 17.019848], [-96.748461, 17.019633], [-96.748711, 17.01953], [-96.749016, 17.019402], [-96.749321, 17.019267], [-96.749511, 17.019172], [-96.750127, 17.018839], [-96.750823, 17.018423], [-96.751092, 17.018273], [-96.751713, 17.017891], [-96.752349, 17.017504], [-96.753151, 17.017023], [-96.754294, 17.016346], [-96.754881, 17.015971], [-96.755203, 17.015788], [-96.755333, 17.015671], [-96.755432, 17.015614], [-96.755962, 17.015297], [-96.756197, 17.015161], [-96.756222, 17.015119], [-96.756201, 17.015044], [-96.756159, 17.014956], [-96.756111, 17.014825], [-96.756094, 17.014722], [-96.756057, 17.014462], [-96.756005, 17.014249], [-96.755972, 17.014172], [-96.755875, 17.014052], [-96.755627, 17.013784], [-96.755275, 17.0134], [-96.755155, 17.013285], [-96.755148, 17.013249], [-96.755222, 17.012985], [-96.755376, 17.012502], [-96.755481, 17.012156], [-96.755549, 17.011934], [-96.755577, 17.011832], [-96.755628, 17.011611], [-96.755706, 17.01135], [-96.755761, 17.011135], [-96.755817, 17.010971], [-96.755963, 17.010431], [-96.756103, 17.009948], [-96.756253, 17.009449], [-96.7563, 17.009295], [-96.756318, 17.00924], [-96.756509, 17.009267], [-96.756552, 17.009262], [-96.756618, 17.009137], [-96.756639, 17.009082], [-96.75671, 17.008805], [-96.756814, 17.008415], [-96.756902, 17.008073], [-96.756996, 17.007696], [-96.757051, 17.007511], [-96.757111, 17.007319], [-96.757091, 17.007278], [-96.756768, 17.007242], [-96.756421, 17.007176], [-96.756038, 17.007097], [-96.755585, 17.006985], [-96.75503, 17.006874], [-96.754408, 17.006767], [-96.754398, 17.006753], [-96.754428, 17.00661], [-96.754519, 17.0061], [-96.754598, 17.005724], [-96.754701, 17.005245], [-96.754815, 17.004821], [-96.754932, 17.004428], [-96.755003, 17.004197], [-96.755096, 17.003792], [-96.754781, 17.003685], [-96.754396, 17.00369], [-96.754005, 17.003753], [-96.753754, 17.003722], [-96.753439, 17.003634], [-96.753353, 17.003569], [-96.753136, 17.003373], [-96.752945, 17.00327], [-96.752625, 17.004393], [-96.752625, 17.004393], [-96.752945, 17.00327], [-96.753083, 17.00333], [-96.753439, 17.003634], [-96.753632, 17.003704], [-96.753837, 17.003745], [-96.753945, 17.003754], [-96.754058, 17.003742], [-96.754365, 17.003689], [-96.754781, 17.003685], [-96.755075, 17.003774], [-96.754986, 17.004122], [-96.754827, 17.004629], [-96.754732, 17.004973], [-96.75465, 17.005287], [-96.754543, 17.005813], [-96.754344, 17.006792], [-96.75462, 17.006841], [-96.755172, 17.006939], [-96.755414, 17.006986], [-96.756102, 17.007149], [-96.756484, 17.007232], [-96.756738, 17.007279], [-96.757049, 17.007313], [-96.757065, 17.007323], [-96.756973, 17.007632], [-96.75687, 17.007996], [-96.756764, 17.008431], [-96.756724, 17.008608], [-96.756621, 17.008972], [-96.756576, 17.009144], [-96.756532, 17.009225], [-96.756499, 17.009234], [-96.756296, 17.009197], [-96.756272, 17.009242], [-96.755998, 17.010168], [-96.755894, 17.010514], [-96.755808, 17.01085], [-96.755776, 17.010963], [-96.755606, 17.011521], [-96.755494, 17.011966], [-96.755398, 17.012293], [-96.755367, 17.012382], [-96.755225, 17.012847], [-96.755101, 17.013274], [-96.755178, 17.013362], [-96.755746, 17.013974], [-96.755942, 17.014218], [-96.755964, 17.014271], [-96.755996, 17.014377], [-96.756019, 17.014493], [-96.756045, 17.014706], [-96.756057, 17.014784], [-96.756112, 17.01496], [-96.756167, 17.015092], [-96.756169, 17.015113], [-96.755322, 17.015608], [-96.755188, 17.015649], [-96.754673, 17.015962], [-96.753925, 17.016405], [-96.75353, 17.016643], [-96.752512, 17.017258], [-96.751806, 17.017686], [-96.751082, 17.018122], [-96.749926, 17.018798], [-96.749439, 17.019057], [-96.749136, 17.019211], [-96.748507, 17.019466], [-96.747828, 17.019733], [-96.747252, 17.019961], [-96.74703, 17.020051], [-96.745629, 17.020606], [-96.743497, 17.021448], [-96.743183, 17.021568], [-96.741954, 17.02204], [-96.741427, 17.022241], [-96.74077, 17.022504], [-96.739827, 17.02287], [-96.739051, 17.023186], [-96.738248, 17.023492], [-96.737655, 17.023715], [-96.737352, 17.023837], [-96.736858, 17.024032], [-96.736162, 17.024325], [-96.735612, 17.02457], [-96.735489, 17.024607], [-96.735382, 17.024632], [-96.735298, 17.024638], [-96.735209, 17.024632], [-96.734917, 17.024521], [-96.734522, 17.024379], [-96.733566, 17.024031], [-96.733106, 17.023884], [-96.732314, 17.023608], [-96.732003, 17.02349], [-96.731179, 17.023248], [-96.730842, 17.023147], [-96.730725, 17.023146], [-96.730524, 17.02311], [-96.730338, 17.023078], [-96.730206, 17.023082], [-96.730153, 17.023115], [-96.73011, 17.02311], [-96.730013, 17.023092], [-96.729962, 17.023115], [-96.729917, 17.023154], [-96.729901, 17.023218], [-96.729913, 17.023288], [-96.729946, 17.023355], [-96.729898, 17.023573], [-96.729788, 17.024186], [-96.729673, 17.025066], [-96.729552, 17.026158], [-96.729437, 17.027202], [-96.729286, 17.028343], [-96.72919, 17.028982], [-96.729174, 17.029361], [-96.729032, 17.030462], [-96.728919, 17.031344], [-96.728833, 17.032021], [-96.728745, 17.032744], [-96.728605, 17.033639], [-96.728482, 17.034542], [-96.728431, 17.035288], [-96.728356, 17.035891], [-96.72831, 17.036358], [-96.728334, 17.036483], [-96.728318, 17.036544], [-96.728287, 17.036604], [-96.728286, 17.036697], [-96.728314, 17.036755], [-96.728352, 17.036807], [-96.728338, 17.0369], [-96.728346, 17.037075], [-96.728378, 17.037333], [-96.72842, 17.037608], [-96.728487, 17.038014], [-96.728555, 17.038401], [-96.728587, 17.038563], [-96.728644, 17.038822], [-96.728674, 17.038968], [-96.728932, 17.040463], [-96.729088, 17.041361], [-96.729152, 17.041712], [-96.729281, 17.042112], [-96.729476, 17.042597], [-96.729686, 17.043079], [-96.730219, 17.044317], [-96.730654, 17.045389], [-96.730777, 17.045748], [-96.730855, 17.046102], [-96.730906, 17.046636], [-96.731008, 17.04719], [-96.731158, 17.048025], [-96.731257, 17.048508], [-96.731268, 17.048738], [-96.731263, 17.048936], [-96.73122, 17.049082], [-96.731134, 17.049215], [-96.731, 17.049341], [-96.730826, 17.049451], [-96.730434, 17.049526], [-96.729841, 17.049718], [-96.729169, 17.049905], [-96.728772, 17.050017], [-96.728728, 17.050139], [-96.728669, 17.050226], [-96.728597, 17.05039], [-96.728514, 17.050751], [-96.728462, 17.050972], [-96.728462, 17.051013], [-96.728594, 17.051151], [-96.728673, 17.051223], [-96.728733, 17.051291], [-96.72878, 17.051352], [-96.728838, 17.05148], [-96.728946, 17.051742], [-96.729039, 17.051943], [-96.729072, 17.052079], [-96.729113, 17.052279], [-96.729196, 17.052546], [-96.729434, 17.053323], [-96.72963, 17.053977], [-96.729746, 17.054384], [-96.729889, 17.054827], [-96.729962, 17.055056], [-96.730011, 17.055237], [-96.729958, 17.055355], [-96.729896, 17.05556], [-96.729786, 17.056099], [-96.729666, 17.056627], [-96.729577, 17.057028], [-96.72951, 17.057409], [-96.72941, 17.058012], [-96.729338, 17.05836], [-96.729209, 17.058927], [-96.729075, 17.059597], [-96.729008, 17.059904], [-96.728812, 17.060822], [-96.728657, 17.061423], [-96.7286, 17.061738], [-96.72856, 17.06221], [-96.728437, 17.062654], [-96.728284, 17.063118], [-96.728198, 17.0636], [-96.728061, 17.064516], [-96.728013, 17.064864], [-96.72789, 17.065423], [-96.727715, 17.066316], [-96.727554, 17.06718], [-96.727474, 17.067741], [-96.727474, 17.067813], [-96.72753, 17.0684], [-96.727572, 17.068564], [-96.727608, 17.069019], [-96.727635, 17.069304], [-96.727667, 17.069569], [-96.72761, 17.069958], [-96.72757, 17.070285], [-96.727548, 17.070365], [-96.727396, 17.070928], [-96.72732, 17.071441], [-96.72722, 17.071931], [-96.727113, 17.072531], [-96.727058, 17.072894], [-96.727035, 17.072978], [-96.726983, 17.073068], [-96.726927, 17.073136], [-96.726894, 17.073154], [-96.726873, 17.07316], [-96.726476, 17.073045], [-96.725985, 17.072874], [-96.725733, 17.072781], [-96.725375, 17.07266], [-96.725138, 17.07258], [-96.724471, 17.072449], [-96.72376, 17.072358], [-96.723452, 17.072306], [-96.722501, 17.072142], [-96.721922, 17.072043], [-96.721651, 17.071984], [-96.721147, 17.071863], [-96.72057, 17.071727], [-96.720278, 17.071758], [-96.720155, 17.07173], [-96.719693, 17.071609], [-96.719414, 17.071576], [-96.718835, 17.07145], [-96.718564, 17.071386], [-96.718478, 17.071668], [-96.71843, 17.071758], [-96.718317, 17.071873], [-96.718041, 17.072158], [-96.71773, 17.072657], [-96.71757, 17.072948], [-96.717534, 17.073028], [-96.717494, 17.073152], [-96.717443, 17.073563], [-96.717407, 17.073959], [-96.717386, 17.074192], [-96.717337, 17.074658], [-96.717322, 17.074832], [-96.717189, 17.075664], [-96.717104, 17.076194], [-96.71702, 17.076701], [-96.716971, 17.077046], [-96.716885, 17.077626], [-96.71674, 17.078815], [-96.716654, 17.079761], [-96.71663, 17.079902], [-96.716469, 17.08099], [-96.716378, 17.08202], [-96.716431, 17.082143], [-96.716383, 17.082433], [-96.716874, 17.082489], [-96.717633, 17.082594], [-96.7188, 17.082761], [-96.718888, 17.08281], [-96.718931, 17.082933], [-96.718977, 17.083074], [-96.71888, 17.083328], [-96.718867, 17.083494], [-96.718754, 17.083876], [-96.718556, 17.084451], [-96.718578, 17.08453], [-96.718483, 17.084807], [-96.718266, 17.08548], [-96.718137, 17.085879], [-96.717913, 17.086593], [-96.717905, 17.086623], [-96.717457, 17.088005], [-96.717173, 17.088872], [-96.717007, 17.088862], [-96.71691, 17.088872], [-96.716454, 17.088605], [-96.715389, 17.088005], [-96.715092, 17.087826], [-96.714856, 17.087687], [-96.714595, 17.087541], [-96.714539, 17.0875], [-96.714494, 17.087415], [-96.714461, 17.087336], [-96.714056, 17.087149], [-96.713639, 17.086924], [-96.713291, 17.086737], [-96.712898, 17.086552], [-96.712589, 17.086462], [-96.712298, 17.086373], [-96.712236, 17.086336], [-96.712216, 17.086294], [-96.712203, 17.086241], [-96.71218, 17.086178], [-96.712129, 17.086117], [-96.712057, 17.086067], [-96.711964, 17.086059], [-96.711892, 17.086073], [-96.711821, 17.08611], [-96.711763, 17.086194], [-96.711746, 17.086265], [-96.711747, 17.08632], [-96.711774, 17.086396], [-96.71179, 17.086449], [-96.711566, 17.086809], [-96.711304, 17.087233], [-96.710974, 17.087824], [-96.710635, 17.088402], [-96.710485, 17.088663], [-96.710435, 17.088732], [-96.710221, 17.088973], [-96.710159, 17.089029], [-96.709942, 17.089277], [-96.709879, 17.08938], [-96.709861, 17.089478], [-96.709619, 17.089936], [-96.709293, 17.090632], [-96.708974, 17.091276], [-96.708799, 17.091632], [-96.708362, 17.092437], [-96.708209, 17.092758], [-96.707901, 17.093291], [-96.70775, 17.093604], [-96.707493, 17.094083], [-96.707136, 17.094757], [-96.706643, 17.094501], [-96.706536, 17.094665], [-96.706401, 17.094944], [-96.706334, 17.095221], [-96.70634, 17.09538], [-96.706409, 17.095552], [-96.706562, 17.095801], [-96.706723, 17.096083], [-96.706935, 17.096465], [-96.706951, 17.096534], [-96.706919, 17.096567], [-96.706868, 17.09656], [-96.70664, 17.096416], [-96.706426, 17.096275], [-96.706297, 17.096252], [-96.705835, 17.09627], [-96.705449, 17.096285], [-96.705363, 17.096467], [-96.705146, 17.096893], [-96.704915, 17.097282], [-96.704768, 17.097595], [-96.704553, 17.098049], [-96.70436, 17.098457], [-96.704221, 17.098742], [-96.704174, 17.098841], [-96.704114, 17.099142], [-96.70403, 17.09948], [-96.70402, 17.099563], [-96.704017, 17.09962], [-96.704045, 17.099685], [-96.70406, 17.099717], [-96.703975, 17.100021], [-96.703916, 17.100222], [-96.70378, 17.10048], [-96.703704, 17.100567], [-96.70351, 17.100769], [-96.703424, 17.100869], [-96.703349, 17.101013], [-96.703346, 17.101085], [-96.703199, 17.102254], [-96.703018, 17.103662], [-96.702888, 17.103648], [-96.70221, 17.103502], [-96.702122, 17.103498], [-96.701256, 17.103417], [-96.701128, 17.104606], [-96.701043, 17.105346], [-96.700938, 17.10616], [-96.700883, 17.106818], [-96.700761, 17.1072], [-96.700616, 17.107607], [-96.700524, 17.107886], [-96.700403, 17.108224], [-96.700301, 17.108491]]]}, "properties": {"route_id": null, "route_name": "BinniBusRA08"}}, {"type": "Feature", "geometry": {"type": "MultiLineString", "coordinates": [[[-96.760926, 17.064344], [-96.761055, 17.064459], [-96.761074, 17.0647], [-96.761125, 17.064744], [-96.761211, 17.064959], [-96.761291, 17.06521], [-96.76141, 17.065583], [-96.761461, 17.065764], [-96.761534, 17.066005], [-96.761567, 17.06609], [-96.761599, 17.066151], [-96.761507, 17.066688], [-96.761488, 17.066842], [-96.761442, 17.06716], [-96.761399, 17.067476], [-96.76136, 17.06765], [-96.761327, 17.067831], [-96.761387, 17.06786], [-96.761457, 17.067881], [-96.761673, 17.068135], [-96.76233, 17.068899], [-96.762712, 17.069337], [-96.763088, 17.069778], [-96.763203, 17.069919], [-96.76323, 17.069973], [-96.763224, 17.070022], [-96.763055, 17.070935], [-96.762857, 17.071883], [-96.762685, 17.072827], [-96.762605, 17.073242], [-96.762538, 17.073401], [-96.762496, 17.073559], [-96.762111, 17.073498], [-96.761536, 17.073415], [-96.76104, 17.073345], [-96.7605, 17.073288], [-96.759888, 17.073212], [-96.759456, 17.073176], [-96.758777, 17.073184], [-96.758014, 17.073284], [-96.757856, 17.073316], [-96.75768, 17.073368], [-96.757545, 17.073439], [-96.757357, 17.073597], [-96.75721, 17.073727], [-96.757026, 17.073892], [-96.756851, 17.074114], [-96.756535, 17.074493], [-96.756392, 17.074622], [-96.75621, 17.074752], [-96.755969, 17.074827], [-96.755307, 17.074905], [-96.754939, 17.074951], [-96.754727, 17.074987], [-96.754603, 17.075009], [-96.754311, 17.075096], [-96.754189, 17.075139], [-96.753934, 17.075237], [-96.753583, 17.075404], [-96.752711, 17.075811], [-96.751825, 17.076243], [-96.750197, 17.076978], [-96.749475, 17.077321], [-96.748183, 17.077921], [-96.747102, 17.078421], [-96.746876, 17.078511], [-96.746664, 17.078573], [-96.746187, 17.078801], [-96.745107, 17.079298], [-96.744246, 17.079716], [-96.743565, 17.080039], [-96.743458, 17.080077], [-96.743358, 17.079859], [-96.74312, 17.0794], [-96.742913, 17.079052], [-96.742921, 17.078936], [-96.742567, 17.078364], [-96.741998, 17.077352], [-96.741334, 17.07619], [-96.741264, 17.076072], [-96.741237, 17.075872], [-96.741135, 17.075718], [-96.740918, 17.07552], [-96.740827, 17.075462], [-96.73937, 17.073421], [-96.738553, 17.07235], [-96.738416, 17.072132], [-96.73821, 17.071732], [-96.737927, 17.071126], [-96.737686, 17.070505], [-96.737503, 17.069998], [-96.737224, 17.069362], [-96.736935, 17.06888], [-96.736243, 17.06771], [-96.735846, 17.06709], [-96.735348, 17.066294], [-96.734999, 17.065771], [-96.734624, 17.065186], [-96.734034, 17.064489], [-96.733871, 17.06435], [-96.733276, 17.063827], [-96.73283, 17.063565], [-96.732106, 17.06337], [-96.731489, 17.063298], [-96.73032, 17.063057], [-96.728421, 17.062668], [-96.728208, 17.063587], [-96.728077, 17.064506], [-96.727873, 17.065455], [-96.727661, 17.066629], [-96.727583, 17.067014], [-96.727511, 17.067463], [-96.727476, 17.067783], [-96.727518, 17.068236], [-96.727528, 17.068446], [-96.727585, 17.068623], [-96.727622, 17.06918], [-96.727641, 17.069336], [-96.727665, 17.069562], [-96.727596, 17.070175], [-96.727561, 17.070313], [-96.727421, 17.070844], [-96.727408, 17.070928], [-96.727349, 17.071305], [-96.72718, 17.072149], [-96.727121, 17.072487], [-96.727038, 17.072977], [-96.726904, 17.073169], [-96.726643, 17.07311], [-96.726056, 17.072908], [-96.725726, 17.072782], [-96.725177, 17.072593], [-96.724796, 17.072512], [-96.723745, 17.072362], [-96.722426, 17.072121], [-96.72183, 17.072008], [-96.721101, 17.071856], [-96.72058, 17.071741], [-96.720336, 17.071736], [-96.7202, 17.071759], [-96.719711, 17.071623], [-96.719017, 17.071497], [-96.71852, 17.071377], [-96.718062, 17.071277], [-96.717697, 17.071082], [-96.716415, 17.070785], [-96.715951, 17.070641], [-96.715465, 17.070538], [-96.71493, 17.070444], [-96.71469, 17.070593], [-96.714424, 17.070566], [-96.713668, 17.070498], [-96.713578, 17.070415], [-96.713474, 17.070365], [-96.713193, 17.070364], [-96.712532, 17.0703], [-96.711964, 17.070195], [-96.711755, 17.070154], [-96.711568, 17.070149], [-96.709092, 17.069921], [-96.706758, 17.069741], [-96.704838, 17.069567], [-96.703524, 17.069449], [-96.701397, 17.069244], [-96.699848, 17.069118], [-96.695939, 17.068811], [-96.695765, 17.069772], [-96.695585, 17.070827], [-96.695558, 17.071063], [-96.695461, 17.071319], [-96.695343, 17.072042], [-96.695267, 17.07286], [-96.695245, 17.073347], [-96.695202, 17.073819], [-96.695132, 17.07426], [-96.695074, 17.075039], [-96.69502, 17.075443], [-96.69494, 17.075935], [-96.694905, 17.076271], [-96.694779, 17.077264], [-96.694693, 17.078051], [-96.694594, 17.078328], [-96.694183, 17.079002], [-96.693438, 17.079832], [-96.692547, 17.080874], [-96.690273, 17.083622], [-96.689426, 17.084647], [-96.688473, 17.085806], [-96.686501, 17.088163], [-96.686126, 17.088625], [-96.685846, 17.089117], [-96.685745, 17.089476], [-96.685744, 17.089834], [-96.686437, 17.093532], [-96.686758, 17.094609], [-96.686774, 17.094855], [-96.686855, 17.095044], [-96.687096, 17.095275], [-96.687531, 17.09566], [-96.688429, 17.096315], [-96.688788, 17.09659], [-96.688959, 17.096777], [-96.689196, 17.097367], [-96.689289, 17.09759], [-96.689509, 17.097864], [-96.689847, 17.09801], [-96.690577, 17.098262], [-96.690604, 17.098203], [-96.689794, 17.097921], [-96.689504, 17.097768], [-96.689408, 17.097644], [-96.689166, 17.097137], [-96.689, 17.096742], [-96.688801, 17.096511], [-96.688335, 17.096173], [-96.687568, 17.095614], [-96.686924, 17.095024], [-96.686822, 17.094824], [-96.686779, 17.094466], [-96.686565, 17.093753], [-96.686447, 17.093291], [-96.686264, 17.092307], [-96.685958, 17.090646], [-96.685846, 17.09003], [-96.685792, 17.089666], [-96.685803, 17.08941], [-96.685883, 17.089138], [-96.686044, 17.088861], [-96.6862, 17.08861], [-96.687149, 17.087474], [-96.688182, 17.08622], [-96.688912, 17.085327], [-96.689607, 17.084483], [-96.690586, 17.083299], [-96.691292, 17.082445], [-96.692493, 17.081042], [-96.69325, 17.08014], [-96.694432, 17.078776], [-96.694614, 17.078402], [-96.694765, 17.078018], [-96.694781, 17.077648], [-96.69518, 17.07452], [-96.695315, 17.073147], [-96.695384, 17.072239], [-96.695493, 17.071392], [-96.695643, 17.070941], [-96.695814, 17.069772], [-96.69589, 17.069326], [-96.695943, 17.069151], [-96.696142, 17.0691], [-96.696732, 17.069126], [-96.697247, 17.06911], [-96.699661, 17.069331], [-96.704392, 17.069721], [-96.708147, 17.070059], [-96.711898, 17.070334], [-96.713539, 17.070463], [-96.71392, 17.070463], [-96.714717, 17.070547], [-96.714961, 17.070586], [-96.716205, 17.070863], [-96.71739, 17.07112], [-96.717701, 17.071208], [-96.718157, 17.071223], [-96.719233, 17.071464], [-96.719694, 17.071515], [-96.720241, 17.071685], [-96.720606, 17.07188], [-96.721735, 17.07219], [-96.723166, 17.0724], [-96.724196, 17.072554], [-96.725154, 17.072723], [-96.725607, 17.0729], [-96.725623, 17.072857], [-96.725645, 17.072795], [-96.725843, 17.071723], [-96.726245, 17.069795], [-96.726409, 17.06891], [-96.726468, 17.067925], [-96.72656, 17.066961], [-96.726736, 17.066038], [-96.72694, 17.065094], [-96.72731, 17.063351], [-96.729864, 17.063997], [-96.73084, 17.064151], [-96.73206, 17.064342], [-96.732339, 17.064434], [-96.733218, 17.065491], [-96.733583, 17.065922], [-96.734044, 17.066496], [-96.734431, 17.066773], [-96.734817, 17.067183], [-96.735353, 17.067865], [-96.736013, 17.06908], [-96.736362, 17.069993], [-96.736485, 17.070337], [-96.7367, 17.07106], [-96.737295, 17.072122], [-96.737671, 17.072804], [-96.73824, 17.073788], [-96.73898, 17.074957], [-96.739452, 17.075532], [-96.739731, 17.075947], [-96.740176, 17.076942], [-96.74098, 17.078638], [-96.741462, 17.079715], [-96.741634, 17.080007], [-96.742106, 17.080043], [-96.742701, 17.080151], [-96.743109, 17.080243], [-96.743506, 17.080197], [-96.743941, 17.080002], [-96.745834, 17.079084], [-96.746784, 17.078678], [-96.747004, 17.078529], [-96.748082, 17.078012], [-96.750518, 17.076878], [-96.752765, 17.075842], [-96.753618, 17.075448], [-96.754103, 17.075228], [-96.754473, 17.07511], [-96.754822, 17.075013], [-96.755487, 17.074936], [-96.755986, 17.074864], [-96.756155, 17.07482], [-96.7563, 17.074744], [-96.756428, 17.074662], [-96.756566, 17.074525], [-96.75667, 17.074413], [-96.756844, 17.07422], [-96.757057, 17.073932], [-96.757374, 17.073654], [-96.757531, 17.073525], [-96.757645, 17.073441], [-96.757736, 17.073395], [-96.758075, 17.073322], [-96.758333, 17.073289], [-96.758802, 17.073219], [-96.759585, 17.073227], [-96.76039, 17.073324], [-96.762394, 17.07359], [-96.762861, 17.07361], [-96.762756, 17.0734], [-96.762727, 17.0732], [-96.762815, 17.072805], [-96.763304, 17.070247], [-96.763353, 17.069921], [-96.762854, 17.069303], [-96.762564, 17.068967], [-96.761756, 17.068026], [-96.76155, 17.067809], [-96.761466, 17.067604], [-96.761525, 17.067564], [-96.761934, 17.067598], [-96.762048, 17.067241], [-96.762071, 17.067078], [-96.762095, 17.066881], [-96.762059, 17.066863], [-96.76203, 17.066851], [-96.761531, 17.066756], [-96.761622, 17.066177], [-96.761472, 17.065669], [-96.761166, 17.064738], [-96.761107, 17.064651], [-96.761091, 17.064421], [-96.76094, 17.064298]]]}, "properties": {"route_id": null, "route_name": "BinniBusRA09"}}, {"type": "Feature", "geometry": {"type": "MultiLineString", "coordinates": [[[-96.690426, 17.036849], [-96.690496, 17.036856], [-96.690591, 17.03689], [-96.690698, 17.036948], [-96.690774, 17.037016], [-96.690856, 17.037128], [-96.690956, 17.037299], [-96.690982, 17.037359], [-96.69101, 17.037406], [-96.691078, 17.037538], [-96.691237, 17.037847], [-96.691365, 17.03809], [-96.691401, 17.038159], [-96.691577, 17.038489], [-96.691734, 17.038808], [-96.691962, 17.039234], [-96.69198, 17.039281], [-96.692035, 17.039286], [-96.692625, 17.038948], [-96.692636, 17.038945], [-96.692697, 17.039067], [-96.692803, 17.039282], [-96.69287, 17.039419], [-96.692884, 17.039574], [-96.69287, 17.039827], [-96.692843, 17.040173], [-96.692792, 17.040519], [-96.692727, 17.040981], [-96.692635, 17.041532], [-96.692549, 17.042086], [-96.692512, 17.042286], [-96.692445, 17.042776], [-96.692386, 17.043224], [-96.691492, 17.04275], [-96.690328, 17.042137], [-96.689864, 17.041878], [-96.68939, 17.041622], [-96.689237, 17.041547], [-96.689164, 17.041583], [-96.688958, 17.041914], [-96.688826, 17.042178], [-96.6887, 17.042412], [-96.688673, 17.042506], [-96.68865, 17.042639], [-96.688695, 17.042867], [-96.688744, 17.042985], [-96.688804, 17.043077], [-96.688882, 17.043176], [-96.688945, 17.043261], [-96.689116, 17.04354], [-96.689304, 17.043852], [-96.68947, 17.044088], [-96.689598, 17.044258], [-96.68966, 17.044376], [-96.6897, 17.044517], [-96.689735, 17.044866], [-96.689783, 17.045365], [-96.689856, 17.045974], [-96.689899, 17.046415], [-96.689925, 17.046942], [-96.689928, 17.047086], [-96.689974, 17.047116], [-96.69035, 17.047204], [-96.691969, 17.047588], [-96.69345, 17.047909], [-96.693571, 17.047947], [-96.694089, 17.048083], [-96.694718, 17.048224], [-96.694891, 17.048265], [-96.694301, 17.050499], [-96.694166, 17.051109], [-96.693737, 17.052808], [-96.693305, 17.05448], [-96.693125, 17.055067], [-96.69301, 17.055444], [-96.692922, 17.055589], [-96.692814, 17.05612], [-96.692709, 17.056583], [-96.692597, 17.057024], [-96.6925, 17.057454], [-96.692326, 17.058306], [-96.6922, 17.059003], [-96.692109, 17.059613], [-96.69209, 17.059767], [-96.69206, 17.05988], [-96.692082, 17.060024], [-96.692082, 17.060165], [-96.691961, 17.060652], [-96.691875, 17.060775], [-96.691744, 17.060867], [-96.691653, 17.060998], [-96.691588, 17.06118], [-96.691468, 17.061575], [-96.691291, 17.062099], [-96.691132, 17.062548], [-96.690974, 17.062924], [-96.690888, 17.063142], [-96.690615, 17.06366], [-96.690357, 17.064583], [-96.691446, 17.064696], [-96.69243, 17.064813], [-96.693229, 17.064915], [-96.693486, 17.064884], [-96.693422, 17.065141], [-96.693036, 17.066474], [-96.693012, 17.066564], [-96.692309, 17.067079], [-96.691453, 17.067743], [-96.691285, 17.067874], [-96.691035, 17.068026], [-96.690826, 17.068162], [-96.690716, 17.06823], [-96.690667, 17.068292], [-96.690652, 17.068321], [-96.690488, 17.068323], [-96.690081, 17.068285], [-96.689737, 17.068254], [-96.689354, 17.068182], [-96.68933, 17.068385], [-96.689963, 17.0685], [-96.690655, 17.06858], [-96.691017, 17.068603], [-96.691532, 17.068633], [-96.69173, 17.068644], [-96.691891, 17.068644], [-96.692414, 17.068692], [-96.6929, 17.068731], [-96.693235, 17.068764], [-96.694096, 17.068836], [-96.694541, 17.068869], [-96.694855, 17.068898], [-96.695085, 17.068968], [-96.695945, 17.068945], [-96.69691, 17.069012], [-96.697366, 17.069135], [-96.699663, 17.069347], [-96.700294, 17.069401], [-96.701754, 17.06953], [-96.702703, 17.069617], [-96.703588, 17.069694], [-96.704589, 17.069777], [-96.705165, 17.069801], [-96.706099, 17.069878], [-96.706742, 17.069935], [-96.707499, 17.070027], [-96.708008, 17.070063], [-96.709312, 17.07016], [-96.710192, 17.070237], [-96.711165, 17.070342], [-96.71156, 17.07034], [-96.712869, 17.070458], [-96.713357, 17.070494], [-96.713544, 17.070463], [-96.714124, 17.070478], [-96.714666, 17.070535], [-96.714996, 17.070624], [-96.715583, 17.070732], [-96.715843, 17.070791], [-96.716229, 17.070886], [-96.71646, 17.070955], [-96.717166, 17.071107], [-96.71759, 17.07122], [-96.717825, 17.071221], [-96.71815, 17.071252], [-96.718611, 17.071349], [-96.718968, 17.071418], [-96.719217, 17.071508], [-96.719627, 17.071536], [-96.719853, 17.071593], [-96.720312, 17.071731], [-96.720545, 17.071913], [-96.721282, 17.072075], [-96.72173, 17.072211], [-96.72323, 17.072441], [-96.723798, 17.072524], [-96.724394, 17.072606], [-96.724726, 17.072677], [-96.72515, 17.072749], [-96.725612, 17.072908], [-96.72589, 17.071631], [-96.726202, 17.070062], [-96.726336, 17.069231], [-96.7264, 17.06896], [-96.72647, 17.067888], [-96.726502, 17.067406], [-96.726545, 17.067103], [-96.726658, 17.066508], [-96.7268, 17.065782], [-96.726977, 17.064952], [-96.727133, 17.064208], [-96.727235, 17.063711], [-96.727413, 17.062856], [-96.727512, 17.06243], [-96.727669, 17.061564], [-96.727873, 17.060569], [-96.728046, 17.059719], [-96.728936, 17.059906], [-96.730079, 17.060117], [-96.731506, 17.060435], [-96.732134, 17.060558], [-96.732956, 17.060703], [-96.73332, 17.060749], [-96.733471, 17.060775], [-96.733653, 17.060831], [-96.73412, 17.060539], [-96.73493, 17.06], [-96.735536, 17.0596], [-96.73596, 17.059298], [-96.736351, 17.059046], [-96.736491, 17.058964], [-96.736625, 17.059175], [-96.736866, 17.059872], [-96.736936, 17.060682], [-96.737092, 17.061211], [-96.73714, 17.061611], [-96.73784, 17.061621], [-96.73928, 17.061621], [-96.739454, 17.061603], [-96.73965, 17.061549], [-96.739852, 17.061449], [-96.739937, 17.061344], [-96.740232, 17.061139], [-96.740745, 17.060675], [-96.743024, 17.058626], [-96.745331, 17.05659], [-96.745608, 17.056367], [-96.745905, 17.056108], [-96.745964, 17.05598], [-96.745969, 17.055836], [-96.745862, 17.055462], [-96.745669, 17.054856], [-96.745438, 17.054133], [-96.745256, 17.053441], [-96.745154, 17.053082], [-96.74502, 17.052666], [-96.744931, 17.05242], [-96.744853, 17.052246], [-96.744679, 17.051984], [-96.744405, 17.051554], [-96.74426, 17.051343], [-96.744211, 17.051208], [-96.744158, 17.051116], [-96.744037, 17.051057], [-96.7436, 17.051039], [-96.743393, 17.051046], [-96.743179, 17.050982], [-96.742977, 17.050874], [-96.742857, 17.050792], [-96.742696, 17.050587], [-96.742599, 17.050418], [-96.742642, 17.050213], [-96.742739, 17.049977], [-96.742725, 17.049913], [-96.742551, 17.049692], [-96.742438, 17.049564], [-96.742378, 17.049522], [-96.742316, 17.049511], [-96.742225, 17.049547], [-96.742016, 17.049668], [-96.74182, 17.049683], [-96.741158, 17.04964], [-96.740777, 17.04957], [-96.740533, 17.049491], [-96.740345, 17.049388], [-96.740122, 17.049311], [-96.739259, 17.049091], [-96.738952, 17.049019], [-96.738826, 17.048988], [-96.738752, 17.04901], [-96.738612, 17.049077], [-96.738285, 17.049172], [-96.738008, 17.049198], [-96.737439, 17.0492], [-96.736793, 17.049183], [-96.736344, 17.049187], [-96.736072, 17.049186], [-96.736096, 17.049208], [-96.736549, 17.04922], [-96.737346, 17.04923], [-96.737741, 17.049235], [-96.738033, 17.049232], [-96.738303, 17.049206], [-96.73845, 17.049172], [-96.738568, 17.049132], [-96.738681, 17.049095], [-96.738786, 17.049039], [-96.738818, 17.049026], [-96.739123, 17.049093], [-96.739379, 17.049159], [-96.739607, 17.049223], [-96.739978, 17.049316], [-96.7403, 17.049419], [-96.740394, 17.049454], [-96.740532, 17.049524], [-96.740705, 17.049598], [-96.740909, 17.049633], [-96.741341, 17.049697], [-96.741817, 17.049718], [-96.741962, 17.049718], [-96.74203, 17.049697], [-96.74212, 17.04965], [-96.742298, 17.049548], [-96.742374, 17.049572], [-96.742538, 17.049738], [-96.742706, 17.049954], [-96.742703, 17.049981], [-96.742593, 17.05026], [-96.742574, 17.05036], [-96.742573, 17.05043], [-96.742613, 17.050509], [-96.742677, 17.050612], [-96.742764, 17.050728], [-96.742858, 17.050832], [-96.742971, 17.050924], [-96.743153, 17.051008], [-96.743259, 17.051047], [-96.743374, 17.051082], [-96.743623, 17.051078], [-96.744033, 17.051105], [-96.744108, 17.051136], [-96.744146, 17.051174], [-96.744568, 17.051884], [-96.744717, 17.052095], [-96.744813, 17.052277], [-96.74492, 17.052517], [-96.745097, 17.053058], [-96.745198, 17.053398], [-96.745389, 17.0541], [-96.745652, 17.054976], [-96.745881, 17.055685], [-96.745927, 17.055846], [-96.745914, 17.055965], [-96.745901, 17.05602], [-96.745834, 17.056114], [-96.745542, 17.05635], [-96.745141, 17.056688], [-96.744734, 17.05704], [-96.744291, 17.057424], [-96.743639, 17.058012], [-96.742664, 17.058883], [-96.741473, 17.059947], [-96.740783, 17.060557], [-96.740201, 17.061094], [-96.740026, 17.061222], [-96.739909, 17.061311], [-96.739822, 17.061406], [-96.739684, 17.06147], [-96.739513, 17.061533], [-96.73935, 17.061569], [-96.738989, 17.061562], [-96.738157, 17.061563], [-96.737397, 17.061578], [-96.737253, 17.061506], [-96.737172, 17.061416], [-96.737128, 17.06136], [-96.737125, 17.061324], [-96.737119, 17.0612], [-96.736975, 17.060687], [-96.736942, 17.060509], [-96.736888, 17.059882], [-96.736883, 17.059786], [-96.736692, 17.059264], [-96.73661, 17.059074], [-96.7365, 17.058918], [-96.736398, 17.058912], [-96.735891, 17.059246], [-96.735015, 17.059796], [-96.73467, 17.060018], [-96.7342, 17.060349], [-96.733672, 17.060716], [-96.733615, 17.060751], [-96.733549, 17.060681], [-96.733463, 17.060732], [-96.733495, 17.060822], [-96.733361, 17.060932], [-96.733248, 17.061188], [-96.732578, 17.061219], [-96.731926, 17.061217], [-96.731116, 17.061207], [-96.730695, 17.061181], [-96.730392, 17.061128], [-96.729783, 17.061038], [-96.72882, 17.060846], [-96.728683, 17.061391], [-96.728613, 17.061786], [-96.728559, 17.06233], [-96.72843, 17.062714], [-96.72822, 17.063726], [-96.728088, 17.064534], [-96.727955, 17.065216], [-96.727741, 17.066236], [-96.727681, 17.06662], [-96.727558, 17.067215], [-96.727504, 17.067512], [-96.727475, 17.067836], [-96.727534, 17.068377], [-96.727585, 17.068595], [-96.727616, 17.068899], [-96.727664, 17.069366], [-96.727679, 17.069605], [-96.727636, 17.069954], [-96.727582, 17.070297], [-96.727537, 17.070474], [-96.727427, 17.07089], [-96.727362, 17.071297], [-96.727198, 17.072106], [-96.727123, 17.072598], [-96.727064, 17.072885], [-96.727005, 17.07309], [-96.726903, 17.073177], [-96.726739, 17.07315], [-96.726232, 17.072978], [-96.725892, 17.072852], [-96.725551, 17.072729], [-96.725196, 17.072607], [-96.724577, 17.072479], [-96.724164, 17.072422], [-96.723383, 17.072317], [-96.722652, 17.072174], [-96.722247, 17.072104], [-96.721799, 17.072015], [-96.721408, 17.071933], [-96.720896, 17.071812], [-96.72055, 17.071727], [-96.720255, 17.071773], [-96.719646, 17.071638], [-96.719198, 17.071558], [-96.718581, 17.071406], [-96.718074, 17.07133], [-96.717981, 17.071286], [-96.717608, 17.071076], [-96.717395, 17.07101], [-96.716609, 17.070848], [-96.716226, 17.070735], [-96.715858, 17.070615], [-96.715652, 17.070571], [-96.715062, 17.070476], [-96.714772, 17.070425], [-96.714196, 17.070384], [-96.71375, 17.070358], [-96.713606, 17.070348], [-96.71352, 17.070379], [-96.713405, 17.070397], [-96.712823, 17.070338], [-96.712501, 17.070313], [-96.712324, 17.070292], [-96.712149, 17.070259], [-96.711884, 17.070182], [-96.711551, 17.070154], [-96.709532, 17.069984], [-96.708144, 17.069803], [-96.707093, 17.069782], [-96.705907, 17.06969], [-96.704941, 17.069582], [-96.703713, 17.069485], [-96.702104, 17.069352], [-96.699658, 17.069131], [-96.697966, 17.069009], [-96.697381, 17.068952], [-96.69627, 17.068845], [-96.695495, 17.068765], [-96.69472, 17.068691], [-96.694103, 17.068652], [-96.693172, 17.068609], [-96.692537, 17.06857], [-96.691968, 17.068519], [-96.691469, 17.06845], [-96.690773, 17.068381], [-96.690676, 17.068339], [-96.6907, 17.068284], [-96.690788, 17.068221], [-96.690991, 17.068097], [-96.691264, 17.067928], [-96.691356, 17.067862], [-96.691566, 17.067703], [-96.692378, 17.067082], [-96.692718, 17.066824], [-96.692954, 17.066642], [-96.693196, 17.066482], [-96.693567, 17.066262], [-96.693813, 17.06607], [-96.694044, 17.065182], [-96.69421, 17.064652], [-96.693793, 17.064755], [-96.693594, 17.064809], [-96.693208, 17.064842], [-96.692846, 17.064793], [-96.691861, 17.064678], [-96.690695, 17.064534], [-96.690418, 17.064519], [-96.690548, 17.064075], [-96.690725, 17.063603], [-96.690934, 17.063146], [-96.691122, 17.062721], [-96.691405, 17.061911], [-96.691662, 17.061115], [-96.691764, 17.0609], [-96.691941, 17.060777], [-96.692009, 17.060679], [-96.692124, 17.060225], [-96.6924, 17.058667], [-96.692571, 17.057759], [-96.692726, 17.05706], [-96.692878, 17.056475], [-96.693015, 17.055767], [-96.693068, 17.05559], [-96.693063, 17.055439], [-96.693312, 17.054637], [-96.693471, 17.054078], [-96.693562, 17.053749], [-96.693637, 17.053431], [-96.693761, 17.052926], [-96.693887, 17.052408], [-96.69401, 17.051978], [-96.694124, 17.051526], [-96.694237, 17.051065], [-96.694354, 17.050518], [-96.694477, 17.050082], [-96.694648, 17.049384], [-96.694966, 17.048191], [-96.69443, 17.048063], [-96.69377, 17.047879], [-96.693131, 17.04775], [-96.69238, 17.047556], [-96.690476, 17.047094], [-96.690004, 17.047007], [-96.689977, 17.046951], [-96.689855, 17.045625], [-96.689801, 17.045105], [-96.689749, 17.044499], [-96.689653, 17.044281], [-96.689578, 17.044158], [-96.689189, 17.04358], [-96.688969, 17.043242], [-96.688813, 17.043011], [-96.688722, 17.042809], [-96.688692, 17.04267], [-96.688719, 17.042511], [-96.689119, 17.041737], [-96.68922, 17.041582], [-96.68933, 17.041636], [-96.689813, 17.04189], [-96.690683, 17.041778], [-96.691233, 17.041699], [-96.692598, 17.041578], [-96.692678, 17.04156], [-96.692775, 17.040952], [-96.692901, 17.040178], [-96.692926, 17.039435], [-96.692744, 17.03904], [-96.692642, 17.038881], [-96.69202, 17.03922], [-96.6918, 17.03885], [-96.691379, 17.038034], [-96.69102, 17.037351], [-96.690832, 17.037028], [-96.690714, 17.036918], [-96.690598, 17.03686], [-96.690475, 17.036823], [-96.69043, 17.03681]]]}, "properties": {"route_id": null, "route_name": "BinniBusRA10"}}, {"type": "Feature", "geometry": {"type": "MultiLineString", "coordinates": [[[-96.739049, 17.105585], [-96.739143, 17.105439], [-96.739246, 17.105292], [-96.73938, 17.10517], [-96.73956, 17.10505], [-96.73963, 17.10501], [-96.73964, 17.105], [-96.73981, 17.10492], [-96.74024, 17.10472], [-96.74046, 17.10461], [-96.74065, 17.10453], [-96.74079, 17.10451], [-96.74087, 17.10451], [-96.74092, 17.10451], [-96.74095, 17.10452], [-96.74098, 17.10454], [-96.74103, 17.10457], [-96.74118, 17.10467], [-96.7413, 17.10464], [-96.74135, 17.10462], [-96.7414, 17.1046], [-96.74153, 17.10453], [-96.74158, 17.1045], [-96.74162, 17.10447], [-96.7417, 17.10442], [-96.74174, 17.1044], [-96.74178, 17.10437], [-96.7418, 17.10436], [-96.74195, 17.10429], [-96.74225, 17.10414], [-96.74232, 17.1041], [-96.74237, 17.10407], [-96.74254, 17.10399], [-96.74257, 17.10397], [-96.74271, 17.10391], [-96.74305, 17.10372], [-96.74308, 17.10371], [-96.7431, 17.1037], [-96.74344, 17.10351], [-96.74381, 17.1033], [-96.74412, 17.10313], [-96.74419, 17.10309], [-96.74427, 17.10304], [-96.74459, 17.10286], [-96.74462, 17.10293], [-96.74463, 17.10296], [-96.74484, 17.1034], [-96.74533, 17.10321], [-96.7457, 17.10306], [-96.74595, 17.10297], [-96.74595, 17.10298], [-96.74596, 17.10299], [-96.74596, 17.103], [-96.74597, 17.10301], [-96.74598, 17.10302], [-96.74599, 17.10303], [-96.74599, 17.10304], [-96.746, 17.10304], [-96.74601, 17.10305], [-96.74602, 17.10305], [-96.74603, 17.10306], [-96.74604, 17.10306], [-96.74605, 17.10306], [-96.74606, 17.10307], [-96.74607, 17.10307], [-96.74608, 17.10307], [-96.74609, 17.10307], [-96.7461, 17.10307], [-96.74611, 17.10307], [-96.74612, 17.10306], [-96.74613, 17.10306], [-96.74614, 17.10306], [-96.74615, 17.10306], [-96.74615, 17.10305], [-96.74616, 17.10305], [-96.74617, 17.10304], [-96.74618, 17.10303], [-96.74619, 17.10303], [-96.74619, 17.10302], [-96.7462, 17.10301], [-96.74621, 17.103], [-96.74621, 17.10299], [-96.74622, 17.10299], [-96.74622, 17.10298], [-96.74622, 17.10297], [-96.74622, 17.10296], [-96.74623, 17.10295], [-96.74652, 17.10291], [-96.74677, 17.10288], [-96.74709, 17.10284], [-96.7472, 17.10281], [-96.74728, 17.1028], [-96.74736, 17.10278], [-96.74764, 17.10271], [-96.74778, 17.10268], [-96.74792, 17.10264], [-96.7482, 17.10255], [-96.74852, 17.10246], [-96.74874, 17.1024], [-96.74927, 17.10222], [-96.74974, 17.10207], [-96.74975, 17.10207], [-96.74975, 17.10208], [-96.74976, 17.10208], [-96.74977, 17.10209], [-96.74978, 17.10209], [-96.74979, 17.10209], [-96.74979, 17.1021], [-96.7498, 17.1021], [-96.74981, 17.1021], [-96.74982, 17.1021], [-96.74983, 17.1021], [-96.74984, 17.1021], [-96.74984, 17.10209], [-96.74985, 17.10209], [-96.74986, 17.10209], [-96.74987, 17.10208], [-96.74988, 17.10208], [-96.74988, 17.10207], [-96.74989, 17.10207], [-96.74989, 17.10206], [-96.7499, 17.10206], [-96.7499, 17.10205], [-96.74991, 17.10204], [-96.74991, 17.10203], [-96.74991, 17.10202], [-96.75017, 17.10192], [-96.75034, 17.10185], [-96.75041, 17.10182], [-96.75073, 17.10168], [-96.75086, 17.10163], [-96.75119, 17.10149], [-96.75123, 17.10147], [-96.75131, 17.10144], [-96.75141, 17.1014], [-96.75164, 17.10132], [-96.75173, 17.1013], [-96.75172, 17.10127], [-96.7517, 17.10122], [-96.75155, 17.10084], [-96.7512, 17.09998], [-96.75095, 17.09941], [-96.75084, 17.09915], [-96.75074, 17.09892], [-96.75009, 17.09731], [-96.74999, 17.09721], [-96.74989, 17.09704], [-96.74946, 17.096], [-96.74924, 17.09543], [-96.74878, 17.09432], [-96.74843, 17.09356], [-96.74832, 17.09338], [-96.74826, 17.09328], [-96.74821, 17.09316], [-96.74805, 17.09278], [-96.748, 17.09255], [-96.74797, 17.09245], [-96.7478, 17.09211], [-96.74774, 17.09192], [-96.74771, 17.09184], [-96.74765, 17.09171], [-96.74745, 17.09124], [-96.74739, 17.09111], [-96.74737, 17.09105], [-96.74733, 17.09099], [-96.74732, 17.09094], [-96.74726, 17.09082], [-96.74699, 17.09019], [-96.74667, 17.08943], [-96.74664, 17.08936], [-96.74641, 17.0889], [-96.74587, 17.08768], [-96.74514, 17.08603], [-96.74511, 17.08592], [-96.74475, 17.08511], [-96.74421, 17.08377], [-96.74419, 17.08372], [-96.74414, 17.08362], [-96.74395, 17.08321], [-96.7438, 17.08283], [-96.74376, 17.08274], [-96.74359, 17.08245], [-96.7436, 17.08243], [-96.74362, 17.08241], [-96.74362, 17.0824], [-96.74362, 17.08237], [-96.74362, 17.08234], [-96.74361, 17.08231], [-96.74359, 17.08222], [-96.74358, 17.08206], [-96.74358, 17.08175], [-96.74358, 17.08165], [-96.74358, 17.08149], [-96.74358, 17.08133], [-96.74357, 17.08096], [-96.74355, 17.08077], [-96.74355, 17.08075], [-96.74354, 17.08061], [-96.74353, 17.08056], [-96.74352, 17.08045], [-96.74348, 17.08018], [-96.74359, 17.08015], [-96.74448, 17.07973], [-96.74457, 17.07968], [-96.74465, 17.07965], [-96.74473, 17.0796], [-96.7449, 17.07952], [-96.74504, 17.07944], [-96.74517, 17.07938], [-96.74523, 17.07935], [-96.74564, 17.07917], [-96.7458, 17.0791], [-96.74587, 17.07907], [-96.74649, 17.07879], [-96.74656, 17.07875], [-96.7468, 17.07865], [-96.74692, 17.07858], [-96.74693, 17.07857], [-96.74701, 17.07851], [-96.74707, 17.07847], [-96.74708, 17.07847], [-96.74734, 17.07835], [-96.74756, 17.07825], [-96.74764, 17.07821], [-96.74768, 17.07819], [-96.74781, 17.07814], [-96.7476, 17.07782], [-96.74739, 17.07743], [-96.74697, 17.07672], [-96.74692, 17.07669], [-96.74685, 17.07663], [-96.74681, 17.07657], [-96.74599, 17.07504], [-96.74578, 17.07467], [-96.74537, 17.07401], [-96.74528, 17.07385], [-96.74507, 17.07351], [-96.74487, 17.07319], [-96.74463, 17.07275], [-96.74442, 17.07234], [-96.74424, 17.07199], [-96.74411, 17.07174], [-96.74406, 17.07165], [-96.74394, 17.07148], [-96.74382, 17.07124], [-96.74342, 17.07043], [-96.74339, 17.07036], [-96.74318, 17.06994], [-96.74276, 17.06909], [-96.74271, 17.069], [-96.74265, 17.06889], [-96.74253, 17.06867], [-96.74156, 17.06693], [-96.74133, 17.06648], [-96.74103, 17.06587], [-96.74095, 17.0657], [-96.7407, 17.06524], [-96.74066, 17.06519], [-96.7406, 17.06522], [-96.74041, 17.06535], [-96.74029, 17.06543], [-96.74016, 17.06551], [-96.74001, 17.06562], [-96.73995, 17.06566], [-96.73974, 17.0658], [-96.73957, 17.06547], [-96.73888, 17.06413], [-96.73883, 17.06405], [-96.73878, 17.06396], [-96.73846, 17.06337], [-96.73836, 17.06315], [-96.73824, 17.06287], [-96.73821, 17.06279], [-96.73816, 17.06257], [-96.73809, 17.06237], [-96.73809, 17.06233], [-96.73809, 17.06227], [-96.73803, 17.06205], [-96.73798, 17.06188], [-96.73794, 17.06175], [-96.73781, 17.06142], [-96.73756, 17.0609], [-96.73737, 17.0605], [-96.737327, 17.06042], [-96.737293, 17.060379], [-96.73725, 17.060358], [-96.73717, 17.060365], [-96.7371, 17.060365], [-96.737057, 17.060355], [-96.737026, 17.060336], [-96.736975, 17.060305], [-96.736952, 17.060261], [-96.736938, 17.060195], [-96.73687, 17.05991], [-96.73688, 17.05985], [-96.73683, 17.0597], [-96.73678, 17.05954], [-96.73675, 17.05946], [-96.73666, 17.05921], [-96.73661, 17.05911], [-96.73659, 17.05907], [-96.73653, 17.05901], [-96.73651, 17.05893], [-96.73649, 17.05889], [-96.73641, 17.05892], [-96.7357, 17.05937], [-96.73557, 17.05946], [-96.73554, 17.05947], [-96.73553, 17.05948], [-96.73529, 17.05964], [-96.73484, 17.05992], [-96.73482, 17.05994], [-96.73477, 17.05997], [-96.73466, 17.06003], [-96.73436, 17.06026], [-96.73376, 17.06066], [-96.7337, 17.06069], [-96.73362, 17.06075], [-96.73352, 17.0608], [-96.73344, 17.06085], [-96.7334, 17.0609], [-96.73337, 17.06094], [-96.73323, 17.0612], [-96.73293, 17.06121], [-96.73202, 17.06122], [-96.7319, 17.06122], [-96.7307, 17.06119], [-96.73054, 17.06117], [-96.72978, 17.06104], [-96.72883, 17.06085], [-96.72786, 17.06064], [-96.72757, 17.06058], [-96.72689, 17.06045], [-96.72669, 17.06137], [-96.72649, 17.0623], [-96.72595, 17.06219], [-96.72554, 17.06209], [-96.72505, 17.06199], [-96.72459, 17.0619], [-96.72362, 17.06171], [-96.72307, 17.0616], [-96.723, 17.06159], [-96.72288, 17.06157], [-96.72262, 17.06152], [-96.72225, 17.06143], [-96.72198, 17.06138], [-96.72162, 17.0613], [-96.72062, 17.06109], [-96.7204, 17.06206], [-96.72037, 17.06217], [-96.7202, 17.06302], [-96.72008, 17.06354], [-96.71997, 17.06404], [-96.71977, 17.06495], [-96.71972, 17.06514], [-96.71955, 17.06584], [-96.71951, 17.06602], [-96.71932, 17.06702], [-96.71932, 17.06703], [-96.71924, 17.06743], [-96.71908, 17.06805], [-96.71901, 17.06829], [-96.71884, 17.06908], [-96.71877, 17.06936], [-96.7187, 17.06962], [-96.71866, 17.06981], [-96.71857, 17.07028], [-96.71853, 17.07054], [-96.71849, 17.07059], [-96.71847, 17.07066], [-96.71846, 17.07085], [-96.71839, 17.07103], [-96.71837, 17.07107], [-96.71835, 17.07109], [-96.71834, 17.0711], [-96.71833, 17.07112], [-96.71832, 17.07112], [-96.71831, 17.07113], [-96.71829, 17.07114], [-96.71828, 17.07115], [-96.71826, 17.07115], [-96.71825, 17.07115], [-96.71821, 17.07115], [-96.71813, 17.07113], [-96.71804, 17.07111], [-96.71797, 17.0711], [-96.71774, 17.07104], [-96.71773, 17.07104], [-96.71771, 17.07103], [-96.71768, 17.07104], [-96.71767, 17.07104], [-96.71767, 17.07105], [-96.71766, 17.07106], [-96.71765, 17.07106], [-96.71765, 17.07107], [-96.71764, 17.07107], [-96.71764, 17.07108], [-96.71721, 17.07098], [-96.71671, 17.07088], [-96.71668, 17.07088], [-96.71622, 17.07075], [-96.71596, 17.07066], [-96.71588, 17.07064], [-96.7157, 17.07061], [-96.71566, 17.0706], [-96.71561, 17.07059], [-96.71549, 17.07057], [-96.71497, 17.07048], [-96.71488, 17.07047], [-96.71469, 17.07045], [-96.71453, 17.07043], [-96.71449, 17.07043], [-96.71404, 17.0704], [-96.71369, 17.07037], [-96.71361, 17.07037], [-96.71358, 17.07044], [-96.71358, 17.0705], [-96.71354, 17.07074], [-96.71345, 17.07133], [-96.71342, 17.07152], [-96.71338, 17.0719], [-96.71332, 17.07242], [-96.71329, 17.07261], [-96.71325, 17.07283], [-96.71321, 17.07332], [-96.7131, 17.07388], [-96.71299, 17.07472], [-96.71297, 17.07491], [-96.71296, 17.07496], [-96.71295, 17.07503], [-96.71287, 17.07555], [-96.7128, 17.07598], [-96.71279, 17.07603], [-96.71278, 17.0761], [-96.71274, 17.07647], [-96.71267, 17.07704], [-96.71267, 17.07709], [-96.71266, 17.07716], [-96.71256, 17.07771], [-96.71249, 17.07818], [-96.71248, 17.07822], [-96.71247, 17.07826], [-96.71246, 17.07833], [-96.71242, 17.07871], [-96.71237, 17.07929], [-96.71237, 17.07934], [-96.71236, 17.07939], [-96.71227, 17.07981], [-96.71224, 17.08011], [-96.71223, 17.08036], [-96.71223, 17.08041], [-96.71222, 17.08047], [-96.71216, 17.08095], [-96.71209, 17.0814], [-96.71208, 17.08147], [-96.71154, 17.08141], [-96.71137, 17.0814], [-96.71125, 17.08139], [-96.71108, 17.08133], [-96.71096, 17.08133], [-96.71065, 17.08129], [-96.7104, 17.08125], [-96.71037, 17.08125], [-96.71023, 17.08123], [-96.71008, 17.08122], [-96.70996, 17.0812], [-96.70915, 17.08109], [-96.70913, 17.08109], [-96.70888, 17.08106], [-96.7088, 17.08105], [-96.70857, 17.08102], [-96.7085, 17.08101], [-96.70812, 17.08096], [-96.70775, 17.08093], [-96.70699, 17.08085], [-96.70675, 17.08082], [-96.70648, 17.0808], [-96.7064, 17.08079], [-96.70638, 17.08078], [-96.70635, 17.08077], [-96.70634, 17.08076], [-96.70632, 17.08074], [-96.70628, 17.08072], [-96.70623, 17.0802], [-96.70621, 17.0797], [-96.70621, 17.07963], [-96.70565, 17.07956], [-96.70498, 17.07948], [-96.70461, 17.07943], [-96.7046, 17.07943], [-96.70443, 17.07941], [-96.70442, 17.07941], [-96.70404, 17.07936], [-96.70351, 17.07929], [-96.70318, 17.07924], [-96.70317, 17.07931], [-96.70308, 17.07984], [-96.70299, 17.08041], [-96.70289, 17.08108], [-96.70283, 17.08153], [-96.70276, 17.08203], [-96.70159, 17.08198], [-96.69986, 17.08193], [-96.6999, 17.08252], [-96.69991, 17.08261], [-96.69992, 17.08316], [-96.69994, 17.0835], [-96.69994, 17.08359], [-96.69956, 17.08357], [-96.69927, 17.08355], [-96.69912, 17.08354], [-96.699, 17.08354], [-96.69872, 17.08353], [-96.69853, 17.08352], [-96.69843, 17.08351], [-96.69811, 17.08349], [-96.69795, 17.08348], [-96.69776, 17.08348], [-96.69768, 17.0835], [-96.69762, 17.08352], [-96.69755, 17.08355], [-96.69744, 17.08361], [-96.69736, 17.08365], [-96.69719, 17.08372], [-96.69695, 17.08385], [-96.69687, 17.08388], [-96.6968, 17.08392], [-96.69672, 17.08396], [-96.69635, 17.08416], [-96.69609, 17.08428], [-96.6959, 17.08438], [-96.69584, 17.0844], [-96.69579, 17.08441], [-96.69574, 17.08443], [-96.69565, 17.08444], [-96.69555, 17.08445], [-96.69547, 17.08445], [-96.69535, 17.08444], [-96.69526, 17.08444], [-96.6951, 17.08443], [-96.69505, 17.08443], [-96.69474, 17.08441], [-96.6945, 17.08439], [-96.69429, 17.08438], [-96.6942, 17.08437], [-96.69409, 17.08436], [-96.69408, 17.08445], [-96.69407, 17.08452], [-96.69402, 17.08498], [-96.69401, 17.08507], [-96.69398, 17.08519], [-96.69393, 17.08555], [-96.69392, 17.08557], [-96.69387, 17.08596], [-96.69381, 17.08643], [-96.69387, 17.086602], [-96.69392, 17.086581], [-96.693922, 17.086561], [-96.69396, 17.086221], [-96.69403, 17.085591], [-96.69403, 17.085571], [-96.69411, 17.085071], [-96.69412, 17.084981], [-96.69418, 17.084531], [-96.69419, 17.084461], [-96.69444, 17.084481], [-96.69455, 17.084481], [-96.69462, 17.084491], [-96.69505, 17.084501], [-96.6951, 17.084511], [-96.69546, 17.084521], [-96.69561, 17.084521], [-96.69571, 17.084521], [-96.69577, 17.084511], [-96.69582, 17.084501], [-96.69594, 17.084441], [-96.69655, 17.084131], [-96.69678, 17.084011], [-96.69683, 17.083981], [-96.69691, 17.083951], [-96.69697, 17.083921], [-96.69721, 17.083801], [-96.69723, 17.083791], [-96.69728, 17.083761], [-96.69734, 17.083741], [-96.69739, 17.083711], [-96.69768, 17.083581], [-96.69774, 17.083561], [-96.69777, 17.083561], [-96.69783, 17.083551], [-96.69789, 17.083551], [-96.69795, 17.083561], [-96.69807, 17.083571], [-96.69841, 17.083591], [-96.69859, 17.083601], [-96.69877, 17.083611], [-96.69882, 17.083611], [-96.69895, 17.083621], [-96.69902, 17.083621], [-96.69923, 17.083631], [-96.69953, 17.083651], [-96.69995, 17.083661], [-96.69994, 17.083591], [-96.69994, 17.083501], [-96.69992, 17.083161], [-96.69991, 17.082611], [-96.6999, 17.082521], [-96.69986, 17.081931], [-96.70159, 17.081981], [-96.70276, 17.082031], [-96.70283, 17.081531], [-96.70289, 17.081081], [-96.70299, 17.080411], [-96.70308, 17.079841], [-96.70317, 17.079311], [-96.7035, 17.079351], [-96.70404, 17.079421], [-96.70442, 17.079471], [-96.7046, 17.079491], [-96.70461, 17.079491], [-96.70497, 17.079541], [-96.70548, 17.079611], [-96.70565, 17.079631], [-96.70566, 17.079631], [-96.70584, 17.079661], [-96.70611, 17.079681], [-96.70621, 17.079701], [-96.70631, 17.079691], [-96.70639, 17.079681], [-96.70684, 17.079731], [-96.70724, 17.079781], [-96.70791, 17.079871], [-96.70902, 17.080021], [-96.70955, 17.080081], [-96.71011, 17.080151], [-96.71023, 17.080151], [-96.71085, 17.080231], [-96.71122, 17.080271], [-96.71195, 17.080381], [-96.71223, 17.080411], [-96.71231, 17.080431], [-96.71231, 17.080371], [-96.71233, 17.080131], [-96.71236, 17.079831], [-96.71245, 17.079401], [-96.71246, 17.079351], [-96.71247, 17.079301], [-96.71253, 17.078721], [-96.71257, 17.078341], [-96.71258, 17.078271], [-96.71259, 17.078231], [-96.71259, 17.078191], [-96.71266, 17.077721], [-96.71274, 17.077181], [-96.71275, 17.077101], [-96.71275, 17.077051], [-96.71283, 17.076481], [-96.71288, 17.076111], [-96.71289, 17.076041], [-96.7129, 17.075981], [-96.71297, 17.075561], [-96.71304, 17.075051], [-96.71305, 17.074981], [-96.71306, 17.074921], [-96.71308, 17.074741], [-96.71319, 17.073881], [-96.71327, 17.073241], [-96.71331, 17.073001], [-96.71333, 17.072861], [-96.71339, 17.072461], [-96.71344, 17.071931], [-96.71349, 17.071531], [-96.71352, 17.071341], [-96.71364, 17.070741], [-96.71367, 17.070511], [-96.71368, 17.070451], [-96.71386, 17.070461], [-96.7145, 17.070511], [-96.71455, 17.070521], [-96.71472, 17.070541], [-96.71488, 17.070571], [-96.71548, 17.070681], [-96.7156, 17.070701], [-96.71568, 17.070721], [-96.71583, 17.070761], [-96.7162, 17.070861], [-96.71637, 17.070911], [-96.71667, 17.070981], [-96.71671, 17.070991], [-96.71707, 17.071061], [-96.71718, 17.071081], [-96.71723, 17.071091], [-96.71762, 17.071171], [-96.71784, 17.071181], [-96.71806, 17.071221], [-96.71817, 17.071241], [-96.7182, 17.071251], [-96.71834, 17.071281], [-96.71861, 17.071321], [-96.71892, 17.071391], [-96.71909, 17.071441], [-96.71922, 17.071481], [-96.71927, 17.071481], [-96.71954, 17.071511], [-96.71967, 17.071511], [-96.71972, 17.071131], [-96.71973, 17.071101], [-96.71975, 17.070951], [-96.71977, 17.070791], [-96.71985, 17.070041], [-96.71986, 17.069961], [-96.71991, 17.069551], [-96.71998, 17.069141], [-96.72011, 17.068441], [-96.7202, 17.067991], [-96.72041, 17.067111], [-96.72083, 17.065261], [-96.72093, 17.064761], [-96.72105, 17.064231], [-96.72123, 17.063201], [-96.72124, 17.063121], [-96.72141, 17.062391], [-96.72144, 17.062271], [-96.72162, 17.061301], [-96.72178, 17.060621], [-96.72184, 17.060361], [-96.72206, 17.059441], [-96.72226, 17.058521], [-96.72233, 17.058241], [-96.72248, 17.057581], [-96.72262, 17.056661], [-96.7229, 17.056721], [-96.72293, 17.056721], [-96.72298, 17.056731], [-96.72309, 17.056751], [-96.72312, 17.056761], [-96.72367, 17.056871], [-96.72455, 17.057071], [-96.72556, 17.057241], [-96.72647, 17.057421], [-96.72749, 17.057631], [-96.72846, 17.057821], [-96.72873, 17.057881], [-96.72942, 17.058011], [-96.73029, 17.058161], [-96.73083, 17.058241], [-96.73108, 17.058261], [-96.73137, 17.058321], [-96.73117, 17.058871], [-96.73115, 17.058991], [-96.73114, 17.059051], [-96.73102, 17.059601], [-96.73083, 17.060291], [-96.73176, 17.060491], [-96.73214, 17.060541], [-96.732236, 17.060047], [-96.733032, 17.060112], [-96.733239, 17.060393], [-96.733348, 17.060564], [-96.733373, 17.060604], [-96.73347, 17.060731], [-96.73352, 17.060801], [-96.73358, 17.060881], [-96.73368, 17.060821], [-96.7338, 17.060751], [-96.73389, 17.060701], [-96.73399, 17.060621], [-96.73404, 17.060591], [-96.7341, 17.060551], [-96.73412, 17.060531], [-96.73472, 17.060131], [-96.73477, 17.060101], [-96.73483, 17.060061], [-96.7349, 17.060011], [-96.73571, 17.059481], [-96.73573, 17.059471], [-96.73576, 17.059451], [-96.73583, 17.059401], [-96.73643, 17.058991], [-96.73646, 17.058961], [-96.73653, 17.059011], [-96.73659, 17.059071], [-96.73661, 17.059111], [-96.73666, 17.059211], [-96.73675, 17.059461], [-96.73678, 17.059541], [-96.73683, 17.059701], [-96.73688, 17.059851], [-96.73687, 17.059911], [-96.73695, 17.060327], [-96.736976, 17.060413], [-96.737024, 17.060448], [-96.737065, 17.06049], [-96.73713, 17.060581], [-96.7372, 17.060751], [-96.73725, 17.060841], [-96.73749, 17.061211], [-96.73758, 17.061361], [-96.73782, 17.061751], [-96.73791, 17.061951], [-96.73805, 17.062331], [-96.73807, 17.062351], [-96.73809, 17.062371], [-96.73816, 17.062571], [-96.73821, 17.062791], [-96.73824, 17.062871], [-96.73836, 17.063151], [-96.73846, 17.063371], [-96.73878, 17.063961], [-96.73883, 17.064051], [-96.73888, 17.064131], [-96.73957, 17.065471], [-96.73974, 17.065801], [-96.73995, 17.065661], [-96.74001, 17.065621], [-96.74016, 17.065511], [-96.74029, 17.065431], [-96.74041, 17.065351], [-96.7406, 17.065221], [-96.74066, 17.065191], [-96.7407, 17.065241], [-96.74095, 17.065701], [-96.74103, 17.065871], [-96.74133, 17.066481], [-96.74156, 17.066931], [-96.74253, 17.068671], [-96.74265, 17.068891], [-96.74271, 17.069001], [-96.74276, 17.069091], [-96.74318, 17.069941], [-96.74339, 17.070361], [-96.74342, 17.070431], [-96.74382, 17.071241], [-96.74394, 17.071481], [-96.74406, 17.071651], [-96.74411, 17.071741], [-96.74424, 17.071991], [-96.74442, 17.072341], [-96.74463, 17.072751], [-96.74487, 17.073191], [-96.74507, 17.073511], [-96.74528, 17.073851], [-96.74537, 17.074011], [-96.74578, 17.074671], [-96.74599, 17.075041], [-96.74681, 17.076571], [-96.74685, 17.076631], [-96.74692, 17.076691], [-96.74697, 17.076721], [-96.74739, 17.077431], [-96.7476, 17.077821], [-96.74781, 17.078141], [-96.74768, 17.078191], [-96.74764, 17.078211], [-96.74756, 17.078251], [-96.74734, 17.078351], [-96.74708, 17.078471], [-96.74707, 17.078471], [-96.74699, 17.078481], [-96.74689, 17.078501], [-96.74688, 17.078501], [-96.74675, 17.078551], [-96.74657, 17.078641], [-96.74649, 17.078681], [-96.74648, 17.078691], [-96.74582, 17.078981], [-96.74578, 17.079001], [-96.74569, 17.079041], [-96.74559, 17.079091], [-96.74519, 17.079281], [-96.74486, 17.079441], [-96.74469, 17.079521], [-96.7446, 17.079561], [-96.74436, 17.079671], [-96.74361, 17.080021], [-96.74355, 17.080051], [-96.74345, 17.080101], [-96.74332, 17.080131], [-96.7433, 17.080141], [-96.74325, 17.080141], [-96.74318, 17.080151], [-96.74311, 17.080151], [-96.7431, 17.080151], [-96.743, 17.080151], [-96.74291, 17.080131], [-96.74264, 17.080051], [-96.74252, 17.080011], [-96.74243, 17.080001], [-96.7423, 17.079991], [-96.7422, 17.079971], [-96.74209, 17.079961], [-96.74193, 17.079941], [-96.74183, 17.079931], [-96.74176, 17.079931], [-96.74169, 17.079911], [-96.74164, 17.079911], [-96.74161, 17.079901], [-96.74158, 17.079901], [-96.74155, 17.079901], [-96.74152, 17.079911], [-96.74148, 17.079921], [-96.74145, 17.079931], [-96.74143, 17.079941], [-96.7414, 17.079961], [-96.74132, 17.080051], [-96.74141, 17.080091], [-96.74188, 17.080351], [-96.74227, 17.080591], [-96.7424, 17.080681], [-96.74252, 17.080771], [-96.74274, 17.080981], [-96.74286, 17.081101], [-96.74292, 17.081191], [-96.74299, 17.081301], [-96.74305, 17.081401], [-96.74313, 17.081561], [-96.74316, 17.081641], [-96.7432, 17.081741], [-96.74337, 17.082131], [-96.74365, 17.082801], [-96.74375, 17.083031], [-96.74389, 17.083321], [-96.74411, 17.083891], [-96.74465, 17.085151], [-96.74501, 17.086001], [-96.74503, 17.086101], [-96.74546, 17.087001], [-96.74574, 17.087711], [-96.74593, 17.088091], [-96.74627, 17.088871], [-96.74634, 17.089031], [-96.74649, 17.089371], [-96.74652, 17.089441], [-96.74679, 17.090121], [-96.74694, 17.090491], [-96.74712, 17.090891], [-96.74719, 17.091061], [-96.74762, 17.092001], [-96.74794, 17.092691], [-96.74802, 17.092941], [-96.74805, 17.093001], [-96.74808, 17.093081], [-96.74815, 17.093231], [-96.74831, 17.093621], [-96.74854, 17.094141], [-96.74881, 17.094811], [-96.74889, 17.094971], [-96.74889, 17.094981], [-96.74921, 17.095641], [-96.74952, 17.096361], [-96.74957, 17.096471], [-96.74958, 17.096501], [-96.74983, 17.097191], [-96.74989, 17.097381], [-96.7502, 17.097921], [-96.75043, 17.098531], [-96.75062, 17.098981], [-96.7508, 17.099391], [-96.75097, 17.099751], [-96.75138, 17.100711], [-96.75155, 17.101071], [-96.75162, 17.101251], [-96.75153, 17.101291], [-96.75136, 17.101351], [-96.75129, 17.101381], [-96.7512, 17.101411], [-96.75083, 17.101561], [-96.7499, 17.101941], [-96.74989, 17.101941], [-96.74989, 17.101931], [-96.74988, 17.101931], [-96.74988, 17.101921], [-96.74987, 17.101921], [-96.74986, 17.101911], [-96.74985, 17.101911], [-96.74984, 17.101911], [-96.74984, 17.101901], [-96.74983, 17.101901], [-96.74982, 17.101901], [-96.74981, 17.101901], [-96.7498, 17.101901], [-96.74979, 17.101901], [-96.74979, 17.101911], [-96.74978, 17.101911], [-96.74977, 17.101911], [-96.74976, 17.101921], [-96.74975, 17.101921], [-96.74975, 17.101931], [-96.74974, 17.101931], [-96.74974, 17.101941], [-96.74973, 17.101941], [-96.74973, 17.101951], [-96.74972, 17.101961], [-96.74972, 17.101971], [-96.74972, 17.101981], [-96.74971, 17.101981], [-96.74971, 17.101991], [-96.74971, 17.102001], [-96.74934, 17.102131], [-96.74925, 17.102161], [-96.7487, 17.102331], [-96.74826, 17.102471], [-96.74816, 17.102501], [-96.74807, 17.102521], [-96.74789, 17.102571], [-96.74777, 17.102601], [-96.74766, 17.102631], [-96.74762, 17.102641], [-96.74725, 17.102731], [-96.74705, 17.102771], [-96.74648, 17.102841], [-96.74622, 17.102881], [-96.74621, 17.102861], [-96.7462, 17.102861], [-96.7462, 17.102851], [-96.74619, 17.102841], [-96.74618, 17.102831], [-96.74617, 17.102831], [-96.74617, 17.102821], [-96.74616, 17.102821], [-96.74615, 17.102811], [-96.74614, 17.102811], [-96.74613, 17.102801], [-96.74612, 17.102801], [-96.74611, 17.102801], [-96.7461, 17.102801], [-96.74609, 17.102801], [-96.74608, 17.102801], [-96.74607, 17.102801], [-96.74606, 17.102801], [-96.74605, 17.102801], [-96.74604, 17.102801], [-96.74604, 17.102811], [-96.74603, 17.102811], [-96.74602, 17.102811], [-96.74601, 17.102821], [-96.746, 17.102821], [-96.74599, 17.102831], [-96.74598, 17.102841], [-96.74598, 17.102851], [-96.74597, 17.102851], [-96.74597, 17.102861], [-96.74596, 17.102871], [-96.74595, 17.102881], [-96.74595, 17.102891], [-96.74595, 17.102901], [-96.74595, 17.102911], [-96.74594, 17.102921], [-96.74594, 17.102931], [-96.74594, 17.102941], [-96.74595, 17.102951], [-96.74595, 17.102961], [-96.74595, 17.102971], [-96.7457, 17.103061], [-96.74533, 17.103211], [-96.74484, 17.103401], [-96.74463, 17.102961], [-96.74462, 17.102931], [-96.74459, 17.102861], [-96.74427, 17.103041], [-96.74419, 17.103091], [-96.74412, 17.103131], [-96.74381, 17.103301], [-96.74344, 17.103511], [-96.7431, 17.103701], [-96.74308, 17.103711], [-96.74305, 17.103721], [-96.74271, 17.103911], [-96.74257, 17.103971], [-96.74254, 17.103991], [-96.74237, 17.104071], [-96.74232, 17.104101], [-96.74225, 17.104141], [-96.74195, 17.104291], [-96.7418, 17.104361], [-96.74178, 17.104371], [-96.74174, 17.104401], [-96.7417, 17.104421], [-96.74162, 17.104471], [-96.74158, 17.104501], [-96.74153, 17.104531], [-96.7414, 17.104601], [-96.74135, 17.104621], [-96.7413, 17.104641], [-96.74118, 17.104671], [-96.74103, 17.104571], [-96.74098, 17.104541], [-96.74095, 17.104521], [-96.74092, 17.104511], [-96.74087, 17.104511], [-96.74079, 17.104511], [-96.74065, 17.104531], [-96.74046, 17.104611], [-96.74024, 17.104721], [-96.73981, 17.104921], [-96.73964, 17.105001], [-96.73963, 17.105011], [-96.73956, 17.105051], [-96.7394, 17.105151], [-96.73935, 17.105191], [-96.739253, 17.105277], [-96.739208, 17.105321], [-96.739173, 17.105373], [-96.739113, 17.105477], [-96.739049, 17.105586]]]}, "properties": {"route_id": null, "route_name": "BinniBusRA12"}}, {"type": "Feature", "geometry": {"type": "MultiLineString", "coordinates": [[[-96.729239, 17.050451], [-96.728703, 17.050063], [-96.727415, 17.050394], [-96.72697, 17.050558], [-96.726273, 17.050738], [-96.72483, 17.051107], [-96.722614, 17.051666], [-96.720034, 17.052317], [-96.718097, 17.052845], [-96.716756, 17.053142], [-96.715452, 17.05344], [-96.715331, 17.053525], [-96.714806, 17.053664], [-96.714135, 17.053828], [-96.713663, 17.053982], [-96.713406, 17.054069], [-96.713137, 17.054187], [-96.712987, 17.054259], [-96.713003, 17.054802], [-96.712917, 17.055712], [-96.71288, 17.056178], [-96.712837, 17.05674], [-96.712725, 17.057982], [-96.712709, 17.05851], [-96.713036, 17.059362], [-96.713294, 17.060038], [-96.713535, 17.060628], [-96.713589, 17.060895], [-96.713626, 17.061177], [-96.71375, 17.061423], [-96.713991, 17.061751], [-96.714041, 17.062743], [-96.714065, 17.063013], [-96.714106, 17.06377], [-96.714165, 17.065154], [-96.714123, 17.065332], [-96.714144, 17.065629], [-96.714107, 17.06626], [-96.713831, 17.068288], [-96.713606, 17.070327], [-96.713402, 17.071568], [-96.713207, 17.073338], [-96.712923, 17.075179], [-96.71266, 17.077117], [-96.712145, 17.080833], [-96.711941, 17.08233], [-96.711823, 17.083478], [-96.711523, 17.083899], [-96.711265, 17.084494], [-96.711201, 17.084904], [-96.711238, 17.085335], [-96.711416, 17.085766], [-96.711684, 17.086186], [-96.711747, 17.086329], [-96.711812, 17.086472], [-96.711329, 17.087241], [-96.71046, 17.08871], [-96.709836, 17.089437], [-96.709377, 17.090453], [-96.708529, 17.092053], [-96.708053, 17.092944], [-96.707521, 17.094089], [-96.707134, 17.094771], [-96.706378, 17.094345], [-96.703609, 17.09302], [-96.703099, 17.09283], [-96.702874, 17.092963], [-96.70237, 17.092886], [-96.701833, 17.092732], [-96.701387, 17.092566], [-96.701017, 17.092592], [-96.700641, 17.092674], [-96.700287, 17.09291], [-96.699976, 17.093212], [-96.699253, 17.093864], [-96.698502, 17.093854], [-96.697858, 17.093906], [-96.697601, 17.09447], [-96.696946, 17.09612], [-96.696807, 17.096418], [-96.696292, 17.096869], [-96.695466, 17.097597], [-96.695398, 17.097998], [-96.695382, 17.098408], [-96.695484, 17.098741], [-96.695564, 17.098957], [-96.69608, 17.099286], [-96.696346, 17.09944], [-96.696469, 17.099512], [-96.696332, 17.099935], [-96.696136, 17.100591], [-96.695884, 17.101434], [-96.695573, 17.102492], [-96.695359, 17.103214], [-96.695734, 17.103296], [-96.696297, 17.103435], [-96.696421, 17.103343], [-96.696517, 17.102948], [-96.696647, 17.102409], [-96.696626, 17.102404], [-96.696973, 17.101295], [-96.69737, 17.100044], [-96.696279, 17.099358], [-96.6956, 17.098899], [-96.695509, 17.098638], [-96.695412, 17.098258], [-96.695471, 17.097904], [-96.695482, 17.097744], [-96.695557, 17.097625], [-96.696086, 17.097134], [-96.696515, 17.096777], [-96.696658, 17.096646], [-96.696904, 17.096403], [-96.697022, 17.096111], [-96.697696, 17.094429], [-96.697825, 17.094111], [-96.697934, 17.093915], [-96.698576, 17.093916], [-96.699153, 17.093929], [-96.699347, 17.093944], [-96.699873, 17.09337], [-96.700361, 17.092929], [-96.700548, 17.092739], [-96.701234, 17.092608], [-96.701879, 17.092801], [-96.702341, 17.092924], [-96.70284, 17.093016], [-96.703054, 17.092944], [-96.703151, 17.092873], [-96.703461, 17.093034], [-96.706391, 17.094433], [-96.707069, 17.094792], [-96.707168, 17.094818], [-96.707375, 17.094413], [-96.708462, 17.092395], [-96.708939, 17.09148], [-96.709283, 17.090783], [-96.709782, 17.089714], [-96.709933, 17.089464], [-96.710073, 17.089392], [-96.710309, 17.089146], [-96.710674, 17.088692], [-96.711807, 17.086722], [-96.711979, 17.086512], [-96.712124, 17.086476], [-96.712199, 17.086368], [-96.712226, 17.08623], [-96.712108, 17.086091], [-96.71192, 17.086081], [-96.711791, 17.086055], [-96.71148, 17.085568], [-96.711351, 17.085071], [-96.711357, 17.084784], [-96.711513, 17.084286], [-96.711932, 17.083609], [-96.711996, 17.083312], [-96.712028, 17.082338], [-96.712178, 17.08162], [-96.712318, 17.080492], [-96.712509, 17.078879], [-96.712627, 17.078284], [-96.712745, 17.077238], [-96.712969, 17.075482], [-96.713152, 17.074539], [-96.71327, 17.073442], [-96.713377, 17.072878], [-96.713519, 17.071408], [-96.713658, 17.070602], [-96.713701, 17.070315], [-96.713885, 17.069015], [-96.713964, 17.068225], [-96.71427, 17.065838], [-96.714324, 17.06552], [-96.714388, 17.065346], [-96.714334, 17.064618], [-96.714141, 17.062597], [-96.714037, 17.061384], [-96.713866, 17.060943], [-96.713351, 17.059681], [-96.712932, 17.058423], [-96.712986, 17.057018], [-96.713272, 17.054649], [-96.713637, 17.054116], [-96.71598, 17.0535], [-96.717159, 17.053222], [-96.718189, 17.052956], [-96.722598, 17.051872], [-96.724744, 17.051257], [-96.725538, 17.051113], [-96.726579, 17.050846], [-96.72734, 17.050641], [-96.727909, 17.050692], [-96.728349, 17.050836], [-96.728821, 17.05141], [-96.728966, 17.051697], [-96.729062, 17.051964], [-96.729132, 17.052128], [-96.729261, 17.052313], [-96.729336, 17.0526], [-96.729486, 17.052866], [-96.729508, 17.052979], [-96.729615, 17.052877], [-96.729813, 17.052774], [-96.729588, 17.052436], [-96.729443, 17.052061], [-96.729333, 17.051988], [-96.72932, 17.051734], [-96.72936, 17.051545], [-96.72928, 17.051342], [-96.729159, 17.051211], [-96.729148, 17.051127], [-96.729234, 17.050996], [-96.729309, 17.05077], [-96.729335, 17.050731]]]}, "properties": {"route_id": null, "route_name": "BinniBusRA13"}}, {"type": "Feature", "geometry": {"type": "MultiLineString", "coordinates": [[[-96.76945, 17.083344], [-96.769608, 17.083936], [-96.769368, 17.083945], [-96.769202, 17.083946], [-96.769036, 17.08391], [-96.768941, 17.08388], [-96.76886, 17.083878], [-96.768882, 17.084019], [-96.769075, 17.084768], [-96.769201, 17.085227], [-96.769279, 17.085476], [-96.768247, 17.085796], [-96.768598, 17.087268], [-96.768571, 17.087311], [-96.768236, 17.087468], [-96.767544, 17.087793], [-96.766656, 17.088139], [-96.764996, 17.088847], [-96.763748, 17.086642], [-96.762796, 17.084947], [-96.761799, 17.083148], [-96.76083, 17.081389], [-96.760152, 17.08014], [-96.75902, 17.078156], [-96.757928, 17.076189], [-96.757169, 17.074802], [-96.75671, 17.074012], [-96.756327, 17.073335], [-96.755632, 17.072197], [-96.754991, 17.071218], [-96.753701, 17.069451], [-96.753312, 17.068876], [-96.753189, 17.06863], [-96.753009, 17.067984], [-96.752786, 17.06721], [-96.752709, 17.067061], [-96.75255, 17.066902], [-96.752247, 17.066684], [-96.751542, 17.066323], [-96.751434, 17.066228], [-96.75111, 17.065356], [-96.751008, 17.065046], [-96.750941, 17.064923], [-96.750812, 17.06481], [-96.750415, 17.064597], [-96.749983, 17.064266], [-96.749729, 17.064092], [-96.749479, 17.063989], [-96.749171, 17.064012], [-96.748141, 17.064051], [-96.74773, 17.064128], [-96.74758, 17.064097], [-96.747473, 17.063989], [-96.746553, 17.062541], [-96.746432, 17.06241], [-96.746016, 17.061946], [-96.745778, 17.061671], [-96.744884, 17.060358], [-96.744748, 17.060158], [-96.744423, 17.060074], [-96.744238, 17.059961], [-96.743892, 17.059584], [-96.743023, 17.058582], [-96.742774, 17.058805], [-96.742267, 17.059264], [-96.741234, 17.060182], [-96.740207, 17.061097], [-96.739912, 17.06133], [-96.739845, 17.06142], [-96.739603, 17.061528], [-96.739335, 17.061602], [-96.737315, 17.061589], [-96.737106, 17.061382], [-96.737101, 17.061251], [-96.737066, 17.061056], [-96.736959, 17.060646], [-96.736873, 17.0599], [-96.736824, 17.059671], [-96.736602, 17.059071], [-96.736521, 17.058984], [-96.736489, 17.058882], [-96.736272, 17.059007], [-96.735636, 17.059412], [-96.734636, 17.060035], [-96.734129, 17.060418], [-96.733634, 17.060737], [-96.733158, 17.060066], [-96.73271, 17.059374], [-96.732112, 17.058522], [-96.73146, 17.05762], [-96.731272, 17.057476], [-96.730599, 17.056425], [-96.730438, 17.056171], [-96.730132, 17.055145], [-96.730095, 17.05485], [-96.729939, 17.05441], [-96.729794, 17.053876], [-96.729483, 17.052897], [-96.729381, 17.052517], [-96.729298, 17.05175], [-96.729215, 17.051594], [-96.72903, 17.05125], [-96.728738, 17.050994], [-96.728499, 17.050784], [-96.727987, 17.05054], [-96.727608, 17.050491], [-96.727201, 17.050478], [-96.726509, 17.050671], [-96.726367, 17.050599], [-96.726176, 17.050458], [-96.726064, 17.050325], [-96.725613, 17.049578], [-96.725095, 17.048906], [-96.72454, 17.048148], [-96.724285, 17.04777], [-96.723944, 17.047265], [-96.723985, 17.046493], [-96.723322, 17.046416], [-96.723187, 17.046413], [-96.723116, 17.046417], [-96.723106, 17.046465], [-96.723179, 17.046552], [-96.72317, 17.04662], [-96.723073, 17.046628], [-96.722875, 17.046623], [-96.722316, 17.046556], [-96.721448, 17.046438], [-96.720883, 17.046363], [-96.720403, 17.046301], [-96.719658, 17.04619], [-96.719002, 17.046109], [-96.718803, 17.046083], [-96.718545, 17.046073], [-96.718149, 17.046063], [-96.717171, 17.045914], [-96.71714, 17.045878], [-96.717095, 17.04575], [-96.717, 17.045602], [-96.71666, 17.045275], [-96.716231, 17.044897], [-96.715672, 17.044405], [-96.715063, 17.043876], [-96.714768, 17.043594], [-96.71434, 17.043174], [-96.714224, 17.04308], [-96.71403, 17.043056], [-96.713813, 17.042786], [-96.713176, 17.041911], [-96.712582, 17.041236], [-96.711815, 17.040239], [-96.711154, 17.039372], [-96.711004, 17.03918], [-96.710882, 17.038946], [-96.7108, 17.038664], [-96.710796, 17.038285], [-96.710836, 17.038187], [-96.710859, 17.038077], [-96.710883, 17.037986], [-96.710898, 17.037873], [-96.71077, 17.037803], [-96.710204, 17.037649], [-96.708594, 17.037296], [-96.70763, 17.03705], [-96.706397, 17.036758], [-96.706386, 17.036903], [-96.710431, 17.037826], [-96.710726, 17.037916], [-96.710736, 17.037975], [-96.710632, 17.038288], [-96.710651, 17.038688], [-96.710761, 17.039039], [-96.710916, 17.039342], [-96.711391, 17.039957], [-96.711691, 17.040319], [-96.712327, 17.041163], [-96.712756, 17.041716], [-96.71307, 17.04205], [-96.7138, 17.043024], [-96.71403, 17.043056], [-96.714188, 17.043252], [-96.714357, 17.043335], [-96.714524, 17.043473], [-96.714733, 17.043648], [-96.714872, 17.043781], [-96.715366, 17.04426], [-96.715621, 17.044458], [-96.715739, 17.044427], [-96.716602, 17.044545], [-96.717394, 17.044689], [-96.717748, 17.044753], [-96.7187, 17.044873], [-96.720612, 17.045232], [-96.722412, 17.045584], [-96.723327, 17.046871], [-96.724016, 17.04783], [-96.72448, 17.048507], [-96.724598, 17.048594], [-96.725016, 17.049122], [-96.725612, 17.049815], [-96.72624, 17.05072], [-96.726355, 17.050912], [-96.726974, 17.05073], [-96.727272, 17.050664], [-96.727613, 17.050646], [-96.727983, 17.050712], [-96.728259, 17.050805], [-96.728487, 17.050989], [-96.728761, 17.051264], [-96.728954, 17.051712], [-96.729077, 17.051982], [-96.729238, 17.052633], [-96.729678, 17.054074], [-96.73003, 17.055174], [-96.729866, 17.055797], [-96.729734, 17.056349], [-96.729595, 17.057046], [-96.729423, 17.058008], [-96.73036, 17.05818], [-96.73136, 17.05832], [-96.730829, 17.060298], [-96.732132, 17.060559], [-96.733511, 17.060795], [-96.733696, 17.06081], [-96.73474, 17.06011], [-96.736424, 17.059003], [-96.736478, 17.058973], [-96.736585, 17.059072], [-96.736762, 17.059523], [-96.736875, 17.059864], [-96.736908, 17.060406], [-96.736958, 17.060694], [-96.737089, 17.061196], [-96.737105, 17.061576], [-96.737151, 17.061609], [-96.737782, 17.061618], [-96.739069, 17.0616], [-96.739448, 17.061587], [-96.739844, 17.061439], [-96.739958, 17.061323], [-96.740281, 17.061068], [-96.74085, 17.060551], [-96.741116, 17.060308], [-96.741477, 17.059995], [-96.742264, 17.05929], [-96.743017, 17.05862], [-96.743383, 17.05903], [-96.743678, 17.059385], [-96.744282, 17.060009], [-96.744744, 17.060187], [-96.745287, 17.060989], [-96.745628, 17.061471], [-96.745792, 17.061709], [-96.746458, 17.062467], [-96.746584, 17.062619], [-96.746895, 17.063134], [-96.747386, 17.06391], [-96.747552, 17.064103], [-96.7477, 17.064146], [-96.748142, 17.064078], [-96.748759, 17.064053], [-96.74947, 17.064014], [-96.749669, 17.06408], [-96.749854, 17.064198], [-96.750362, 17.06458], [-96.750814, 17.06483], [-96.750925, 17.064962], [-96.75098, 17.065027], [-96.751101, 17.0654], [-96.75141, 17.066234], [-96.751501, 17.066324], [-96.751725, 17.066437], [-96.752366, 17.066786], [-96.752646, 17.067019], [-96.752742, 17.067154], [-96.752886, 17.067607], [-96.753142, 17.068519], [-96.753217, 17.068731], [-96.753561, 17.069292], [-96.753822, 17.069627], [-96.754143, 17.070085], [-96.754856, 17.071056], [-96.755257, 17.07163], [-96.755834, 17.072542], [-96.756311, 17.073345], [-96.756994, 17.074531], [-96.757596, 17.075614], [-96.757962, 17.076279], [-96.75835, 17.076966], [-96.759314, 17.078697], [-96.759888, 17.079725], [-96.760666, 17.081125], [-96.76209, 17.083648], [-96.763115, 17.085458], [-96.764265, 17.087581], [-96.764996, 17.088847], [-96.766929, 17.088027], [-96.768236, 17.087468], [-96.768616, 17.087286], [-96.768246, 17.085827], [-96.768736, 17.085656], [-96.769279, 17.085476], [-96.768989, 17.084374], [-96.768882, 17.084112], [-96.768801, 17.083815], [-96.768616, 17.083104], [-96.768282, 17.081849], [-96.768859, 17.081509], [-96.768914, 17.081692], [-96.769373, 17.083133]]]}, "properties": {"route_id": null, "route_name": "BinniBusRA16"}}, {"type": "Feature", "geometry": {"type": "MultiLineString", "coordinates": [[[-96.767851, 17.126657], [-96.767368, 17.126083], [-96.76652, 17.125037], [-96.765565, 17.123796], [-96.764686, 17.122709], [-96.764503, 17.122463], [-96.764428, 17.122289], [-96.764267, 17.122238], [-96.764106, 17.12234], [-96.764096, 17.122474], [-96.764353, 17.12272], [-96.765555, 17.124124], [-96.766445, 17.125222], [-96.767475, 17.126442], [-96.768108, 17.127211], [-96.768645, 17.127846], [-96.769038, 17.128346], [-96.769338, 17.128695], [-96.76944, 17.128761], [-96.76958, 17.128997], [-96.7698, 17.129336], [-96.770116, 17.129679], [-96.770556, 17.130156], [-96.77157, 17.131452], [-96.772106, 17.132123], [-96.772713, 17.132851], [-96.773131, 17.13339], [-96.773571, 17.133902], [-96.774037, 17.13452], [-96.774488, 17.13515], [-96.774837, 17.13593], [-96.775105, 17.136627], [-96.7754, 17.137329], [-96.775899, 17.138529], [-96.776398, 17.139738], [-96.776795, 17.140754], [-96.77706, 17.141392], [-96.777272, 17.141845], [-96.777479, 17.142309], [-96.777712, 17.142834], [-96.777926, 17.143336], [-96.778104, 17.143884], [-96.778212, 17.14433], [-96.778356, 17.145237], [-96.778421, 17.14605], [-96.778485, 17.146506], [-96.778748, 17.147147], [-96.779033, 17.147617], [-96.779639, 17.148473], [-96.780334, 17.149451], [-96.780474, 17.149662], [-96.781203, 17.151353], [-96.781911, 17.153045], [-96.783068, 17.155966], [-96.783972, 17.157999], [-96.784626, 17.159624], [-96.785259, 17.161151], [-96.785935, 17.162755], [-96.786972, 17.165213], [-96.787283, 17.165992], [-96.787798, 17.167243], [-96.78856, 17.169078], [-96.789811, 17.172096], [-96.79036, 17.173389], [-96.790645, 17.174363], [-96.790763, 17.175101], [-96.790709, 17.175896], [-96.79058, 17.177009], [-96.790365, 17.178382], [-96.790064, 17.180681], [-96.789882, 17.181824], [-96.789772, 17.182739], [-96.789729, 17.183206], [-96.789724, 17.18358], [-96.78971, 17.184069], [-96.789804, 17.185173], [-96.789928, 17.185776], [-96.79003, 17.186355], [-96.790272, 17.18742], [-96.79062, 17.188876], [-96.791074, 17.190906], [-96.791386, 17.192484], [-96.792114, 17.195322], [-96.792586, 17.197372], [-96.793175, 17.199975], [-96.793336, 17.200666], [-96.793494, 17.201358], [-96.7938, 17.202589], [-96.793982, 17.203355], [-96.794194, 17.204308], [-96.794347, 17.205051], [-96.794819, 17.206896], [-96.795118, 17.208138], [-96.795316, 17.208661], [-96.795817, 17.209876], [-96.795986, 17.210253], [-96.796464, 17.21118], [-96.796761, 17.211754], [-96.797559, 17.213371], [-96.797902, 17.214084], [-96.798099, 17.214438], [-96.799969, 17.218211], [-96.801835, 17.221921], [-96.803745, 17.225884], [-96.804356, 17.226919], [-96.804957, 17.22777], [-96.805625, 17.228416], [-96.806129, 17.228764], [-96.806633, 17.229041], [-96.807765, 17.229666], [-96.809102, 17.230421], [-96.810786, 17.231387], [-96.811918, 17.232044], [-96.812865, 17.232582], [-96.813922, 17.233171], [-96.817405, 17.235145], [-96.818945, 17.23601], [-96.821321, 17.23737], [-96.822201, 17.237884], [-96.823102, 17.238411], [-96.823705, 17.238729], [-96.824212, 17.239013], [-96.825336, 17.23964], [-96.82557, 17.239761], [-96.825859, 17.239873], [-96.826327, 17.240041], [-96.827528, 17.240328], [-96.829291, 17.240766], [-96.831367, 17.241262], [-96.835304, 17.242246], [-96.835948, 17.242387], [-96.838185, 17.242936], [-96.842515, 17.243974], [-96.844596, 17.244491], [-96.845418, 17.244681], [-96.845746, 17.244768], [-96.846604, 17.245214], [-96.847752, 17.245838], [-96.851526, 17.247898], [-96.852502, 17.248415], [-96.854041, 17.249283], [-96.855102, 17.249843], [-96.855735, 17.250222], [-96.856003, 17.250432], [-96.856454, 17.250766], [-96.857448, 17.251688], [-96.85821, 17.25237], [-96.85954, 17.253599], [-96.860989, 17.254895], [-96.86145, 17.255362], [-96.861716, 17.255738], [-96.862424, 17.257013], [-96.862714, 17.257582], [-96.863861, 17.259766], [-96.864955, 17.261876], [-96.866135, 17.263987], [-96.866264, 17.264294], [-96.866275, 17.264673], [-96.866082, 17.265442], [-96.865567, 17.267142], [-96.86542, 17.267677], [-96.865344, 17.269178], [-96.865334, 17.270249], [-96.86535, 17.270725], [-96.865404, 17.270986], [-96.865564, 17.271263], [-96.8658, 17.271494], [-96.866385, 17.271837], [-96.867779, 17.272682], [-96.868085, 17.27284], [-96.868353, 17.272917], [-96.868594, 17.272953], [-96.868879, 17.272994], [-96.869024, 17.273017], [-96.869143, 17.273063], [-96.869256, 17.273152], [-96.869323, 17.273232], [-96.869378, 17.273354], [-96.869432, 17.273518], [-96.869563, 17.274097], [-96.869693, 17.274735], [-96.869752, 17.274915], [-96.86982, 17.275034], [-96.86998, 17.275187], [-96.870165, 17.275271], [-96.870444, 17.275296], [-96.870813, 17.275316], [-96.871043, 17.275337], [-96.871253, 17.275393], [-96.871542, 17.275547], [-96.872084, 17.275998], [-96.87351, 17.27719], [-96.8741, 17.277682], [-96.875457, 17.278624], [-96.876155, 17.279096], [-96.876852, 17.279587], [-96.877839, 17.280258], [-96.878129, 17.280455], [-96.878756, 17.280886], [-96.879839, 17.281626], [-96.880386, 17.282005], [-96.88074, 17.282184], [-96.8811, 17.282343], [-96.881567, 17.282359], [-96.88221, 17.282384], [-96.882938, 17.282406], [-96.884494, 17.282472], [-96.885744, 17.282508], [-96.887691, 17.282569], [-96.890405, 17.282657], [-96.891371, 17.282683], [-96.89195, 17.282698], [-96.892567, 17.282713], [-96.89291, 17.28277], [-96.893372, 17.282924], [-96.893839, 17.283129], [-96.894423, 17.283483], [-96.895882, 17.284318], [-96.896391, 17.284594], [-96.896664, 17.284696], [-96.897072, 17.284666], [-96.897421, 17.284532], [-96.898065, 17.284256], [-96.898601, 17.284036], [-96.898885, 17.284025], [-96.89925, 17.284102], [-96.899567, 17.284328], [-96.900453, 17.285218], [-96.900659, 17.285366], [-96.900873, 17.28553], [-96.901109, 17.285602], [-96.90142, 17.285586], [-96.902011, 17.285479], [-96.902429, 17.285412], [-96.903336, 17.285254], [-96.903598, 17.285197], [-96.903586, 17.285328], [-96.903568, 17.285144], [-96.902517, 17.285323], [-96.90146, 17.285498], [-96.901205, 17.285531], [-96.901084, 17.285515], [-96.90094, 17.285469], [-96.900787, 17.285408], [-96.900647, 17.285298], [-96.900443, 17.285124], [-96.899797, 17.284489], [-96.899443, 17.284154], [-96.899285, 17.284056], [-96.899092, 17.283992], [-96.898915, 17.283952], [-96.89874, 17.283949], [-96.898574, 17.283987], [-96.898413, 17.284046], [-96.897635, 17.284376], [-96.897144, 17.28457], [-96.896948, 17.284627], [-96.896876, 17.28464], [-96.896701, 17.284645], [-96.896431, 17.284555], [-96.896138, 17.284396], [-96.89584, 17.284214], [-96.895368, 17.283945], [-96.894811, 17.28363], [-96.89362, 17.282952], [-96.893351, 17.282829], [-96.892815, 17.282696], [-96.892482, 17.282639], [-96.891431, 17.282634], [-96.890015, 17.282583], [-96.888963, 17.282542], [-96.887858, 17.282506], [-96.886992, 17.282483], [-96.886338, 17.282463], [-96.883356, 17.282369], [-96.882919, 17.282351], [-96.882218, 17.28234], [-96.881864, 17.28232], [-96.881376, 17.282304], [-96.881013, 17.282243], [-96.880536, 17.282025], [-96.880203, 17.281797], [-96.878921, 17.280936], [-96.878529, 17.280662], [-96.876177, 17.279038], [-96.87555, 17.278612], [-96.874799, 17.278095], [-96.874139, 17.277627], [-96.873876, 17.277417], [-96.872969, 17.276664], [-96.871692, 17.275614], [-96.871414, 17.275414], [-96.871236, 17.27532], [-96.870966, 17.275276], [-96.870577, 17.275258], [-96.870298, 17.275235], [-96.87011, 17.275192], [-96.869941, 17.275094], [-96.869852, 17.274979], [-96.869791, 17.274851], [-96.869734, 17.274587], [-96.86963, 17.274085], [-96.869511, 17.27354], [-96.869436, 17.27331], [-96.869259, 17.273064], [-96.869071, 17.272961], [-96.868658, 17.27289], [-96.868288, 17.272828], [-96.8681, 17.272777], [-96.867457, 17.272408], [-96.866947, 17.272091], [-96.866153, 17.271624], [-96.865799, 17.271409], [-96.865646, 17.271265], [-96.865488, 17.271039], [-96.865437, 17.27082], [-96.865388, 17.270503], [-96.865401, 17.269855], [-96.865409, 17.269232], [-96.86546, 17.267793], [-96.865502, 17.267548], [-96.865888, 17.26621], [-96.86614, 17.265442], [-96.866344, 17.264704], [-96.866333, 17.264433], [-96.866285, 17.264136], [-96.866227, 17.26395], [-96.865851, 17.263222], [-96.865159, 17.261952], [-96.864322, 17.260399], [-96.86385, 17.259528], [-96.863491, 17.258878], [-96.862885, 17.257704], [-96.862679, 17.257327], [-96.86247, 17.256964], [-96.862204, 17.256469], [-96.861925, 17.255957], [-96.861764, 17.255693], [-96.861694, 17.255575], [-96.861568, 17.255405], [-96.861484, 17.255302], [-96.861376, 17.255182], [-96.861188, 17.254983], [-96.860989, 17.254803], [-96.860855, 17.254681], [-96.860619, 17.254471], [-96.860436, 17.254307], [-96.860137, 17.254033], [-96.86001, 17.253917], [-96.859815, 17.253738], [-96.859585, 17.25353], [-96.859426, 17.253391], [-96.859168, 17.253155], [-96.858586, 17.252622], [-96.858165, 17.252238], [-96.857476, 17.251623], [-96.856663, 17.25087], [-96.856143, 17.250419], [-96.855945, 17.250291], [-96.855435, 17.249963], [-96.84928, 17.246587], [-96.848336, 17.24609], [-96.847226, 17.245496], [-96.846566, 17.245137], [-96.845813, 17.244727], [-96.845378, 17.244594], [-96.844118, 17.244307], [-96.842245, 17.243846], [-96.839958, 17.243297], [-96.839017, 17.243067], [-96.837762, 17.242764], [-96.835255, 17.24217], [-96.83378, 17.241801], [-96.830726, 17.241048], [-96.828162, 17.240413], [-96.827138, 17.240162], [-96.826252, 17.239952], [-96.825694, 17.239738], [-96.824755, 17.239251], [-96.82394, 17.23879], [-96.823087, 17.238329], [-96.822137, 17.23777], [-96.821815, 17.237601], [-96.821354, 17.23733], [-96.820949, 17.237084], [-96.820045, 17.236577], [-96.818524, 17.235711], [-96.817725, 17.23526], [-96.815811, 17.234182], [-96.815669, 17.23409], [-96.814295, 17.233304], [-96.812074, 17.232065], [-96.811661, 17.231812], [-96.809028, 17.230315], [-96.806489, 17.22888], [-96.806076, 17.228635], [-96.805596, 17.228297], [-96.805065, 17.227746], [-96.804681, 17.227263], [-96.804504, 17.227002], [-96.804375, 17.226807], [-96.804058, 17.226174], [-96.803916, 17.225879], [-96.803718, 17.225485], [-96.803455, 17.22496], [-96.802837, 17.223725], [-96.802012, 17.222062], [-96.801631, 17.221339], [-96.801271, 17.220581], [-96.800778, 17.219658], [-96.800134, 17.218315], [-96.79974, 17.217514], [-96.799349, 17.216776], [-96.798325, 17.214708], [-96.798169, 17.214339], [-96.798024, 17.214063], [-96.797906, 17.213801], [-96.797054, 17.212088], [-96.796646, 17.211278], [-96.796271, 17.210515], [-96.795922, 17.209864], [-96.7956, 17.2091], [-96.795391, 17.208516], [-96.795241, 17.208055], [-96.795101, 17.20762], [-96.794677, 17.205935], [-96.794605, 17.205566], [-96.794479, 17.205015], [-96.794348, 17.204544], [-96.794272, 17.204124], [-96.794213, 17.203757], [-96.79406, 17.203183], [-96.793975, 17.202727], [-96.793814, 17.202123], [-96.793532, 17.200859], [-96.793403, 17.200157], [-96.793239, 17.199608], [-96.792952, 17.198443], [-96.792539, 17.196552], [-96.791917, 17.193938], [-96.791734, 17.193077], [-96.791606, 17.19238], [-96.791456, 17.191846], [-96.791274, 17.191282], [-96.791016, 17.190175], [-96.790677, 17.188778], [-96.790398, 17.187415], [-96.790216, 17.186728], [-96.790084, 17.18605], [-96.789902, 17.185128], [-96.789859, 17.1844], [-96.789844, 17.183409], [-96.789983, 17.182107], [-96.790112, 17.181082], [-96.790208, 17.18059], [-96.790423, 17.179011], [-96.790493, 17.178309], [-96.790622, 17.177576], [-96.790729, 17.1767], [-96.790863, 17.175751], [-96.790879, 17.175382], [-96.790863, 17.174966], [-96.790836, 17.174654], [-96.790766, 17.174218], [-96.790557, 17.173618], [-96.790347, 17.173047], [-96.790111, 17.172483], [-96.789907, 17.171986], [-96.789757, 17.171546], [-96.789413, 17.170807], [-96.788587, 17.168798], [-96.788169, 17.167845], [-96.787666, 17.166643], [-96.787227, 17.165598], [-96.786776, 17.164532], [-96.78618, 17.163042], [-96.785864, 17.162266], [-96.785413, 17.161141], [-96.784982, 17.160147], [-96.783962, 17.157402], [-96.783594, 17.156704], [-96.783181, 17.155515], [-96.782913, 17.154936], [-96.78272, 17.154582], [-96.782586, 17.154229], [-96.782485, 17.153928], [-96.782062, 17.153031], [-96.781691, 17.152247], [-96.781418, 17.15157], [-96.781235, 17.151017], [-96.780829, 17.150119], [-96.780443, 17.149222], [-96.780283, 17.148762], [-96.779886, 17.14787], [-96.779423, 17.146791], [-96.779177, 17.146216], [-96.779144, 17.146001], [-96.778726, 17.14513], [-96.778565, 17.144656], [-96.778291, 17.143923], [-96.777868, 17.143011], [-96.777664, 17.142472], [-96.77732, 17.141614], [-96.776833, 17.140458], [-96.776666, 17.140115], [-96.776465, 17.139574], [-96.776063, 17.13858], [-96.775746, 17.137765], [-96.775403, 17.136965], [-96.775183, 17.136434], [-96.77511, 17.136247], [-96.774795, 17.135529], [-96.774559, 17.135037], [-96.774302, 17.134647], [-96.773748, 17.133931], [-96.773099, 17.133168], [-96.772513, 17.13246], [-96.771564, 17.131279], [-96.771253, 17.130905], [-96.770832, 17.130336], [-96.770537, 17.129972], [-96.770349, 17.129757], [-96.770102, 17.129398], [-96.769861, 17.129234], [-96.768648, 17.127663], [-96.768151, 17.127066], [-96.767851, 17.126657]]]}, "properties": {"route_id": null, "route_name": "BinniBusRA19"}}, {"type": "Feature", "geometry": {"type": "MultiLineString", "coordinates": [[[-96.76412, 17.13064], [-96.76398, 17.13061], [-96.76383, 17.13057], [-96.76373, 17.13056], [-96.76354, 17.13054], [-96.7634, 17.13053], [-96.76312, 17.13056], [-96.76301, 17.13058], [-96.7629, 17.13061], [-96.76278, 17.13066], [-96.76261, 17.13072], [-96.76241, 17.13079], [-96.76204, 17.131], [-96.76183, 17.13111], [-96.7617, 17.13117], [-96.76145, 17.13128], [-96.76144, 17.13129], [-96.76138, 17.13114], [-96.76137, 17.13112], [-96.76136, 17.13107], [-96.76136, 17.13104], [-96.76137, 17.13096], [-96.76147, 17.13033], [-96.76152, 17.12997], [-96.76161, 17.12943], [-96.76169, 17.12888], [-96.76183, 17.12802], [-96.76187, 17.12776], [-96.76188, 17.12763], [-96.76188, 17.1276], [-96.76188, 17.12757], [-96.76184, 17.12744], [-96.76183, 17.12739], [-96.76175, 17.12709], [-96.7617, 17.12692], [-96.76163, 17.12665], [-96.76133, 17.12565], [-96.76116, 17.12509], [-96.76124, 17.12502], [-96.76094, 17.12483], [-96.76056, 17.12459], [-96.76041, 17.12449], [-96.76032, 17.12443], [-96.76026, 17.12438], [-96.76012, 17.12426], [-96.75996, 17.12411], [-96.75987, 17.12402], [-96.75978, 17.1239], [-96.75967, 17.12375], [-96.75959, 17.12363], [-96.75948, 17.12339], [-96.75938, 17.12318], [-96.75932, 17.12299], [-96.75925, 17.1227], [-96.75922, 17.12209], [-96.75919, 17.12147], [-96.75914, 17.12017], [-96.75914, 17.12015], [-96.75914, 17.12012], [-96.75908, 17.11875], [-96.75909, 17.11861], [-96.75909, 17.11855], [-96.75907, 17.11833], [-96.75907, 17.11803], [-96.75906, 17.11735], [-96.75903, 17.11704], [-96.759, 17.11686], [-96.75896, 17.11674], [-96.75893, 17.11665], [-96.75891, 17.11657], [-96.75888, 17.11649], [-96.75875, 17.11611], [-96.75888, 17.11606], [-96.7589, 17.11605], [-96.75892, 17.11605], [-96.75897, 17.11603], [-96.75911, 17.11595], [-96.75897, 17.1158], [-96.75885, 17.11567], [-96.7586, 17.1154], [-96.75838, 17.11513], [-96.75774, 17.1143], [-96.7574, 17.11385], [-96.75716, 17.11349], [-96.75699, 17.11322], [-96.75682, 17.11293], [-96.75665, 17.11263], [-96.75664, 17.11261], [-96.7566, 17.11252], [-96.75655, 17.11242], [-96.75649, 17.11231], [-96.75648, 17.11229], [-96.75621, 17.11175], [-96.7562, 17.11174], [-96.7558, 17.1108], [-96.75565, 17.11037], [-96.75549, 17.10999], [-96.75528, 17.1095], [-96.75524, 17.10941], [-96.7551, 17.1091], [-96.7549, 17.10865], [-96.75451, 17.10771], [-96.75432, 17.10728], [-96.75366, 17.10573], [-96.75359, 17.10557], [-96.75302, 17.10423], [-96.75292, 17.10398], [-96.7527, 17.10347], [-96.75206, 17.102], [-96.75195, 17.10175], [-96.75173, 17.1013], [-96.75172, 17.10127], [-96.7517, 17.10122], [-96.75155, 17.10084], [-96.7512, 17.09998], [-96.75095, 17.09941], [-96.75084, 17.09915], [-96.75074, 17.09892], [-96.75009, 17.09731], [-96.74999, 17.09721], [-96.74989, 17.09704], [-96.74946, 17.096], [-96.74924, 17.09543], [-96.74878, 17.09432], [-96.74843, 17.09356], [-96.748241, 17.093217], [-96.748132, 17.092956], [-96.748097, 17.092865], [-96.748062, 17.092767], [-96.74804, 17.092607], [-96.748006, 17.092489], [-96.74792, 17.092295], [-96.747862, 17.092188], [-96.747819, 17.092098], [-96.747784, 17.092024], [-96.747752, 17.091905], [-96.747736, 17.09185], [-96.747686, 17.091775], [-96.747653, 17.091678], [-96.747552, 17.091466], [-96.747458, 17.091238], [-96.74737, 17.09105], [-96.74733, 17.09099], [-96.74732, 17.09094], [-96.74726, 17.09082], [-96.74699, 17.09019], [-96.74667, 17.08943], [-96.74664, 17.08936], [-96.74641, 17.0889], [-96.74587, 17.08768], [-96.74514, 17.08603], [-96.74511, 17.08592], [-96.74475, 17.08511], [-96.74421, 17.08377], [-96.74419, 17.08372], [-96.74414, 17.08362], [-96.74395, 17.08321], [-96.7438, 17.08283], [-96.74376, 17.08274], [-96.74359, 17.08245], [-96.7436, 17.08243], [-96.74362, 17.08241], [-96.74362, 17.0824], [-96.74362, 17.08237], [-96.74362, 17.08234], [-96.74361, 17.08231], [-96.74359, 17.08222], [-96.74358, 17.08206], [-96.74358, 17.08175], [-96.74358, 17.08165], [-96.74358, 17.08149], [-96.74358, 17.08133], [-96.74357, 17.08096], [-96.74355, 17.08077], [-96.74355, 17.08075], [-96.74354, 17.08061], [-96.74353, 17.08056], [-96.74352, 17.08045], [-96.74348, 17.08018], [-96.74345, 17.0801], [-96.74339, 17.07997], [-96.74337, 17.07992], [-96.74325, 17.07969], [-96.74315, 17.0795], [-96.74308, 17.07936], [-96.74297, 17.07919], [-96.74296, 17.07916], [-96.7429, 17.07907], [-96.7429, 17.07899], [-96.74289, 17.07895], [-96.74288, 17.07892], [-96.74286, 17.07889], [-96.74285, 17.07887], [-96.74279, 17.07874], [-96.74259, 17.07844], [-96.74246, 17.07823], [-96.7424, 17.07812], [-96.74231, 17.07797], [-96.74207, 17.07754], [-96.74203, 17.07746], [-96.74198, 17.07737], [-96.74175, 17.07698], [-96.74127, 17.07611], [-96.74125, 17.07604], [-96.74124, 17.07602], [-96.74124, 17.07597], [-96.74123, 17.07592], [-96.74121, 17.07586], [-96.74119, 17.07583], [-96.74116, 17.07579], [-96.74113, 17.07574], [-96.74109, 17.07569], [-96.741, 17.07562], [-96.74095, 17.07557], [-96.74092, 17.07555], [-96.74083, 17.0755], [-96.74071, 17.07531], [-96.74027, 17.07466], [-96.73996, 17.07424], [-96.73987, 17.07413], [-96.7396, 17.07378], [-96.73932, 17.0734], [-96.73918, 17.07323], [-96.73901, 17.073], [-96.73886, 17.0728], [-96.73874, 17.07263], [-96.73862, 17.07245], [-96.73843, 17.07221], [-96.73835, 17.07202], [-96.73831, 17.07196], [-96.7383, 17.07194], [-96.73826, 17.07187], [-96.73786, 17.07105], [-96.73782, 17.07096], [-96.73762, 17.07041], [-96.7375, 17.07008], [-96.7374, 17.06982], [-96.73718, 17.06931], [-96.73712, 17.06923], [-96.73675, 17.06861], [-96.73633, 17.06792], [-96.7362, 17.06772], [-96.73602, 17.06741], [-96.73582, 17.06708], [-96.7358, 17.06706], [-96.73566, 17.06681], [-96.73555, 17.06663], [-96.73536, 17.06634], [-96.73521, 17.0661], [-96.7351, 17.06594], [-96.73498, 17.06575], [-96.73467, 17.06531], [-96.73436, 17.06492], [-96.73414, 17.06467], [-96.73397, 17.06448], [-96.73383, 17.06434], [-96.73364, 17.06414], [-96.73329, 17.06388], [-96.73316, 17.06379], [-96.73313, 17.06376], [-96.73282, 17.06359], [-96.73272, 17.06354], [-96.73245, 17.06347], [-96.73215, 17.06339], [-96.73206, 17.06338], [-96.73164, 17.06334], [-96.73154, 17.06333], [-96.73142, 17.06331], [-96.73033, 17.0631], [-96.72938, 17.0629], [-96.7293, 17.06288], [-96.72844, 17.0627], [-96.7284, 17.06278], [-96.72839, 17.0628], [-96.72837, 17.06287], [-96.72832, 17.06306], [-96.72828, 17.06322], [-96.72824, 17.06346], [-96.72822, 17.06363], [-96.7282, 17.06381], [-96.72808, 17.06455], [-96.7279, 17.06544], [-96.72786, 17.06568], [-96.7278, 17.06592], [-96.72773, 17.06632], [-96.72771, 17.06649], [-96.72766, 17.06673], [-96.72765, 17.0668], [-96.72759, 17.0671], [-96.72754, 17.06737], [-96.72751, 17.06756], [-96.72749, 17.06768], [-96.72748, 17.06779], [-96.72753, 17.06823], [-96.72754, 17.0684], [-96.72759, 17.06859], [-96.72764, 17.06923], [-96.72765, 17.06927], [-96.72765, 17.06928], [-96.72768, 17.06958], [-96.72759, 17.0703], [-96.72744, 17.07083], [-96.72742, 17.0709], [-96.72742, 17.07093], [-96.7274, 17.07101], [-96.72736, 17.07132], [-96.72735, 17.07137], [-96.72734, 17.07142], [-96.72723, 17.07195], [-96.72721, 17.07204], [-96.7272, 17.07212], [-96.72708, 17.07283], [-96.72707, 17.07291], [-96.72704, 17.073], [-96.72699, 17.07309], [-96.72693, 17.07316], [-96.7269, 17.0732], [-96.72669, 17.07314], [-96.72659, 17.07311], [-96.72644, 17.07307], [-96.72621, 17.07299], [-96.72593, 17.0729], [-96.72565, 17.07278], [-96.7252, 17.07263], [-96.72443, 17.07247], [-96.72368, 17.07238], [-96.72313, 17.07229], [-96.72294, 17.07225], [-96.72293, 17.07225], [-96.72228, 17.07214], [-96.72177, 17.07204], [-96.72112, 17.07189], [-96.72054, 17.07176], [-96.72051, 17.07175], [-96.72041, 17.07176], [-96.72027, 17.07177], [-96.72023, 17.07176], [-96.71966, 17.07163], [-96.71906, 17.07153], [-96.71858, 17.0714], [-96.71809, 17.07131], [-96.71804, 17.0713], [-96.71802, 17.07129], [-96.71784, 17.07118], [-96.71764, 17.07108], [-96.71721, 17.07098], [-96.71671, 17.07088], [-96.71668, 17.07088], [-96.71622, 17.07075], [-96.71596, 17.07066], [-96.71588, 17.07064], [-96.7157, 17.07061], [-96.71566, 17.0706], [-96.71561, 17.07059], [-96.71549, 17.07057], [-96.71497, 17.07048], [-96.71488, 17.07047], [-96.71469, 17.07045], [-96.71453, 17.07043], [-96.71449, 17.07043], [-96.71404, 17.0704], [-96.71369, 17.07037], [-96.71361, 17.07037], [-96.71358, 17.07044], [-96.71358, 17.0705], [-96.71354, 17.07074], [-96.71345, 17.07133], [-96.71342, 17.07152], [-96.71338, 17.0719], [-96.71332, 17.07242], [-96.71329, 17.07261], [-96.71325, 17.07283], [-96.71321, 17.07332], [-96.7131, 17.07388], [-96.71299, 17.07472], [-96.71297, 17.07491], [-96.71296, 17.07496], [-96.71295, 17.07503], [-96.71287, 17.07555], [-96.7128, 17.07598], [-96.71279, 17.07603], [-96.71278, 17.0761], [-96.71274, 17.07647], [-96.71267, 17.07704], [-96.71267, 17.07709], [-96.71266, 17.07716], [-96.71256, 17.07771], [-96.71249, 17.07818], [-96.71248, 17.07822], [-96.71247, 17.07826], [-96.71246, 17.07833], [-96.71242, 17.07871], [-96.71237, 17.07929], [-96.71237, 17.07934], [-96.71236, 17.07939], [-96.71227, 17.07981], [-96.71224, 17.08011], [-96.71223, 17.08036], [-96.71223, 17.08041], [-96.71222, 17.08047], [-96.71216, 17.08095], [-96.71209, 17.0814], [-96.71208, 17.08147], [-96.71154, 17.08141], [-96.71137, 17.0814], [-96.71125, 17.08139], [-96.71108, 17.08133], [-96.71096, 17.08133], [-96.71065, 17.08129], [-96.7104, 17.08125], [-96.71037, 17.08125], [-96.71023, 17.08123], [-96.71008, 17.08122], [-96.70996, 17.0812], [-96.70915, 17.08109], [-96.70913, 17.08109], [-96.70888, 17.08106], [-96.7088, 17.08105], [-96.70857, 17.08102], [-96.7085, 17.08101], [-96.70812, 17.08096], [-96.70775, 17.08093], [-96.70699, 17.08085], [-96.70675, 17.08082], [-96.70648, 17.0808], [-96.7064, 17.08079], [-96.70638, 17.08078], [-96.70635, 17.08077], [-96.70634, 17.08076], [-96.70632, 17.08074], [-96.70628, 17.08072], [-96.70623, 17.0802], [-96.70621, 17.0797], [-96.70621, 17.07963], [-96.70565, 17.07956], [-96.70498, 17.07948], [-96.70461, 17.07943], [-96.7046, 17.07943], [-96.70443, 17.07941], [-96.70442, 17.07941], [-96.70404, 17.07936], [-96.70351, 17.07929], [-96.70318, 17.07924], [-96.70317, 17.07931], [-96.70308, 17.07984], [-96.70299, 17.08041], [-96.70289, 17.08108], [-96.70283, 17.08153], [-96.70276, 17.08203], [-96.70269, 17.08264], [-96.70265, 17.08292], [-96.70261, 17.08324], [-96.70254, 17.08387], [-96.70249, 17.08415], [-96.70246, 17.08431], [-96.70243, 17.08441], [-96.70241, 17.08451], [-96.70244, 17.08476], [-96.70262, 17.08568], [-96.70278, 17.08644], [-96.70306, 17.08777], [-96.70311, 17.08801], [-96.7033, 17.08895], [-96.70289, 17.08924], [-96.70266, 17.0894], [-96.70265, 17.08941], [-96.70264, 17.08942], [-96.70263, 17.08943], [-96.70263, 17.08945], [-96.70263, 17.08946], [-96.70263, 17.08948], [-96.70264, 17.08949], [-96.70265, 17.08952], [-96.70279, 17.08976], [-96.70284, 17.08986], [-96.70287, 17.08997], [-96.70292, 17.09018], [-96.70291, 17.09022], [-96.70289, 17.09033], [-96.70276, 17.09069], [-96.7027, 17.09082], [-96.70266, 17.09099], [-96.70261, 17.09117], [-96.70253, 17.0915], [-96.7025, 17.09165], [-96.70251, 17.0918], [-96.70252, 17.09185], [-96.70253, 17.09189], [-96.70255, 17.09192], [-96.70256, 17.09195], [-96.70258, 17.09198], [-96.70259, 17.09199], [-96.70261, 17.09202], [-96.70265, 17.09206], [-96.70269, 17.0921], [-96.70272, 17.09212], [-96.70274, 17.09214], [-96.70279, 17.09218], [-96.70287, 17.09223], [-96.70302, 17.09233], [-96.70305, 17.09237], [-96.7031, 17.0925], [-96.70312, 17.09252], [-96.70312, 17.09255], [-96.70313, 17.0926], [-96.70314, 17.09264], [-96.70314, 17.09267], [-96.70313, 17.09272], [-96.70313, 17.09277], [-96.70311, 17.09283], [-96.70352, 17.09303], [-96.70445, 17.09349], [-96.70476, 17.09362], [-96.70518, 17.09381], [-96.70526, 17.09385], [-96.70535, 17.09389], [-96.70544, 17.09394], [-96.70578, 17.0941], [-96.70594, 17.09418], [-96.70631, 17.09436], [-96.70645, 17.09442], [-96.70664, 17.09452], [-96.70644, 17.09493], [-96.70641, 17.095], [-96.70639, 17.09506], [-96.70638, 17.0951], [-96.70637, 17.09514], [-96.70636, 17.09518], [-96.70636, 17.09522], [-96.70636, 17.09529], [-96.70637, 17.09534], [-96.70639, 17.09541], [-96.7064, 17.09546], [-96.70643, 17.09553], [-96.70645, 17.09557], [-96.70648, 17.09561], [-96.70655, 17.09573], [-96.70662, 17.09586], [-96.70672, 17.09601], [-96.70681, 17.09617], [-96.70682, 17.09619], [-96.7069, 17.09633], [-96.70692, 17.09637], [-96.70694, 17.09641], [-96.70696, 17.09643], [-96.70697, 17.09648], [-96.70698, 17.09649], [-96.70698, 17.09651], [-96.70698, 17.09653], [-96.70698, 17.09654], [-96.70697, 17.09655], [-96.70697, 17.09656], [-96.70696, 17.09657], [-96.70695, 17.09658], [-96.70694, 17.09659], [-96.70692, 17.09659], [-96.70691, 17.0966], [-96.70689, 17.09659], [-96.70687, 17.09658], [-96.70684, 17.09657], [-96.70681, 17.09656], [-96.70674, 17.09651], [-96.70641, 17.09629], [-96.70626, 17.09628], [-96.70618, 17.09628], [-96.70547, 17.0963], [-96.70479, 17.09634], [-96.70434, 17.09635], [-96.70415, 17.09635], [-96.70406, 17.09636], [-96.70378, 17.09636], [-96.70366, 17.09637], [-96.70359, 17.09638], [-96.70349, 17.0964], [-96.70346, 17.09642], [-96.70341, 17.09645], [-96.70337, 17.09648], [-96.70334, 17.09652], [-96.70328, 17.09657], [-96.70318, 17.09675], [-96.70311, 17.0969], [-96.70302, 17.09712], [-96.70298, 17.09736], [-96.70297, 17.09744], [-96.70296, 17.0975], [-96.70294, 17.09755], [-96.70289, 17.09766], [-96.70284, 17.09781], [-96.70278, 17.09795], [-96.70266, 17.09819], [-96.70259, 17.09834], [-96.70253, 17.09844], [-96.70246, 17.09855], [-96.70239, 17.09873], [-96.70236, 17.09879], [-96.70234, 17.09889], [-96.70231, 17.09902], [-96.70227, 17.09926], [-96.70225, 17.09937], [-96.70222, 17.09955], [-96.70219, 17.09974], [-96.70217, 17.09985], [-96.70213, 17.10009], [-96.70212, 17.10011], [-96.70211, 17.10013], [-96.7021, 17.10016], [-96.70206, 17.10019], [-96.70202, 17.10022], [-96.70199, 17.10023], [-96.70197, 17.10025], [-96.70192, 17.10027], [-96.70181, 17.10031], [-96.70177, 17.10033], [-96.70175, 17.10034], [-96.70173, 17.10035], [-96.70172, 17.10037], [-96.70171, 17.10038], [-96.70169, 17.1004], [-96.70167, 17.10042], [-96.70166, 17.10045], [-96.70165, 17.10048], [-96.70163, 17.10055], [-96.7016, 17.10067], [-96.70157, 17.10087], [-96.70154, 17.10111], [-96.70145, 17.10183], [-96.70137, 17.10253], [-96.70127, 17.10343], [-96.70121, 17.10398], [-96.7012, 17.10408], [-96.70117, 17.10433], [-96.70113, 17.10462], [-96.70113, 17.10477], [-96.70108, 17.10507], [-96.70105, 17.10535], [-96.701, 17.10584], [-96.70096, 17.10613], [-96.70091, 17.10666], [-96.70089, 17.10679], [-96.70087, 17.10689], [-96.70086, 17.10694], [-96.70086, 17.10695], [-96.70084, 17.10703], [-96.70081, 17.10711], [-96.70073, 17.10736], [-96.70069, 17.10746], [-96.7006, 17.10769], [-96.70046, 17.10812], [-96.7003, 17.10853], [-96.70028, 17.10877], [-96.70028, 17.10883], [-96.70029, 17.10884], [-96.70029, 17.10885], [-96.7003, 17.10886], [-96.70031, 17.10887], [-96.70032, 17.10887], [-96.70033, 17.10888], [-96.70036, 17.1089], [-96.70038, 17.10891], [-96.70041, 17.10892], [-96.70045, 17.10893], [-96.70053, 17.10895], [-96.70054, 17.10896], [-96.70056, 17.10897], [-96.70057, 17.10897], [-96.70058, 17.10898], [-96.70059, 17.10898], [-96.7006, 17.10899], [-96.70061, 17.10901], [-96.700627, 17.109057], [-96.700638, 17.109068], [-96.700643, 17.109078], [-96.7005, 17.1091], [-96.70062, 17.10907], [-96.70061, 17.10901], [-96.7006, 17.10899], [-96.70059, 17.10898], [-96.70058, 17.10898], [-96.70057, 17.10897], [-96.70056, 17.10897], [-96.70054, 17.10896], [-96.70053, 17.10895], [-96.70045, 17.10893], [-96.70041, 17.10892], [-96.70038, 17.10891], [-96.70036, 17.1089], [-96.70033, 17.10888], [-96.70032, 17.10887], [-96.70031, 17.10887], [-96.7003, 17.10886], [-96.70029, 17.10885], [-96.70029, 17.10884], [-96.70028, 17.10883], [-96.70028, 17.10877], [-96.7003, 17.10853], [-96.70046, 17.10812], [-96.7006, 17.10769], [-96.70069, 17.10746], [-96.70073, 17.10736], [-96.70081, 17.10711], [-96.70084, 17.10703], [-96.70086, 17.10695], [-96.70086, 17.10694], [-96.70087, 17.10689], [-96.70089, 17.10679], [-96.70091, 17.10666], [-96.70096, 17.10613], [-96.701, 17.10584], [-96.70105, 17.10535], [-96.70108, 17.10507], [-96.70113, 17.10477], [-96.70113, 17.10462], [-96.70117, 17.10433], [-96.7012, 17.10408], [-96.70121, 17.10398], [-96.70127, 17.10343], [-96.70137, 17.10253], [-96.70145, 17.10183], [-96.70154, 17.10111], [-96.70157, 17.10087], [-96.7016, 17.10067], [-96.70163, 17.10055], [-96.70165, 17.10048], [-96.70166, 17.10045], [-96.70167, 17.10042], [-96.70169, 17.1004], [-96.70171, 17.10038], [-96.70172, 17.10037], [-96.70173, 17.10035], [-96.70175, 17.10034], [-96.70177, 17.10033], [-96.70181, 17.10031], [-96.70192, 17.10027], [-96.70197, 17.10025], [-96.70199, 17.10023], [-96.70202, 17.10022], [-96.70206, 17.10019], [-96.7021, 17.10016], [-96.70211, 17.10013], [-96.70212, 17.10011], [-96.70213, 17.10009], [-96.70217, 17.09985], [-96.70219, 17.09974], [-96.70222, 17.09955], [-96.70225, 17.09937], [-96.70227, 17.09926], [-96.70231, 17.09902], [-96.70234, 17.09889], [-96.70236, 17.09879], [-96.70239, 17.09873], [-96.70246, 17.09855], [-96.70253, 17.09844], [-96.70259, 17.09834], [-96.70266, 17.09819], [-96.70278, 17.09795], [-96.70284, 17.09781], [-96.70289, 17.09766], [-96.70294, 17.09755], [-96.70296, 17.0975], [-96.70297, 17.09744], [-96.70298, 17.09736], [-96.70302, 17.09712], [-96.70311, 17.0969], [-96.70318, 17.09675], [-96.70328, 17.09657], [-96.70334, 17.09652], [-96.70337, 17.09648], [-96.70341, 17.09645], [-96.70346, 17.09642], [-96.70349, 17.0964], [-96.70359, 17.09638], [-96.70366, 17.09637], [-96.70378, 17.09636], [-96.70406, 17.09636], [-96.70415, 17.09635], [-96.70434, 17.09635], [-96.70479, 17.09634], [-96.70547, 17.0963], [-96.70618, 17.09628], [-96.70626, 17.09628], [-96.70641, 17.09629], [-96.70674, 17.09651], [-96.70681, 17.09656], [-96.70684, 17.09657], [-96.70687, 17.09658], [-96.70689, 17.09659], [-96.70691, 17.0966], [-96.70692, 17.09659], [-96.70694, 17.09659], [-96.70695, 17.09658], [-96.70696, 17.09657], [-96.70697, 17.09656], [-96.70697, 17.09655], [-96.70698, 17.09654], [-96.70698, 17.09653], [-96.70698, 17.09651], [-96.70698, 17.09649], [-96.70697, 17.09648], [-96.70696, 17.09643], [-96.70694, 17.09641], [-96.70692, 17.09637], [-96.7069, 17.09633], [-96.70682, 17.09619], [-96.70681, 17.09617], [-96.70672, 17.09601], [-96.70662, 17.09586], [-96.70655, 17.09573], [-96.70648, 17.09561], [-96.70645, 17.09557], [-96.70643, 17.09553], [-96.7064, 17.09546], [-96.70639, 17.09541], [-96.70637, 17.09534], [-96.70636, 17.09529], [-96.70636, 17.09522], [-96.70636, 17.09518], [-96.70637, 17.09514], [-96.70638, 17.0951], [-96.70639, 17.09506], [-96.70641, 17.095], [-96.70644, 17.09493], [-96.70664, 17.09452], [-96.70645, 17.09442], [-96.70631, 17.09436], [-96.70594, 17.09418], [-96.70578, 17.0941], [-96.70544, 17.09394], [-96.70535, 17.09389], [-96.70526, 17.09385], [-96.70518, 17.09381], [-96.70476, 17.09362], [-96.70445, 17.09349], [-96.70352, 17.09303], [-96.70311, 17.09283], [-96.70313, 17.09277], [-96.70313, 17.09272], [-96.70314, 17.09267], [-96.70314, 17.09264], [-96.70313, 17.0926], [-96.70312, 17.09255], [-96.70312, 17.09252], [-96.7031, 17.0925], [-96.70305, 17.09237], [-96.70302, 17.09233], [-96.70287, 17.09223], [-96.70279, 17.09218], [-96.70274, 17.09214], [-96.70272, 17.09212], [-96.70269, 17.0921], [-96.70265, 17.09206], [-96.70261, 17.09202], [-96.70259, 17.09199], [-96.70258, 17.09198], [-96.70256, 17.09195], [-96.70255, 17.09192], [-96.70253, 17.09189], [-96.70252, 17.09185], [-96.70251, 17.0918], [-96.7025, 17.09165], [-96.70253, 17.0915], [-96.70261, 17.09117], [-96.70266, 17.09099], [-96.7027, 17.09082], [-96.70276, 17.09069], [-96.70289, 17.09033], [-96.70291, 17.09022], [-96.70292, 17.09018], [-96.70287, 17.08997], [-96.70284, 17.08986], [-96.70279, 17.08976], [-96.70265, 17.08952], [-96.70264, 17.08949], [-96.70263, 17.08948], [-96.70263, 17.08946], [-96.70263, 17.08945], [-96.70263, 17.08943], [-96.70264, 17.08942], [-96.70265, 17.08941], [-96.70266, 17.0894], [-96.70289, 17.08924], [-96.7033, 17.08895], [-96.70311, 17.08801], [-96.70306, 17.08777], [-96.70278, 17.08644], [-96.70262, 17.08568], [-96.70244, 17.08476], [-96.70241, 17.08451], [-96.70243, 17.08441], [-96.70246, 17.08431], [-96.70249, 17.08415], [-96.70254, 17.08387], [-96.70261, 17.08324], [-96.70265, 17.08292], [-96.70269, 17.08264], [-96.70276, 17.08203], [-96.70283, 17.08153], [-96.70289, 17.08108], [-96.70299, 17.08041], [-96.70308, 17.07984], [-96.70317, 17.07931], [-96.7035, 17.07935], [-96.70404, 17.07942], [-96.70442, 17.07947], [-96.7046, 17.07949], [-96.70461, 17.07949], [-96.70497, 17.07954], [-96.70548, 17.07961], [-96.70565, 17.07963], [-96.70566, 17.07963], [-96.70584, 17.07966], [-96.70611, 17.07968], [-96.70621, 17.0797], [-96.70631, 17.07969], [-96.70639, 17.07968], [-96.70684, 17.07973], [-96.70724, 17.07978], [-96.70791, 17.07987], [-96.70902, 17.08002], [-96.70955, 17.08008], [-96.71011, 17.08015], [-96.71023, 17.08015], [-96.71085, 17.08023], [-96.71122, 17.08027], [-96.71195, 17.08038], [-96.71223, 17.08041], [-96.71231, 17.08043], [-96.71231, 17.08037], [-96.71233, 17.08013], [-96.71236, 17.07983], [-96.71245, 17.0794], [-96.71246, 17.07935], [-96.71247, 17.0793], [-96.71253, 17.07872], [-96.71257, 17.07834], [-96.71258, 17.07827], [-96.71259, 17.07823], [-96.71259, 17.07819], [-96.71266, 17.07772], [-96.71274, 17.07718], [-96.71275, 17.0771], [-96.71275, 17.07705], [-96.71283, 17.07648], [-96.71288, 17.07611], [-96.71289, 17.07604], [-96.7129, 17.07598], [-96.71297, 17.07556], [-96.71304, 17.07505], [-96.71305, 17.07498], [-96.71306, 17.07492], [-96.71308, 17.07474], [-96.71319, 17.07388], [-96.71327, 17.07324], [-96.71331, 17.073], [-96.71333, 17.07286], [-96.71339, 17.07246], [-96.71344, 17.07193], [-96.71349, 17.07153], [-96.71352, 17.07134], [-96.71364, 17.07074], [-96.71367, 17.07051], [-96.71368, 17.07045], [-96.71386, 17.07046], [-96.7145, 17.07051], [-96.71455, 17.07052], [-96.71472, 17.07054], [-96.71488, 17.07057], [-96.71548, 17.07068], [-96.7156, 17.0707], [-96.71568, 17.07072], [-96.71583, 17.07076], [-96.7162, 17.07086], [-96.71637, 17.07091], [-96.71667, 17.07098], [-96.71671, 17.07099], [-96.71707, 17.07106], [-96.71718, 17.07108], [-96.71723, 17.07109], [-96.71762, 17.07117], [-96.71784, 17.07118], [-96.71806, 17.07122], [-96.71817, 17.07124], [-96.7182, 17.07125], [-96.71834, 17.07128], [-96.71861, 17.07132], [-96.71892, 17.07139], [-96.71909, 17.07144], [-96.71922, 17.07148], [-96.71927, 17.07148], [-96.71954, 17.07151], [-96.71967, 17.07151], [-96.72023, 17.07167], [-96.72032, 17.07171], [-96.72041, 17.07176], [-96.72064, 17.07189], [-96.72176, 17.07217], [-96.7222, 17.07225], [-96.72292, 17.07236], [-96.72293, 17.07236], [-96.72311, 17.07239], [-96.72367, 17.07248], [-96.72441, 17.07257], [-96.72517, 17.07272], [-96.72559, 17.07287], [-96.72565, 17.07278], [-96.72568, 17.07265], [-96.72571, 17.07252], [-96.72578, 17.07213], [-96.72579, 17.07206], [-96.72581, 17.07199], [-96.72592, 17.07146], [-96.72603, 17.07092], [-96.72603, 17.07088], [-96.72609, 17.07061], [-96.72621, 17.06999], [-96.7263, 17.06952], [-96.72634, 17.06932], [-96.7264, 17.06894], [-96.7264, 17.06889], [-96.72641, 17.06875], [-96.72641, 17.06874], [-96.72642, 17.06856], [-96.72644, 17.06832], [-96.72646, 17.06806], [-96.72649, 17.06763], [-96.72651, 17.0674], [-96.72651, 17.06736], [-96.72653, 17.06721], [-96.72656, 17.06703], [-96.72666, 17.06648], [-96.72672, 17.06619], [-96.72691, 17.06527], [-96.72708, 17.06444], [-96.7271, 17.06436], [-96.72729, 17.06343], [-96.72749, 17.0625], [-96.72753, 17.06225], [-96.72756, 17.06207], [-96.72766, 17.06158], [-96.72778, 17.06161], [-96.72862, 17.06177], [-96.72961, 17.06196], [-96.73054, 17.06214], [-96.73184, 17.06241], [-96.73182, 17.06255], [-96.73181, 17.06262], [-96.73164, 17.06334], [-96.7316, 17.06352], [-96.7316, 17.06354], [-96.7316, 17.06356], [-96.7316, 17.06358], [-96.73162, 17.06362], [-96.73164, 17.06364], [-96.73183, 17.06385], [-96.73205, 17.06408], [-96.73227, 17.06438], [-96.73245, 17.06457], [-96.7329, 17.06505], [-96.73303, 17.06522], [-96.73321, 17.06548], [-96.7335, 17.06584], [-96.73372, 17.06613], [-96.73382, 17.06624], [-96.73394, 17.06638], [-96.734, 17.06644], [-96.73406, 17.06649], [-96.73425, 17.06664], [-96.73433, 17.0667], [-96.7344, 17.06677], [-96.73452, 17.06689], [-96.73479, 17.06716], [-96.73501, 17.06742], [-96.73523, 17.06771], [-96.73541, 17.06797], [-96.73552, 17.06814], [-96.73558, 17.06827], [-96.73571, 17.06849], [-96.73598, 17.06901], [-96.73607, 17.06924], [-96.73615, 17.06945], [-96.73621, 17.06961], [-96.73623, 17.06966], [-96.73629, 17.0698], [-96.73635, 17.06997], [-96.73643, 17.07016], [-96.73647, 17.0703], [-96.7365, 17.0704], [-96.73652, 17.07051], [-96.73664, 17.0709], [-96.73668, 17.07098], [-96.73684, 17.07129], [-96.73697, 17.07153], [-96.7373, 17.07215], [-96.73742, 17.0724], [-96.73748, 17.07247], [-96.73767, 17.07282], [-96.73781, 17.07305], [-96.73792, 17.07324], [-96.73802, 17.0734], [-96.73826, 17.07382], [-96.73839, 17.07405], [-96.73851, 17.07426], [-96.7386, 17.0744], [-96.73898, 17.07497], [-96.7392, 17.07521], [-96.73945, 17.07552], [-96.73964, 17.07576], [-96.73972, 17.0759], [-96.7399, 17.07632], [-96.73992, 17.07635], [-96.74005, 17.07664], [-96.74015, 17.07689], [-96.74016, 17.0769], [-96.74022, 17.07701], [-96.74035, 17.0773], [-96.74056, 17.07778], [-96.74061, 17.07792], [-96.74066, 17.07802], [-96.74071, 17.07813], [-96.74089, 17.07849], [-96.74091, 17.07852], [-96.74102, 17.07873], [-96.74103, 17.07876], [-96.74116, 17.07903], [-96.74128, 17.07929], [-96.74132, 17.07938], [-96.7415, 17.07978], [-96.74155, 17.0799], [-96.74152, 17.07991], [-96.74148, 17.07992], [-96.74145, 17.07993], [-96.74143, 17.07994], [-96.7414, 17.07996], [-96.74132, 17.08005], [-96.74141, 17.08009], [-96.74188, 17.08035], [-96.74227, 17.08059], [-96.7424, 17.08068], [-96.74252, 17.08077], [-96.74274, 17.08098], [-96.74286, 17.0811], [-96.74292, 17.08119], [-96.74299, 17.0813], [-96.74305, 17.0814], [-96.74313, 17.08156], [-96.74316, 17.08164], [-96.7432, 17.08174], [-96.74337, 17.08213], [-96.74365, 17.0828], [-96.74375, 17.08303], [-96.74389, 17.08332], [-96.74411, 17.08389], [-96.74465, 17.08515], [-96.74501, 17.086], [-96.74503, 17.0861], [-96.74546, 17.087], [-96.74574, 17.08771], [-96.74593, 17.08809], [-96.74627, 17.08887], [-96.74634, 17.08903], [-96.74649, 17.08937], [-96.74652, 17.08944], [-96.74679, 17.09012], [-96.74694, 17.09049], [-96.74712, 17.09089], [-96.74719, 17.09106], [-96.74762, 17.092], [-96.74794, 17.09269], [-96.74802, 17.09294], [-96.74805, 17.093], [-96.74808, 17.09308], [-96.74815, 17.09323], [-96.74831, 17.09362], [-96.74854, 17.09414], [-96.74881, 17.09481], [-96.74889, 17.09497], [-96.74889, 17.09498], [-96.74921, 17.09564], [-96.74952, 17.09636], [-96.74957, 17.09647], [-96.74958, 17.0965], [-96.74983, 17.09719], [-96.74989, 17.09738], [-96.7502, 17.09792], [-96.75043, 17.09853], [-96.75062, 17.09898], [-96.7508, 17.09939], [-96.75097, 17.09975], [-96.75138, 17.10071], [-96.75155, 17.10107], [-96.75162, 17.10125], [-96.75164, 17.10132], [-96.75195, 17.10205], [-96.75213, 17.10245], [-96.75257, 17.10352], [-96.75304, 17.1045], [-96.75307, 17.10458], [-96.75354, 17.10566], [-96.75372, 17.1061], [-96.75385, 17.10644], [-96.75399, 17.10677], [-96.7541, 17.10701], [-96.75424, 17.10734], [-96.75473, 17.10843], [-96.75485, 17.10874], [-96.75488, 17.10882], [-96.75504, 17.10918], [-96.75516, 17.10946], [-96.75537, 17.10999], [-96.75538, 17.11001], [-96.75547, 17.11021], [-96.75555, 17.11038], [-96.75556, 17.1104], [-96.75558, 17.11043], [-96.75572, 17.11087], [-96.7561, 17.11178], [-96.75611, 17.11179], [-96.75634, 17.11232], [-96.75637, 17.11237], [-96.75645, 17.11247], [-96.75651, 17.11255], [-96.75655, 17.11264], [-96.75656, 17.11266], [-96.75673, 17.11297], [-96.7569, 17.11326], [-96.75704, 17.11346], [-96.75708, 17.11352], [-96.7571, 17.11356], [-96.75714, 17.1136], [-96.75737, 17.11393], [-96.7577, 17.11437], [-96.75771, 17.11439], [-96.75783, 17.11454], [-96.75789, 17.11463], [-96.75827, 17.11516], [-96.75832, 17.11523], [-96.75847, 17.11545], [-96.75883, 17.11586], [-96.75897, 17.11603], [-96.75892, 17.11605], [-96.7589, 17.11605], [-96.75888, 17.11606], [-96.75875, 17.11611], [-96.75888, 17.11649], [-96.75891, 17.11657], [-96.75893, 17.11665], [-96.75896, 17.11674], [-96.759, 17.11686], [-96.75903, 17.11704], [-96.75906, 17.11735], [-96.75907, 17.11803], [-96.75907, 17.11833], [-96.75909, 17.11855], [-96.75909, 17.11861], [-96.75908, 17.11875], [-96.75914, 17.12012], [-96.75914, 17.12015], [-96.75914, 17.12017], [-96.75919, 17.12147], [-96.75922, 17.12209], [-96.75925, 17.1227], [-96.75932, 17.12299], [-96.75938, 17.12318], [-96.75948, 17.12339], [-96.75959, 17.12363], [-96.75967, 17.12375], [-96.75978, 17.1239], [-96.75987, 17.12402], [-96.75996, 17.12411], [-96.76012, 17.12426], [-96.76026, 17.12438], [-96.76032, 17.12443], [-96.76041, 17.12449], [-96.76056, 17.12459], [-96.76094, 17.12483], [-96.76124, 17.12502], [-96.76155, 17.12523], [-96.76164, 17.12528], [-96.76222, 17.12563], [-96.76242, 17.12574], [-96.76277, 17.12596], [-96.76302, 17.12611], [-96.76319, 17.12619], [-96.76332, 17.12628], [-96.76375, 17.12651], [-96.76383, 17.12655], [-96.76406, 17.12672], [-96.76424, 17.12684], [-96.76439, 17.12694], [-96.76453, 17.12703], [-96.76458, 17.12706], [-96.76475, 17.12718], [-96.765, 17.12735], [-96.76504, 17.12738], [-96.76513, 17.12744], [-96.76545, 17.12763], [-96.76605, 17.12801], [-96.76642, 17.12822], [-96.76726, 17.12873], [-96.76735, 17.12878], [-96.76791, 17.12911], [-96.76774, 17.12916], [-96.76679, 17.12941], [-96.76664, 17.12945], [-96.7665, 17.12949], [-96.76638, 17.12952], [-96.76586, 17.12967], [-96.76514, 17.12986], [-96.76513, 17.12986], [-96.76489, 17.12992], [-96.76445, 17.13004], [-96.76428, 17.13037], [-96.76426, 17.13046], [-96.76424, 17.13052], [-96.76423, 17.13057], [-96.76422, 17.13064], [-96.76412, 17.13064], [-96.76413, 17.13068]]]}, "properties": {"route_id": null, "route_name": "BinniBusRC01"}}, {"type": "Feature", "geometry": {"type": "MultiLineString", "coordinates": [[[-96.745765, 17.135602], [-96.746132, 17.135361], [-96.74652, 17.135104], [-96.746718, 17.135018], [-96.74692, 17.134958], [-96.74743, 17.13484], [-96.747949, 17.134766], [-96.748092, 17.134681], [-96.748229, 17.134574], [-96.748446, 17.134366], [-96.748642, 17.134179], [-96.748803, 17.133998], [-96.748899, 17.133658], [-96.749031, 17.133338], [-96.749397, 17.133233], [-96.749608, 17.133174], [-96.749648, 17.133164], [-96.749705, 17.133116], [-96.749753, 17.133015], [-96.749842, 17.132672], [-96.750078, 17.132185], [-96.750254, 17.131754], [-96.750241, 17.131358], [-96.750154, 17.130814], [-96.750078, 17.130086], [-96.75145, 17.129955], [-96.752802, 17.12974], [-96.753199, 17.129709], [-96.753414, 17.130037], [-96.753736, 17.130549], [-96.753929, 17.130724], [-96.753985, 17.13075], [-96.754073, 17.130738], [-96.754283, 17.130692], [-96.754712, 17.13058], [-96.754824, 17.130421], [-96.756152, 17.129416], [-96.757319, 17.128355], [-96.758531, 17.127313], [-96.760312, 17.125864], [-96.763316, 17.123311], [-96.763935, 17.122799], [-96.764195, 17.122609], [-96.764386, 17.122598], [-96.764483, 17.122483], [-96.764464, 17.122326], [-96.764341, 17.122234], [-96.76204, 17.119476], [-96.758349, 17.114944], [-96.757748, 17.11427], [-96.757298, 17.113529], [-96.75675, 17.112775], [-96.756396, 17.111909], [-96.755774, 17.110473], [-96.75513, 17.108976], [-96.754615, 17.107746], [-96.753585, 17.105326], [-96.750631, 17.098516], [-96.74988, 17.096608], [-96.749043, 17.094742], [-96.748206, 17.092896], [-96.746947, 17.09], [-96.745402, 17.086566], [-96.745059, 17.085756], [-96.744361, 17.084084], [-96.744093, 17.083489], [-96.743825, 17.082781], [-96.74361, 17.082433], [-96.743589, 17.08152], [-96.743514, 17.080464], [-96.74345, 17.080023], [-96.742892, 17.079089], [-96.742892, 17.078884], [-96.742559, 17.078341], [-96.74221, 17.077779], [-96.741813, 17.077082], [-96.741604, 17.076682], [-96.741328, 17.076238], [-96.741226, 17.076023], [-96.74121, 17.075818], [-96.74113, 17.07573], [-96.74092, 17.075525], [-96.740781, 17.075387], [-96.740454, 17.074889], [-96.740083, 17.074371], [-96.739408, 17.073505], [-96.738984, 17.07293], [-96.738662, 17.072468], [-96.738536, 17.072314], [-96.738434, 17.072176], [-96.73836, 17.07202], [-96.738049, 17.071389], [-96.737834, 17.070923], [-96.737662, 17.07042], [-96.737432, 17.069784], [-96.737212, 17.069348], [-96.737006, 17.069006], [-96.736784, 17.068639], [-96.73648, 17.068112], [-96.735022, 17.065784], [-96.73447, 17.065021], [-96.733992, 17.064457], [-96.733608, 17.064078], [-96.733152, 17.063755], [-96.732706, 17.063504], [-96.732004, 17.063366], [-96.731596, 17.063299], [-96.728748, 17.062735], [-96.727745, 17.062519], [-96.72649, 17.062273], [-96.726345, 17.062981], [-96.72578, 17.0659], [-96.725558, 17.067142], [-96.72537, 17.06788], [-96.725086, 17.069296], [-96.724807, 17.070722], [-96.724496, 17.072106], [-96.724437, 17.072462], [-96.723732, 17.072367], [-96.721635, 17.071933], [-96.719661, 17.071482], [-96.717772, 17.071051], [-96.715627, 17.070579], [-96.714168, 17.070354], [-96.713612, 17.070349], [-96.713524, 17.070723], [-96.71258, 17.077984], [-96.712231, 17.080273], [-96.712038, 17.081483], [-96.709281, 17.081124], [-96.706867, 17.080837], [-96.706277, 17.080765], [-96.706255, 17.080396], [-96.706255, 17.079606], [-96.703208, 17.079216], [-96.702728, 17.082034], [-96.699933, 17.081952], [-96.69624, 17.08178], [-96.69624, 17.08178], [-96.695346, 17.081702], [-96.6951, 17.081702], [-96.69492, 17.082404], [-96.694697, 17.083061], [-96.694209, 17.083825], [-96.694059, 17.084441], [-96.695539, 17.084543], [-96.695797, 17.084492], [-96.69688, 17.083979], [-96.697739, 17.083559], [-96.698419, 17.083589], [-96.699545, 17.083645], [-96.699953, 17.083666], [-96.699862, 17.081917], [-96.702728, 17.082034], [-96.70278, 17.08203], [-96.702909, 17.081107], [-96.703011, 17.080348], [-96.703178, 17.079364], [-96.703187, 17.079285], [-96.705333, 17.079603], [-96.706181, 17.0797], [-96.706395, 17.079695], [-96.707903, 17.07987], [-96.709927, 17.080141], [-96.710367, 17.080187], [-96.711284, 17.08029], [-96.712019, 17.080382], [-96.712341, 17.080449], [-96.712368, 17.079818], [-96.712523, 17.078808], [-96.712673, 17.077475], [-96.712931, 17.075742], [-96.713124, 17.074562], [-96.71336, 17.072726], [-96.713511, 17.071499], [-96.713656, 17.070758], [-96.713686, 17.070512], [-96.713702, 17.070443], [-96.714228, 17.070499], [-96.715215, 17.070628], [-96.716148, 17.070848], [-96.716797, 17.071007], [-96.717264, 17.071145], [-96.717693, 17.071186], [-96.718047, 17.071238], [-96.718464, 17.071305], [-96.718794, 17.071377], [-96.718982, 17.071408], [-96.71921, 17.071451], [-96.719411, 17.071482], [-96.719655, 17.071515], [-96.71969, 17.071515], [-96.719746, 17.071084], [-96.719824, 17.070331], [-96.719979, 17.06901], [-96.720494, 17.066835], [-96.721095, 17.063758], [-96.721546, 17.061834], [-96.722151, 17.059176], [-96.72228, 17.05851], [-96.72361, 17.058797], [-96.726432, 17.059361], [-96.729015, 17.059919], [-96.728875, 17.060558], [-96.728607, 17.061737], [-96.731118, 17.062281], [-96.732802, 17.062599], [-96.734175, 17.062896], [-96.735152, 17.06306], [-96.735602, 17.06383], [-96.736021, 17.064609], [-96.736203, 17.065204], [-96.736278, 17.065512], [-96.736241, 17.065686], [-96.736074, 17.065932], [-96.735897, 17.066122], [-96.735726, 17.066127], [-96.735543, 17.066168], [-96.73542, 17.06624], [-96.735347, 17.066354], [-96.735168, 17.066518], [-96.734398, 17.066793], [-96.734862, 17.067246], [-96.735463, 17.068046], [-96.735801, 17.068626], [-96.736074, 17.069333], [-96.736439, 17.070195], [-96.736664, 17.071026], [-96.737458, 17.072462], [-96.738037, 17.073559], [-96.738949, 17.074964], [-96.739207, 17.07522], [-96.739633, 17.075792], [-96.740052, 17.076776], [-96.740653, 17.078038], [-96.741007, 17.078684], [-96.741361, 17.079402], [-96.741564, 17.079853], [-96.741478, 17.079959], [-96.741446, 17.080143], [-96.742014, 17.080482], [-96.742669, 17.080923], [-96.742862, 17.081148], [-96.743098, 17.081507], [-96.743409, 17.082297], [-96.743629, 17.082718], [-96.743887, 17.083374], [-96.744156, 17.084], [-96.744617, 17.085097], [-96.744979, 17.085985], [-96.745054, 17.086242], [-96.74513, 17.086385], [-96.74558, 17.087349], [-96.745741, 17.087719], [-96.746138, 17.088631], [-96.746642, 17.08979], [-96.746969, 17.090614], [-96.74758, 17.091957], [-96.747768, 17.092326], [-96.747978, 17.092736], [-96.748101, 17.093192], [-96.748578, 17.094325], [-96.748911, 17.095094], [-96.749319, 17.095935], [-96.749866, 17.097361], [-96.750021, 17.097684], [-96.750177, 17.097976], [-96.750783, 17.099432], [-96.7514, 17.100785], [-96.75162, 17.101293], [-96.752443, 17.103255], [-96.753006, 17.104501], [-96.753715, 17.106181], [-96.754086, 17.107058], [-96.754747, 17.108477], [-96.75535, 17.109982], [-96.755726, 17.110854], [-96.756079, 17.111766], [-96.756272, 17.112259], [-96.75653, 17.112561], [-96.756862, 17.113238], [-96.757141, 17.113648], [-96.757658, 17.114326], [-96.758559, 17.115588], [-96.760767, 17.118195], [-96.761192, 17.11874], [-96.761728, 17.119345], [-96.762828, 17.120714], [-96.763826, 17.122021], [-96.764078, 17.122344], [-96.764078, 17.122488], [-96.764195, 17.122609], [-96.763729, 17.122903], [-96.762984, 17.123554], [-96.76155, 17.124722], [-96.7587, 17.127112], [-96.75626, 17.129257], [-96.755702, 17.129729], [-96.754983, 17.130262], [-96.754752, 17.130463], [-96.75468, 17.130555], [-96.754008, 17.130735], [-96.753844, 17.130631], [-96.753641, 17.130361], [-96.753488, 17.130133], [-96.753389, 17.129954], [-96.753196, 17.129748], [-96.753121, 17.129702], [-96.752458, 17.129787], [-96.751776, 17.129864], [-96.750888, 17.129988], [-96.750732, 17.129985], [-96.750578, 17.130014], [-96.750286, 17.13004], [-96.750152, 17.130048], [-96.75004, 17.13006], [-96.750099, 17.130706], [-96.750207, 17.131293], [-96.750228, 17.131504], [-96.750227, 17.13167], [-96.750232, 17.131773], [-96.750059, 17.132177], [-96.749841, 17.13263], [-96.749694, 17.133084], [-96.749649, 17.133132], [-96.749595, 17.13316], [-96.749016, 17.133332], [-96.748879, 17.133643], [-96.748768, 17.133998], [-96.748426, 17.134351], [-96.748254, 17.134519], [-96.748077, 17.134661], [-96.747933, 17.134743], [-96.747785, 17.134766], [-96.747338, 17.134827], [-96.74688, 17.134917], [-96.746515, 17.135061], [-96.745744, 17.135577]]]}, "properties": {"route_id": null, "route_name": "BinniBusRC02"}}, {"type": "Feature", "geometry": {"type": "MultiLineString", "coordinates": [[[-96.710028, 17.112489], [-96.710253, 17.111879], [-96.710328, 17.111623], [-96.71036, 17.11129], [-96.710403, 17.11089], [-96.710435, 17.110075], [-96.710446, 17.109749], [-96.710548, 17.109381], [-96.710733, 17.10852], [-96.710835, 17.108028], [-96.710862, 17.107669], [-96.710889, 17.107089], [-96.710897, 17.106897], [-96.710912, 17.106535], [-96.710929, 17.106176], [-96.71095, 17.105876], [-96.71121, 17.104928], [-96.711267, 17.104758], [-96.71168, 17.103436], [-96.711776, 17.103108], [-96.712007, 17.102262], [-96.712114, 17.101933], [-96.713509, 17.098283], [-96.713868, 17.097565], [-96.713917, 17.097505], [-96.713946, 17.097462], [-96.713998, 17.097396], [-96.714226, 17.097091], [-96.714439, 17.096789], [-96.71467, 17.096453], [-96.714866, 17.096137], [-96.715092, 17.095774], [-96.715274, 17.095201], [-96.715437, 17.094614], [-96.715568, 17.094199], [-96.715669, 17.093836], [-96.71578, 17.093486], [-96.715856, 17.093229], [-96.715988, 17.092747], [-96.716076, 17.092482], [-96.716137, 17.092256], [-96.716238, 17.091936], [-96.71631, 17.09167], [-96.71642, 17.091355], [-96.716495, 17.091091], [-96.716578, 17.090849], [-96.716734, 17.090364], [-96.716818, 17.090102], [-96.716908, 17.089833], [-96.716986, 17.089539], [-96.717034, 17.089393], [-96.717096, 17.089175], [-96.717155, 17.089091], [-96.717273, 17.08906], [-96.71731, 17.089001], [-96.71734, 17.088804], [-96.717453, 17.088478], [-96.717742, 17.087509], [-96.717844, 17.087163], [-96.718204, 17.086225], [-96.718273, 17.085984], [-96.718413, 17.085471], [-96.71883, 17.084272], [-96.719033, 17.083667], [-96.719076, 17.083318], [-96.719044, 17.083052], [-96.719108, 17.082775], [-96.719146, 17.082549], [-96.719125, 17.082221], [-96.719066, 17.082067], [-96.718899, 17.081872], [-96.719157, 17.080052], [-96.719243, 17.079437], [-96.719305, 17.079177], [-96.719402, 17.079028], [-96.719348, 17.078941], [-96.7193, 17.078818], [-96.719498, 17.077064], [-96.71953, 17.07682], [-96.719579, 17.076539], [-96.719648, 17.076048], [-96.719701, 17.075658], [-96.719709, 17.075538], [-96.719703, 17.075426], [-96.719666, 17.07519], [-96.719591, 17.074944], [-96.719502, 17.07468], [-96.719548, 17.074499], [-96.719507, 17.074385], [-96.71945, 17.074318], [-96.71949, 17.073823], [-96.719616, 17.072117], [-96.71967, 17.071666], [-96.719729, 17.07123], [-96.719782, 17.07086], [-96.71982, 17.070394], [-96.7199, 17.069527], [-96.720064, 17.068671], [-96.720356, 17.067414], [-96.721274, 17.063138], [-96.721826, 17.060431], [-96.722076, 17.059266], [-96.722484, 17.057522], [-96.721422, 17.057369], [-96.718868, 17.056856], [-96.717184, 17.056517], [-96.715919, 17.056279], [-96.714894, 17.056069], [-96.713276, 17.055762], [-96.713142, 17.055724], [-96.713203, 17.055134], [-96.713241, 17.054824], [-96.713276, 17.054567], [-96.713183, 17.054222], [-96.71313, 17.05391], [-96.713103, 17.053602], [-96.713154, 17.053151], [-96.713261, 17.052418], [-96.713416, 17.051433], [-96.713502, 17.050854], [-96.713626, 17.050089], [-96.713726, 17.049506], [-96.713887, 17.048496], [-96.713957, 17.048044], [-96.714128, 17.046818], [-96.714214, 17.046151], [-96.714375, 17.045171], [-96.714488, 17.044598], [-96.714514, 17.044018], [-96.714428, 17.043661], [-96.71423, 17.043281], [-96.713875, 17.04284], [-96.713591, 17.042184], [-96.712854, 17.041564], [-96.71265, 17.041325], [-96.711893, 17.040318], [-96.711353, 17.039641], [-96.710994, 17.039185], [-96.710833, 17.038821], [-96.710795, 17.038569], [-96.710811, 17.038205], [-96.710902, 17.037877], [-96.710666, 17.037769], [-96.710243, 17.037651], [-96.706318, 17.036792], [-96.706318, 17.036792], [-96.70717, 17.037102], [-96.710228, 17.037759], [-96.710545, 17.037887], [-96.710593, 17.03789], [-96.710553, 17.038197], [-96.710557, 17.038561], [-96.710576, 17.038847], [-96.710659, 17.039147], [-96.710854, 17.03927], [-96.711139, 17.039654], [-96.711329, 17.039905], [-96.711439, 17.040048], [-96.711605, 17.040238], [-96.71222, 17.041018], [-96.712676, 17.041649], [-96.712869, 17.041854], [-96.713099, 17.04209], [-96.713464, 17.042592], [-96.713824, 17.043059], [-96.713984, 17.043331], [-96.714065, 17.043464], [-96.714215, 17.043798], [-96.71428, 17.044126], [-96.714285, 17.044346], [-96.714242, 17.044711], [-96.714113, 17.04546], [-96.713952, 17.046352], [-96.713834, 17.047316], [-96.713695, 17.048496], [-96.713523, 17.04965], [-96.713335, 17.050768], [-96.713207, 17.051614], [-96.713142, 17.052063], [-96.713029, 17.052494], [-96.71296, 17.052868], [-96.712922, 17.053078], [-96.712895, 17.053396], [-96.712829, 17.053495], [-96.712856, 17.053723], [-96.712853, 17.05379], [-96.712928, 17.05399], [-96.712971, 17.05418], [-96.713022, 17.054377], [-96.713344, 17.054252], [-96.713497, 17.054216], [-96.713757, 17.054254], [-96.713969, 17.054277], [-96.716064, 17.054562], [-96.71806, 17.05489], [-96.719057, 17.055177], [-96.718596, 17.05778], [-96.719972, 17.058064], [-96.720326, 17.058141], [-96.721286, 17.058336], [-96.721061, 17.059208], [-96.720911, 17.059859], [-96.720712, 17.060762], [-96.720385, 17.062162], [-96.72017, 17.063111], [-96.719956, 17.064106], [-96.719527, 17.065967], [-96.71928, 17.067218], [-96.718934, 17.068606], [-96.718698, 17.069698], [-96.718548, 17.070462], [-96.718548, 17.07058], [-96.718591, 17.070909], [-96.718596, 17.071257], [-96.71857, 17.071498], [-96.718476, 17.071779], [-96.718235, 17.071999], [-96.718074, 17.072173], [-96.717843, 17.072532], [-96.717739, 17.072668], [-96.717643, 17.072855], [-96.717506, 17.073139], [-96.717452, 17.073755], [-96.717409, 17.074265], [-96.717334, 17.074988], [-96.717247, 17.075418], [-96.716819, 17.078427], [-96.716765, 17.078786], [-96.716481, 17.081044], [-96.71647, 17.08118], [-96.71639, 17.081698], [-96.716374, 17.08198], [-96.716422, 17.082062], [-96.716384, 17.082401], [-96.717162, 17.082498], [-96.718321, 17.082662], [-96.718858, 17.082755], [-96.718949, 17.082894], [-96.718992, 17.083079], [-96.71889, 17.083361], [-96.718879, 17.083576], [-96.718638, 17.084294], [-96.718595, 17.08451], [-96.718595, 17.084602], [-96.718192, 17.085766], [-96.717924, 17.086663], [-96.717216, 17.088848], [-96.717076, 17.089112], [-96.716972, 17.089463], [-96.716884, 17.089789], [-96.716777, 17.090117], [-96.716458, 17.091096], [-96.716391, 17.091319], [-96.71634, 17.091501], [-96.715766, 17.093413], [-96.715375, 17.094762], [-96.71509, 17.09572], [-96.714581, 17.096541], [-96.714111, 17.097202], [-96.71402, 17.0972], [-96.71365, 17.097118], [-96.711775, 17.096666], [-96.710501, 17.096423], [-96.710362, 17.09639], [-96.710166, 17.096423], [-96.709822, 17.096372], [-96.709765, 17.096659], [-96.709781, 17.097346], [-96.70999, 17.097874], [-96.710351, 17.09857], [-96.710546, 17.099009], [-96.710664, 17.100167], [-96.710643, 17.100895], [-96.710744, 17.101567], [-96.710777, 17.10187], [-96.71055, 17.103041], [-96.71034, 17.103923], [-96.71041, 17.104056], [-96.710528, 17.104108], [-96.709922, 17.106984], [-96.709548, 17.108454], [-96.709762, 17.108936], [-96.710149, 17.109203], [-96.710449, 17.109285], [-96.710495, 17.10939], [-96.710377, 17.10977], [-96.710366, 17.110785], [-96.710312, 17.111559], [-96.710253, 17.111879], [-96.709994, 17.112465]]]}, "properties": {"route_id": null, "route_name": "BinniBusRC03"}}, {"type": "Feature", "geometry": {"type": "MultiLineString", "coordinates": [[[-96.76748, 17.14335], [-96.76751, 17.14334], [-96.76753, 17.14333], [-96.76754, 17.14332], [-96.76754, 17.1433], [-96.76754, 17.14327], [-96.76739, 17.14286], [-96.76725, 17.14246], [-96.76724, 17.14241], [-96.76712, 17.14206], [-96.76697, 17.14166], [-96.76682, 17.14121], [-96.76703, 17.14112], [-96.76714, 17.14109], [-96.76718, 17.14108], [-96.7673, 17.14105], [-96.76743, 17.14103], [-96.76756, 17.14101], [-96.76777, 17.14098], [-96.76779, 17.14097], [-96.76796, 17.14095], [-96.76803, 17.14093], [-96.76811, 17.14091], [-96.76827, 17.14087], [-96.76836, 17.14084], [-96.76845, 17.1408], [-96.76858, 17.14075], [-96.76873, 17.14068], [-96.76906, 17.14052], [-96.76977, 17.14016], [-96.77027, 17.13993], [-96.77116, 17.13958], [-96.77167, 17.13938], [-96.77175, 17.13935], [-96.77203, 17.13924], [-96.7722, 17.13918], [-96.77255, 17.13904], [-96.7726, 17.13903], [-96.77356, 17.13866], [-96.77453, 17.13829], [-96.77438, 17.13779], [-96.7741, 17.13698], [-96.77483, 17.13645], [-96.77491, 17.1364], [-96.77502, 17.13634], [-96.77506, 17.13645], [-96.77508, 17.13652], [-96.7752, 17.13648], [-96.77556, 17.13639], [-96.77591, 17.1363], [-96.77643, 17.13617], [-96.77654, 17.13615], [-96.7769, 17.13606], [-96.77693, 17.13605], [-96.77896, 17.13557], [-96.77922, 17.13551], [-96.78031, 17.13526], [-96.78053, 17.13521], [-96.78072, 17.13515], [-96.7807, 17.13511], [-96.78005, 17.13397], [-96.77973, 17.1335], [-96.77966, 17.13341], [-96.77948, 17.13314], [-96.77934, 17.13297], [-96.7792, 17.13279], [-96.77887, 17.13239], [-96.77877, 17.13229], [-96.77799, 17.13145], [-96.77792, 17.13137], [-96.77739, 17.13081], [-96.77686, 17.13028], [-96.77652, 17.12993], [-96.77625, 17.12966], [-96.77585, 17.12925], [-96.77561, 17.129], [-96.77547, 17.12884], [-96.77494, 17.12828], [-96.7745, 17.12782], [-96.77439, 17.1277], [-96.77405, 17.12733], [-96.7738, 17.12706], [-96.77376, 17.12702], [-96.77365, 17.1269], [-96.77336, 17.12657], [-96.77331, 17.12652], [-96.77321, 17.12644], [-96.77317, 17.12639], [-96.77256, 17.1257], [-96.7724, 17.12553], [-96.77227, 17.1254], [-96.77199, 17.12509], [-96.77173, 17.12479], [-96.77149, 17.12455], [-96.77126, 17.12431], [-96.77084, 17.12388], [-96.77068, 17.12371], [-96.77054, 17.12356], [-96.77042, 17.12344], [-96.76987, 17.12283], [-96.76967, 17.1226], [-96.76966, 17.12259], [-96.76957, 17.12249], [-96.76946, 17.12238], [-96.76905, 17.12198], [-96.76901, 17.12194], [-96.76893, 17.12186], [-96.76882, 17.12175], [-96.76871, 17.12163], [-96.76861, 17.1215], [-96.76835, 17.12121], [-96.7682, 17.12105], [-96.76809, 17.12093], [-96.76794, 17.12078], [-96.76781, 17.12065], [-96.76778, 17.12061], [-96.76773, 17.12056], [-96.76763, 17.12048], [-96.76758, 17.12043], [-96.76753, 17.12038], [-96.76744, 17.12027], [-96.76723, 17.12], [-96.76708, 17.12013], [-96.76628, 17.12077], [-96.76579, 17.12119], [-96.76551, 17.12143], [-96.76535, 17.12156], [-96.76511, 17.12175], [-96.76499, 17.1218], [-96.76439, 17.12227], [-96.76439, 17.12226], [-96.76438, 17.12226], [-96.76437, 17.12226], [-96.76436, 17.12225], [-96.76435, 17.12225], [-96.76434, 17.12224], [-96.76433, 17.12224], [-96.76368, 17.12147], [-96.7634, 17.12115], [-96.76323, 17.12096], [-96.76309, 17.1208], [-96.76266, 17.12029], [-96.76229, 17.11988], [-96.76207, 17.11965], [-96.76202, 17.11958], [-96.76185, 17.11936], [-96.76109, 17.11841], [-96.76105, 17.11836], [-96.76066, 17.11785], [-96.76026, 17.11736], [-96.76, 17.11706], [-96.75911, 17.11595], [-96.75897, 17.1158], [-96.75885, 17.11567], [-96.7586, 17.1154], [-96.75838, 17.11513], [-96.75774, 17.1143], [-96.7574, 17.11385], [-96.75716, 17.11349], [-96.75699, 17.11322], [-96.75682, 17.11293], [-96.75665, 17.11263], [-96.75664, 17.11261], [-96.7566, 17.11252], [-96.75655, 17.11242], [-96.75649, 17.11231], [-96.75648, 17.11229], [-96.75621, 17.11175], [-96.7562, 17.11174], [-96.7558, 17.1108], [-96.75565, 17.11037], [-96.75549, 17.10999], [-96.75528, 17.1095], [-96.75524, 17.10941], [-96.7551, 17.1091], [-96.7549, 17.10865], [-96.75451, 17.10771], [-96.75432, 17.10728], [-96.75366, 17.10573], [-96.75359, 17.10557], [-96.75302, 17.10423], [-96.75292, 17.10398], [-96.7527, 17.10347], [-96.75206, 17.102], [-96.75195, 17.10175], [-96.75173, 17.1013], [-96.75172, 17.10127], [-96.7517, 17.10122], [-96.75155, 17.10084], [-96.7512, 17.09998], [-96.75095, 17.09941], [-96.75084, 17.09915], [-96.75074, 17.09892], [-96.75009, 17.09731], [-96.74999, 17.09721], [-96.74989, 17.09704], [-96.74946, 17.096], [-96.74924, 17.09543], [-96.74878, 17.09432], [-96.74843, 17.09356], [-96.74832, 17.09338], [-96.74826, 17.09328], [-96.74821, 17.09316], [-96.74805, 17.09278], [-96.748, 17.09255], [-96.74797, 17.09245], [-96.7478, 17.09211], [-96.74774, 17.09192], [-96.74771, 17.09184], [-96.74765, 17.09171], [-96.74745, 17.09124], [-96.74739, 17.09111], [-96.74737, 17.09105], [-96.74733, 17.09099], [-96.74732, 17.09094], [-96.74726, 17.09082], [-96.74699, 17.09019], [-96.74667, 17.08943], [-96.74664, 17.08936], [-96.74641, 17.0889], [-96.74587, 17.08768], [-96.74514, 17.08603], [-96.74511, 17.08592], [-96.74475, 17.08511], [-96.74421, 17.08377], [-96.74419, 17.08372], [-96.74414, 17.08362], [-96.74395, 17.08321], [-96.7438, 17.08283], [-96.74376, 17.08274], [-96.74359, 17.08245], [-96.7436, 17.08243], [-96.74362, 17.08241], [-96.74362, 17.0824], [-96.74362, 17.08237], [-96.74362, 17.08234], [-96.74361, 17.08231], [-96.74359, 17.08222], [-96.74358, 17.08206], [-96.74358, 17.08175], [-96.74358, 17.08165], [-96.74358, 17.08149], [-96.74358, 17.08133], [-96.74357, 17.08096], [-96.74355, 17.08077], [-96.74355, 17.08075], [-96.74354, 17.08061], [-96.74353, 17.08056], [-96.74352, 17.08045], [-96.74348, 17.08018], [-96.74345, 17.0801], [-96.74339, 17.07997], [-96.74337, 17.07992], [-96.74325, 17.07969], [-96.74315, 17.0795], [-96.74308, 17.07936], [-96.74297, 17.07919], [-96.74296, 17.07916], [-96.7429, 17.07907], [-96.7429, 17.07899], [-96.74289, 17.07895], [-96.74288, 17.07892], [-96.74286, 17.07889], [-96.74285, 17.07887], [-96.74279, 17.07874], [-96.74259, 17.07844], [-96.74246, 17.07823], [-96.7424, 17.07812], [-96.74231, 17.07797], [-96.74207, 17.07754], [-96.74203, 17.07746], [-96.74198, 17.07737], [-96.74175, 17.07698], [-96.74127, 17.07611], [-96.74125, 17.07604], [-96.74124, 17.07602], [-96.74124, 17.07597], [-96.74123, 17.07592], [-96.74121, 17.07586], [-96.74119, 17.07583], [-96.74116, 17.07579], [-96.74113, 17.07574], [-96.74109, 17.07569], [-96.741, 17.07562], [-96.74095, 17.07557], [-96.74092, 17.07555], [-96.74083, 17.0755], [-96.74071, 17.07531], [-96.74027, 17.07466], [-96.73996, 17.07424], [-96.73987, 17.07413], [-96.7396, 17.07378], [-96.73932, 17.0734], [-96.73918, 17.07323], [-96.73901, 17.073], [-96.73886, 17.0728], [-96.73874, 17.07263], [-96.73862, 17.07245], [-96.73843, 17.07221], [-96.73835, 17.07202], [-96.73831, 17.07196], [-96.7383, 17.07194], [-96.73826, 17.07187], [-96.73786, 17.07105], [-96.73782, 17.07096], [-96.73762, 17.07041], [-96.7375, 17.07008], [-96.7374, 17.06982], [-96.73718, 17.06931], [-96.73712, 17.06923], [-96.73675, 17.06861], [-96.73633, 17.06792], [-96.7362, 17.06772], [-96.73602, 17.06741], [-96.73582, 17.06708], [-96.73593, 17.06678], [-96.73596, 17.06654], [-96.73598, 17.06641], [-96.73614, 17.06614], [-96.73619, 17.06604], [-96.73621, 17.06599], [-96.73625, 17.06588], [-96.73634, 17.06555], [-96.73634, 17.06535], [-96.73634, 17.06533], [-96.73626, 17.06495], [-96.73619, 17.06474], [-96.73594, 17.06418], [-96.73584, 17.06399], [-96.73578, 17.06389], [-96.73563, 17.06363], [-96.7355, 17.06339], [-96.73537, 17.0632], [-96.73527, 17.06306], [-96.73508, 17.06276], [-96.73476, 17.06234], [-96.73461, 17.06215], [-96.73445, 17.06192], [-96.7344, 17.06183], [-96.73416, 17.06148], [-96.73389, 17.06112], [-96.73375, 17.06093], [-96.73368, 17.06082], [-96.73362, 17.06075], [-96.73357, 17.06068], [-96.73347, 17.06053], [-96.73323, 17.06019], [-96.73318, 17.06013], [-96.73315, 17.06007], [-96.73314, 17.06005], [-96.73307, 17.05995], [-96.73289, 17.05967], [-96.73241, 17.05896], [-96.73238, 17.05892], [-96.73215, 17.05859], [-96.73198, 17.05836], [-96.73162, 17.05785], [-96.73147, 17.05764], [-96.73127, 17.05747], [-96.73112, 17.05725], [-96.73099, 17.05705], [-96.73059, 17.05644], [-96.73051, 17.0563], [-96.73046, 17.05622], [-96.73042, 17.05611], [-96.73028, 17.05565], [-96.73012, 17.05508], [-96.73012, 17.05502], [-96.73009, 17.05486], [-96.73002, 17.05469], [-96.72997, 17.05449], [-96.72996, 17.05447], [-96.72989, 17.0542], [-96.72983, 17.054], [-96.72976, 17.05375], [-96.72952, 17.05299], [-96.7294, 17.05263], [-96.72937, 17.05242], [-96.72936, 17.05238], [-96.72934, 17.05221], [-96.72933, 17.05203], [-96.72931, 17.05176], [-96.72925, 17.05164], [-96.7292, 17.05156], [-96.7291, 17.0514], [-96.72901, 17.05125], [-96.72891, 17.05114], [-96.72881, 17.05105], [-96.72852, 17.05081], [-96.72824, 17.05064], [-96.72805, 17.05055], [-96.7279, 17.05051], [-96.72775, 17.0505], [-96.72772, 17.0505], [-96.72763, 17.05049], [-96.72739, 17.0505], [-96.7272, 17.05049], [-96.72713, 17.05051], [-96.72696, 17.05056], [-96.72689, 17.05058], [-96.72655, 17.05068], [-96.72624, 17.05074], [-96.72592, 17.05081], [-96.72571, 17.05086], [-96.72515, 17.05103], [-96.72451, 17.05121], [-96.72407, 17.05132], [-96.72362, 17.05143], [-96.72355, 17.05145], [-96.72348, 17.05147], [-96.72339, 17.05149], [-96.72315, 17.05155], [-96.72297, 17.0516], [-96.72278, 17.05164], [-96.72269, 17.05166], [-96.72259, 17.05169], [-96.72082, 17.05214], [-96.72078, 17.05215], [-96.72066, 17.05218], [-96.72052, 17.05222], [-96.72043, 17.05224], [-96.72031, 17.05227], [-96.71958, 17.05246], [-96.71953, 17.05247], [-96.71852, 17.05271], [-96.71818, 17.05282], [-96.71783, 17.0529], [-96.7178, 17.05291], [-96.71631, 17.05324], [-96.71627, 17.05313], [-96.71616, 17.05314], [-96.71585, 17.05321], [-96.71547, 17.05331], [-96.71511, 17.0534], [-96.71461, 17.05354], [-96.71456, 17.05352], [-96.71409, 17.05344], [-96.71395, 17.05342], [-96.71369, 17.05338], [-96.71365, 17.05337], [-96.71316, 17.0533], [-96.71313, 17.05329], [-96.71319, 17.05284], [-96.71321, 17.0527], [-96.71325, 17.05242], [-96.71326, 17.05237], [-96.71329, 17.05213], [-96.71333, 17.05186], [-96.71341, 17.05142], [-96.71355, 17.05062], [-96.71362, 17.05014], [-96.71377, 17.04921], [-96.71384, 17.04868], [-96.7139, 17.04832], [-96.71398, 17.04789], [-96.71401, 17.04768], [-96.71404, 17.04745], [-96.71408, 17.04718], [-96.71412, 17.04688], [-96.71414, 17.04673], [-96.71416, 17.04654], [-96.71418, 17.04636], [-96.7142, 17.0462], [-96.71422, 17.04603], [-96.71424, 17.0459], [-96.71427, 17.04573], [-96.71429, 17.04561], [-96.71436, 17.04529], [-96.71444, 17.04483], [-96.71451, 17.04429], [-96.71451, 17.04396], [-96.7145, 17.04393], [-96.71436, 17.04353], [-96.71422, 17.04329], [-96.71413, 17.0432], [-96.71402, 17.04306], [-96.71392, 17.04292], [-96.71371, 17.04261], [-96.71322, 17.04196], [-96.71312, 17.04185], [-96.71288, 17.0416], [-96.71272, 17.04139], [-96.71269, 17.04136], [-96.71241, 17.041], [-96.71228, 17.04083], [-96.71204, 17.04052], [-96.71174, 17.04014], [-96.71148, 17.0398], [-96.71102, 17.03919], [-96.71095, 17.03909], [-96.71091, 17.03901], [-96.71086, 17.03891], [-96.71081, 17.03869], [-96.71079, 17.03861], [-96.71079, 17.03846], [-96.71078, 17.03835], [-96.7108, 17.03824], [-96.71086, 17.03806], [-96.71089, 17.03795], [-96.710908, 17.037881], [-96.71101, 17.037741], [-96.711244, 17.037332], [-96.711521, 17.036964], [-96.712109, 17.036205], [-96.71243, 17.03571], [-96.712984, 17.034909], [-96.713044, 17.034761], [-96.713112, 17.0346], [-96.713179, 17.034456], [-96.713235, 17.034386], [-96.7133, 17.03429], [-96.713419, 17.034112], [-96.71363, 17.033831], [-96.713695, 17.033703], [-96.713769, 17.033506], [-96.713786, 17.033413], [-96.713786, 17.033315], [-96.713741, 17.033205], [-96.712731, 17.031794], [-96.712731, 17.031794], [-96.712125, 17.030973], [-96.71208, 17.030954], [-96.712037, 17.030956], [-96.712008, 17.030991], [-96.712004, 17.031023], [-96.712137, 17.031188], [-96.712657, 17.031912], [-96.713498, 17.033103], [-96.713609, 17.033274], [-96.713666, 17.033403], [-96.713678, 17.033487], [-96.713669, 17.033581], [-96.713639, 17.03368], [-96.713136, 17.034426], [-96.712434, 17.035516], [-96.711377, 17.037001], [-96.711108, 17.037338], [-96.710881, 17.0377], [-96.710718, 17.037919], [-96.71065, 17.03825], [-96.71064, 17.03841], [-96.71064, 17.03852], [-96.71065, 17.03867], [-96.71067, 17.03878], [-96.71069, 17.03887], [-96.71074, 17.03901], [-96.71079, 17.03912], [-96.71086, 17.03925], [-96.71092, 17.03934], [-96.71106, 17.03953], [-96.71134, 17.03989], [-96.71142, 17.03999], [-96.71149, 17.04008], [-96.71153, 17.04014], [-96.71161, 17.04022], [-96.71183, 17.0405], [-96.71193, 17.04062], [-96.71207, 17.04081], [-96.71219, 17.04095], [-96.71224, 17.04102], [-96.71254, 17.04144], [-96.71263, 17.04156], [-96.71283, 17.04181], [-96.71308, 17.04205], [-96.71337, 17.04249], [-96.7136, 17.04277], [-96.71363, 17.04282], [-96.71379, 17.04301], [-96.71388, 17.04316], [-96.71399, 17.04331], [-96.71403, 17.04338], [-96.71406, 17.04346], [-96.71412, 17.04359], [-96.71416, 17.0437], [-96.71422, 17.04386], [-96.71425, 17.04402], [-96.71427, 17.04419], [-96.71428, 17.04432], [-96.71427, 17.0444], [-96.71425, 17.04452], [-96.71422, 17.04491], [-96.71415, 17.04525], [-96.71413, 17.04536], [-96.71408, 17.04558], [-96.71406, 17.04571], [-96.71404, 17.04587], [-96.71401, 17.04601], [-96.714, 17.0461], [-96.71398, 17.04625], [-96.71397, 17.04634], [-96.71392, 17.04669], [-96.71389, 17.04698], [-96.71383, 17.04741], [-96.71377, 17.04782], [-96.71373, 17.04818], [-96.71371, 17.04827], [-96.71365, 17.04878], [-96.71357, 17.04927], [-96.71336, 17.05063], [-96.71332, 17.05089], [-96.71331, 17.05091], [-96.71326, 17.05124], [-96.71323, 17.05139], [-96.71319, 17.05174], [-96.71318, 17.05183], [-96.71318, 17.05184], [-96.71317, 17.05192], [-96.71315, 17.05202], [-96.71311, 17.0522], [-96.71307, 17.05236], [-96.71294, 17.05301], [-96.71289, 17.05338], [-96.71284, 17.05347], [-96.71283, 17.05357], [-96.71284, 17.05367], [-96.71285, 17.05377], [-96.71289, 17.05384], [-96.71289, 17.05388], [-96.71291, 17.05395], [-96.71291, 17.05396], [-96.71293, 17.05407], [-96.71296, 17.05419], [-96.712973, 17.054315], [-96.712979, 17.05436], [-96.713009, 17.054392], [-96.713045, 17.054382], [-96.71308, 17.05436], [-96.71316, 17.05432], [-96.71322, 17.05429], [-96.71333, 17.05425], [-96.7136, 17.05414], [-96.71369, 17.0541], [-96.71386, 17.05404], [-96.71397, 17.054], [-96.71404, 17.05398], [-96.7141, 17.05396], [-96.71422, 17.05393], [-96.71427, 17.05392], [-96.71464, 17.05382], [-96.71477, 17.05379], [-96.71558, 17.05358], [-96.71625, 17.05341], [-96.71636, 17.05338], [-96.7164, 17.05338], [-96.71785, 17.05305], [-96.71821, 17.05296], [-96.71949, 17.05263], [-96.71955, 17.05262], [-96.72029, 17.05243], [-96.7205, 17.05238], [-96.72094, 17.05228], [-96.72162, 17.05209], [-96.72211, 17.05197], [-96.72252, 17.05186], [-96.72256, 17.05185], [-96.72292, 17.05174], [-96.72293, 17.05173], [-96.7231, 17.05169], [-96.72337, 17.05162], [-96.72346, 17.0516], [-96.72354, 17.05158], [-96.72406, 17.05145], [-96.72451, 17.05134], [-96.72496, 17.05123], [-96.72533, 17.05116], [-96.72583, 17.05107], [-96.72617, 17.05099], [-96.72636, 17.05092], [-96.72681, 17.05077], [-96.7269, 17.05074], [-96.72703, 17.0507], [-96.72708, 17.05068], [-96.72721, 17.05067], [-96.72733, 17.05066], [-96.72747, 17.05065], [-96.72764, 17.05066], [-96.72778, 17.05067], [-96.72796, 17.05071], [-96.72819, 17.05078], [-96.72823, 17.05079], [-96.72828, 17.05081], [-96.72834, 17.05085], [-96.72848, 17.05098], [-96.72872, 17.05123], [-96.72876, 17.05128], [-96.72881, 17.05135], [-96.72885, 17.05142], [-96.72898, 17.05176], [-96.72908, 17.05198], [-96.7291, 17.0521], [-96.72915, 17.0523], [-96.72953, 17.05358], [-96.72967, 17.05403], [-96.72999, 17.05506], [-96.73, 17.05509], [-96.73004, 17.05524], [-96.73004, 17.05529], [-96.73015, 17.05569], [-96.73023, 17.05596], [-96.73031, 17.05619], [-96.73034, 17.05627], [-96.73041, 17.05641], [-96.73049, 17.05654], [-96.73051, 17.05658], [-96.73052, 17.05659], [-96.73055, 17.05664], [-96.73084, 17.05705], [-96.73101, 17.05726], [-96.73129, 17.05764], [-96.73135, 17.05773], [-96.73145, 17.05789], [-96.73163, 17.0581], [-96.73183, 17.05841], [-96.732, 17.05865], [-96.7324, 17.05922], [-96.73279, 17.05976], [-96.73295, 17.05999], [-96.73301, 17.06007], [-96.73305, 17.06012], [-96.73309, 17.06021], [-96.73322, 17.06038], [-96.73344, 17.06069], [-96.73347, 17.06073], [-96.73352, 17.0608], [-96.73358, 17.06088], [-96.73376, 17.06115], [-96.73419, 17.06174], [-96.73427, 17.06183], [-96.73436, 17.06193], [-96.73454, 17.0622], [-96.73475, 17.06251], [-96.73498, 17.06282], [-96.73511, 17.06306], [-96.73538, 17.06344], [-96.73553, 17.06365], [-96.73558, 17.06375], [-96.73567, 17.06392], [-96.73596, 17.06447], [-96.73608, 17.06478], [-96.73615, 17.06496], [-96.73618, 17.06509], [-96.73623, 17.06523], [-96.73627, 17.06535], [-96.73629, 17.06544], [-96.73628, 17.06556], [-96.73627, 17.06562], [-96.73625, 17.06571], [-96.73619, 17.06583], [-96.7361, 17.06595], [-96.73605, 17.06598], [-96.73595, 17.06607], [-96.73585, 17.06615], [-96.73583, 17.06614], [-96.73582, 17.06613], [-96.73575, 17.06611], [-96.73558, 17.06613], [-96.73548, 17.06621], [-96.73543, 17.06625], [-96.73536, 17.06634], [-96.7353, 17.06643], [-96.73527, 17.06646], [-96.73525, 17.06648], [-96.73521, 17.0665], [-96.73511, 17.06653], [-96.735, 17.06657], [-96.73485, 17.06663], [-96.7345, 17.06674], [-96.734437, 17.066756], [-96.73442, 17.066779], [-96.734429, 17.066801], [-96.734455, 17.066827], [-96.73452, 17.06689], [-96.73479, 17.06716], [-96.73501, 17.06742], [-96.73523, 17.06771], [-96.73541, 17.06797], [-96.73552, 17.06814], [-96.73558, 17.06827], [-96.73571, 17.06849], [-96.73598, 17.06901], [-96.73607, 17.06924], [-96.73615, 17.06945], [-96.73621, 17.06961], [-96.73623, 17.06966], [-96.73629, 17.0698], [-96.73635, 17.06997], [-96.73643, 17.07016], [-96.73647, 17.0703], [-96.7365, 17.0704], [-96.73652, 17.07051], [-96.73664, 17.0709], [-96.73668, 17.07098], [-96.73684, 17.07129], [-96.73697, 17.07153], [-96.7373, 17.07215], [-96.73742, 17.0724], [-96.73748, 17.07247], [-96.73767, 17.07282], [-96.73781, 17.07305], [-96.73792, 17.07324], [-96.73802, 17.0734], [-96.73826, 17.07382], [-96.73839, 17.07405], [-96.73851, 17.07426], [-96.7386, 17.0744], [-96.73898, 17.07497], [-96.7392, 17.07521], [-96.73945, 17.07552], [-96.73964, 17.07576], [-96.73972, 17.0759], [-96.7399, 17.07632], [-96.73992, 17.07635], [-96.74005, 17.07664], [-96.74015, 17.07689], [-96.74016, 17.0769], [-96.74022, 17.07701], [-96.74035, 17.0773], [-96.74056, 17.07778], [-96.74061, 17.07792], [-96.74066, 17.07802], [-96.74071, 17.07813], [-96.74089, 17.07849], [-96.74091, 17.07852], [-96.74102, 17.07873], [-96.74103, 17.07876], [-96.74116, 17.07903], [-96.74128, 17.07929], [-96.74132, 17.07938], [-96.7415, 17.07978], [-96.74155, 17.0799], [-96.74152, 17.07991], [-96.74148, 17.07992], [-96.74145, 17.07993], [-96.74143, 17.07994], [-96.7414, 17.07996], [-96.741367, 17.08], [-96.741355, 17.080038], [-96.74137, 17.080069], [-96.74141, 17.08009], [-96.74188, 17.08035], [-96.74227, 17.08059], [-96.7424, 17.08068], [-96.74252, 17.08077], [-96.74274, 17.08098], [-96.74286, 17.0811], [-96.74292, 17.08119], [-96.74299, 17.0813], [-96.74305, 17.0814], [-96.74313, 17.08156], [-96.74316, 17.08164], [-96.7432, 17.08174], [-96.74337, 17.08213], [-96.74365, 17.0828], [-96.74375, 17.08303], [-96.74389, 17.08332], [-96.74411, 17.08389], [-96.74465, 17.08515], [-96.74501, 17.086], [-96.74503, 17.0861], [-96.74546, 17.087], [-96.74574, 17.08771], [-96.74593, 17.08809], [-96.74627, 17.08887], [-96.74634, 17.08903], [-96.74649, 17.08937], [-96.74652, 17.08944], [-96.74679, 17.09012], [-96.74694, 17.09049], [-96.74712, 17.09089], [-96.74719, 17.09106], [-96.74762, 17.092], [-96.74794, 17.09269], [-96.74802, 17.09294], [-96.74805, 17.093], [-96.74808, 17.09308], [-96.74815, 17.09323], [-96.74831, 17.09362], [-96.74854, 17.09414], [-96.74881, 17.09481], [-96.74889, 17.09497], [-96.74889, 17.09498], [-96.74921, 17.09564], [-96.74952, 17.09636], [-96.74957, 17.09647], [-96.74958, 17.0965], [-96.74983, 17.09719], [-96.74989, 17.09738], [-96.7502, 17.09792], [-96.75043, 17.09853], [-96.75062, 17.09898], [-96.7508, 17.09939], [-96.75097, 17.09975], [-96.75138, 17.10071], [-96.75155, 17.10107], [-96.75162, 17.10125], [-96.75164, 17.10132], [-96.75195, 17.10205], [-96.75213, 17.10245], [-96.75257, 17.10352], [-96.75304, 17.1045], [-96.75307, 17.10458], [-96.75354, 17.10566], [-96.75372, 17.1061], [-96.75385, 17.10644], [-96.75399, 17.10677], [-96.7541, 17.10701], [-96.75424, 17.10734], [-96.75473, 17.10843], [-96.75485, 17.10874], [-96.75488, 17.10882], [-96.75504, 17.10918], [-96.75516, 17.10946], [-96.75537, 17.10999], [-96.75538, 17.11001], [-96.75547, 17.11021], [-96.75555, 17.11038], [-96.75556, 17.1104], [-96.75558, 17.11043], [-96.75572, 17.11087], [-96.7561, 17.11178], [-96.75611, 17.11179], [-96.75634, 17.11232], [-96.75637, 17.11237], [-96.75645, 17.11247], [-96.75651, 17.11255], [-96.75655, 17.11264], [-96.75656, 17.11266], [-96.75673, 17.11297], [-96.7569, 17.11326], [-96.75704, 17.11346], [-96.75708, 17.11352], [-96.7571, 17.11356], [-96.75714, 17.1136], [-96.75737, 17.11393], [-96.7577, 17.11437], [-96.75771, 17.11439], [-96.75783, 17.11454], [-96.75789, 17.11463], [-96.75827, 17.11516], [-96.75832, 17.11523], [-96.75847, 17.11545], [-96.75883, 17.11586], [-96.75897, 17.11603], [-96.75918, 17.11626], [-96.75941, 17.11654], [-96.76017, 17.11747], [-96.76035, 17.11769], [-96.76056, 17.11796], [-96.76076, 17.11819], [-96.7609, 17.11836], [-96.761, 17.11848], [-96.76129, 17.11883], [-96.76212, 17.11982], [-96.76245, 17.12025], [-96.76292, 17.12082], [-96.76305, 17.12098], [-96.76324, 17.12122], [-96.76347, 17.1215], [-96.76366, 17.12177], [-96.764, 17.12222], [-96.76411, 17.12239], [-96.7641, 17.12243], [-96.76411, 17.12244], [-96.76411, 17.12245], [-96.76411, 17.12247], [-96.76412, 17.12248], [-96.76412, 17.12249], [-96.76413, 17.12251], [-96.76414, 17.12252], [-96.76415, 17.12253], [-96.76416, 17.12254], [-96.76417, 17.12255], [-96.76418, 17.12256], [-96.76419, 17.12257], [-96.7642, 17.12257], [-96.76422, 17.12258], [-96.76423, 17.12258], [-96.76425, 17.12259], [-96.76426, 17.12259], [-96.76427, 17.12259], [-96.76428, 17.12259], [-96.76429, 17.12259], [-96.76431, 17.12259], [-96.76432, 17.12259], [-96.76433, 17.12259], [-96.76435, 17.12258], [-96.76436, 17.12258], [-96.76438, 17.12257], [-96.76439, 17.12257], [-96.7644, 17.12256], [-96.76441, 17.12255], [-96.76442, 17.12254], [-96.76443, 17.12253], [-96.76444, 17.12252], [-96.76445, 17.12251], [-96.76446, 17.12249], [-96.76446, 17.12248], [-96.76447, 17.12247], [-96.76447, 17.12244], [-96.76448, 17.12243], [-96.76448, 17.12242], [-96.76448, 17.12241], [-96.76448, 17.1224], [-96.76447, 17.12239], [-96.76505, 17.12186], [-96.76511, 17.12175], [-96.76535, 17.12156], [-96.76551, 17.12143], [-96.76579, 17.12119], [-96.76628, 17.12077], [-96.76708, 17.12013], [-96.76741, 17.1205], [-96.76796, 17.12107], [-96.76802, 17.12114], [-96.76825, 17.12137], [-96.76846, 17.12165], [-96.76852, 17.12172], [-96.76871, 17.12192], [-96.76886, 17.12206], [-96.76909, 17.12229], [-96.76928, 17.12246], [-96.76931, 17.1225], [-96.76945, 17.12264], [-96.76951, 17.1227], [-96.76971, 17.12291], [-96.76986, 17.12307], [-96.77009, 17.12332], [-96.77013, 17.12336], [-96.77028, 17.12352], [-96.77048, 17.12372], [-96.77054, 17.12378], [-96.77111, 17.12436], [-96.77166, 17.12493], [-96.77206, 17.12535], [-96.77227, 17.12558], [-96.77244, 17.12576], [-96.77305, 17.12643], [-96.77309, 17.12648], [-96.77311, 17.1265], [-96.77317, 17.12656], [-96.7732, 17.1266], [-96.77338, 17.12678], [-96.77358, 17.12701], [-96.77365, 17.12708], [-96.7737, 17.12715], [-96.77394, 17.12743], [-96.7742, 17.12772], [-96.77432, 17.12787], [-96.7744, 17.12798], [-96.77457, 17.12817], [-96.77514, 17.12871], [-96.77548, 17.12905], [-96.77574, 17.12934], [-96.77582, 17.12943], [-96.77608, 17.12968], [-96.77705, 17.13071], [-96.77733, 17.13102], [-96.77759, 17.13131], [-96.77765, 17.13137], [-96.77796, 17.13169], [-96.77818, 17.13193], [-96.77864, 17.13241], [-96.77872, 17.13251], [-96.77911, 17.13297], [-96.77968, 17.13368], [-96.77991, 17.13395], [-96.78005, 17.13418], [-96.7801, 17.13426], [-96.78014, 17.13434], [-96.78018, 17.13443], [-96.78021, 17.13453], [-96.78021, 17.13454], [-96.78026, 17.13466], [-96.7805, 17.13516], [-96.78027, 17.13521], [-96.7792, 17.13545], [-96.77895, 17.13551], [-96.77693, 17.13598], [-96.7769, 17.13598], [-96.77653, 17.13607], [-96.77642, 17.1361], [-96.77625, 17.13614], [-96.77553, 17.13633], [-96.77518, 17.13642], [-96.77506, 17.13645], [-96.77508, 17.13652], [-96.77536, 17.13719], [-96.77563, 17.13787], [-96.77523, 17.13803], [-96.77453, 17.13829], [-96.77356, 17.13866], [-96.7726, 17.13903], [-96.77255, 17.13904], [-96.7722, 17.13918], [-96.77203, 17.13924], [-96.77175, 17.13935], [-96.77167, 17.13938], [-96.77116, 17.13958], [-96.77027, 17.13993], [-96.76977, 17.14016], [-96.76906, 17.14052], [-96.76873, 17.14068], [-96.76858, 17.14075], [-96.76845, 17.1408], [-96.76836, 17.14084], [-96.76827, 17.14087], [-96.76811, 17.14091], [-96.76803, 17.14093], [-96.76796, 17.14095], [-96.76779, 17.14097], [-96.76777, 17.14098], [-96.76756, 17.14101], [-96.76743, 17.14103], [-96.7673, 17.14105], [-96.76718, 17.14108], [-96.76714, 17.14109], [-96.76703, 17.14112], [-96.76682, 17.14121], [-96.76697, 17.14166], [-96.76712, 17.14206], [-96.76724, 17.14241], [-96.76725, 17.14246], [-96.76739, 17.14286], [-96.76754, 17.14327], [-96.76754, 17.1433], [-96.76754, 17.14332], [-96.76753, 17.14333], [-96.76751, 17.14334]]]}, "properties": {"route_id": null, "route_name": "BinniBusRC04"}}, {"type": "Feature", "geometry": {"type": "MultiLineString", "coordinates": [[[-96.75395, 17.028849], [-96.753989, 17.028546], [-96.754016, 17.028254], [-96.754016, 17.028023], [-96.753952, 17.027772], [-96.753871, 17.027428], [-96.753839, 17.027269], [-96.753964, 17.026898], [-96.754032, 17.026739], [-96.754062, 17.026611], [-96.754094, 17.026467], [-96.754152, 17.026275], [-96.754218, 17.02604], [-96.754302, 17.025729], [-96.754337, 17.02559], [-96.754477, 17.025288], [-96.754592, 17.025059], [-96.754694, 17.024849], [-96.754753, 17.024716], [-96.754792, 17.02458], [-96.754804, 17.024526], [-96.7548, 17.024382], [-96.754759, 17.024295], [-96.754757, 17.023884], [-96.754926, 17.023912], [-96.755669, 17.024069], [-96.75594, 17.024143], [-96.756514, 17.02429], [-96.757007, 17.024405], [-96.75742, 17.024487], [-96.758026, 17.02461], [-96.758214, 17.024657], [-96.758274, 17.024669], [-96.758279, 17.024493], [-96.758291, 17.024222], [-96.758296, 17.023997], [-96.758296, 17.023769], [-96.758334, 17.023525], [-96.758462, 17.023078], [-96.758618, 17.022565], [-96.758704, 17.022308], [-96.758789, 17.022029], [-96.758316, 17.021927], [-96.757898, 17.021901], [-96.757383, 17.021845], [-96.757099, 17.02183], [-96.756841, 17.021727], [-96.756509, 17.021537], [-96.756203, 17.021281], [-96.755881, 17.021034], [-96.755629, 17.02086], [-96.755488, 17.020762], [-96.755209, 17.020675], [-96.754823, 17.020603], [-96.754287, 17.020511], [-96.754072, 17.020475], [-96.753428, 17.020408], [-96.75309, 17.020362], [-96.752715, 17.020331], [-96.752377, 17.020254], [-96.751481, 17.020025], [-96.751121, 17.019943], [-96.750773, 17.019871], [-96.750225, 17.019774], [-96.750144, 17.019759], [-96.749906, 17.019634], [-96.749618, 17.019469], [-96.749361, 17.01932], [-96.74927, 17.019272], [-96.749088, 17.019228], [-96.748854, 17.019334], [-96.747906, 17.019717], [-96.747326, 17.019946], [-96.746685, 17.020197], [-96.743997, 17.021257], [-96.741364, 17.022285], [-96.740302, 17.02269], [-96.739784, 17.022898], [-96.738522, 17.023403], [-96.737175, 17.023901], [-96.736317, 17.02428], [-96.735727, 17.024532], [-96.735496, 17.024617], [-96.7353, 17.024658], [-96.734922, 17.024524], [-96.734391, 17.024334], [-96.733274, 17.023932], [-96.73271, 17.023747], [-96.731729, 17.023406], [-96.730927, 17.02317], [-96.730666, 17.023129], [-96.730313, 17.023083], [-96.730158, 17.023106], [-96.73024, 17.023094], [-96.730313, 17.023083], [-96.73024, 17.023094], [-96.730218, 17.023097], [-96.730158, 17.023106], [-96.730138, 17.023105], [-96.729996, 17.023126], [-96.729929, 17.023195], [-96.729953, 17.0233], [-96.730076, 17.023374], [-96.730208, 17.023287], [-96.730334, 17.023244], [-96.730433, 17.023202], [-96.730532, 17.023154], [-96.730709, 17.023174], [-96.731313, 17.023333], [-96.731638, 17.02342], [-96.7326, 17.023749], [-96.733263, 17.023969], [-96.734411, 17.024395], [-96.735159, 17.024659], [-96.735352, 17.024734], [-96.735512, 17.024704], [-96.735657, 17.024655], [-96.735757, 17.024604], [-96.736202, 17.024436], [-96.736497, 17.024308], [-96.736905, 17.024144], [-96.737221, 17.024018], [-96.737492, 17.02391], [-96.73777, 17.0238], [-96.738033, 17.023705], [-96.738524, 17.023514], [-96.738714, 17.023436], [-96.738974, 17.023331], [-96.739282, 17.023205], [-96.739743, 17.023021], [-96.74022, 17.022835], [-96.740845, 17.022601], [-96.743542, 17.021536], [-96.744609, 17.021121], [-96.746212, 17.020509], [-96.746898, 17.020237], [-96.7476, 17.019951], [-96.748362, 17.01966], [-96.749168, 17.019325], [-96.749235, 17.019306], [-96.749888, 17.019679], [-96.750095, 17.019792], [-96.750311, 17.01984], [-96.750893, 17.019949], [-96.751441, 17.020065], [-96.751959, 17.020201], [-96.752462, 17.020328], [-96.752755, 17.020376], [-96.752961, 17.020403], [-96.753185, 17.02042], [-96.753603, 17.020474], [-96.754127, 17.020521], [-96.75437, 17.020571], [-96.755043, 17.020692], [-96.755208, 17.020726], [-96.75548, 17.020819], [-96.755636, 17.020911], [-96.756014, 17.021204], [-96.756398, 17.021522], [-96.756593, 17.02166], [-96.756808, 17.02177], [-96.757162, 17.021882], [-96.757419, 17.021895], [-96.758082, 17.021951], [-96.758409, 17.021997], [-96.758744, 17.022074], [-96.758564, 17.022612], [-96.758329, 17.023382], [-96.758286, 17.023541], [-96.758262, 17.023782], [-96.758235, 17.024575], [-96.758222, 17.024621], [-96.757106, 17.024399], [-96.755826, 17.024073], [-96.754726, 17.023833], [-96.75472, 17.024142], [-96.754734, 17.024312], [-96.754758, 17.024392], [-96.754764, 17.024555], [-96.754677, 17.024801], [-96.754485, 17.025201], [-96.754315, 17.025559], [-96.754088, 17.02634], [-96.754002, 17.026711], [-96.753927, 17.026902], [-96.753821, 17.027244], [-96.753817, 17.027321], [-96.753836, 17.02744], [-96.753926, 17.027813], [-96.753968, 17.028004], [-96.753978, 17.028186], [-96.753938, 17.028647], [-96.753911, 17.028869]]]}, "properties": {"route_id": null, "route_name": "BinniBusRC07"}}, {"type": "Feature", "geometry": {"type": "MultiLineString", "coordinates": [[[-96.697904, 17.093954], [-96.698005, 17.093926], [-96.698189, 17.093909], [-96.698399, 17.093907], [-96.698786, 17.093925], [-96.699103, 17.093938], [-96.699301, 17.093932], [-96.699367, 17.093922], [-96.699398, 17.093885], [-96.699511, 17.09377], [-96.699786, 17.093497], [-96.700036, 17.093241], [-96.700164, 17.093115], [-96.70042, 17.092885], [-96.700541, 17.09278], [-96.700607, 17.09274], [-96.700809, 17.092691], [-96.701005, 17.092655], [-96.701145, 17.09263], [-96.701262, 17.092616], [-96.701359, 17.092622], [-96.701408, 17.092628], [-96.701524, 17.092674], [-96.701791, 17.092776], [-96.701911, 17.092816], [-96.702078, 17.09286], [-96.702359, 17.092935], [-96.702595, 17.092988], [-96.70276, 17.093016], [-96.702856, 17.093015], [-96.702931, 17.093002], [-96.703019, 17.092967], [-96.703073, 17.092931], [-96.703117, 17.092885], [-96.703131, 17.092876], [-96.703164, 17.092892], [-96.703564, 17.093083], [-96.704227, 17.093415], [-96.704468, 17.093534], [-96.705115, 17.093813], [-96.705308, 17.093904], [-96.705554, 17.094021], [-96.706052, 17.094263], [-96.70648, 17.094472], [-96.706872, 17.094676], [-96.707125, 17.094811], [-96.707168, 17.094824], [-96.707259, 17.09465], [-96.707468, 17.094256], [-96.707601, 17.094004], [-96.707744, 17.093729], [-96.707876, 17.093453], [-96.708052, 17.093142], [-96.708168, 17.092928], [-96.708355, 17.092597], [-96.708774, 17.091786], [-96.709197, 17.09096], [-96.709579, 17.09015], [-96.709888, 17.089526], [-96.709985, 17.08945], [-96.710049, 17.089408], [-96.710403, 17.089021], [-96.710551, 17.08885], [-96.710636, 17.088742], [-96.710776, 17.088493], [-96.711047, 17.088011], [-96.711479, 17.087288], [-96.711905, 17.086591], [-96.711967, 17.086511], [-96.71209, 17.086468], [-96.712155, 17.086404], [-96.712184, 17.086337], [-96.712198, 17.086288], [-96.712187, 17.086236], [-96.712175, 17.086205], [-96.712162, 17.086137], [-96.712074, 17.086083], [-96.711949, 17.086059], [-96.711862, 17.086088], [-96.711803, 17.08602], [-96.711668, 17.085904], [-96.711529, 17.085662], [-96.711451, 17.085469], [-96.711374, 17.085221], [-96.711347, 17.084949], [-96.711354, 17.084812], [-96.711389, 17.084676], [-96.711457, 17.084449], [-96.711506, 17.084326], [-96.711565, 17.084224], [-96.711704, 17.083985], [-96.711777, 17.083872], [-96.711878, 17.083714], [-96.71194, 17.083583], [-96.711991, 17.083424], [-96.71201, 17.083224], [-96.712058, 17.082306], [-96.71208, 17.082155], [-96.712163, 17.081809], [-96.712176, 17.081501], [-96.712286, 17.08078], [-96.712337, 17.080334], [-96.712377, 17.079855], [-96.712447, 17.079519], [-96.712493, 17.079345], [-96.712589, 17.078434], [-96.71263, 17.078086], [-96.712697, 17.077642], [-96.712812, 17.076852], [-96.712906, 17.076065], [-96.713072, 17.075012], [-96.713193, 17.074127], [-96.713268, 17.073548], [-96.713359, 17.072889], [-96.713504, 17.071653], [-96.713563, 17.071209], [-96.713622, 17.070953], [-96.713681, 17.070689], [-96.713745, 17.070186], [-96.713896, 17.06903], [-96.713984, 17.068171], [-96.714134, 17.067163], [-96.714185, 17.06672], [-96.714276, 17.065907], [-96.714311, 17.065612], [-96.714349, 17.065409], [-96.714354, 17.065344], [-96.714341, 17.065241], [-96.714345, 17.065064], [-96.714284, 17.064449], [-96.714251, 17.06386], [-96.714162, 17.062524], [-96.714117, 17.061747], [-96.71405, 17.061352], [-96.713956, 17.061072], [-96.71346, 17.059826], [-96.713122, 17.058947], [-96.712993, 17.058572], [-96.712947, 17.058424], [-96.712947, 17.058054], [-96.713055, 17.056706], [-96.713068, 17.05647], [-96.713116, 17.0563], [-96.713208, 17.055326], [-96.713272, 17.054688], [-96.713385, 17.054525], [-96.713627, 17.054154], [-96.713759, 17.054103], [-96.714422, 17.053913], [-96.715778, 17.053566], [-96.716759, 17.053331], [-96.718185, 17.053006], [-96.719188, 17.05275], [-96.720285, 17.052466], [-96.7213, 17.052216], [-96.722239, 17.051969], [-96.723398, 17.051651], [-96.724913, 17.051282], [-96.725133, 17.051238], [-96.725619, 17.051146], [-96.72589, 17.051092], [-96.726262, 17.050997], [-96.726893, 17.050782], [-96.727118, 17.050708], [-96.72726, 17.050695], [-96.727617, 17.050685], [-96.727791, 17.050701], [-96.727948, 17.050744], [-96.728198, 17.050804], [-96.72827, 17.050844], [-96.728399, 17.050945], [-96.728532, 17.051069], [-96.728711, 17.051264], [-96.728772, 17.051326], [-96.728828, 17.051445], [-96.729042, 17.051964], [-96.729118, 17.052285], [-96.729178, 17.052487], [-96.729326, 17.052999], [-96.729453, 17.053414], [-96.729637, 17.054026], [-96.72981, 17.054575], [-96.729962, 17.055048], [-96.73004, 17.055395], [-96.730165, 17.055857], [-96.730223, 17.056031], [-96.73029, 17.056207], [-96.730377, 17.056412], [-96.730503, 17.056616], [-96.730612, 17.05677], [-96.73084, 17.057079], [-96.73099, 17.057294], [-96.731123, 17.057471], [-96.731269, 17.05765], [-96.731463, 17.057957], [-96.731611, 17.05813], [-96.732198, 17.058989], [-96.73259, 17.05954], [-96.732998, 17.060086], [-96.733081, 17.06024], [-96.733539, 17.060868], [-96.733783, 17.061233], [-96.734168, 17.061758], [-96.734351, 17.061972], [-96.734576, 17.062299], [-96.734878, 17.062732], [-96.735114, 17.063104], [-96.735403, 17.06353], [-96.735495, 17.063647], [-96.735816, 17.064253], [-96.735942, 17.064486], [-96.736109, 17.064945], [-96.73615, 17.065096], [-96.736246, 17.065373], [-96.736254, 17.065468], [-96.736259, 17.065563], [-96.736238, 17.065663], [-96.736208, 17.065742], [-96.736154, 17.065822], [-96.736101, 17.065904], [-96.73587, 17.066108], [-96.735818, 17.066103], [-96.735684, 17.066117], [-96.73548, 17.066181], [-96.735395, 17.066259], [-96.735319, 17.066355], [-96.735263, 17.066438], [-96.735206, 17.066476], [-96.734714, 17.06664], [-96.734423, 17.066733], [-96.734416, 17.06682], [-96.734561, 17.066974], [-96.734772, 17.06718], [-96.734903, 17.067338], [-96.734992, 17.067436], [-96.73521, 17.067747], [-96.735368, 17.067967], [-96.735476, 17.068136], [-96.735625, 17.068405], [-96.73581, 17.068755], [-96.735918, 17.068962], [-96.736042, 17.069237], [-96.736207, 17.069688], [-96.736404, 17.070187], [-96.736499, 17.070541], [-96.736637, 17.070972], [-96.736837, 17.07136], [-96.737064, 17.071791], [-96.737352, 17.072332], [-96.737466, 17.072508], [-96.737715, 17.07295], [-96.73822, 17.073822], [-96.738566, 17.074401], [-96.738638, 17.074511], [-96.738936, 17.074965], [-96.739199, 17.075255], [-96.739598, 17.07575], [-96.739749, 17.076042], [-96.740154, 17.076947], [-96.740432, 17.077575], [-96.740685, 17.078126], [-96.741122, 17.079003], [-96.741511, 17.07988], [-96.741495, 17.080039], [-96.741438, 17.080108], [-96.741476, 17.080175], [-96.741892, 17.080403], [-96.742204, 17.080596], [-96.742358, 17.080698], [-96.742483, 17.08079], [-96.742686, 17.080985], [-96.742825, 17.081122], [-96.742902, 17.081225], [-96.743017, 17.081417], [-96.743166, 17.081747], [-96.743398, 17.082294], [-96.743604, 17.082807], [-96.742588, 17.083252], [-96.741589, 17.08371], [-96.741276, 17.083828], [-96.741206, 17.083888], [-96.741029, 17.084476], [-96.740963, 17.084622], [-96.740899, 17.084706], [-96.740849, 17.084759], [-96.74052, 17.08497], [-96.740244, 17.085167], [-96.740141, 17.085243], [-96.740099, 17.08529], [-96.740076, 17.085359], [-96.740074, 17.085399], [-96.740067, 17.08547], [-96.740074, 17.085676], [-96.740082, 17.085726], [-96.740114, 17.085784], [-96.740157, 17.085823], [-96.740205, 17.085866], [-96.740567, 17.08607], [-96.740627, 17.086109], [-96.740732, 17.086353], [-96.740943, 17.086894], [-96.741078, 17.087187], [-96.74111, 17.087278], [-96.74111, 17.087348], [-96.741087, 17.087416], [-96.741062, 17.087472], [-96.741016, 17.087559], [-96.740957, 17.087654], [-96.740865, 17.087767], [-96.740787, 17.087853], [-96.740677, 17.087952], [-96.740599, 17.088027], [-96.740473, 17.088164], [-96.740265, 17.088414], [-96.740136, 17.088562], [-96.740041, 17.088682], [-96.739993, 17.088728], [-96.739973, 17.088785], [-96.739976, 17.088877], [-96.739946, 17.089159], [-96.739961, 17.089213], [-96.740044, 17.08932], [-96.740126, 17.089413], [-96.740152, 17.089427], [-96.740436, 17.089496], [-96.74065, 17.089544], [-96.74091, 17.089573], [-96.741087, 17.089566], [-96.741213, 17.089567], [-96.741345, 17.089584], [-96.741536, 17.089639], [-96.741768, 17.089708], [-96.741916, 17.089757], [-96.741988, 17.089776], [-96.742052, 17.089798], [-96.742128, 17.089839], [-96.74222, 17.089896], [-96.742314, 17.090001], [-96.742394, 17.090104], [-96.742454, 17.090186], [-96.742482, 17.090271], [-96.742528, 17.090383], [-96.742553, 17.090501], [-96.742562, 17.090585], [-96.742549, 17.090724], [-96.74255, 17.090784], [-96.74256, 17.090856], [-96.742598, 17.090965], [-96.742777, 17.09127], [-96.742822, 17.091321], [-96.742899, 17.091386], [-96.743038, 17.091539], [-96.743129, 17.091617], [-96.743196, 17.09169], [-96.74325, 17.09179], [-96.743355, 17.092129], [-96.743202, 17.092232], [-96.743113, 17.092292], [-96.742946, 17.09246], [-96.742818, 17.092517], [-96.742707, 17.092561], [-96.742531, 17.092594], [-96.742434, 17.092594], [-96.742208, 17.092637], [-96.742024, 17.092687], [-96.741775, 17.092775], [-96.741675, 17.092819], [-96.74161, 17.092866], [-96.741583, 17.092929], [-96.741588, 17.092971], [-96.741631, 17.093142], [-96.741628, 17.093171], [-96.741567, 17.093408], [-96.741473, 17.093685], [-96.741438, 17.093768], [-96.741379, 17.093938], [-96.741321, 17.094091], [-96.741267, 17.094229], [-96.741234, 17.094318], [-96.741149, 17.094636], [-96.741059, 17.094918], [-96.741031, 17.095007], [-96.740957, 17.095148], [-96.740903, 17.095273], [-96.740891, 17.095352], [-96.740935, 17.095451], [-96.740994, 17.095506], [-96.741044, 17.095547], [-96.741123, 17.095612], [-96.741193, 17.09569], [-96.741245, 17.09577], [-96.741285, 17.095901], [-96.741324, 17.096003], [-96.741362, 17.096072], [-96.741408, 17.096124], [-96.74147, 17.096165], [-96.741559, 17.096199], [-96.741646, 17.096207], [-96.74181, 17.09617], [-96.742447, 17.09598], [-96.742669, 17.095932], [-96.742841, 17.095888], [-96.74297, 17.09588], [-96.743238, 17.095883], [-96.743277, 17.095948], [-96.743329, 17.096002], [-96.743392, 17.096044], [-96.743533, 17.096075], [-96.743801, 17.096094], [-96.743934, 17.096101], [-96.744031, 17.096111], [-96.744134, 17.096146], [-96.744206, 17.096178], [-96.744269, 17.096235], [-96.744307, 17.096293], [-96.744316, 17.096371], [-96.744315, 17.096439], [-96.744283, 17.09651], [-96.744224, 17.096608], [-96.744181, 17.096652], [-96.744124, 17.096681], [-96.744052, 17.096698], [-96.743968, 17.096701], [-96.743891, 17.096686], [-96.743827, 17.096658], [-96.743764, 17.096643], [-96.74372, 17.096636], [-96.743622, 17.096666], [-96.743524, 17.096693], [-96.743459, 17.096689], [-96.743356, 17.096633], [-96.7433, 17.096598], [-96.743219, 17.096575], [-96.743135, 17.096556], [-96.74303, 17.096544], [-96.742887, 17.096552], [-96.742802, 17.096558], [-96.742719, 17.096581], [-96.742648, 17.096616], [-96.742549, 17.096674], [-96.742364, 17.096784], [-96.742305, 17.09682], [-96.742109, 17.096842], [-96.741782, 17.096894], [-96.741558, 17.096938], [-96.741206, 17.097001], [-96.741052, 17.097025], [-96.740943, 17.097025], [-96.740825, 17.097008], [-96.740744, 17.097004], [-96.740534, 17.097157], [-96.74016, 17.097515], [-96.739702, 17.09798], [-96.739425, 17.098306], [-96.739278, 17.09833], [-96.739232, 17.098543], [-96.73914, 17.098753], [-96.738686, 17.099102], [-96.738627, 17.099122], [-96.738564, 17.099181], [-96.738528, 17.099239], [-96.738488, 17.099364], [-96.73848, 17.099428], [-96.738404, 17.099625], [-96.738348, 17.099784], [-96.738264, 17.099914], [-96.738195, 17.100021], [-96.738111, 17.100121], [-96.738038, 17.100189], [-96.737944, 17.100291], [-96.737871, 17.100371], [-96.737832, 17.100449], [-96.737869, 17.100535], [-96.73794, 17.100624], [-96.738144, 17.10088], [-96.738298, 17.101038], [-96.738349, 17.10108], [-96.738434, 17.101131], [-96.738611, 17.101178], [-96.738658, 17.101201], [-96.738691, 17.101242], [-96.738734, 17.101374], [-96.73876, 17.101502], [-96.73877, 17.10157], [-96.738811, 17.101658], [-96.738892, 17.101778], [-96.738954, 17.101869], [-96.739014, 17.101946], [-96.739095, 17.102038], [-96.739206, 17.102148], [-96.739375, 17.10226], [-96.739473, 17.10233], [-96.739568, 17.102383], [-96.739664, 17.102424], [-96.739731, 17.102442], [-96.739803, 17.102443], [-96.739866, 17.102428], [-96.739912, 17.102406], [-96.739986, 17.102354], [-96.740035, 17.102315], [-96.740113, 17.102207], [-96.740187, 17.102097], [-96.740248, 17.10199], [-96.740288, 17.101897], [-96.740346, 17.101738], [-96.740361, 17.101683], [-96.740399, 17.101644], [-96.740454, 17.101601], [-96.740558, 17.101596], [-96.740706, 17.101589], [-96.740764, 17.101567], [-96.740811, 17.101531], [-96.740882, 17.101468], [-96.740933, 17.101417], [-96.741006, 17.101416], [-96.74106, 17.101432], [-96.741126, 17.101495], [-96.741161, 17.101551], [-96.741226, 17.10164], [-96.741271, 17.101685], [-96.74132, 17.101724], [-96.741374, 17.101753], [-96.74145, 17.101788], [-96.741533, 17.101814], [-96.741677, 17.101849], [-96.741944, 17.101896], [-96.741995, 17.101899], [-96.742067, 17.101912], [-96.742161, 17.101933], [-96.742232, 17.101958], [-96.742303, 17.101986], [-96.742392, 17.102026], [-96.742466, 17.102068], [-96.742517, 17.102104], [-96.742556, 17.102155], [-96.742643, 17.102259], [-96.742773, 17.102418], [-96.742838, 17.102502], [-96.742877, 17.102531], [-96.742927, 17.102557], [-96.743014, 17.102583], [-96.74313, 17.102602], [-96.743243, 17.102599], [-96.743333, 17.102574], [-96.743387, 17.102557], [-96.743499, 17.102509], [-96.743668, 17.102312], [-96.743768, 17.102238], [-96.743967, 17.10205], [-96.74405, 17.101981], [-96.744144, 17.101913], [-96.744272, 17.101838], [-96.74436, 17.101782], [-96.744433, 17.101745], [-96.744628, 17.101654], [-96.744716, 17.101621], [-96.744791, 17.101577], [-96.74516, 17.101349], [-96.745206, 17.101333], [-96.745243, 17.10133], [-96.745302, 17.101349], [-96.745336, 17.101365], [-96.745371, 17.101406], [-96.745464, 17.1016], [-96.745492, 17.101627], [-96.74555, 17.101657], [-96.745621, 17.101682], [-96.745691, 17.101698], [-96.745752, 17.101693], [-96.745885, 17.101657], [-96.746261, 17.101553], [-96.746395, 17.101524], [-96.746432, 17.101444], [-96.746452, 17.101376], [-96.746466, 17.101266], [-96.746475, 17.101207], [-96.746515, 17.101194], [-96.746576, 17.101156], [-96.746602, 17.101094], [-96.746608, 17.10103], [-96.746607, 17.101012], [-96.746898, 17.100896], [-96.747205, 17.100772], [-96.748111, 17.100419], [-96.74928, 17.099976], [-96.749858, 17.09974], [-96.750336, 17.099571], [-96.750775, 17.099417], [-96.750846, 17.099578], [-96.750945, 17.099775], [-96.751559, 17.101203], [-96.751785, 17.101721], [-96.751978, 17.102021], [-96.752597, 17.103472], [-96.752678, 17.103451], [-96.75271, 17.103369], [-96.75242, 17.102718], [-96.752007, 17.10179], [-96.751755, 17.101267], [-96.751693, 17.101129], [-96.751567, 17.100808], [-96.751414, 17.100424], [-96.750894, 17.09917], [-96.750497, 17.098226], [-96.750398, 17.097975], [-96.750232, 17.09757], [-96.75014, 17.097341], [-96.750126, 17.097299], [-96.750011, 17.097167], [-96.749926, 17.097028], [-96.749829, 17.0968], [-96.749594, 17.096218], [-96.749484, 17.095963], [-96.749259, 17.095374], [-96.749001, 17.094739], [-96.748909, 17.094525], [-96.748718, 17.094089], [-96.748544, 17.093707], [-96.74848, 17.093558], [-96.748345, 17.093361], [-96.748128, 17.092877], [-96.748077, 17.092751], [-96.748005, 17.092441], [-96.747812, 17.092079], [-96.747785, 17.091966], [-96.74775, 17.091841], [-96.747589, 17.091484], [-96.747337, 17.0909], [-96.747181, 17.090549], [-96.746849, 17.089762], [-96.746682, 17.089372], [-96.746414, 17.088818], [-96.746127, 17.088164], [-96.74576, 17.087334], [-96.745459, 17.086639], [-96.745207, 17.086082], [-96.745146, 17.085929], [-96.745105, 17.0858], [-96.744826, 17.085188], [-96.744641, 17.084747], [-96.744448, 17.084272], [-96.744255, 17.083775], [-96.743979, 17.083185], [-96.743914, 17.083032], [-96.74382, 17.082808], [-96.743756, 17.082665], [-96.743635, 17.082483], [-96.743614, 17.082091], [-96.743614, 17.081478], [-96.7436, 17.081029], [-96.743558, 17.080509], [-96.743512, 17.08023], [-96.743389, 17.079932], [-96.743, 17.079163], [-96.742922, 17.079063], [-96.742919, 17.078932], [-96.742723, 17.078589], [-96.74253, 17.078301], [-96.742114, 17.07755], [-96.741806, 17.077017], [-96.741445, 17.076375], [-96.741306, 17.076113], [-96.741271, 17.076031], [-96.741263, 17.075923], [-96.741217, 17.075839], [-96.741129, 17.075708], [-96.741038, 17.075603], [-96.740861, 17.075503], [-96.740625, 17.075131], [-96.740279, 17.074618], [-96.739825, 17.074026], [-96.739302, 17.073341], [-96.739026, 17.072964], [-96.738803, 17.072667], [-96.738506, 17.072257], [-96.738441, 17.0722], [-96.738372, 17.072008], [-96.738119, 17.071511], [-96.737862, 17.070977], [-96.737682, 17.070508], [-96.737602, 17.0703], [-96.737478, 17.06997], [-96.737221, 17.069352], [-96.737175, 17.069249], [-96.736491, 17.068129], [-96.736126, 17.067542], [-96.735901, 17.06718], [-96.735837, 17.067103], [-96.73589, 17.066957], [-96.735939, 17.066831], [-96.735971, 17.066626], [-96.735995, 17.066413], [-96.736097, 17.066257], [-96.736202, 17.06608], [-96.736255, 17.065918], [-96.736322, 17.065739], [-96.736362, 17.065554], [-96.736376, 17.065375], [-96.736312, 17.065044], [-96.736269, 17.06489], [-96.736097, 17.06446], [-96.735931, 17.064098], [-96.735598, 17.063498], [-96.735282, 17.063011], [-96.735056, 17.062675], [-96.73474, 17.062265], [-96.734488, 17.061936], [-96.734429, 17.061836], [-96.734335, 17.061677], [-96.733967, 17.06118], [-96.733801, 17.060939], [-96.733358, 17.060321], [-96.732835, 17.059544], [-96.732417, 17.058924], [-96.73195, 17.05828], [-96.731561, 17.057726], [-96.731454, 17.057575], [-96.731285, 17.057457], [-96.731202, 17.057321], [-96.730695, 17.056557], [-96.730518, 17.056275], [-96.73044, 17.056087], [-96.730279, 17.055567], [-96.730167, 17.055152], [-96.730116, 17.054836], [-96.730062, 17.054731], [-96.729974, 17.054382], [-96.72966, 17.053372], [-96.729477, 17.05278], [-96.729413, 17.052562], [-96.729351, 17.052067], [-96.729319, 17.051751], [-96.729274, 17.051649], [-96.729072, 17.051308], [-96.728936, 17.051131], [-96.72871, 17.050933], [-96.728246, 17.05062], [-96.727977, 17.050518], [-96.727687, 17.050477], [-96.727475, 17.050497], [-96.727232, 17.05046], [-96.727046, 17.050504], [-96.726542, 17.050641], [-96.726098, 17.050727], [-96.72545, 17.0509], [-96.724695, 17.051119], [-96.723869, 17.051332], [-96.723098, 17.051529], [-96.722203, 17.051752], [-96.72021, 17.052265], [-96.718515, 17.052668], [-96.718199, 17.052773], [-96.718102, 17.052814], [-96.716399, 17.053194], [-96.715186, 17.053473], [-96.713789, 17.053824], [-96.713357, 17.053986], [-96.713135, 17.054091], [-96.713035, 17.054222], [-96.712984, 17.054453], [-96.712982, 17.054766], [-96.712885, 17.055686], [-96.71284, 17.056309], [-96.712832, 17.056648], [-96.712719, 17.057802], [-96.712684, 17.058304], [-96.712692, 17.058512], [-96.712746, 17.058691], [-96.71285, 17.058945], [-96.713258, 17.059968], [-96.713419, 17.06034], [-96.71351, 17.060602], [-96.713572, 17.060753], [-96.713593, 17.061017], [-96.713631, 17.061194], [-96.713687, 17.061327], [-96.713714, 17.061389], [-96.713862, 17.061568], [-96.713928, 17.061684], [-96.713988, 17.06184], [-96.714001, 17.062179], [-96.714055, 17.062989], [-96.714143, 17.064494], [-96.714135, 17.065115], [-96.714122, 17.06523], [-96.714124, 17.065497], [-96.714095, 17.06583], [-96.714084, 17.066207], [-96.713993, 17.066927], [-96.713859, 17.067938], [-96.713816, 17.068281], [-96.713749, 17.069068], [-96.713623, 17.070192], [-96.713505, 17.070825], [-96.713398, 17.071494], [-96.713365, 17.071963], [-96.713231, 17.072889], [-96.713108, 17.073786], [-96.713046, 17.074081], [-96.712942, 17.07494], [-96.712756, 17.076043], [-96.712644, 17.077058], [-96.712443, 17.078291], [-96.712351, 17.079299], [-96.712282, 17.079637], [-96.712244, 17.079822], [-96.712201, 17.080442], [-96.712054, 17.081478], [-96.712019, 17.081794], [-96.711941, 17.082155], [-96.711904, 17.082383], [-96.711842, 17.083255], [-96.711815, 17.083388], [-96.711748, 17.083514], [-96.711563, 17.083806], [-96.711288, 17.084383], [-96.711199, 17.084693], [-96.711181, 17.084988], [-96.711216, 17.085229], [-96.711291, 17.085506], [-96.711339, 17.085634], [-96.711462, 17.085839], [-96.711709, 17.086219], [-96.711736, 17.086237], [-96.711741, 17.086302], [-96.71176, 17.08637], [-96.71179, 17.086416], [-96.711814, 17.086466], [-96.711738, 17.086533], [-96.711671, 17.086631], [-96.711403, 17.087071], [-96.711202, 17.087404], [-96.710976, 17.087822], [-96.710756, 17.088192], [-96.710484, 17.088662], [-96.710394, 17.088774], [-96.710355, 17.08884], [-96.710121, 17.089068], [-96.709977, 17.089242], [-96.709885, 17.089365], [-96.709828, 17.089542], [-96.709559, 17.090069], [-96.70919, 17.090862], [-96.708871, 17.091465], [-96.708374, 17.092438], [-96.707894, 17.093304], [-96.707578, 17.093976], [-96.707339, 17.094366], [-96.707157, 17.094745], [-96.706787, 17.094571], [-96.70544, 17.093914], [-96.704812, 17.093617], [-96.70445, 17.093471], [-96.704045, 17.093266], [-96.703482, 17.092985], [-96.703148, 17.092826], [-96.703062, 17.092866], [-96.702952, 17.092938], [-96.702881, 17.092958], [-96.702777, 17.09296], [-96.70267, 17.092947], [-96.702132, 17.09281], [-96.702003, 17.092779], [-96.701884, 17.092749], [-96.701656, 17.092663], [-96.701522, 17.092607], [-96.701469, 17.092593], [-96.701379, 17.09257], [-96.701264, 17.092558], [-96.701064, 17.092586], [-96.700738, 17.092649], [-96.700578, 17.09269], [-96.70051, 17.092728], [-96.700331, 17.092883], [-96.700034, 17.093156], [-96.699716, 17.093484], [-96.699385, 17.093818], [-96.699328, 17.093872], [-96.69927, 17.093878], [-96.699122, 17.093879], [-96.698827, 17.093872], [-96.698403, 17.093848], [-96.698218, 17.093847], [-96.698106, 17.093857], [-96.697997, 17.093867], [-96.697918, 17.09389], [-96.697883, 17.093897]]]}, "properties": {"route_id": null, "route_name": "BinniBusRC08"}}, {"type": "Feature", "geometry": {"type": "MultiLineString", "coordinates": [[[-96.721494, 17.08308], [-96.721215, 17.082973], [-96.721, 17.082927], [-96.720941, 17.082988], [-96.720952, 17.08308], [-96.72099, 17.083162], [-96.720485, 17.083742], [-96.720357, 17.083808], [-96.72018, 17.083383], [-96.720019, 17.083014], [-96.719842, 17.08285], [-96.71953, 17.08282], [-96.719416, 17.08286], [-96.719214, 17.082796], [-96.719145, 17.082752], [-96.719147, 17.082327], [-96.71912, 17.08217], [-96.719024, 17.082001], [-96.718917, 17.081901], [-96.71926, 17.079392], [-96.719295, 17.079233], [-96.719384, 17.07911], [-96.719422, 17.079005], [-96.71933, 17.078887], [-96.719301, 17.078849], [-96.719414, 17.077994], [-96.719672, 17.075808], [-96.719698, 17.07542], [-96.719644, 17.075108], [-96.719494, 17.074733], [-96.719553, 17.074528], [-96.71952, 17.074426], [-96.719456, 17.074323], [-96.719645, 17.071808], [-96.71979, 17.070798], [-96.722504, 17.057561], [-96.722734, 17.056759], [-96.725599, 17.057257], [-96.726494, 17.057426], [-96.727935, 17.05081], [-96.72801, 17.050615], [-96.728235, 17.050363], [-96.728471, 17.05022], [-96.730032, 17.049743], [-96.730692, 17.049553], [-96.730971, 17.049461], [-96.731229, 17.049338], [-96.731384, 17.049112], [-96.731476, 17.048835], [-96.731395, 17.048384], [-96.730941, 17.04552], [-96.730372, 17.044196], [-96.729771, 17.042884], [-96.729503, 17.042166], [-96.729385, 17.041848], [-96.729235, 17.041099], [-96.728772, 17.038613], [-96.728547, 17.03732], [-96.728503, 17.036797], [-96.728572, 17.036684], [-96.728567, 17.036602], [-96.728486, 17.036535], [-96.72854, 17.035832], [-96.728833, 17.033697], [-96.729013, 17.032023], [-96.729317, 17.02997], [-96.729687, 17.02663], [-96.729927, 17.024371], [-96.73008, 17.02339], [-96.730208, 17.023262], [-96.730434, 17.023216], [-96.7306, 17.023154], [-96.734397, 17.02441], [-96.735448, 17.024749], [-96.736345, 17.024365], [-96.738201, 17.023636], [-96.739247, 17.023226], [-96.740052, 17.022918], [-96.747212, 17.020117], [-96.748178, 17.019717], [-96.748468, 17.019625], [-96.749283, 17.019286], [-96.751345, 17.018088], [-96.754047, 17.016461], [-96.7561, 17.015173], [-96.756766, 17.014794], [-96.758665, 17.013686], [-96.760027, 17.012865], [-96.761111, 17.012219], [-96.76606, 17.00925], [-96.767771, 17.008218], [-96.768311, 17.007893], [-96.768462, 17.007755], [-96.768172, 17.007503], [-96.767115, 17.00699], [-96.76682, 17.006918], [-96.765849, 17.006883], [-96.765495, 17.006826], [-96.76339, 17.006084], [-96.763009, 17.005941], [-96.76265, 17.005859], [-96.761947, 17.005772], [-96.761842, 17.005725], [-96.76178, 17.005594], [-96.761416, 17.004837], [-96.760791, 17.003833], [-96.760385, 17.003235], [-96.760143, 17.002953], [-96.759854, 17.002681], [-96.759687, 17.00247], [-96.759623, 17.002317], [-96.759607, 17.001937], [-96.759427, 17.001383], [-96.759349, 17.001216], [-96.758891, 17.000403], [-96.758719, 17.000008], [-96.758617, 16.999777], [-96.758554, 16.999612], [-96.758623, 16.999003], [-96.758344, 16.997772], [-96.757958, 16.997197], [-96.756596, 16.997046], [-96.756596, 16.997046], [-96.754818, 16.99699], [-96.753051, 16.99694], [-96.752935, 16.996971], [-96.752935, 16.997033], [-96.755692, 16.99714], [-96.757173, 16.997207], [-96.757607, 16.997207], [-96.757908, 16.997212], [-96.758155, 16.997422], [-96.758326, 16.998038], [-96.758594, 16.998836], [-96.758599, 16.999123], [-96.758532, 16.999438], [-96.758513, 16.999631], [-96.758792, 17.000308], [-96.759016, 17.000735], [-96.759349, 17.001335], [-96.759574, 17.001935], [-96.759574, 17.00232], [-96.759655, 17.002536], [-96.759799, 17.002657], [-96.760202, 17.003084], [-96.761039, 17.004316], [-96.761361, 17.004834], [-96.76179, 17.005696], [-96.761941, 17.005817], [-96.762183, 17.005843], [-96.762923, 17.005951], [-96.764409, 17.006484], [-96.764956, 17.006669], [-96.765117, 17.006705], [-96.765332, 17.006833], [-96.76561, 17.006868], [-96.765825, 17.006936], [-96.766501, 17.006925], [-96.766754, 17.006949], [-96.767065, 17.007016], [-96.767838, 17.007375], [-96.768004, 17.007457], [-96.768331, 17.007688], [-96.768369, 17.007746], [-96.767787, 17.008088], [-96.767081, 17.008539], [-96.765161, 17.009673], [-96.76199, 17.011607], [-96.760178, 17.012666], [-96.756655, 17.014777], [-96.756194, 17.015075], [-96.75354, 17.016669], [-96.751706, 17.017756], [-96.750788, 17.018341], [-96.749592, 17.019003], [-96.749142, 17.019224], [-96.748031, 17.019716], [-96.747141, 17.020039], [-96.743661, 17.021396], [-96.741072, 17.022405], [-96.739946, 17.022846], [-96.738521, 17.023422], [-96.737745, 17.023712], [-96.736911, 17.024027], [-96.735755, 17.024537], [-96.735344, 17.024676], [-96.735083, 17.024599], [-96.732915, 17.02381], [-96.731771, 17.023442], [-96.730988, 17.023201], [-96.730677, 17.023134], [-96.730296, 17.023099], [-96.73014, 17.023134], [-96.729969, 17.023145], [-96.729915, 17.023278], [-96.729969, 17.023406], [-96.729494, 17.026861], [-96.728987, 17.03092], [-96.728378, 17.036086], [-96.728362, 17.036512], [-96.728292, 17.03662], [-96.728362, 17.036799], [-96.728384, 17.037153], [-96.728786, 17.039482], [-96.729107, 17.041282], [-96.729279, 17.042], [-96.729955, 17.043621], [-96.730534, 17.044903], [-96.730792, 17.045734], [-96.73091, 17.046155], [-96.730985, 17.046832], [-96.73121, 17.048288], [-96.731301, 17.04875], [-96.731189, 17.04917], [-96.730958, 17.049376], [-96.729885, 17.04974], [-96.729156, 17.049919], [-96.728844, 17.050032], [-96.728726, 17.050073], [-96.728608, 17.050432], [-96.728523, 17.051037], [-96.728771, 17.051319], [-96.728937, 17.051693], [-96.728964, 17.051801], [-96.728889, 17.051914], [-96.728878, 17.052068], [-96.72853, 17.053196], [-96.727791, 17.05611], [-96.727544, 17.057259], [-96.727169, 17.059177], [-96.726465, 17.062308], [-96.725868, 17.065298], [-96.725632, 17.066776], [-96.725224, 17.068642], [-96.72501, 17.069586], [-96.724774, 17.070898], [-96.724474, 17.072129], [-96.724425, 17.07249], [-96.723746, 17.072385], [-96.721775, 17.072046], [-96.72103, 17.07184], [-96.720649, 17.071769], [-96.720273, 17.071753], [-96.719935, 17.071697], [-96.719629, 17.071625], [-96.719447, 17.071599], [-96.719224, 17.07154], [-96.718951, 17.071484], [-96.718739, 17.071438], [-96.718626, 17.071417], [-96.718546, 17.071502], [-96.718508, 17.071712], [-96.718162, 17.072039], [-96.71772, 17.07267], [-96.717556, 17.072987], [-96.717471, 17.073402], [-96.717402, 17.074299], [-96.717294, 17.075135], [-96.716999, 17.076983], [-96.71673, 17.079161], [-96.716497, 17.080781], [-96.716442, 17.081399], [-96.71638, 17.081955], [-96.716416, 17.082063], [-96.716377, 17.082423], [-96.718408, 17.082695], [-96.718864, 17.082761], [-96.719145, 17.082752], [-96.719416, 17.08286], [-96.719733, 17.082864], [-96.719996, 17.082961], [-96.72035, 17.083854], [-96.720787, 17.084075], [-96.721133, 17.084197], [-96.721895, 17.084484], [-96.721975, 17.084505], [-96.722061, 17.084156], [-96.722174, 17.083464], [-96.722195, 17.083202], [-96.722898, 17.083274], [-96.723665, 17.083382], [-96.723735, 17.082792], [-96.722925, 17.082648], [-96.722077, 17.082541], [-96.721804, 17.082546], [-96.721702, 17.082772], [-96.721616, 17.083002]]]}, "properties": {"route_id": null, "route_name": "BinniBusRC13"}}, {"type": "Feature", "geometry": {"type": "MultiLineString", "coordinates": [[[-96.729265, 16.907721], [-96.729131, 16.907801], [-96.728983, 16.907898], [-96.72844, 16.908255], [-96.72753, 16.908871], [-96.727158, 16.909111], [-96.726602, 16.909458], [-96.725962, 16.909894], [-96.725691, 16.910004], [-96.725114, 16.910399], [-96.724704, 16.910669], [-96.724242, 16.910964], [-96.723926, 16.911184], [-96.723331, 16.911569], [-96.722698, 16.91199], [-96.722542, 16.912128], [-96.722451, 16.912256], [-96.722236, 16.912385], [-96.72193, 16.912564], [-96.721539, 16.912816], [-96.721265, 16.912944], [-96.720986, 16.913093], [-96.719774, 16.913888], [-96.71898, 16.914417], [-96.718476, 16.914735], [-96.718068, 16.915007], [-96.717832, 16.915161], [-96.717483, 16.915423], [-96.717333, 16.915567], [-96.717102, 16.915726], [-96.716808, 16.915911], [-96.71626, 16.916321], [-96.715579, 16.916927], [-96.714801, 16.917866], [-96.714377, 16.918374], [-96.714072, 16.918723], [-96.713262, 16.919483], [-96.713074, 16.919647], [-96.712875, 16.919842], [-96.712537, 16.920165], [-96.71221, 16.920453], [-96.711507, 16.921161], [-96.710585, 16.922044], [-96.709641, 16.922957], [-96.70875, 16.923794], [-96.707876, 16.92464], [-96.707001, 16.925477], [-96.7058, 16.926616], [-96.705108, 16.927253], [-96.704555, 16.927797], [-96.704418, 16.927868], [-96.704158, 16.927897], [-96.70375, 16.927844], [-96.703223, 16.927658], [-96.700823, 16.925621], [-96.700744, 16.925496], [-96.698978, 16.92396], [-96.69827, 16.923369], [-96.697601, 16.92281], [-96.696218, 16.921637], [-96.695844, 16.920993], [-96.69575, 16.920566], [-96.695781, 16.920226], [-96.695907, 16.919875], [-96.695891, 16.91978], [-96.695838, 16.919711], [-96.695618, 16.91966], [-96.695393, 16.919591], [-96.695258, 16.919598], [-96.695237, 16.919702], [-96.695261, 16.919868], [-96.69534, 16.920517], [-96.695481, 16.920977], [-96.695672, 16.921433], [-96.695991, 16.921769], [-96.696633, 16.922267], [-96.696685, 16.92219], [-96.696991, 16.922458], [-96.698326, 16.92357], [-96.699796, 16.924826], [-96.700674, 16.925542], [-96.701842, 16.92652], [-96.702308, 16.926925], [-96.703057, 16.927609], [-96.703264, 16.928051], [-96.703375, 16.92857], [-96.703574, 16.92969], [-96.703659, 16.930137], [-96.703702, 16.930686], [-96.703901, 16.931836], [-96.704147, 16.933375], [-96.704507, 16.935371], [-96.704748, 16.936793], [-96.704995, 16.938204], [-96.705226, 16.939615], [-96.705607, 16.941955], [-96.705928, 16.943833], [-96.706191, 16.945358], [-96.706481, 16.94702], [-96.70683, 16.948919], [-96.707243, 16.95151], [-96.707608, 16.953568], [-96.707768, 16.954604], [-96.707768, 16.95502], [-96.707602, 16.956149], [-96.707388, 16.957226], [-96.707205, 16.958448], [-96.707017, 16.959499], [-96.706722, 16.961162], [-96.706095, 16.964564], [-96.705768, 16.966421], [-96.705574, 16.967417], [-96.705494, 16.968007], [-96.705505, 16.96833], [-96.705596, 16.968848], [-96.705848, 16.969977], [-96.706374, 16.972342], [-96.70691, 16.974677], [-96.707168, 16.975893], [-96.70764, 16.978006], [-96.707967, 16.979366], [-96.708364, 16.981177], [-96.708471, 16.981726], [-96.708573, 16.982152], [-96.708718, 16.982516], [-96.709147, 16.983076], [-96.709533, 16.983491], [-96.710483, 16.984414], [-96.71184, 16.985805], [-96.712516, 16.986503], [-96.713224, 16.987206], [-96.713342, 16.987349], [-96.713503, 16.987708], [-96.713492, 16.988616], [-96.71339, 16.9913], [-96.713326, 16.993444], [-96.71324, 16.995573], [-96.713181, 16.997599], [-96.713095, 16.999544], [-96.712993, 17.00079], [-96.712977, 17.00156], [-96.712924, 17.003217], [-96.712848, 17.004858], [-96.712752, 17.00787], [-96.712698, 17.00969], [-96.712596, 17.012102], [-96.712516, 17.01284], [-96.712006, 17.015236], [-96.711674, 17.016887], [-96.711261, 17.018611], [-96.710853, 17.020355], [-96.710531, 17.021673], [-96.709952, 17.024084], [-96.709716, 17.025187], [-96.709474, 17.026228], [-96.709496, 17.026741], [-96.709619, 17.027464], [-96.709796, 17.0279], [-96.710156, 17.028464], [-96.710848, 17.029444], [-96.711577, 17.030444], [-96.712709, 17.032045], [-96.713471, 17.033127], [-96.713873, 17.033594], [-96.714232, 17.034158], [-96.715069, 17.035368], [-96.716126, 17.03682], [-96.717542, 17.038846], [-96.717993, 17.039477], [-96.718261, 17.0398], [-96.718905, 17.040779], [-96.719055, 17.041005], [-96.71916, 17.041156], [-96.719311, 17.041368], [-96.719452, 17.041538], [-96.719801, 17.042005], [-96.719978, 17.042256], [-96.72015, 17.042441], [-96.720614, 17.043103], [-96.721128, 17.043795], [-96.721465, 17.044257], [-96.721625, 17.044506], [-96.721778, 17.044724], [-96.722213, 17.045308], [-96.722445, 17.045631], [-96.72266, 17.045931], [-96.722899, 17.046276], [-96.723148, 17.046588], [-96.723387, 17.046933], [-96.72361, 17.047244], [-96.723787, 17.047494], [-96.723929, 17.047721], [-96.724527, 17.048529], [-96.72494, 17.049057], [-96.725165, 17.049355], [-96.725306, 17.049471], [-96.725622, 17.04983], [-96.725883, 17.050192], [-96.725993, 17.05034], [-96.726231, 17.050715], [-96.726352, 17.0509], [-96.726585, 17.051243], [-96.72673, 17.051464], [-96.726556, 17.052271], [-96.726422, 17.052992], [-96.726143, 17.054318], [-96.725907, 17.055605], [-96.725609, 17.056874], [-96.72555, 17.057256], [-96.728165, 17.057769], [-96.729415, 17.058005], [-96.729195, 17.059082], [-96.728956, 17.060226], [-96.728833, 17.060844], [-96.728653, 17.061556], [-96.728568, 17.062239], [-96.728503, 17.062474], [-96.72833, 17.063055], [-96.728222, 17.063622], [-96.72814, 17.064142], [-96.728012, 17.064894], [-96.727778, 17.066023], [-96.727583, 17.067124], [-96.727481, 17.067745], [-96.727535, 17.068289], [-96.727594, 17.068627], [-96.72764, 17.069276], [-96.727674, 17.069506], [-96.727672, 17.069642], [-96.727626, 17.070022], [-96.727583, 17.070294], [-96.727473, 17.070709], [-96.727387, 17.071122], [-96.727259, 17.071835], [-96.727119, 17.072588], [-96.727058, 17.07293], [-96.727039, 17.073017], [-96.726948, 17.073158], [-96.726913, 17.073186], [-96.726194, 17.072981], [-96.725805, 17.072824], [-96.725247, 17.072642], [-96.724764, 17.07253], [-96.723801, 17.072378], [-96.722479, 17.07216], [-96.721811, 17.072035], [-96.7208, 17.071796], [-96.720411, 17.071753], [-96.720231, 17.071745], [-96.719773, 17.071663], [-96.719132, 17.07153], [-96.718592, 17.071399], [-96.71849, 17.071683], [-96.718386, 17.071868], [-96.718155, 17.072068], [-96.717836, 17.072532], [-96.717635, 17.072868], [-96.717487, 17.073201], [-96.717399, 17.074222], [-96.71731, 17.075142], [-96.717195, 17.075899], [-96.716932, 17.077586], [-96.716854, 17.078078], [-96.716785, 17.078827], [-96.716669, 17.079698], [-96.716594, 17.080306], [-96.716465, 17.081188], [-96.716474, 17.081234], [-96.717482, 17.081373], [-96.717442, 17.081693], [-96.717305, 17.082503], [-96.718509, 17.082696], [-96.718882, 17.08277], [-96.718963, 17.082901], [-96.719006, 17.083054], [-96.718914, 17.083385], [-96.718729, 17.08399], [-96.718584, 17.084449], [-96.718592, 17.084554], [-96.718311, 17.085418], [-96.71811, 17.086054], [-96.717777, 17.087072], [-96.717603, 17.087608], [-96.717259, 17.088698], [-96.71719, 17.08888], [-96.716956, 17.088874], [-96.716243, 17.088482], [-96.715296, 17.087946], [-96.714853, 17.087685], [-96.714464, 17.087441], [-96.714376, 17.08731], [-96.713249, 17.086726], [-96.712844, 17.086536], [-96.712429, 17.086421], [-96.712315, 17.086397], [-96.712159, 17.086158], [-96.712044, 17.086061], [-96.711913, 17.086076], [-96.711805, 17.086179], [-96.711754, 17.086246], [-96.711795, 17.086358], [-96.711905, 17.086466], [-96.712036, 17.086481], [-96.712141, 17.086466], [-96.712487, 17.086553], [-96.713117, 17.086797], [-96.714206, 17.087407], [-96.714549, 17.087549], [-96.714809, 17.087702], [-96.715229, 17.087966], [-96.715798, 17.088277], [-96.716407, 17.08862], [-96.716884, 17.088882], [-96.717002, 17.089012], [-96.717183, 17.089086], [-96.717278, 17.08909], [-96.717331, 17.088998], [-96.717435, 17.088596], [-96.717687, 17.087816], [-96.718013, 17.086795], [-96.718194, 17.086334], [-96.718429, 17.085534], [-96.718602, 17.084946], [-96.718945, 17.084002], [-96.719093, 17.08351], [-96.719093, 17.083364], [-96.719136, 17.082851], [-96.719173, 17.08262], [-96.719168, 17.082351], [-96.71912, 17.082097], [-96.718945, 17.081918], [-96.718991, 17.081659], [-96.719077, 17.080974], [-96.719208, 17.079682], [-96.719254, 17.079384], [-96.719372, 17.079108], [-96.719399, 17.078964], [-96.719313, 17.078869], [-96.719484, 17.077349], [-96.719619, 17.076295], [-96.719694, 17.075667], [-96.719704, 17.075426], [-96.719646, 17.075092], [-96.719509, 17.074682], [-96.719546, 17.074613], [-96.719552, 17.074434], [-96.719474, 17.074318], [-96.719476, 17.073954], [-96.719627, 17.072136], [-96.719777, 17.070882], [-96.720013, 17.069018], [-96.720404, 17.067167], [-96.720799, 17.06548], [-96.720976, 17.064634], [-96.72126, 17.063198], [-96.721604, 17.061511], [-96.721984, 17.059839], [-96.722392, 17.058023], [-96.72265, 17.056654], [-96.723647, 17.056851], [-96.724208, 17.056987], [-96.724578, 17.057072], [-96.724739, 17.056303], [-96.724972, 17.055223], [-96.725187, 17.054172], [-96.725353, 17.053323], [-96.725571, 17.052359], [-96.725723, 17.05161], [-96.725924, 17.050902], [-96.725946, 17.05079], [-96.72597, 17.050469], [-96.725895, 17.050302], [-96.725616, 17.04992], [-96.725369, 17.0495], [-96.725286, 17.049174], [-96.725139, 17.048938], [-96.724884, 17.048569], [-96.724015, 17.047356], [-96.723505, 17.046615], [-96.723046, 17.045971], [-96.722419, 17.045115], [-96.721754, 17.044158], [-96.721351, 17.043617], [-96.720823, 17.042863], [-96.720128, 17.041901], [-96.719487, 17.041076], [-96.719066, 17.040517], [-96.71824, 17.039332], [-96.717006, 17.037601], [-96.715976, 17.03617], [-96.714944, 17.034718], [-96.713884, 17.033267], [-96.713055, 17.032095], [-96.712554, 17.031379], [-96.712133, 17.030797], [-96.71154, 17.029938], [-96.710904, 17.029097], [-96.710609, 17.02874], [-96.710344, 17.028402], [-96.710024, 17.027876], [-96.709799, 17.027248], [-96.709689, 17.026709], [-96.709668, 17.026176], [-96.709802, 17.025468], [-96.70992, 17.025027], [-96.710226, 17.023816], [-96.710494, 17.022744], [-96.710757, 17.021544], [-96.710987, 17.020569], [-96.711256, 17.019436], [-96.711443, 17.018676], [-96.71154, 17.018102], [-96.711663, 17.017625], [-96.711905, 17.016604], [-96.712146, 17.015465], [-96.712312, 17.014691], [-96.712468, 17.01386], [-96.712591, 17.013336], [-96.712704, 17.012634], [-96.712779, 17.012039], [-96.712811, 17.011192], [-96.712865, 17.009941], [-96.712913, 17.008802], [-96.712967, 17.006776], [-96.71302, 17.00557], [-96.713058, 17.004395], [-96.713106, 17.003159], [-96.713101, 17.002497], [-96.713101, 17.001543], [-96.713122, 17.001143], [-96.713176, 17.000902], [-96.71324, 17.000579], [-96.713283, 16.99924], [-96.713337, 16.998039], [-96.713369, 16.996849], [-96.713417, 16.995813], [-96.713455, 16.994741], [-96.713509, 16.993638], [-96.713552, 16.992181], [-96.713605, 16.990903], [-96.713643, 16.990144], [-96.71367, 16.989318], [-96.71368, 16.988261], [-96.71367, 16.98742], [-96.713337, 16.987066], [-96.712817, 16.986517], [-96.712119, 16.985804], [-96.711577, 16.985255], [-96.710639, 16.9843], [-96.709432, 16.983095], [-96.70889, 16.982407], [-96.708584, 16.981376], [-96.708375, 16.980329], [-96.708015, 16.978734], [-96.707694, 16.977323], [-96.707441, 16.97621], [-96.707205, 16.975142], [-96.706953, 16.974111], [-96.706658, 16.972746], [-96.706245, 16.97091], [-96.705977, 16.969745], [-96.705757, 16.968765], [-96.705687, 16.968241], [-96.705827, 16.967133], [-96.706234, 16.964922], [-96.706433, 16.963829], [-96.706605, 16.962798], [-96.706792, 16.96172], [-96.70705, 16.96036], [-96.707313, 16.958893], [-96.707506, 16.957697], [-96.707688, 16.956645], [-96.707887, 16.955532], [-96.707989, 16.95487], [-96.707806, 16.953608], [-96.70757, 16.952253], [-96.707259, 16.950462], [-96.706841, 16.947999], [-96.706637, 16.946844], [-96.706132, 16.94354], [-96.706014, 16.942775], [-96.705902, 16.942447], [-96.705821, 16.942164], [-96.705746, 16.941641], [-96.705542, 16.94044], [-96.705264, 16.938829], [-96.705076, 16.937695], [-96.704883, 16.936571], [-96.704652, 16.935324], [-96.704362, 16.933528], [-96.704121, 16.932096], [-96.703768, 16.930364], [-96.703718, 16.92991], [-96.703456, 16.928637], [-96.703371, 16.928105], [-96.703275, 16.927868], [-96.703166, 16.927669], [-96.702993, 16.927474], [-96.702828, 16.927313], [-96.700884, 16.925648], [-96.700171, 16.924968], [-96.698476, 16.923536], [-96.69678, 16.922112], [-96.696601, 16.921958], [-96.696327, 16.921729], [-96.696001, 16.92127], [-96.695844, 16.920993], [-96.695759, 16.920618], [-96.695781, 16.920226], [-96.695888, 16.919901], [-96.695901, 16.919806], [-96.695854, 16.919731], [-96.695836, 16.919696], [-96.695541, 16.919623], [-96.6954, 16.919594], [-96.695258, 16.919598], [-96.695237, 16.919702], [-96.695253, 16.919939], [-96.695327, 16.920291], [-96.695378, 16.92065], [-96.695672, 16.921433], [-96.696115, 16.921878], [-96.696633, 16.922267], [-96.6967, 16.922193], [-96.699929, 16.924954], [-96.701347, 16.926098], [-96.702682, 16.927242], [-96.703223, 16.927658], [-96.703558, 16.927765], [-96.703697, 16.927834], [-96.703872, 16.927878], [-96.704203, 16.927894], [-96.704418, 16.927868], [-96.704899, 16.927693], [-96.705709, 16.926928], [-96.706513, 16.926133], [-96.707323, 16.925383], [-96.708225, 16.924521], [-96.70933, 16.92349], [-96.710247, 16.922576], [-96.711164, 16.921688], [-96.71206, 16.920867], [-96.712843, 16.920108], [-96.713739, 16.91922], [-96.714404, 16.918558], [-96.715102, 16.917778], [-96.715708, 16.917054], [-96.716325, 16.916474], [-96.716759, 16.916192], [-96.717607, 16.915586], [-96.717795, 16.915535], [-96.718894, 16.914826], [-96.719973, 16.914092], [-96.721121, 16.913318], [-96.722161, 16.912604], [-96.722692, 16.912265], [-96.722982, 16.912111], [-96.724507, 16.911098], [-96.724776, 16.910934], [-96.725452, 16.910486], [-96.725851, 16.910235], [-96.726068, 16.910068], [-96.726237, 16.90994], [-96.726736, 16.909604], [-96.72712, 16.909362], [-96.727549, 16.909088], [-96.728093, 16.908728], [-96.728606, 16.908377], [-96.729002, 16.908102], [-96.729338, 16.907882], [-96.729408, 16.907804], [-96.729351, 16.907719], [-96.729247, 16.907732]]]}, "properties": {"route_id": null, "route_name": "BinniBusRC15"}}]}