<?xml version="1.0" encoding="UTF-8"?>
<kml xmlns="http://www.opengis.net/kml/2.2">
  <Document>
    <Style id="iconoParada">
      <IconStyle>
        <scale>1.2</scale>
        <Icon>
          <href>http://maps.google.com/mapfiles/kml/shapes/bus.png</href>
        </Icon>
      </IconStyle>
    </Style>
    <Placemark>
      <name>Base BinniBus Viguera</name>
      <styleUrl>#iconoParada</styleUrl>
      <Point>
        <coordinates>-96.76779,17.12653,0</coordinates>
      </Point>
    </Placemark>
    <Placemark>
      <name>Rotonda Benito Juárez - Carretera Panamericana 190 (Carretera Internacional Cristóbal Colón)</name>
      <styleUrl>#iconoParada</styleUrl>
      <Point>
        <coordinates>-96.76401,17.12184,0</coordinates>
      </Point>
    </Placemark>
    <Placemark>
      <name>COBAO 01</name>
      <styleUrl>#iconoParada</styleUrl>
      <Point>
        <coordinates>-96.76114,17.11844,0</coordinates>
      </Point>
    </Placemark>
    <Placemark>
      <name>Plutarco Elías Calles - Carretera Panamericana 190</name>
      <styleUrl>#iconoParada</styleUrl>
      <Point>
        <coordinates>-96.75879,17.11558,0</coordinates>
      </Point>
    </Placemark>
    <Placemark>
      <name>Vicente Guerrero - Carretera Panamericana 190</name>
      <styleUrl>#iconoParada</styleUrl>
      <Point>
        <coordinates>-96.756561,17.11245,0</coordinates>
      </Point>
    </Placemark>
    <Placemark>
      <name>Emiliano Zapata - Carretera Panamericana 190</name>
      <styleUrl>#iconoParada</styleUrl>
      <Point>
        <coordinates>-96.75478,17.10833,0</coordinates>
      </Point>
    </Placemark>
    <Placemark>
      <name>Gasolinera Brenamiel - Carretera Panamericana 190</name>
      <styleUrl>#iconoParada</styleUrl>
      <Point>
        <coordinates>-96.75283,17.10369,0</coordinates>
      </Point>
    </Placemark>
    <Placemark>
      <name>Reforma Colonia del Maestro - Carretera Panamericana 190</name>
      <styleUrl>#iconoParada</styleUrl>
      <Point>
        <coordinates>-96.7519,17.10157,0</coordinates>
      </Point>
    </Placemark>
    <Placemark>
      <name>Bodega Aurerra (Bugambilias) - Carretera Panamericana 190</name>
      <styleUrl>#iconoParada</styleUrl>
      <Point>
        <coordinates>-96.750218,17.097613,0</coordinates>
      </Point>
    </Placemark>
    <Placemark>
      <name>Mercado Zonal Santa Rosa</name>
      <styleUrl>#iconoParada</styleUrl>
      <Point>
        <coordinates>-96.74862,17.0939,0</coordinates>
      </Point>
    </Placemark>
    <Placemark>
      <name>Ex Hacienda Santa Rosa - Carretera Panamericana 190</name>
      <styleUrl>#iconoParada</styleUrl>
      <Point>
        <coordinates>-96.74747,17.09121,0</coordinates>
      </Point>
    </Placemark>
    <Placemark>
      <name>Naga´nda (Gasolinera G5000)</name>
      <styleUrl>#iconoParada</styleUrl>
      <Point>
        <coordinates>-96.745203,17.086095,0</coordinates>
      </Point>
    </Placemark>
    <Placemark>
      <name>Oficina del PRI - Carretera Panamericana 190</name>
      <styleUrl>#iconoParada</styleUrl>
      <Point>
        <coordinates>-96.74395,17.08311,0</coordinates>
      </Point>
    </Placemark>
    <Placemark>
      <name>Base BinniBus Tecnológico</name>
      <styleUrl>#iconoParada</styleUrl>
      <Point>
        <coordinates>-96.7431,17.07929,0</coordinates>
      </Point>
    </Placemark>
    <Placemark>
      <name>Glorieta de los Niños Héroes</name>
      <styleUrl>#iconoParada</styleUrl>
      <Point>
        <coordinates>-96.74105,17.07561,0</coordinates>
      </Point>
    </Placemark>
    <Placemark>
      <name>Privada Vicente Suárez - Calzada Francisco I. Madero</name>
      <styleUrl>#iconoParada</styleUrl>
      <Point>
        <coordinates>-96.73848,17.07223,0</coordinates>
      </Point>
    </Placemark>
    <Placemark>
      <name>Museo del Ferrocarril - Calzada Francisco I. Madero</name>
      <styleUrl>#iconoParada</styleUrl>
      <Point>
        <coordinates>-96.73666,17.06841,0</coordinates>
      </Point>
    </Placemark>
    <Placemark>
      <name>Yubez Juana Cata</name>
      <styleUrl>#iconoParada</styleUrl>
      <Point>
        <coordinates>-96.734788,17.062412,0</coordinates>
      </Point>
    </Placemark>
    <Placemark>
      <name>Yubez María Sabina</name>
      <styleUrl>#iconoParada</styleUrl>
      <Point>
        <coordinates>-96.731005,17.05715,0</coordinates>
      </Point>
    </Placemark>
    <Placemark>
      <name>Riveras - Boulevard Eduardo Mata</name>
      <styleUrl>#iconoParada</styleUrl>
      <Point>
        <coordinates>-96.729599,17.053236,0</coordinates>
      </Point>
    </Placemark>
    <Placemark>
      <name>Base BinniBus Yuroo Parque del Amor - Ladxidó´</name>
      <styleUrl>#iconoParada</styleUrl>
      <Point>
        <coordinates>-96.72911,17.050636,0</coordinates>
      </Point>
    </Placemark>
    <Placemark>
      <name>Terminal BinniBus Parque Primavera Cho´Ndoba</name>
      <styleUrl>#iconoParada</styleUrl>
      <Point>
        <coordinates>-96.731433,17.048588,0</coordinates>
      </Point>
    </Placemark>
    <Placemark>
      <name>Santa Anita - Boulevard Guadalupe Hinojosa de Murat</name>
      <styleUrl>#iconoParada</styleUrl>
      <Point>
        <coordinates>-96.730663,17.044747,0</coordinates>
      </Point>
    </Placemark>
    <Placemark>
      <name>Santa Elena -Boulevard Guadalupe Hinojosa</name>
      <styleUrl>#iconoParada</styleUrl>
      <Point>
        <coordinates>-96.729054,17.040319,0</coordinates>
      </Point>
    </Placemark>
    <Placemark>
      <name>Ex Garita - Boulevard Guadalupe Hinojosa</name>
      <styleUrl>#iconoParada</styleUrl>
      <Point>
        <coordinates>-96.72849,17.03637,0</coordinates>
      </Point>
    </Placemark>
    <Placemark>
      <name>Camino a Rancho Escondio - Carretera Oaxaca - Zimatlán de Álvarez</name>
      <styleUrl>#iconoParada</styleUrl>
      <Point>
        <coordinates>-96.728716,17.034635,0</coordinates>
      </Point>
    </Placemark>
    <Placemark>
      <name>Prolongación de Samaria - Carretera Oaxaca - Zimatlán de Álvarez</name>
      <styleUrl>#iconoParada</styleUrl>
      <Point>
        <coordinates>-96.729093,17.031762,0</coordinates>
      </Point>
    </Placemark>
    <Placemark>
      <name>Hornos - Carretera Oaxaca - Zimatlán de Álvarez</name>
      <styleUrl>#iconoParada</styleUrl>
      <Point>
        <coordinates>-96.729349,17.029674,0</coordinates>
      </Point>
    </Placemark>
    <Placemark>
      <name>Prolongación Moctezuma - Carretera Oaxaca - Zimatlán de Álvarez</name>
      <styleUrl>#iconoParada</styleUrl>
      <Point>
        <coordinates>-96.729701,17.026814,0</coordinates>
      </Point>
    </Placemark>
    <Placemark>
      <name>Mercado Xoxocotlán</name>
      <styleUrl>#iconoParada</styleUrl>
      <Point>
        <coordinates>-96.729789,17.025612,0</coordinates>
      </Point>
    </Placemark>
    <Placemark>
      <name>Rotonda Xoxocotlán</name>
      <styleUrl>#iconoParada</styleUrl>
      <Point>
        <coordinates>-96.730064,17.023581,0</coordinates>
      </Point>
    </Placemark>
    <Placemark>
      <name>Base BinniBus Yuroo Xoxocotlán</name>
      <styleUrl>#iconoParada</styleUrl>
      <Point>
        <coordinates>-96.732616,17.015945,0</coordinates>
      </Point>
    </Placemark>
    <Placemark>
      <name>Rotonda Xoxocotlán</name>
      <styleUrl>#iconoParada</styleUrl>
      <Point>
        <coordinates>-96.729847,17.0237,0</coordinates>
      </Point>
    </Placemark>
    <Placemark>
      <name>Prolongación Moctezuma - Carretera Oaxaca - Zimatlán de Álvarez</name>
      <styleUrl>#iconoParada</styleUrl>
      <Point>
        <coordinates>-96.729563,17.026536,0</coordinates>
      </Point>
    </Placemark>
    <Placemark>
      <name>Hornos - Carretera Oaxaca - Zimatlán de Álvarez</name>
      <styleUrl>#iconoParada</styleUrl>
      <Point>
        <coordinates>-96.729178,17.029401,0</coordinates>
      </Point>
    </Placemark>
    <Placemark>
      <name>Prolongación de Samaria - Carretera Oaxaca - Zimatlán de Álvarez</name>
      <styleUrl>#iconoParada</styleUrl>
      <Point>
        <coordinates>-96.728917,17.031533,0</coordinates>
      </Point>
    </Placemark>
    <Placemark>
      <name>Camino a Rancho Escondio - Carretera Oaxaca - Zimatlán de Álvarez</name>
      <styleUrl>#iconoParada</styleUrl>
      <Point>
        <coordinates>-96.728587,17.034282,0</coordinates>
      </Point>
    </Placemark>
    <Placemark>
      <name>Ex Garita - Carretera Antigua a Xoxocotlán</name>
      <styleUrl>#iconoParada</styleUrl>
      <Point>
        <coordinates>-96.728342,17.036259,0</coordinates>
      </Point>
    </Placemark>
    <Placemark>
      <name>Avenida Santa Elena - Boulevard Guadalupe Hinojosa de Murat</name>
      <styleUrl>#iconoParada</styleUrl>
      <Point>
        <coordinates>-96.72915,17.04149,0</coordinates>
      </Point>
    </Placemark>
    <Placemark>
      <name>Santa Anita - Bodega Aurerra</name>
      <styleUrl>#iconoParada</styleUrl>
      <Point>
        <coordinates>-96.730665,17.045341,0</coordinates>
      </Point>
    </Placemark>
    <Placemark>
      <name>Parque Primavera Cho´Ndoba</name>
      <styleUrl>#iconoParada</styleUrl>
      <Point>
        <coordinates>-96.73123,17.048377,0</coordinates>
      </Point>
    </Placemark>
    <Placemark>
      <name>Base BinniBus Parque Primavera Cho´Ndoba</name>
      <styleUrl>#iconoParada</styleUrl>
      <Point>
        <coordinates>-96.728908,17.05059,0</coordinates>
      </Point>
    </Placemark>
    <Placemark>
      <name>Yubez Lázaro Cárdenas</name>
      <styleUrl>#iconoParada</styleUrl>
      <Point>
        <coordinates>-96.73027,17.055828,0</coordinates>
      </Point>
    </Placemark>
    <Placemark>
      <name>Yubez Flores Magón</name>
      <styleUrl>#iconoParada</styleUrl>
      <Point>
        <coordinates>-96.733201,17.060241,0</coordinates>
      </Point>
    </Placemark>
    <Placemark>
      <name>Parque Francisco I. Madero</name>
      <styleUrl>#iconoParada</styleUrl>
      <Point>
        <coordinates>-96.73542,17.06624,0</coordinates>
      </Point>
    </Placemark>
    <Placemark>
      <name>Ignacio Rayón - División Oriente</name>
      <styleUrl>#iconoParada</styleUrl>
      <Point>
        <coordinates>-96.73547,17.06814,0</coordinates>
      </Point>
    </Placemark>
    <Placemark>
      <name>Antonio Pérez Gazca - Niños Héroes</name>
      <styleUrl>#iconoParada</styleUrl>
      <Point>
        <coordinates>-96.73661,17.0709,0</coordinates>
      </Point>
    </Placemark>
    <Placemark>
      <name>Fernando Montes de Oca - Niños Héroes</name>
      <styleUrl>#iconoParada</styleUrl>
      <Point>
        <coordinates>-96.73811,17.07368,0</coordinates>
      </Point>
    </Placemark>
    <Placemark>
      <name>Panteón del Ex Marquesado</name>
      <styleUrl>#iconoParada</styleUrl>
      <Point>
        <coordinates>-96.73907,17.07512,0</coordinates>
      </Point>
    </Placemark>
    <Placemark>
      <name>Monumento a la Madre - Chedraui</name>
      <styleUrl>#iconoParada</styleUrl>
      <Point>
        <coordinates>-96.74136,17.07952,0</coordinates>
      </Point>
    </Placemark>
    <Placemark>
      <name>Cuauhtémoc - Carretera Panamericana 190</name>
      <styleUrl>#iconoParada</styleUrl>
      <Point>
        <coordinates>-96.743741,17.08304,0</coordinates>
      </Point>
    </Placemark>
    <Placemark>
      <name>Naga´nda (Gasolinera G500)</name>
      <styleUrl>#iconoParada</styleUrl>
      <Point>
        <coordinates>-96.745105,17.0864708,0</coordinates>
      </Point>
    </Placemark>
    <Placemark>
      <name>Niidxi - Carretera Panamericana 190</name>
      <styleUrl>#iconoParada</styleUrl>
      <Point>
        <coordinates>-96.746729,17.08999,0</coordinates>
      </Point>
    </Placemark>
    <Placemark>
      <name>Mercado Zonal Santa Rosa</name>
      <styleUrl>#iconoParada</styleUrl>
      <Point>
        <coordinates>-96.748179,17.093327,0</coordinates>
      </Point>
    </Placemark>
    <Placemark>
      <name>Bodega Aurerra (Bugambilias) - Carretera Panamericana 190</name>
      <styleUrl>#iconoParada</styleUrl>
      <Point>
        <coordinates>-96.750092,17.097745,0</coordinates>
      </Point>
    </Placemark>
    <Placemark>
      <name>Colonia del Maestro - Carretera Panamericana 190</name>
      <styleUrl>#iconoParada</styleUrl>
      <Point>
        <coordinates>-96.75147,17.100958,0</coordinates>
      </Point>
    </Placemark>
    <Placemark>
      <name>Avenida Jaime Torres Bodet - Carretera Panamericana 190</name>
      <styleUrl>#iconoParada</styleUrl>
      <Point>
        <coordinates>-96.753223,17.104957,0</coordinates>
      </Point>
    </Placemark>
    <Placemark>
      <name>Queretaro - Carretera Panamericana 190</name>
      <styleUrl>#iconoParada</styleUrl>
      <Point>
        <coordinates>-96.754729,17.108468,0</coordinates>
      </Point>
    </Placemark>
    <Placemark>
      <name>Vicente Guerrero - Carretera Panamericana 190</name>
      <styleUrl>#iconoParada</styleUrl>
      <Point>
        <coordinates>-96.756356,17.112354,0</coordinates>
      </Point>
    </Placemark>
    <Placemark>
      <name>Plutarco Elías Calles - Carretera Panamericana 190</name>
      <styleUrl>#iconoParada</styleUrl>
      <Point>
        <coordinates>-96.75863,17.11564,0</coordinates>
      </Point>
    </Placemark>
    <Placemark>
      <name>COBAO 01</name>
      <styleUrl>#iconoParada</styleUrl>
      <Point>
        <coordinates>-96.760899,17.11838,0</coordinates>
      </Point>
    </Placemark>
    <Placemark>
      <name>Rotonda Benito Juárez - Carretera Panamericana 190 (Carretera Internacional Cristóbal Colón)</name>
      <styleUrl>#iconoParada</styleUrl>
      <Point>
        <coordinates>-96.76379,17.12215,0</coordinates>
      </Point>
    </Placemark>
    <Placemark>
      <name>Base BinniBus Esquipulas</name>
      <styleUrl>#iconoParada</styleUrl>
      <Point>
        <coordinates>-96.7458925,17.0199474,0</coordinates>
      </Point>
    </Placemark>
    <Placemark>
      <name>Avenida Hidalgo - Avenida la Libertad</name>
      <styleUrl>#iconoParada</styleUrl>
      <Point>
        <coordinates>-96.7473596,17.0162416,0</coordinates>
      </Point>
    </Placemark>
    <Placemark>
      <name>Narciso Mendoza - Avenida Mariano Matamoros</name>
      <styleUrl>#iconoParada</styleUrl>
      <Point>
        <coordinates>-96.7445263,17.0153962,0</coordinates>
      </Point>
    </Placemark>
    <Placemark>
      <name>Morelos - Avenida Mariano Matamoros</name>
      <styleUrl>#iconoParada</styleUrl>
      <Point>
        <coordinates>-96.74123209,17.0145834,0</coordinates>
      </Point>
    </Placemark>
    <Placemark>
      <name>Avenida Vicente Guerrero - Corregidora</name>
      <styleUrl>#iconoParada</styleUrl>
      <Point>
        <coordinates>-96.7417359,17.0127671,0</coordinates>
      </Point>
    </Placemark>
    <Placemark>
      <name>Corregidora - Cardenales</name>
      <styleUrl>#iconoParada</styleUrl>
      <Point>
        <coordinates>-96.7421541,17.0111841,0</coordinates>
      </Point>
    </Placemark>
    <Placemark>
      <name>Cardenales - Coregidora</name>
      <styleUrl>#iconoParada</styleUrl>
      <Point>
        <coordinates>-96.7446232,17.0114841,0</coordinates>
      </Point>
    </Placemark>
    <Placemark>
      <name>Zenzontles - Emiliano Zapata</name>
      <styleUrl>#iconoParada</styleUrl>
      <Point>
        <coordinates>-96.7464416,17.0101359,0</coordinates>
      </Point>
    </Placemark>
    <Placemark>
      <name>Oro - Emiliano Zapata</name>
      <styleUrl>#iconoParada</styleUrl>
      <Point>
        <coordinates>-96.7470605,17.0077668,0</coordinates>
      </Point>
    </Placemark>
    <Placemark>
      <name>Cobalto - Uranio</name>
      <styleUrl>#iconoParada</styleUrl>
      <Point>
        <coordinates>-96.7468716,17.0064961,0</coordinates>
      </Point>
    </Placemark>
    <Placemark>
      <name>8 de Diciembre - Uranio</name>
      <styleUrl>#iconoParada</styleUrl>
      <Point>
        <coordinates>-96.7446512,17.0060217,0</coordinates>
      </Point>
    </Placemark>
    <Placemark>
      <name>Universal - Avenida Unión</name>
      <styleUrl>#iconoParada</styleUrl>
      <Point>
        <coordinates>-96.7424949,17.0055968,0</coordinates>
      </Point>
    </Placemark>
    <Placemark>
      <name>16 de Enero - 14 de Febrero</name>
      <styleUrl>#iconoParada</styleUrl>
      <Point>
        <coordinates>-96.7406083,17.0044664,0</coordinates>
      </Point>
    </Placemark>
    <Placemark>
      <name>El Puente - 16 de Enero</name>
      <styleUrl>#iconoParada</styleUrl>
      <Point>
        <coordinates>-96.7387994,17.0037853,0</coordinates>
      </Point>
    </Placemark>
    <Placemark>
      <name>Seis Seis - Boulevard Guadalupe Hinojosa de Murat</name>
      <styleUrl>#iconoParada</styleUrl>
      <Point>
        <coordinates>-96.7372129,17.0068846,0</coordinates>
      </Point>
    </Placemark>
    <Placemark>
      <name>Los Laureles - Boulevard Guadalupe Hinojosa de Murat</name>
      <styleUrl>#iconoParada</styleUrl>
      <Point>
        <coordinates>-96.736471,17.0085457,0</coordinates>
      </Point>
    </Placemark>
    <Placemark>
      <name>Juquilita - Boulevard Guadalupe Hinojosa de Murat</name>
      <styleUrl>#iconoParada</styleUrl>
      <Point>
        <coordinates>-96.7352462,17.0112445,0</coordinates>
      </Point>
    </Placemark>
    <Placemark>
      <name>Antequera Real 1 - Boulevard Guadalupe Hinojosa de Murat</name>
      <styleUrl>#iconoParada</styleUrl>
      <Point>
        <coordinates>-96.733647,17.0148017,0</coordinates>
      </Point>
    </Placemark>
    <Placemark>
      <name>Campenario - Boulevard Guadalupe Hinojosa de Murat</name>
      <styleUrl>#iconoParada</styleUrl>
      <Point>
        <coordinates>-96.7312461,17.0201759,0</coordinates>
      </Point>
    </Placemark>
    <Placemark>
      <name>Alfredo Bonfil - Francisco Zarco</name>
      <styleUrl>#iconoParada</styleUrl>
      <Point>
        <coordinates>-96.7269711,17.0421586,0</coordinates>
      </Point>
    </Placemark>
    <Placemark>
      <name>Mártires de Tacubaya - Francisco Zarco</name>
      <styleUrl>#iconoParada</styleUrl>
      <Point>
        <coordinates>-96.7275117,17.0446378,0</coordinates>
      </Point>
    </Placemark>
    <Placemark>
      <name>Eulalio Gutiérrez - Francisco Zarco</name>
      <styleUrl>#iconoParada</styleUrl>
      <Point>
        <coordinates>-96.728809,17.047025,0</coordinates>
      </Point>
    </Placemark>
    <Placemark>
      <name>Base BinniBus Central de Abastos</name>
      <styleUrl>#iconoParada</styleUrl>
      <Point>
        <coordinates>-96.73532958,17.05975636,0</coordinates>
      </Point>
    </Placemark>
    <Placemark>
      <name>Mercaderes - Avenida Juáres Maza</name>
      <styleUrl>#iconoParada</styleUrl>
      <Point>
        <coordinates>-96.73585241,17.05923332,0</coordinates>
      </Point>
    </Placemark>
    <Placemark>
      <name>Central de Abastos</name>
      <styleUrl>#iconoParada</styleUrl>
      <Point>
        <coordinates>-96.7339204,17.0605729,0</coordinates>
      </Point>
    </Placemark>
    <Placemark>
      <name>Eulalio Gutiérrez - Francisco Zarco</name>
      <styleUrl>#iconoParada</styleUrl>
      <Point>
        <coordinates>-96.7287689,17.0468891,0</coordinates>
      </Point>
    </Placemark>
    <Placemark>
      <name>Mártires de Tacubaya - Francisco Zarco</name>
      <styleUrl>#iconoParada</styleUrl>
      <Point>
        <coordinates>-96.727635,17.044806,0</coordinates>
      </Point>
    </Placemark>
    <Placemark>
      <name>Avenida Fresnos - Francisco Zarco</name>
      <styleUrl>#iconoParada</styleUrl>
      <Point>
        <coordinates>-96.7269587,17.0419699,0</coordinates>
      </Point>
    </Placemark>
    <Placemark>
      <name>Progreso - Boulevard Guadalupe Hinojosa de Murat</name>
      <styleUrl>#iconoParada</styleUrl>
      <Point>
        <coordinates>-96.7313187,17.02023,0</coordinates>
      </Point>
    </Placemark>
    <Placemark>
      <name>Horqueta - Boulevard Guadalupe Hinojosa de Murat</name>
      <styleUrl>#iconoParada</styleUrl>
      <Point>
        <coordinates>-96.7322907,17.0180335,0</coordinates>
      </Point>
    </Placemark>
    <Placemark>
      <name>Antequera Real 1 - Boulevard Guadalupe Hinojosa de Murat</name>
      <styleUrl>#iconoParada</styleUrl>
      <Point>
        <coordinates>-96.7338025,17.0147199,0</coordinates>
      </Point>
    </Placemark>
    <Placemark>
      <name>Juquilita - Boulevard Guadalupe Hinojosa de Murat</name>
      <styleUrl>#iconoParada</styleUrl>
      <Point>
        <coordinates>-96.7351696,17.0115893,0</coordinates>
      </Point>
    </Placemark>
    <Placemark>
      <name>Los Laureles - Boulevard Guadalupe Hinojosa de Murat</name>
      <styleUrl>#iconoParada</styleUrl>
      <Point>
        <coordinates>-96.7365635,17.0084579,0</coordinates>
      </Point>
    </Placemark>
    <Placemark>
      <name>Seis Seis - Boulevard Guadalupe Hinojosa de Murat</name>
      <styleUrl>#iconoParada</styleUrl>
      <Point>
        <coordinates>-96.7372066,17.0070139,0</coordinates>
      </Point>
    </Placemark>
    <Placemark>
      <name>El Puente - 16 de Enero</name>
      <styleUrl>#iconoParada</styleUrl>
      <Point>
        <coordinates>-96.738608,17.0038941,0</coordinates>
      </Point>
    </Placemark>
    <Placemark>
      <name>Juan de la Barrera - Progreso</name>
      <styleUrl>#iconoParada</styleUrl>
      <Point>
        <coordinates>-96.7405993,17.0047021,0</coordinates>
      </Point>
    </Placemark>
    <Placemark>
      <name>Universal - Avenida Unión</name>
      <styleUrl>#iconoParada</styleUrl>
      <Point>
        <coordinates>-96.7424076,17.0056671,0</coordinates>
      </Point>
    </Placemark>
    <Placemark>
      <name>5 de Mayo - Uranio</name>
      <styleUrl>#iconoParada</styleUrl>
      <Point>
        <coordinates>-96.7446326,17.0060639,0</coordinates>
      </Point>
    </Placemark>
    <Placemark>
      <name>Uranio - Plata</name>
      <styleUrl>#iconoParada</styleUrl>
      <Point>
        <coordinates>-96.7471522,17.0065435,0</coordinates>
      </Point>
    </Placemark>
    <Placemark>
      <name>Miguel Hidalgo - Emiliano Zapata</name>
      <styleUrl>#iconoParada</styleUrl>
      <Point>
        <coordinates>-96.7468594,17.0087505,0</coordinates>
      </Point>
    </Placemark>
    <Placemark>
      <name>Zenzontles - Emiliano Zapata</name>
      <styleUrl>#iconoParada</styleUrl>
      <Point>
        <coordinates>-96.746446,17.010106,0</coordinates>
      </Point>
    </Placemark>
    <Placemark>
      <name>Cadelaria - Calandria</name>
      <styleUrl>#iconoParada</styleUrl>
      <Point>
        <coordinates>-96.7447701,17.0114375,0</coordinates>
      </Point>
    </Placemark>
    <Placemark>
      <name>Cardenales - Corregidora</name>
      <styleUrl>#iconoParada</styleUrl>
      <Point>
        <coordinates>-96.742277,17.0109798,0</coordinates>
      </Point>
    </Placemark>
    <Placemark>
      <name>Avenida Vicente Guerrero - Corregidora</name>
      <styleUrl>#iconoParada</styleUrl>
      <Point>
        <coordinates>-96.74178759,17.01279183,0</coordinates>
      </Point>
    </Placemark>
    <Placemark>
      <name>Morelos - Avenida Mariano Matamoros</name>
      <styleUrl>#iconoParada</styleUrl>
      <Point>
        <coordinates>-96.7412909,17.0145969,0</coordinates>
      </Point>
    </Placemark>
    <Placemark>
      <name>Narciso Mendoza - Avenida Mariano Matamoros</name>
      <styleUrl>#iconoParada</styleUrl>
      <Point>
        <coordinates>-96.7443018,17.0153473,0</coordinates>
      </Point>
    </Placemark>
    <Placemark>
      <name>Avenida Hidalgo - Avenida Libertad</name>
      <styleUrl>#iconoParada</styleUrl>
      <Point>
        <coordinates>-96.747373,17.016033,0</coordinates>
      </Point>
    </Placemark>
    <Placemark>
      <name>Base BinniBus Santa María Atzompa</name>
      <styleUrl>#iconoParada</styleUrl>
      <Point>
        <coordinates>-96.779778,17.1026992,0</coordinates>
      </Point>
    </Placemark>
    <Placemark>
      <name>Arroyo - González Ortega</name>
      <styleUrl>#iconoParada</styleUrl>
      <Point>
        <coordinates>-96.78115,17.10144,0</coordinates>
      </Point>
    </Placemark>
    <Placemark>
      <name>Constitución - Díaz Ordáz</name>
      <styleUrl>#iconoParada</styleUrl>
      <Point>
        <coordinates>-96.78087,17.1027,0</coordinates>
      </Point>
    </Placemark>
    <Placemark>
      <name>Díaz Ordáz - Avenida Libertad</name>
      <styleUrl>#iconoParada</styleUrl>
      <Point>
        <coordinates>-96.78019,17.10498,0</coordinates>
      </Point>
    </Placemark>
    <Placemark>
      <name>Avenida Juárez - Avenida Libertad</name>
      <styleUrl>#iconoParada</styleUrl>
      <Point>
        <coordinates>-96.77595,17.10381,0</coordinates>
      </Point>
    </Placemark>
    <Placemark>
      <name>Allende - Avenida Libertad</name>
      <styleUrl>#iconoParada</styleUrl>
      <Point>
        <coordinates>-96.7742371,17.1033638,0</coordinates>
      </Point>
    </Placemark>
    <Placemark>
      <name>Buenavista - Avenida Libertad</name>
      <styleUrl>#iconoParada</styleUrl>
      <Point>
        <coordinates>-96.77228,17.10136,0</coordinates>
      </Point>
    </Placemark>
    <Placemark>
      <name>Crucero de Atzompa</name>
      <styleUrl>#iconoParada</styleUrl>
      <Point>
        <coordinates>-96.77114,17.09978,0</coordinates>
      </Point>
    </Placemark>
    <Placemark>
      <name>Avenida de las Culturas - Avenida Libertad</name>
      <styleUrl>#iconoParada</styleUrl>
      <Point>
        <coordinates>-96.7689268,17.0957858,0</coordinates>
      </Point>
    </Placemark>
    <Placemark>
      <name>Abeto - Avenida Libertad</name>
      <styleUrl>#iconoParada</styleUrl>
      <Point>
        <coordinates>-96.76793,17.09406,0</coordinates>
      </Point>
    </Placemark>
    <Placemark>
      <name>Encino - Avenida Libertad</name>
      <styleUrl>#iconoParada</styleUrl>
      <Point>
        <coordinates>-96.7671545,17.09261,0</coordinates>
      </Point>
    </Placemark>
    <Placemark>
      <name>El Puentecito - Avenida Libertad</name>
      <styleUrl>#iconoParada</styleUrl>
      <Point>
        <coordinates>-96.7662642,17.0911081,0</coordinates>
      </Point>
    </Placemark>
    <Placemark>
      <name>Pochutla - Avenida Libertad</name>
      <styleUrl>#iconoParada</styleUrl>
      <Point>
        <coordinates>-96.7651491,17.089046,0</coordinates>
      </Point>
    </Placemark>
    <Placemark>
      <name>Samaria - Avenida Libertad</name>
      <styleUrl>#iconoParada</styleUrl>
      <Point>
        <coordinates>-96.7638311,17.0866806,0</coordinates>
      </Point>
    </Placemark>
    <Placemark>
      <name>7 Regiones - Avenida Libertad</name>
      <styleUrl>#iconoParada</styleUrl>
      <Point>
        <coordinates>-96.763023,17.08528,0</coordinates>
      </Point>
    </Placemark>
    <Placemark>
      <name>Niños Héroes - Avenida Libertad</name>
      <styleUrl>#iconoParada</styleUrl>
      <Point>
        <coordinates>-96.76240656,17.08402575,0</coordinates>
      </Point>
    </Placemark>
    <Placemark>
      <name>Miahutlán - Avenida Libertad</name>
      <styleUrl>#iconoParada</styleUrl>
      <Point>
        <coordinates>-96.76086825,17.0814019,0</coordinates>
      </Point>
    </Placemark>
    <Placemark>
      <name>Ixtepec - Avenida Libertad</name>
      <styleUrl>#iconoParada</styleUrl>
      <Point>
        <coordinates>-96.759775,17.079426,0</coordinates>
      </Point>
    </Placemark>
    <Placemark>
      <name>Plaza Bella (Cinemex)</name>
      <styleUrl>#iconoParada</styleUrl>
      <Point>
        <coordinates>-96.7584005,17.0771213,0</coordinates>
      </Point>
    </Placemark>
    <Placemark>
      <name>Plaza Bella</name>
      <styleUrl>#iconoParada</styleUrl>
      <Point>
        <coordinates>-96.75721254,17.07478538,0</coordinates>
      </Point>
    </Placemark>
    <Placemark>
      <name>Flores Magón - Avenida Montoya</name>
      <styleUrl>#iconoParada</styleUrl>
      <Point>
        <coordinates>-96.756215,17.073023,0</coordinates>
      </Point>
    </Placemark>
    <Placemark>
      <name>Benito Juárez - Avenida Montoya</name>
      <styleUrl>#iconoParada</styleUrl>
      <Point>
        <coordinates>-96.75509937,17.07133043,0</coordinates>
      </Point>
    </Placemark>
    <Placemark>
      <name>Avenida del Panteón - Avenida Montoya</name>
      <styleUrl>#iconoParada</styleUrl>
      <Point>
        <coordinates>-96.7534665,17.06908324,0</coordinates>
      </Point>
    </Placemark>
    <Placemark>
      <name>Mercedonio Alcalá - Avenida Montoya</name>
      <styleUrl>#iconoParada</styleUrl>
      <Point>
        <coordinates>-96.75164503,17.06634996,0</coordinates>
      </Point>
    </Placemark>
    <Placemark>
      <name>Avenida Itandehui - Avenida Montoya</name>
      <styleUrl>#iconoParada</styleUrl>
      <Point>
        <coordinates>-96.75019036,17.06440039,0</coordinates>
      </Point>
    </Placemark>
    <Placemark>
      <name>Quetzalcóatl - Avenida Montoya</name>
      <styleUrl>#iconoParada</styleUrl>
      <Point>
        <coordinates>-96.7478551,17.0641542,0</coordinates>
      </Point>
    </Placemark>
    <Placemark>
      <name>Mixcóatl - Avenida Montoya</name>
      <styleUrl>#iconoParada</styleUrl>
      <Point>
        <coordinates>-96.74666252,17.06262279,0</coordinates>
      </Point>
    </Placemark>
    <Placemark>
      <name>Avenida Monte Albán - Avenida Montoya</name>
      <styleUrl>#iconoParada</styleUrl>
      <Point>
        <coordinates>-96.74488855,17.06031338,0</coordinates>
      </Point>
    </Placemark>
    <Placemark>
      <name>Avenida Mexicapan - Valerio Trujano</name>
      <styleUrl>#iconoParada</styleUrl>
      <Point>
        <coordinates>-96.74310817,17.05864401,0</coordinates>
      </Point>
    </Placemark>
    <Placemark>
      <name>Sierra Juárez - Calzada Valerio Trujano</name>
      <styleUrl>#iconoParada</styleUrl>
      <Point>
        <coordinates>-96.740254,17.061022,0</coordinates>
      </Point>
    </Placemark>
    <Placemark>
      <name>Puente Valerio Trujano</name>
      <styleUrl>#iconoParada</styleUrl>
      <Point>
        <coordinates>-96.737137,17.061361,0</coordinates>
      </Point>
    </Placemark>
    <Placemark>
      <name>Guadalupe Victoria - Valerio Trujano</name>
      <styleUrl>#iconoParada</styleUrl>
      <Point>
        <coordinates>-96.732167,17.061195,0</coordinates>
      </Point>
    </Placemark>
    <Placemark>
      <name>Mier y Terán - Valerio Trujano</name>
      <styleUrl>#iconoParada</styleUrl>
      <Point>
        <coordinates>-96.729965,17.061057,0</coordinates>
      </Point>
    </Placemark>
    <Placemark>
      <name>Avenida Miguel Hidalgo - Gustavo Díaz Ordáz</name>
      <styleUrl>#iconoParada</styleUrl>
      <Point>
        <coordinates>-96.7286778,17.061624,0</coordinates>
      </Point>
    </Placemark>
    <Placemark>
      <name>Alameda de León - Avenida de la Independencia</name>
      <styleUrl>#iconoParada</styleUrl>
      <Point>
        <coordinates>-96.72619,17.062213,0</coordinates>
      </Point>
    </Placemark>
    <Placemark>
      <name>Manuel Fernandez Fiallo - Avenida de la Independencia</name>
      <styleUrl>#iconoParada</styleUrl>
      <Point>
        <coordinates>-96.722791,17.061519,0</coordinates>
      </Point>
    </Placemark>
    <Placemark>
      <name>Iglesia de las Nieves</name>
      <styleUrl>#iconoParada</styleUrl>
      <Point>
        <coordinates>-96.7204483,17.0618591,0</coordinates>
      </Point>
    </Placemark>
    <Placemark>
      <name>Mariano Abasolo - José María Pino Suárez</name>
      <styleUrl>#iconoParada</styleUrl>
      <Point>
        <coordinates>-96.7199957,17.0638458,0</coordinates>
      </Point>
    </Placemark>
    <Placemark>
      <name>Zarate - José María Pino Suárez</name>
      <styleUrl>#iconoParada</styleUrl>
      <Point>
        <coordinates>-96.7192426,17.0673061,0</coordinates>
      </Point>
    </Placemark>
    <Placemark>
      <name>El Llano</name>
      <styleUrl>#iconoParada</styleUrl>
      <Point>
        <coordinates>-96.7188233,17.0692017,0</coordinates>
      </Point>
    </Placemark>
    <Placemark>
      <name>Privada de Almendros - Nezahualcóyotl</name>
      <styleUrl>#iconoParada</styleUrl>
      <Point>
        <coordinates>-96.71772,17.07267,0</coordinates>
      </Point>
    </Placemark>
    <Placemark>
      <name>Avenida Belisario Domínguez - Nezahualcóyotl</name>
      <styleUrl>#iconoParada</styleUrl>
      <Point>
        <coordinates>-96.71721,17.07527,0</coordinates>
      </Point>
    </Placemark>
    <Placemark>
      <name>Heroica Escuela Naval Militar - Emiliano Zapata</name>
      <styleUrl>#iconoParada</styleUrl>
      <Point>
        <coordinates>-96.71678,17.07856,0</coordinates>
      </Point>
    </Placemark>
    <Placemark>
      <name>Avenida Fuerza Aérea Mexicana - Emiliano Zapata</name>
      <styleUrl>#iconoParada</styleUrl>
      <Point>
        <coordinates>-96.7165507,17.0808475,0</coordinates>
      </Point>
    </Placemark>
    <Placemark>
      <name>Hospital Civil</name>
      <styleUrl>#iconoParada</styleUrl>
      <Point>
        <coordinates>-96.71828,17.08273,0</coordinates>
      </Point>
    </Placemark>
    <Placemark>
      <name>CBTIS 26</name>
      <styleUrl>#iconoParada</styleUrl>
      <Point>
        <coordinates>-96.71821,17.08548,0</coordinates>
      </Point>
    </Placemark>
    <Placemark>
      <name>Calzada San Felipe del Agua - Avenida México 68</name>
      <styleUrl>#iconoParada</styleUrl>
      <Point>
        <coordinates>-96.71722,17.08861,0</coordinates>
      </Point>
    </Placemark>
    <Placemark>
      <name>Soledad - Calzada del Panteón</name>
      <styleUrl>#iconoParada</styleUrl>
      <Point>
        <coordinates>-96.716966,17.090142,0</coordinates>
      </Point>
    </Placemark>
    <Placemark>
      <name>Calzada del Panteón - Guadalupe Victoria</name>
      <styleUrl>#iconoParada</styleUrl>
      <Point>
        <coordinates>-96.7164884,17.091949,0</coordinates>
      </Point>
    </Placemark>
    <Placemark>
      <name>Gabino Barrera - Guadalupe Victoria</name>
      <styleUrl>#iconoParada</styleUrl>
      <Point>
        <coordinates>-96.7188491,17.092344,0</coordinates>
      </Point>
    </Placemark>
    <Placemark>
      <name>Puente Peatonal - Emiliano Zapata</name>
      <styleUrl>#iconoParada</styleUrl>
      <Point>
        <coordinates>-96.7193713,17.0936832,0</coordinates>
      </Point>
    </Placemark>
    <Placemark>
      <name>Lino García - Emiliano Zapata</name>
      <styleUrl>#iconoParada</styleUrl>
      <Point>
        <coordinates>-96.7191717,17.0945271,0</coordinates>
      </Point>
    </Placemark>
    <Placemark>
      <name>Lázaro Cárdenas - Cuauhtémoc</name>
      <styleUrl>#iconoParada</styleUrl>
      <Point>
        <coordinates>-96.7200841,17.0959107,0</coordinates>
      </Point>
    </Placemark>
    <Placemark>
      <name>Ricardo Flores Magón - Cuauhtémoc</name>
      <styleUrl>#iconoParada</styleUrl>
      <Point>
        <coordinates>-96.7201683,17.0979754,0</coordinates>
      </Point>
    </Placemark>
    <Placemark>
      <name>El Rodeo - Plan de Ayala</name>
      <styleUrl>#iconoParada</styleUrl>
      <Point>
        <coordinates>-96.7202893,17.0990959,0</coordinates>
      </Point>
    </Placemark>
    <Placemark>
      <name>Plan de Ayala - 16 de Septiembre</name>
      <styleUrl>#iconoParada</styleUrl>
      <Point>
        <coordinates>-96.720986,17.1001917,0</coordinates>
      </Point>
    </Placemark>
    <Placemark>
      <name>Base BinniBus Guadalupe Victoria</name>
      <styleUrl>#iconoParada</styleUrl>
      <Point>
        <coordinates>-96.7212906,17.1011212,0</coordinates>
      </Point>
    </Placemark>
    <Placemark>
      <name>Plan de Ayala - 16 de Septiembre</name>
      <styleUrl>#iconoParada</styleUrl>
      <Point>
        <coordinates>-96.72099,17.1002839,0</coordinates>
      </Point>
    </Placemark>
    <Placemark>
      <name>El Rodeo - Plan de Ayala</name>
      <styleUrl>#iconoParada</styleUrl>
      <Point>
        <coordinates>-96.7202989,17.0990034,0</coordinates>
      </Point>
    </Placemark>
    <Placemark>
      <name>Ricardo Flores Magón - Cuauhtémoc</name>
      <styleUrl>#iconoParada</styleUrl>
      <Point>
        <coordinates>-96.72008,17.0976,0</coordinates>
      </Point>
    </Placemark>
    <Placemark>
      <name>Lázaro Cárdenas - Cuauhtémoc</name>
      <styleUrl>#iconoParada</styleUrl>
      <Point>
        <coordinates>-96.7200802,17.0960306,0</coordinates>
      </Point>
    </Placemark>
    <Placemark>
      <name>Lino García - Emiliano Zapata</name>
      <styleUrl>#iconoParada</styleUrl>
      <Point>
        <coordinates>-96.71921673,17.09452642,0</coordinates>
      </Point>
    </Placemark>
    <Placemark>
      <name>Segunda Emiliano Zapata</name>
      <styleUrl>#iconoParada</styleUrl>
      <Point>
        <coordinates>-96.7193474,17.0937825,0</coordinates>
      </Point>
    </Placemark>
    <Placemark>
      <name>Guadalupe Victoria - Emiliano Zapata</name>
      <styleUrl>#iconoParada</styleUrl>
      <Point>
        <coordinates>-96.719325,17.0925045,0</coordinates>
      </Point>
    </Placemark>
    <Placemark>
      <name>Boulevard La Paz</name>
      <styleUrl>#iconoParada</styleUrl>
      <Point>
        <coordinates>-96.71905,17.0903524,0</coordinates>
      </Point>
    </Placemark>
    <Placemark>
      <name>Calzada San Felipe del Agua - Florencia</name>
      <styleUrl>#iconoParada</styleUrl>
      <Point>
        <coordinates>-96.71746,17.08854,0</coordinates>
      </Point>
    </Placemark>
    <Placemark>
      <name>CBTIS 26</name>
      <styleUrl>#iconoParada</styleUrl>
      <Point>
        <coordinates>-96.718381,17.085719,0</coordinates>
      </Point>
    </Placemark>
    <Placemark>
      <name>Fuente de las 8 Regiones</name>
      <styleUrl>#iconoParada</styleUrl>
      <Point>
        <coordinates>-96.71916,17.08223,0</coordinates>
      </Point>
    </Placemark>
    <Placemark>
      <name>Heroica Escuela Naval Militar</name>
      <styleUrl>#iconoParada</styleUrl>
      <Point>
        <coordinates>-96.71926,17.07944,0</coordinates>
      </Point>
    </Placemark>
    <Placemark>
      <name>Avenida Belisario Domínguez - Calzada Porfirio Díaz</name>
      <styleUrl>#iconoParada</styleUrl>
      <Point>
        <coordinates>-96.71967,17.07618,0</coordinates>
      </Point>
    </Placemark>
    <Placemark>
      <name>IMSS 01</name>
      <styleUrl>#iconoParada</styleUrl>
      <Point>
        <coordinates>-96.721645,17.072096,0</coordinates>
      </Point>
    </Placemark>
    <Placemark>
      <name>Calzada Niños Héroes de Chapultepec - Barrio de Xochimilco</name>
      <styleUrl>#iconoParada</styleUrl>
      <Point>
        <coordinates>-96.724288,17.072595,0</coordinates>
      </Point>
    </Placemark>
    <Placemark>
      <name>General Joaquín Amaro - Callejón Aldama</name>
      <styleUrl>#iconoParada</styleUrl>
      <Point>
        <coordinates>-96.725825,17.072,0</coordinates>
      </Point>
    </Placemark>
    <Placemark>
      <name>Quetzalcóatl - Tinoco y Palacios</name>
      <styleUrl>#iconoParada</styleUrl>
      <Point>
        <coordinates>-96.726453,17.068234,0</coordinates>
      </Point>
    </Placemark>
    <Placemark>
      <name>Manuel Bravo - Tinoco y Palacios</name>
      <styleUrl>#iconoParada</styleUrl>
      <Point>
        <coordinates>-96.726902,17.065371,0</coordinates>
      </Point>
    </Placemark>
    <Placemark>
      <name>Avenida de la Independencia - Tinoco y Palacios</name>
      <styleUrl>#iconoParada</styleUrl>
      <Point>
        <coordinates>-96.72749,17.062657,0</coordinates>
      </Point>
    </Placemark>
    <Placemark>
      <name>Valerio Trujano - J.P. García</name>
      <styleUrl>#iconoParada</styleUrl>
      <Point>
        <coordinates>-96.72783,17.0607,0</coordinates>
      </Point>
    </Placemark>
    <Placemark>
      <name>Díaz Ordáz - Fray Bartolomé de las Casas</name>
      <styleUrl>#iconoParada</styleUrl>
      <Point>
        <coordinates>-96.728978,17.059934,0</coordinates>
      </Point>
    </Placemark>
    <Placemark>
      <name>Guadalupe Victoria - Fray Bartolomé de las Casas</name>
      <styleUrl>#iconoParada</styleUrl>
      <Point>
        <coordinates>-96.732024,17.060573,0</coordinates>
      </Point>
    </Placemark>
    <Placemark>
      <name>Puente Valerio Trujano</name>
      <styleUrl>#iconoParada</styleUrl>
      <Point>
        <coordinates>-96.73708766,17.06151516,0</coordinates>
      </Point>
    </Placemark>
    <Placemark>
      <name>Sierra Juárez - Calzada Valerio Trujano</name>
      <styleUrl>#iconoParada</styleUrl>
      <Point>
        <coordinates>-96.74007226,17.06128849,0</coordinates>
      </Point>
    </Placemark>
    <Placemark>
      <name>Avenida Mexicapan - Valerio Trujano</name>
      <styleUrl>#iconoParada</styleUrl>
      <Point>
        <coordinates>-96.74290511,17.05876255,0</coordinates>
      </Point>
    </Placemark>
    <Placemark>
      <name>Monte Albán - Avenida Mexicapan</name>
      <styleUrl>#iconoParada</styleUrl>
      <Point>
        <coordinates>-96.74394,17.0597,0</coordinates>
      </Point>
    </Placemark>
    <Placemark>
      <name>Bernardo Balbuena - Avenida Montoya</name>
      <styleUrl>#iconoParada</styleUrl>
      <Point>
        <coordinates>-96.74582,17.06182,0</coordinates>
      </Point>
    </Placemark>
    <Placemark>
      <name>Juventino Rosas - Avenida Montoya</name>
      <styleUrl>#iconoParada</styleUrl>
      <Point>
        <coordinates>-96.74750753,17.06412645,0</coordinates>
      </Point>
    </Placemark>
    <Placemark>
      <name>Avenida Itandehui - Avenida Montoya</name>
      <styleUrl>#iconoParada</styleUrl>
      <Point>
        <coordinates>-96.75005602,17.06442916,0</coordinates>
      </Point>
    </Placemark>
    <Placemark>
      <name>Adolfo López Mateo - Avenida Montoya</name>
      <styleUrl>#iconoParada</styleUrl>
      <Point>
        <coordinates>-96.75129985,17.06610738,0</coordinates>
      </Point>
    </Placemark>
    <Placemark>
      <name>Artículo 100 - Avenida Montoya</name>
      <styleUrl>#iconoParada</styleUrl>
      <Point>
        <coordinates>-96.75324498,17.0689079,0</coordinates>
      </Point>
    </Placemark>
    <Placemark>
      <name>21 de Marzo - Avenida Montoya</name>
      <styleUrl>#iconoParada</styleUrl>
      <Point>
        <coordinates>-96.75503278,17.07137451,0</coordinates>
      </Point>
    </Placemark>
    <Placemark>
      <name>Agencia Montoya</name>
      <styleUrl>#iconoParada</styleUrl>
      <Point>
        <coordinates>-96.7560578,17.0728544,0</coordinates>
      </Point>
    </Placemark>
    <Placemark>
      <name>Pizza Plaza Bella</name>
      <styleUrl>#iconoParada</styleUrl>
      <Point>
        <coordinates>-96.757712,17.0758803,0</coordinates>
      </Point>
    </Placemark>
    <Placemark>
      <name>Antonio De León - Avenida Libertad</name>
      <styleUrl>#iconoParada</styleUrl>
      <Point>
        <coordinates>-96.759876,17.079749,0</coordinates>
      </Point>
    </Placemark>
    <Placemark>
      <name>Valerio Trujano - Avenida Libertad</name>
      <styleUrl>#iconoParada</styleUrl>
      <Point>
        <coordinates>-96.761059,17.08191,0</coordinates>
      </Point>
    </Placemark>
    <Placemark>
      <name>Morelos - Avenida Libertad</name>
      <styleUrl>#iconoParada</styleUrl>
      <Point>
        <coordinates>-96.7629303,17.0852484,0</coordinates>
      </Point>
    </Placemark>
    <Placemark>
      <name>Samaria - Avenida Libertad</name>
      <styleUrl>#iconoParada</styleUrl>
      <Point>
        <coordinates>-96.7637671,17.0867673,0</coordinates>
      </Point>
    </Placemark>
    <Placemark>
      <name>Oyamel - Avenida Libertad</name>
      <styleUrl>#iconoParada</styleUrl>
      <Point>
        <coordinates>-96.765034,17.089013,0</coordinates>
      </Point>
    </Placemark>
    <Placemark>
      <name>Laurel - Avenida Libertad</name>
      <styleUrl>#iconoParada</styleUrl>
      <Point>
        <coordinates>-96.7661674,17.0910537,0</coordinates>
      </Point>
    </Placemark>
    <Placemark>
      <name>Jacarandas - Avenida Libertad</name>
      <styleUrl>#iconoParada</styleUrl>
      <Point>
        <coordinates>-96.7669361,17.092454,0</coordinates>
      </Point>
    </Placemark>
    <Placemark>
      <name>Laureles - Avenida Libertad</name>
      <styleUrl>#iconoParada</styleUrl>
      <Point>
        <coordinates>-96.767918,17.094245,0</coordinates>
      </Point>
    </Placemark>
    <Placemark>
      <name>Avenida de las Culturas - Avenida Libertad</name>
      <styleUrl>#iconoParada</styleUrl>
      <Point>
        <coordinates>-96.7687941,17.0957548,0</coordinates>
      </Point>
    </Placemark>
    <Placemark>
      <name>Oscar Ibarra - Avenida Libertad</name>
      <styleUrl>#iconoParada</styleUrl>
      <Point>
        <coordinates>-96.7696053,17.0972324,0</coordinates>
      </Point>
    </Placemark>
    <Placemark>
      <name>Crucero de Atzompa - Avenida Libertad</name>
      <styleUrl>#iconoParada</styleUrl>
      <Point>
        <coordinates>-96.771117,17.099938,0</coordinates>
      </Point>
    </Placemark>
    <Placemark>
      <name>Buenavista - Avenida Libertad</name>
      <styleUrl>#iconoParada</styleUrl>
      <Point>
        <coordinates>-96.7720929,17.1012287,0</coordinates>
      </Point>
    </Placemark>
    <Placemark>
      <name>Camino Nacional - Avenida Libertad</name>
      <styleUrl>#iconoParada</styleUrl>
      <Point>
        <coordinates>-96.7734939,17.1026343,0</coordinates>
      </Point>
    </Placemark>
    <Placemark>
      <name>Zaragoza - Avenida Libertad</name>
      <styleUrl>#iconoParada</styleUrl>
      <Point>
        <coordinates>-96.779244,17.104788,0</coordinates>
      </Point>
    </Placemark>
    <Placemark>
      <name>Periférico - Piticó</name>
      <styleUrl>#iconoParada</styleUrl>
      <Point>
        <coordinates>-96.72512,17.05102,0</coordinates>
      </Point>
    </Placemark>
    <Placemark>
      <name>Periférico - Prolongación de Xicoténcatl</name>
      <styleUrl>#iconoParada</styleUrl>
      <Point>
        <coordinates>-96.722745,17.051543,0</coordinates>
      </Point>
    </Placemark>
    <Placemark>
      <name>Periférico - Hotel Hacienda</name>
      <styleUrl>#iconoParada</styleUrl>
      <Point>
        <coordinates>-96.72005,17.05227,0</coordinates>
      </Point>
    </Placemark>
    <Placemark>
      <name>Chedraui - Periférico</name>
      <styleUrl>#iconoParada</styleUrl>
      <Point>
        <coordinates>-96.71696,17.05303,0</coordinates>
      </Point>
    </Placemark>
    <Placemark>
      <name>Boulevard Eduardo Vasconcelos - Luis Gonzaga Urbina</name>
      <styleUrl>#iconoParada</styleUrl>
      <Point>
        <coordinates>-96.712951,17.055606,0</coordinates>
      </Point>
    </Placemark>
    <Placemark>
      <name>Boulevard Eduardo Vasconcelos - Afipsa Navani</name>
      <styleUrl>#iconoParada</styleUrl>
      <Point>
        <coordinates>-96.712658,17.058273,0</coordinates>
      </Point>
    </Placemark>
    <Placemark>
      <name>Boulevard Eduardo Vasconcelos - Piticó</name>
      <styleUrl>#iconoParada</styleUrl>
      <Point>
        <coordinates>-96.713103,17.059676,0</coordinates>
      </Point>
    </Placemark>
    <Placemark>
      <name>Boulevard Eduardo Vasconcelos - Consultorio Psicologico</name>
      <styleUrl>#iconoParada</styleUrl>
      <Point>
        <coordinates>-96.713999,17.062769,0</coordinates>
      </Point>
    </Placemark>
    <Placemark>
      <name>Escuela Secundaria Técnica No. 6</name>
      <styleUrl>#iconoParada</styleUrl>
      <Point>
        <coordinates>-96.714134,17.066311,0</coordinates>
      </Point>
    </Placemark>
    <Placemark>
      <name>Escuela Primaria Federal 21 de Agosto</name>
      <styleUrl>#iconoParada</styleUrl>
      <Point>
        <coordinates>-96.713833,17.067976,0</coordinates>
      </Point>
    </Placemark>
    <Placemark>
      <name>Plaza Bonn</name>
      <styleUrl>#iconoParada</styleUrl>
      <Point>
        <coordinates>-96.71167,17.070164,0</coordinates>
      </Point>
    </Placemark>
    <Placemark>
      <name>Carretera Oaxaca - Tehuantepec - Perú</name>
      <styleUrl>#iconoParada</styleUrl>
      <Point>
        <coordinates>-96.707911,17.069756,0</coordinates>
      </Point>
    </Placemark>
    <Placemark>
      <name>Carretera Oaxaca - Tehuantepec - Elektra</name>
      <styleUrl>#iconoParada</styleUrl>
      <Point>
        <coordinates>-96.70507,17.069578,0</coordinates>
      </Point>
    </Placemark>
    <Placemark>
      <name>Carretera Oaxaca - Tehuantepec - Avenida 16 de Septiembre</name>
      <styleUrl>#iconoParada</styleUrl>
      <Point>
        <coordinates>-96.70235,17.06942,0</coordinates>
      </Point>
    </Placemark>
    <Placemark>
      <name>Zona Militar</name>
      <styleUrl>#iconoParada</styleUrl>
      <Point>
        <coordinates>-96.70017,17.06914,0</coordinates>
      </Point>
    </Placemark>
    <Placemark>
      <name>MacroPlaza</name>
      <styleUrl>#iconoParada</styleUrl>
      <Point>
        <coordinates>-96.694662,17.068664,0</coordinates>
      </Point>
    </Placemark>
    <Placemark>
      <name>Carretera Oaxaca - Tehuantepec - Siracuaza</name>
      <styleUrl>#iconoParada</styleUrl>
      <Point>
        <coordinates>-96.69093,17.06837,0</coordinates>
      </Point>
    </Placemark>
    <Placemark>
      <name>Carretera Oaxaca - Tehuantepec - Nñios Héroes</name>
      <styleUrl>#iconoParada</styleUrl>
      <Point>
        <coordinates>-96.681175,17.065836,0</coordinates>
      </Point>
    </Placemark>
    <Placemark>
      <name>Surcos Largos - Carretera Federal Oaxaca - Tuxtepec</name>
      <styleUrl>#iconoParada</styleUrl>
      <Point>
        <coordinates>-96.677362,17.067059,0</coordinates>
      </Point>
    </Placemark>
    <Placemark>
      <name>Privada de Antequera - Carretera Federal Oaxaca - Tuxtepec</name>
      <styleUrl>#iconoParada</styleUrl>
      <Point>
        <coordinates>-96.674475,17.069526,0</coordinates>
      </Point>
    </Placemark>
    <Placemark>
      <name>Privada de Guelatao - Carretera Federal Oaxaca - Tuxtepec</name>
      <styleUrl>#iconoParada</styleUrl>
      <Point>
        <coordinates>-96.670198,17.073052,0</coordinates>
      </Point>
    </Placemark>
    <Placemark>
      <name>Antiguo Camino a Tlalixtac - Carretera Federal Oaxaca - Tuxtepec</name>
      <styleUrl>#iconoParada</styleUrl>
      <Point>
        <coordinates>-96.663241,17.078778,0</coordinates>
      </Point>
    </Placemark>
    <Placemark>
      <name>Camino al Tabaaz</name>
      <styleUrl>#iconoParada</styleUrl>
      <Point>
        <coordinates>-96.657505,17.083445,0</coordinates>
      </Point>
    </Placemark>
    <Placemark>
      <name>Base BinniBus Camino de Azucena</name>
      <styleUrl>#iconoParada</styleUrl>
      <Point>
        <coordinates>-96.657896,17.084251,0</coordinates>
      </Point>
    </Placemark>
    <Placemark>
      <name>Camino al Tabaaz</name>
      <styleUrl>#iconoParada</styleUrl>
      <Point>
        <coordinates>-96.657825,17.083443,0</coordinates>
      </Point>
    </Placemark>
    <Placemark>
      <name>Carretera Federal Oaxaca - Constitución</name>
      <styleUrl>#iconoParada</styleUrl>
      <Point>
        <coordinates>-96.663445,17.078742,0</coordinates>
      </Point>
    </Placemark>
    <Placemark>
      <name>Camino Real a San Francisco Tutla</name>
      <styleUrl>#iconoParada</styleUrl>
      <Point>
        <coordinates>-96.670403,17.073059,0</coordinates>
      </Point>
    </Placemark>
    <Placemark>
      <name>Carretera Federal Oaxaca - Punta Diamante</name>
      <styleUrl>#iconoParada</styleUrl>
      <Point>
        <coordinates>-96.674211,17.069992,0</coordinates>
      </Point>
    </Placemark>
    <Placemark>
      <name>Carretera Federal Oaxaca - Surcos Largos</name>
      <styleUrl>#iconoParada</styleUrl>
      <Point>
        <coordinates>-96.677488,17.067248,0</coordinates>
      </Point>
    </Placemark>
    <Placemark>
      <name>Monumento a Juárez</name>
      <styleUrl>#iconoParada</styleUrl>
      <Point>
        <coordinates>-96.680104,17.065701,0</coordinates>
      </Point>
    </Placemark>
    <Placemark>
      <name>Carretera Oaxaca - Tehuantepec - Arroyo Seco</name>
      <styleUrl>#iconoParada</styleUrl>
      <Point>
        <coordinates>-96.68463,17.06698,0</coordinates>
      </Point>
    </Placemark>
    <Placemark>
      <name>Carretera a San Agustín Yatareni</name>
      <styleUrl>#iconoParada</styleUrl>
      <Point>
        <coordinates>-96.690712,17.068582,0</coordinates>
      </Point>
    </Placemark>
    <Placemark>
      <name>MacroPlaza</name>
      <styleUrl>#iconoParada</styleUrl>
      <Point>
        <coordinates>-96.694576,17.068885,0</coordinates>
      </Point>
    </Placemark>
    <Placemark>
      <name>Zona Militar</name>
      <styleUrl>#iconoParada</styleUrl>
      <Point>
        <coordinates>-96.699728,17.069339,0</coordinates>
      </Point>
    </Placemark>
    <Placemark>
      <name>Mercado Zonal Las Flores</name>
      <styleUrl>#iconoParada</styleUrl>
      <Point>
        <coordinates>-96.704589,17.069777,0</coordinates>
      </Point>
    </Placemark>
    <Placemark>
      <name>Carretera Oaxaca - Tehuantepec - El Columpio - OXXO</name>
      <styleUrl>#iconoParada</styleUrl>
      <Point>
        <coordinates>-96.707677,17.070025,0</coordinates>
      </Point>
    </Placemark>
    <Placemark>
      <name>Carretera Oaxaca - Tehuantepec - Licenciado Manuel Ruiz</name>
      <styleUrl>#iconoParada</styleUrl>
      <Point>
        <coordinates>-96.711165,17.070342,0</coordinates>
      </Point>
    </Placemark>
    <Placemark>
      <name>Preparatoria #2 UABJO</name>
      <styleUrl>#iconoParada</styleUrl>
      <Point>
        <coordinates>-96.71404,17.068368,0</coordinates>
      </Point>
    </Placemark>
    <Placemark>
      <name>Boulevard Eduardo Vasconcelos - ISSSTE</name>
      <styleUrl>#iconoParada</styleUrl>
      <Point>
        <coordinates>-96.714197,17.066461,0</coordinates>
      </Point>
    </Placemark>
    <Placemark>
      <name>Boulevard Eduardo Vasconcelos - Panteón General</name>
      <styleUrl>#iconoParada</styleUrl>
      <Point>
        <coordinates>-96.71422,17.063229,0</coordinates>
      </Point>
    </Placemark>
    <Placemark>
      <name>Boulevard Eduardo Vasconcelos - Privada</name>
      <styleUrl>#iconoParada</styleUrl>
      <Point>
        <coordinates>-96.713549,17.060018,0</coordinates>
      </Point>
    </Placemark>
    <Placemark>
      <name>Boulevard Eduardo Vasconcelos - Vicete Guerrero</name>
      <styleUrl>#iconoParada</styleUrl>
      <Point>
        <coordinates>-96.712995,17.057701,0</coordinates>
      </Point>
    </Placemark>
    <Placemark>
      <name>Boulevard Eduardo Vasconcelos - Ignacio López Rayón</name>
      <styleUrl>#iconoParada</styleUrl>
      <Point>
        <coordinates>-96.713102,17.055897,0</coordinates>
      </Point>
    </Placemark>
    <Placemark>
      <name>Periférico - Emiliano Zapata</name>
      <styleUrl>#iconoParada</styleUrl>
      <Point>
        <coordinates>-96.71598,17.0535,0</coordinates>
      </Point>
    </Placemark>
    <Placemark>
      <name>Periférico - González Ortega</name>
      <styleUrl>#iconoParada</styleUrl>
      <Point>
        <coordinates>-96.71945,17.05264,0</coordinates>
      </Point>
    </Placemark>
    <Placemark>
      <name>Periférico - Xicoténcatl</name>
      <styleUrl>#iconoParada</styleUrl>
      <Point>
        <coordinates>-96.72244,17.05191,0</coordinates>
      </Point>
    </Placemark>
    <Placemark>
      <name>CFE - Periférico</name>
      <styleUrl>#iconoParada</styleUrl>
      <Point>
        <coordinates>-96.72493,17.05128,0</coordinates>
      </Point>
    </Placemark>
    <Placemark>
      <name>Periférico - Miguel Cabrera</name>
      <styleUrl>#iconoParada</styleUrl>
      <Point>
        <coordinates>-96.727683,17.050644,0</coordinates>
      </Point>
    </Placemark>
    <Placemark>
      <name>Guadalupe Victoria Calzada Francisco I. Madero</name>
      <styleUrl>#iconoParada</styleUrl>
      <Point>
        <coordinates>-96.734112,17.064633,0</coordinates>
      </Point>
    </Placemark>
    <Placemark>
      <name>Francisco I. Madero - Jardín Morelos</name>
      <styleUrl>#iconoParada</styleUrl>
      <Point>
        <coordinates>-96.7318648,17.063326,0</coordinates>
      </Point>
    </Placemark>
    <Placemark>
      <name>Crespo - Avenida José María Morelos</name>
      <styleUrl>#iconoParada</styleUrl>
      <Point>
        <coordinates>-96.7282,17.06356,0</coordinates>
      </Point>
    </Placemark>
    <Placemark>
      <name>Asilo los Tamayo</name>
      <styleUrl>#iconoParada</styleUrl>
      <Point>
        <coordinates>-96.72763,17.066654,0</coordinates>
      </Point>
    </Placemark>
    <Placemark>
      <name>Escaleras al Fortín</name>
      <styleUrl>#iconoParada</styleUrl>
      <Point>
        <coordinates>-96.7274913,17.0679629,0</coordinates>
      </Point>
    </Placemark>
    <Placemark>
      <name>Crespo - Faustino G. Olivera</name>
      <styleUrl>#iconoParada</styleUrl>
      <Point>
        <coordinates>-96.72755,17.0701,0</coordinates>
      </Point>
    </Placemark>
    <Placemark>
      <name>Crespo - Calzada Héroes de Chapultepec</name>
      <styleUrl>#iconoParada</styleUrl>
      <Point>
        <coordinates>-96.72715,17.07221,0</coordinates>
      </Point>
    </Placemark>
    <Placemark>
      <name>Porfirio Díaz - Calzada Héroes de Chapultepec</name>
      <styleUrl>#iconoParada</styleUrl>
      <Point>
        <coordinates>-96.724524,17.072538,0</coordinates>
      </Point>
    </Placemark>
    <Placemark>
      <name>IMSS 01</name>
      <styleUrl>#iconoParada</styleUrl>
      <Point>
        <coordinates>-96.72132,17.07187,0</coordinates>
      </Point>
    </Placemark>
    <Placemark>
      <name>Terminal ADO</name>
      <styleUrl>#iconoParada</styleUrl>
      <Point>
        <coordinates>-96.716503,17.070778,0</coordinates>
      </Point>
    </Placemark>
    <Placemark>
      <name>Parque Juárez</name>
      <styleUrl>#iconoParada</styleUrl>
      <Point>
        <coordinates>-96.6934161,17.0663514,0</coordinates>
      </Point>
    </Placemark>
    <Placemark>
      <name>Avenida Juárez - Avenida Lázaro Cárdenas</name>
      <styleUrl>#iconoParada</styleUrl>
      <Point>
        <coordinates>-96.69377,17.06478,0</coordinates>
      </Point>
    </Placemark>
    <Placemark>
      <name>San Diego de los Hornos - Avenida Lázaro Cárdenas</name>
      <styleUrl>#iconoParada</styleUrl>
      <Point>
        <coordinates>-96.690576,17.064489,0</coordinates>
      </Point>
    </Placemark>
    <Placemark>
      <name>La Raya - Avenida Lázaro Cárdenas</name>
      <styleUrl>#iconoParada</styleUrl>
      <Point>
        <coordinates>-96.686732,17.063968,0</coordinates>
      </Point>
    </Placemark>
    <Placemark>
      <name>Camino Nacional - Colegio Atonalzin</name>
      <styleUrl>#iconoParada</styleUrl>
      <Point>
        <coordinates>-96.68298,17.06426,0</coordinates>
      </Point>
    </Placemark>
    <Placemark>
      <name>Independencia - Avenida Lázaro Cárdenas</name>
      <styleUrl>#iconoParada</styleUrl>
      <Point>
        <coordinates>-96.681663,17.063691,0</coordinates>
      </Point>
    </Placemark>
    <Placemark>
      <name>Allende . Independencia</name>
      <styleUrl>#iconoParada</styleUrl>
      <Point>
        <coordinates>-96.682765,17.060606,0</coordinates>
      </Point>
    </Placemark>
    <Placemark>
      <name>Juárez - Avenida Ferrocarril</name>
      <styleUrl>#iconoParada</styleUrl>
      <Point>
        <coordinates>-96.683903,17.057422,0</coordinates>
      </Point>
    </Placemark>
    <Placemark>
      <name>Base BinniBus Santa Cruz</name>
      <styleUrl>#iconoParada</styleUrl>
      <Point>
        <coordinates>-96.684485,17.055568,0</coordinates>
      </Point>
    </Placemark>
    <Placemark>
      <name>Cruz del Norte - Cruz del Poniente</name>
      <styleUrl>#iconoParada</styleUrl>
      <Point>
        <coordinates>-96.6831154,17.055507,0</coordinates>
      </Point>
    </Placemark>
    <Placemark>
      <name>Cruz del Oriente - Cruz del Norte</name>
      <styleUrl>#iconoParada</styleUrl>
      <Point>
        <coordinates>-96.681482,17.055511,0</coordinates>
      </Point>
    </Placemark>
    <Placemark>
      <name>Cruz del Camino - Andador Colosenses</name>
      <styleUrl>#iconoParada</styleUrl>
      <Point>
        <coordinates>-96.681166,17.056898,0</coordinates>
      </Point>
    </Placemark>
    <Placemark>
      <name>Corintios - Avenida Ferrocarril</name>
      <styleUrl>#iconoParada</styleUrl>
      <Point>
        <coordinates>-96.68369,17.057011,0</coordinates>
      </Point>
    </Placemark>
    <Placemark>
      <name>Palacio Municipal de Santa Cruz</name>
      <styleUrl>#iconoParada</styleUrl>
      <Point>
        <coordinates>-96.68352326,17.0589252,0</coordinates>
      </Point>
    </Placemark>
    <Placemark>
      <name>Vicente Guerrero - Independencia</name>
      <styleUrl>#iconoParada</styleUrl>
      <Point>
        <coordinates>-96.6825621,17.0610359,0</coordinates>
      </Point>
    </Placemark>
    <Placemark>
      <name>Independencia - Avenida Lázaro Cárdenas</name>
      <styleUrl>#iconoParada</styleUrl>
      <Point>
        <coordinates>-96.6816607,17.0637434,0</coordinates>
      </Point>
    </Placemark>
    <Placemark>
      <name>La Raya - Avenida Lázaro Cárdenas</name>
      <styleUrl>#iconoParada</styleUrl>
      <Point>
        <coordinates>-96.686591,17.064172,0</coordinates>
      </Point>
    </Placemark>
    <Placemark>
      <name>San Diego de los Hornos - Avenida Lázaro Cárdenas</name>
      <styleUrl>#iconoParada</styleUrl>
      <Point>
        <coordinates>-96.688888,17.064406,0</coordinates>
      </Point>
    </Placemark>
    <Placemark>
      <name>Tanque Elevado</name>
      <styleUrl>#iconoParada</styleUrl>
      <Point>
        <coordinates>-96.69337581,17.06494486,0</coordinates>
      </Point>
    </Placemark>
    <Placemark>
      <name>Avenida Juárez - Siracusa</name>
      <styleUrl>#iconoParada</styleUrl>
      <Point>
        <coordinates>-96.69300269,17.06646924,0</coordinates>
      </Point>
    </Placemark>
    <Placemark>
      <name>Siracusa - Carretera Oaxaca - Tehuantepec</name>
      <styleUrl>#iconoParada</styleUrl>
      <Point>
        <coordinates>-96.69061541,17.06830154,0</coordinates>
      </Point>
    </Placemark>
    <Placemark>
      <name>Privada Victoria - Periférico</name>
      <styleUrl>#iconoParada</styleUrl>
      <Point>
        <coordinates>-96.733017,17.060154,0</coordinates>
      </Point>
    </Placemark>
    <Placemark>
      <name>Húzares - Periférico</name>
      <styleUrl>#iconoParada</styleUrl>
      <Point>
        <coordinates>-96.735401,17.063476,0</coordinates>
      </Point>
    </Placemark>
    <Placemark>
      <name>Privada Margaritas - División Oriente</name>
      <styleUrl>#iconoParada</styleUrl>
      <Point>
        <coordinates>-96.740557,17.078073,0</coordinates>
      </Point>
    </Placemark>
    <Placemark>
      <name>Base BinniBus Colonia Jardín</name>
      <styleUrl>#iconoParada</styleUrl>
      <Point>
        <coordinates>-96.69793367,17.09391501,0</coordinates>
      </Point>
    </Placemark>
    <Placemark>
      <name>Bugambilias - Carretera a San Luis Beltrán</name>
      <styleUrl>#iconoParada</styleUrl>
      <Point>
        <coordinates>-96.7004658,17.0928083,0</coordinates>
      </Point>
    </Placemark>
    <Placemark>
      <name>Volcán de Tacaná - Seconusco</name>
      <styleUrl>#iconoParada</styleUrl>
      <Point>
        <coordinates>-96.70343572,17.09303577,0</coordinates>
      </Point>
    </Placemark>
    <Placemark>
      <name>Cofre de Perote - Seconusco</name>
      <styleUrl>#iconoParada</styleUrl>
      <Point>
        <coordinates>-96.706404,17.094433,0</coordinates>
      </Point>
    </Placemark>
    <Placemark>
      <name>Mesa de Anáhuac - Zempoaltépetl</name>
      <styleUrl>#iconoParada</styleUrl>
      <Point>
        <coordinates>-96.70838422,17.09257981,0</coordinates>
      </Point>
    </Placemark>
    <Placemark>
      <name>Campo de Beisbol Vinicio Castilla</name>
      <styleUrl>#iconoParada</styleUrl>
      <Point>
        <coordinates>-96.71041881,17.08898955,0</coordinates>
      </Point>
    </Placemark>
    <Placemark>
      <name>Circuito P</name>
      <styleUrl>#iconoParada</styleUrl>
      <Point>
        <coordinates>-96.7114037,17.0873969,0</coordinates>
      </Point>
    </Placemark>
    <Placemark>
      <name>Boulevard Mártires de Chicago (Base BinniBus Módulo Azul)</name>
      <styleUrl>#iconoParada</styleUrl>
      <Point>
        <coordinates>-96.71163614,17.08576226,0</coordinates>
      </Point>
    </Placemark>
    <Placemark>
      <name>Armando Soto Ruiz - Boulevard Mártires de Chicago</name>
      <styleUrl>#iconoParada</styleUrl>
      <Point>
        <coordinates>-96.711821,17.083675,0</coordinates>
      </Point>
    </Placemark>
    <Placemark>
      <name>Avenida Fuerza Aérea Mexicana - Avenida Heróico Colegio Militar</name>
      <styleUrl>#iconoParada</styleUrl>
      <Point>
        <coordinates>-96.71233537,17.08061141,0</coordinates>
      </Point>
    </Placemark>
    <Placemark>
      <name>Heroica Escuela Naval Militar - Avenida Heróico Colegio Militar</name>
      <styleUrl>#iconoParada</styleUrl>
      <Point>
        <coordinates>-96.71266817,17.07847139,0</coordinates>
      </Point>
    </Placemark>
    <Placemark>
      <name>Avenida Belisario Domínguez - Avenida Heróico Colegio Militar</name>
      <styleUrl>#iconoParada</styleUrl>
      <Point>
        <coordinates>-96.71311932,17.07506907,0</coordinates>
      </Point>
    </Placemark>
    <Placemark>
      <name>Almendros - Avenida Heróico Colegio Militar</name>
      <styleUrl>#iconoParada</styleUrl>
      <Point>
        <coordinates>-96.71340058,17.07306467,0</coordinates>
      </Point>
    </Placemark>
    <Placemark>
      <name>Heróico Colegio Militar - Boulevard José Vasconcelos</name>
      <styleUrl>#iconoParada</styleUrl>
      <Point>
        <coordinates>-96.7137011,17.07066487,0</coordinates>
      </Point>
    </Placemark>
    <Placemark>
      <name>Primera Privada de Universidad - Avenida Universidad</name>
      <styleUrl>#iconoParada</styleUrl>
      <Point>
        <coordinates>-96.713166,17.053407,0</coordinates>
      </Point>
    </Placemark>
    <Placemark>
      <name>Rectoria - Piticó - Avenida Universidad</name>
      <styleUrl>#iconoParada</styleUrl>
      <Point>
        <coordinates>-96.713571,17.050335,0</coordinates>
      </Point>
    </Placemark>
    <Placemark>
      <name>Facultad de Enfermeria - Avenida Universidad</name>
      <styleUrl>#iconoParada</styleUrl>
      <Point>
        <coordinates>-96.71391,17.048665,0</coordinates>
      </Point>
    </Placemark>
    <Placemark>
      <name>GYM Universitario - Avenida Universidad</name>
      <styleUrl>#iconoParada</styleUrl>
      <Point>
        <coordinates>-96.714157,17.047007,0</coordinates>
      </Point>
    </Placemark>
    <Placemark>
      <name>Plaza Oaxaca</name>
      <styleUrl>#iconoParada</styleUrl>
      <Point>
        <coordinates>-96.714482,17.043676,0</coordinates>
      </Point>
    </Placemark>
    <Placemark>
      <name>Plaza del Valle</name>
      <styleUrl>#iconoParada</styleUrl>
      <Point>
        <coordinates>-96.711995,17.040378,0</coordinates>
      </Point>
    </Placemark>
    <Placemark>
      <name>FAISAN - Avenida Universidad</name>
      <styleUrl>#iconoParada</styleUrl>
      <Point>
        <coordinates>-96.711587,17.037013,0</coordinates>
      </Point>
    </Placemark>
    <Placemark>
      <name>Fresnito - Avenida Universidad</name>
      <styleUrl>#iconoParada</styleUrl>
      <Point>
        <coordinates>-96.712436,17.035718,0</coordinates>
      </Point>
    </Placemark>
    <Placemark>
      <name>Walmart - Avenida Símbolos Patrios</name>
      <styleUrl>#iconoParada</styleUrl>
      <Point>
        <coordinates>-96.71289,17.031848,0</coordinates>
      </Point>
    </Placemark>
    <Placemark>
      <name>Pinos - Avenida Símbolos Patrios</name>
      <styleUrl>#iconoParada</styleUrl>
      <Point>
        <coordinates>-96.711434,17.02976,0</coordinates>
      </Point>
    </Placemark>
    <Placemark>
      <name>Jazmines - Avenida Símbolos Patrios</name>
      <styleUrl>#iconoParada</styleUrl>
      <Point>
        <coordinates>-96.709872,17.027396,0</coordinates>
      </Point>
    </Placemark>
    <Placemark>
      <name>Experimental - Avenida Símbolos Patrios</name>
      <styleUrl>#iconoParada</styleUrl>
      <Point>
        <coordinates>-96.709819,17.025646,0</coordinates>
      </Point>
    </Placemark>
    <Placemark>
      <name>Puente CONALEP - Avenida Símbolos Patrios</name>
      <styleUrl>#iconoParada</styleUrl>
      <Point>
        <coordinates>-96.710859,17.021265,0</coordinates>
      </Point>
    </Placemark>
    <Placemark>
      <name>Eucaliptos - Avenida Símbolos Patrios</name>
      <styleUrl>#iconoParada</styleUrl>
      <Point>
        <coordinates>-96.711414,17.018983,0</coordinates>
      </Point>
    </Placemark>
    <Placemark>
      <name>Crucero al Tequio - Avenida Símbolos Patrios</name>
      <styleUrl>#iconoParada</styleUrl>
      <Point>
        <coordinates>-96.712214,17.015374,0</coordinates>
      </Point>
    </Placemark>
    <Placemark>
      <name>Agrarista - Avenida Reforma</name>
      <styleUrl>#iconoParada</styleUrl>
      <Point>
        <coordinates>-96.71311156,17.01415779,0</coordinates>
      </Point>
    </Placemark>
    <Placemark>
      <name>Bosque el Tequio - Avenida Reforma</name>
      <styleUrl>#iconoParada</styleUrl>
      <Point>
        <coordinates>-96.71581206,17.01589795,0</coordinates>
      </Point>
    </Placemark>
    <Placemark>
      <name>Universidad La Salle Oaxaca</name>
      <styleUrl>#iconoParada</styleUrl>
      <Point>
        <coordinates>-96.72079048,17.01858369,0</coordinates>
      </Point>
    </Placemark>
    <Placemark>
      <name>Antiguo Camino a San Bartolo Coyotepec</name>
      <styleUrl>#iconoParada</styleUrl>
      <Point>
        <coordinates>-96.726313,17.019495,0</coordinates>
      </Point>
    </Placemark>
    <Placemark>
      <name>Arboledas Xoxocotlán</name>
      <styleUrl>#iconoParada</styleUrl>
      <Point>
        <coordinates>-96.728082,17.019744,0</coordinates>
      </Point>
    </Placemark>
    <Placemark>
      <name>Carretera al Tequio - San Rafael</name>
      <styleUrl>#iconoParada</styleUrl>
      <Point>
        <coordinates>-96.729715,17.022604,0</coordinates>
      </Point>
    </Placemark>
    <Placemark>
      <name>Ferrocarril - Boulevard Guadalupe Hinojosa de Murat</name>
      <styleUrl>#iconoParada</styleUrl>
      <Point>
        <coordinates>-96.739836,17.001147,0</coordinates>
      </Point>
    </Placemark>
    <Placemark>
      <name>Rotonda - Gasolinera PEMEX</name>
      <styleUrl>#iconoParada</styleUrl>
      <Point>
        <coordinates>-96.74224,16.99676,0</coordinates>
      </Point>
    </Placemark>
    <Placemark>
      <name>Dzahuindanda - Huarares</name>
      <styleUrl>#iconoParada</styleUrl>
      <Point>
        <coordinates>-96.74678,16.99682,0</coordinates>
      </Point>
    </Placemark>
    <Placemark>
      <name>Base BinniBus Anáhuac</name>
      <styleUrl>#iconoParada</styleUrl>
      <Point>
        <coordinates>-96.749592,16.996978,0</coordinates>
      </Point>
    </Placemark>
    <Placemark>
      <name>Base BinniBus CRIT</name>
      <styleUrl>#iconoParada</styleUrl>
      <Point>
        <coordinates>-96.755658,16.997168,0</coordinates>
      </Point>
    </Placemark>
    <Placemark>
      <name>Universidad Anáhuac</name>
      <styleUrl>#iconoParada</styleUrl>
      <Point>
        <coordinates>-96.753067,16.997004,0</coordinates>
      </Point>
    </Placemark>
    <Placemark>
      <name>Privado de los Olivos - Boulevartd Guadalupe Hinojosa de Murat</name>
      <styleUrl>#iconoParada</styleUrl>
      <Point>
        <coordinates>-96.749805,16.996906,0</coordinates>
      </Point>
    </Placemark>
    <Placemark>
      <name>Dzahuindanda - Huarares</name>
      <styleUrl>#iconoParada</styleUrl>
      <Point>
        <coordinates>-96.746885,16.996814,0</coordinates>
      </Point>
    </Placemark>
    <Placemark>
      <name>Rotonda - Gasolinera PEMEX</name>
      <styleUrl>#iconoParada</styleUrl>
      <Point>
        <coordinates>-96.742481,16.996704,0</coordinates>
      </Point>
    </Placemark>
    <Placemark>
      <name>Ferrocarril - Boulevard Guadalupe Hinojosa de Murat</name>
      <styleUrl>#iconoParada</styleUrl>
      <Point>
        <coordinates>-96.739739,17.001162,0</coordinates>
      </Point>
    </Placemark>
    <Placemark>
      <name>Camino al Protillo - Boulevard Guadalupe Hinojosa de Murat</name>
      <styleUrl>#iconoParada</styleUrl>
      <Point>
        <coordinates>-96.738533,17.003872,0</coordinates>
      </Point>
    </Placemark>
    <Placemark>
      <name>Rotonda Xoxocotlán</name>
      <styleUrl>#iconoParada</styleUrl>
      <Point>
        <coordinates>-96.730268,17.022399,0</coordinates>
      </Point>
    </Placemark>
    <Placemark>
      <name>Privada del Pirú - Camino Antiguo al Aeropuerto</name>
      <styleUrl>#iconoParada</styleUrl>
      <Point>
        <coordinates>-96.729559,17.022372,0</coordinates>
      </Point>
    </Placemark>
    <Placemark>
      <name>Arboledas Xoxocotlán</name>
      <styleUrl>#iconoParada</styleUrl>
      <Point>
        <coordinates>-96.72825,17.01969,0</coordinates>
      </Point>
    </Placemark>
    <Placemark>
      <name>Antiguo Camino a San Bartolo Coyotepec</name>
      <styleUrl>#iconoParada</styleUrl>
      <Point>
        <coordinates>-96.726568,17.019461,0</coordinates>
      </Point>
    </Placemark>
    <Placemark>
      <name>Universidad La Salle Oaxaca</name>
      <styleUrl>#iconoParada</styleUrl>
      <Point>
        <coordinates>-96.72070196,17.01846829,0</coordinates>
      </Point>
    </Placemark>
    <Placemark>
      <name>Bosque el Tequio - Avenida Reforma</name>
      <styleUrl>#iconoParada</styleUrl>
      <Point>
        <coordinates>-96.71598808,17.01591034,0</coordinates>
      </Point>
    </Placemark>
    <Placemark>
      <name>Agrarista - Avenida Reforma</name>
      <styleUrl>#iconoParada</styleUrl>
      <Point>
        <coordinates>-96.71329902,17.01409804,0</coordinates>
      </Point>
    </Placemark>
    <Placemark>
      <name>Libertad - Avenida Símbolos Patrios</name>
      <styleUrl>#iconoParada</styleUrl>
      <Point>
        <coordinates>-96.71205,17.01528,0</coordinates>
      </Point>
    </Placemark>
    <Placemark>
      <name>Boulevard Eucaliptos - Avenida Símbolos Patrios</name>
      <styleUrl>#iconoParada</styleUrl>
      <Point>
        <coordinates>-96.71107,17.01907,0</coordinates>
      </Point>
    </Placemark>
    <Placemark>
      <name>Quinta Privada de Pinos - Avenida Símbolos Patrios</name>
      <styleUrl>#iconoParada</styleUrl>
      <Point>
        <coordinates>-96.71063,17.02089,0</coordinates>
      </Point>
    </Placemark>
    <Placemark>
      <name>Calzada Luis Echeverria Álvarez - Crucero La Experimental</name>
      <styleUrl>#iconoParada</styleUrl>
      <Point>
        <coordinates>-96.70996,17.02438,0</coordinates>
      </Point>
    </Placemark>
    <Placemark>
      <name>Río Salado - Avenida Símbolos Patrios</name>
      <styleUrl>#iconoParada</styleUrl>
      <Point>
        <coordinates>-96.71058,17.02898,0</coordinates>
      </Point>
    </Placemark>
    <Placemark>
      <name>Morelos - Avenida Símbolos Patrios (La Proovedora)</name>
      <styleUrl>#iconoParada</styleUrl>
      <Point>
        <coordinates>-96.71183,17.0308,0</coordinates>
      </Point>
    </Placemark>
    <Placemark>
      <name>Carlos Gracida - Avenida Símbolos Patrios</name>
      <styleUrl>#iconoParada</styleUrl>
      <Point>
        <coordinates>-96.71346,17.03311,0</coordinates>
      </Point>
    </Placemark>
    <Placemark>
      <name>Calasanz - Avenida Universidad</name>
      <styleUrl>#iconoParada</styleUrl>
      <Point>
        <coordinates>-96.71215,17.035725,0</coordinates>
      </Point>
    </Placemark>
    <Placemark>
      <name>Plaza del Valle - Sam´s</name>
      <styleUrl>#iconoParada</styleUrl>
      <Point>
        <coordinates>-96.710584,17.038562,0</coordinates>
      </Point>
    </Placemark>
    <Placemark>
      <name>KFC - Avenida Universidad</name>
      <styleUrl>#iconoParada</styleUrl>
      <Point>
        <coordinates>-96.711449,17.040105,0</coordinates>
      </Point>
    </Placemark>
    <Placemark>
      <name>Plaza Oaxaca</name>
      <styleUrl>#iconoParada</styleUrl>
      <Point>
        <coordinates>-96.713851,17.043205,0</coordinates>
      </Point>
    </Placemark>
    <Placemark>
      <name>Facultad de Arquitectura - Avenida Universidad</name>
      <styleUrl>#iconoParada</styleUrl>
      <Point>
        <coordinates>-96.713895,17.046494,0</coordinates>
      </Point>
    </Placemark>
    <Placemark>
      <name>Facultad de Enfermería - Avenida Universidad</name>
      <styleUrl>#iconoParada</styleUrl>
      <Point>
        <coordinates>-96.713616,17.048614,0</coordinates>
      </Point>
    </Placemark>
    <Placemark>
      <name>Rectoria CU - Avenida Universidad</name>
      <styleUrl>#iconoParada</styleUrl>
      <Point>
        <coordinates>-96.713288,17.050926,0</coordinates>
      </Point>
    </Placemark>
    <Placemark>
      <name>Crucero de 5 Señores</name>
      <styleUrl>#iconoParada</styleUrl>
      <Point>
        <coordinates>-96.71292,17.05363,0</coordinates>
      </Point>
    </Placemark>
    <Placemark>
      <name>Heróico Colegio Militar - Primera Privada de Amapolas</name>
      <styleUrl>#iconoParada</styleUrl>
      <Point>
        <coordinates>-96.7134353,17.07103821,0</coordinates>
      </Point>
    </Placemark>
    <Placemark>
      <name>Almendros - Heróico Colegio Militar</name>
      <styleUrl>#iconoParada</styleUrl>
      <Point>
        <coordinates>-96.7132091,17.07274482,0</coordinates>
      </Point>
    </Placemark>
    <Placemark>
      <name>Avenida Belisario Domínguez - Avenida Heróico Colegio Militar</name>
      <styleUrl>#iconoParada</styleUrl>
      <Point>
        <coordinates>-96.71295971,17.07485836,0</coordinates>
      </Point>
    </Placemark>
    <Placemark>
      <name>Sabinos - Avenida Heróico Colegio Militar</name>
      <styleUrl>#iconoParada</styleUrl>
      <Point>
        <coordinates>-96.712619,17.076944,0</coordinates>
      </Point>
    </Placemark>
    <Placemark>
      <name>Avenida Fuerza Aérea Mexicana - Avenida Heróico Colegio Militar</name>
      <styleUrl>#iconoParada</styleUrl>
      <Point>
        <coordinates>-96.712258,17.080283,0</coordinates>
      </Point>
    </Placemark>
    <Placemark>
      <name>Estebán Baca Calderón - Avenida Heróico Colegio Militar</name>
      <styleUrl>#iconoParada</styleUrl>
      <Point>
        <coordinates>-96.711826,17.083059,0</coordinates>
      </Point>
    </Placemark>
    <Placemark>
      <name>Base BinniBus Módulo Azul</name>
      <styleUrl>#iconoParada</styleUrl>
      <Point>
        <coordinates>-96.71149728,17.08593617,0</coordinates>
      </Point>
    </Placemark>
    <Placemark>
      <name>Volcán Fuego - Proletariado Mexicano</name>
      <styleUrl>#iconoParada</styleUrl>
      <Point>
        <coordinates>-96.70990646,17.08927299,0</coordinates>
      </Point>
    </Placemark>
    <Placemark>
      <name>Pico de Orizaba - Zempoaltépetl</name>
      <styleUrl>#iconoParada</styleUrl>
      <Point>
        <coordinates>-96.70805327,17.09294395,0</coordinates>
      </Point>
    </Placemark>
    <Placemark>
      <name>Cofre de Perote - Seconusco</name>
      <styleUrl>#iconoParada</styleUrl>
      <Point>
        <coordinates>-96.706467,17.094446,0</coordinates>
      </Point>
    </Placemark>
    <Placemark>
      <name>Volcán de Tataná - Seconusco</name>
      <styleUrl>#iconoParada</styleUrl>
      <Point>
        <coordinates>-96.7036498,17.0930496,0</coordinates>
      </Point>
    </Placemark>
    <Placemark>
      <name>Laureles - Carretera a San Luis Beltrán</name>
      <styleUrl>#iconoParada</styleUrl>
      <Point>
        <coordinates>-96.70023405,17.09293003,0</coordinates>
      </Point>
    </Placemark>
    <Placemark>
      <name>Base BinniBus San Martín</name>
      <styleUrl>#iconoParada</styleUrl>
      <Point>
        <coordinates>-96.7537492,17.0596821,0</coordinates>
      </Point>
    </Placemark>
    <Placemark>
      <name>Guillermo Prieto - Plan de Ayutla</name>
      <styleUrl>#iconoParada</styleUrl>
      <Point>
        <coordinates>-96.7531884,17.0618087,0</coordinates>
      </Point>
    </Placemark>
    <Placemark>
      <name>Morelos - Avenida Oaxaca</name>
      <styleUrl>#iconoParada</styleUrl>
      <Point>
        <coordinates>-96.7517123,17.0632313,0</coordinates>
      </Point>
    </Placemark>
    <Placemark>
      <name>Avenida Itandehui - Avenida Oaxaca</name>
      <styleUrl>#iconoParada</styleUrl>
      <Point>
        <coordinates>-96.7501801,17.0642436,0</coordinates>
      </Point>
    </Placemark>
    <Placemark>
      <name>Periférico</name>
      <styleUrl>#iconoParada</styleUrl>
      <Point>
        <coordinates>-96.729209,17.051464,0</coordinates>
      </Point>
    </Placemark>
    <Placemark>
      <name>Niquel - 7 de Enero</name>
      <styleUrl>#iconoParada</styleUrl>
      <Point>
        <coordinates>-96.7102738,17.08126,0</coordinates>
      </Point>
    </Placemark>
    <Placemark>
      <name>7 de Enero - Escuadrón 201</name>
      <styleUrl>#iconoParada</styleUrl>
      <Point>
        <coordinates>-96.706509,17.0808068,0</coordinates>
      </Point>
    </Placemark>
    <Placemark>
      <name>Escuadrón 201 - Avenida Fuerza Aérea Mexicana</name>
      <styleUrl>#iconoParada</styleUrl>
      <Point>
        <coordinates>-96.70627,17.0799217,0</coordinates>
      </Point>
    </Placemark>
    <Placemark>
      <name>Primero de Mayo - Avenida Fuerza Aérea Mexicana</name>
      <styleUrl>#iconoParada</styleUrl>
      <Point>
        <coordinates>-96.7051238,17.079429,0</coordinates>
      </Point>
    </Placemark>
    <Placemark>
      <name>Orquídeas - Avenida Fuerza Aérea Mexicana</name>
      <styleUrl>#iconoParada</styleUrl>
      <Point>
        <coordinates>-96.703444,17.079288,0</coordinates>
      </Point>
    </Placemark>
    <Placemark>
      <name>Sauces - Orquídeas</name>
      <styleUrl>#iconoParada</styleUrl>
      <Point>
        <coordinates>-96.703011,17.08022,0</coordinates>
      </Point>
    </Placemark>
    <Placemark>
      <name>Río Verde - Sauces</name>
      <styleUrl>#iconoParada</styleUrl>
      <Point>
        <coordinates>-96.702779,17.081698,0</coordinates>
      </Point>
    </Placemark>
    <Placemark>
      <name>Río Grijalva - Río Verde</name>
      <styleUrl>#iconoParada</styleUrl>
      <Point>
        <coordinates>-96.7000374,17.0819682,0</coordinates>
      </Point>
    </Placemark>
    <Placemark>
      <name>Avenida Central Oriente Poniente - Río Grijalva</name>
      <styleUrl>#iconoParada</styleUrl>
      <Point>
        <coordinates>-96.6999151,17.0832938,0</coordinates>
      </Point>
    </Placemark>
    <Placemark>
      <name>Regeneracón - Avenida Central Oriente Poniente</name>
      <styleUrl>#iconoParada</styleUrl>
      <Point>
        <coordinates>-96.69851206,17.08349256,0</coordinates>
      </Point>
    </Placemark>
    <Placemark>
      <name>Avenida Central Norte Sur - Avenida Central Oriente Poniente</name>
      <styleUrl>#iconoParada</styleUrl>
      <Point>
        <coordinates>-96.69705,17.0838257,0</coordinates>
      </Point>
    </Placemark>
    <Placemark>
      <name>Avenida Oriente - Avenida Central Oriente Poniente</name>
      <styleUrl>#iconoParada</styleUrl>
      <Point>
        <coordinates>-96.6943533,17.0843863,0</coordinates>
      </Point>
    </Placemark>
    <Placemark>
      <name>Base BinniBus Primera Etapa</name>
      <styleUrl>#iconoParada</styleUrl>
      <Point>
        <coordinates>-96.6939039,17.08653,0</coordinates>
      </Point>
    </Placemark>
    <Placemark>
      <name>La República - Avenida Central Oriente Poniente</name>
      <styleUrl>#iconoParada</styleUrl>
      <Point>
        <coordinates>-96.6943555,17.0844687,0</coordinates>
      </Point>
    </Placemark>
    <Placemark>
      <name>Central Sur - Avenida Central Oriente Poniente</name>
      <styleUrl>#iconoParada</styleUrl>
      <Point>
        <coordinates>-96.696718,17.0840487,0</coordinates>
      </Point>
    </Placemark>
    <Placemark>
      <name>Mercado Flores Magón - Avenida Central Oriente Poniente</name>
      <styleUrl>#iconoParada</styleUrl>
      <Point>
        <coordinates>-96.698431,17.083639,0</coordinates>
      </Point>
    </Placemark>
    <Placemark>
      <name>Parlamento - Avenida Central Oriente Poniente</name>
      <styleUrl>#iconoParada</styleUrl>
      <Point>
        <coordinates>-96.6996105,17.0836629,0</coordinates>
      </Point>
    </Placemark>
    <Placemark>
      <name>Río Grijalva - Río Verde</name>
      <styleUrl>#iconoParada</styleUrl>
      <Point>
        <coordinates>-96.6998585,17.0821726,0</coordinates>
      </Point>
    </Placemark>
    <Placemark>
      <name>Río Verde - Orquídeas</name>
      <styleUrl>#iconoParada</styleUrl>
      <Point>
        <coordinates>-96.702572,17.0820131,0</coordinates>
      </Point>
    </Placemark>
    <Placemark>
      <name>Sauces - Orquídeas</name>
      <styleUrl>#iconoParada</styleUrl>
      <Point>
        <coordinates>-96.702946,17.080501,0</coordinates>
      </Point>
    </Placemark>
    <Placemark>
      <name>Orquídeas - Avenida Fuerza Aérea Mexicana</name>
      <styleUrl>#iconoParada</styleUrl>
      <Point>
        <coordinates>-96.7030992,17.0796239,0</coordinates>
      </Point>
    </Placemark>
    <Placemark>
      <name>Escuadrón 201 - Avenida Fuerza Aérea Mexicana</name>
      <styleUrl>#iconoParada</styleUrl>
      <Point>
        <coordinates>-96.706068,17.079718,0</coordinates>
      </Point>
    </Placemark>
    <Placemark>
      <name>Violetas - Escuadrón 201</name>
      <styleUrl>#iconoParada</styleUrl>
      <Point>
        <coordinates>-96.7097994,17.080149,0</coordinates>
      </Point>
    </Placemark>
    <Placemark>
      <name>Jazmines - Avenida Heróico Colegio Militar</name>
      <styleUrl>#iconoParada</styleUrl>
      <Point>
        <coordinates>-96.7124037,17.0799923,0</coordinates>
      </Point>
    </Placemark>
    <Placemark>
      <name>Avenida Itandehui - Avenida Montoya</name>
      <styleUrl>#iconoParada</styleUrl>
      <Point>
        <coordinates>-96.7503614,17.0642108,0</coordinates>
      </Point>
    </Placemark>
    <Placemark>
      <name>Morelos - Avenida Oaxaca</name>
      <styleUrl>#iconoParada</styleUrl>
      <Point>
        <coordinates>-96.7516559,17.0633176,0</coordinates>
      </Point>
    </Placemark>
    <Placemark>
      <name>Allende - Avenida Oaxaca</name>
      <styleUrl>#iconoParada</styleUrl>
      <Point>
        <coordinates>-96.7528392,17.0622957,0</coordinates>
      </Point>
    </Placemark>
    <Placemark>
      <name>Base BinniBus 2° Sección Guadalupe Victoria</name>
      <styleUrl>#iconoParada</styleUrl>
      <Point>
        <coordinates>-96.735154,17.1033082,0</coordinates>
      </Point>
    </Placemark>
    <Placemark>
      <name>Constitución - Independencia</name>
      <styleUrl>#iconoParada</styleUrl>
      <Point>
        <coordinates>-96.7364097,17.1017242,0</coordinates>
      </Point>
    </Placemark>
    <Placemark>
      <name>Palestina - José Murat</name>
      <styleUrl>#iconoParada</styleUrl>
      <Point>
        <coordinates>-96.7379602,17.1003115,0</coordinates>
      </Point>
    </Placemark>
    <Placemark>
      <name>Coral - José Murat</name>
      <styleUrl>#iconoParada</styleUrl>
      <Point>
        <coordinates>-96.7392845,17.0982553,0</coordinates>
      </Point>
    </Placemark>
    <Placemark>
      <name>Francisco Márquez - José Murat</name>
      <styleUrl>#iconoParada</styleUrl>
      <Point>
        <coordinates>-96.7394156,17.0937865,0</coordinates>
      </Point>
    </Placemark>
    <Placemark>
      <name>San Marcos - José Murat</name>
      <styleUrl>#iconoParada</styleUrl>
      <Point>
        <coordinates>-96.7375685,17.0915833,0</coordinates>
      </Point>
    </Placemark>
    <Placemark>
      <name>Fortín - José Murat</name>
      <styleUrl>#iconoParada</styleUrl>
      <Point>
        <coordinates>-96.7377414,17.0869537,0</coordinates>
      </Point>
    </Placemark>
    <Placemark>
      <name>Los Andes - José Murat</name>
      <styleUrl>#iconoParada</styleUrl>
      <Point>
        <coordinates>-96.7353595,17.0866059,0</coordinates>
      </Point>
    </Placemark>
    <Placemark>
      <name>Pico de Orizaba</name>
      <styleUrl>#iconoParada</styleUrl>
      <Point>
        <coordinates>-96.7345148,17.0854989,0</coordinates>
      </Point>
    </Placemark>
    <Placemark>
      <name>Pirineos - Popocatépetl</name>
      <styleUrl>#iconoParada</styleUrl>
      <Point>
        <coordinates>-96.7317455,17.0856033,0</coordinates>
      </Point>
    </Placemark>
    <Placemark>
      <name>Laureles - Mártires de Río Blanco</name>
      <styleUrl>#iconoParada</styleUrl>
      <Point>
        <coordinates>-96.7300492,17.084184,0</coordinates>
      </Point>
    </Placemark>
    <Placemark>
      <name>Cedros -Mártires de Río Blanco</name>
      <styleUrl>#iconoParada</styleUrl>
      <Point>
        <coordinates>-96.728787,17.0834195,0</coordinates>
      </Point>
    </Placemark>
    <Placemark>
      <name>Jacarandas - Mártires de Río Blanco</name>
      <styleUrl>#iconoParada</styleUrl>
      <Point>
        <coordinates>-96.7270557,17.0816423,0</coordinates>
      </Point>
    </Placemark>
    <Placemark>
      <name>Río Papaloapam - Mártires de Río Blanco</name>
      <styleUrl>#iconoParada</styleUrl>
      <Point>
        <coordinates>-96.7269819,17.0802228,0</coordinates>
      </Point>
    </Placemark>
    <Placemark>
      <name>Aerolitos - Avenida Venus</name>
      <styleUrl>#iconoParada</styleUrl>
      <Point>
        <coordinates>-96.7261246,17.077845,0</coordinates>
      </Point>
    </Placemark>
    <Placemark>
      <name>Avenida Venus - Doctor Gilberto Bolaños Cacho</name>
      <styleUrl>#iconoParada</styleUrl>
      <Point>
        <coordinates>-96.7264804,17.0740838,0</coordinates>
      </Point>
    </Placemark>
    <Placemark>
      <name>Avenida Monte Albán - Avenida Montoya</name>
      <styleUrl>#iconoParada</styleUrl>
      <Point>
        <coordinates>-96.744965,17.0601778,0</coordinates>
      </Point>
    </Placemark>
    <Placemark>
      <name>Guelaguetza - Avenida Monte Albán</name>
      <styleUrl>#iconoParada</styleUrl>
      <Point>
        <coordinates>-96.7475269,17.0587271,0</coordinates>
      </Point>
    </Placemark>
    <Placemark>
      <name>Árboleadas del Valle - Avenida Monte Albán</name>
      <styleUrl>#iconoParada</styleUrl>
      <Point>
        <coordinates>-96.7497518,17.0591974,0</coordinates>
      </Point>
    </Placemark>
    <Placemark>
      <name>Escuela Secundaria Técnica #106</name>
      <styleUrl>#iconoParada</styleUrl>
      <Point>
        <coordinates>-96.75342,17.05876,0</coordinates>
      </Point>
    </Placemark>
    <Placemark>
      <name>Avenida Netzahualcóyotl - Avenida Monte Albán</name>
      <styleUrl>#iconoParada</styleUrl>
      <Point>
        <coordinates>-96.7563776,17.0580789,0</coordinates>
      </Point>
    </Placemark>
    <Placemark>
      <name>Base BinniBus Colonia Moctezuma</name>
      <styleUrl>#iconoParada</styleUrl>
      <Point>
        <coordinates>-96.759175,17.0579013,0</coordinates>
      </Point>
    </Placemark>
    <Placemark>
      <name>Avenida Netzahualcóyotl - Avenida Monte Albán</name>
      <styleUrl>#iconoParada</styleUrl>
      <Point>
        <coordinates>-96.7563808,17.0580246,0</coordinates>
      </Point>
    </Placemark>
    <Placemark>
      <name>Escuela Secundaria Técnica #106</name>
      <styleUrl>#iconoParada</styleUrl>
      <Point>
        <coordinates>-96.7540083,17.058626,0</coordinates>
      </Point>
    </Placemark>
    <Placemark>
      <name>Reforma - Avenida Monte Albán</name>
      <styleUrl>#iconoParada</styleUrl>
      <Point>
        <coordinates>-96.7505427,17.0591121,0</coordinates>
      </Point>
    </Placemark>
    <Placemark>
      <name>Árboleadas del Valle - Avenida Monte Albán</name>
      <styleUrl>#iconoParada</styleUrl>
      <Point>
        <coordinates>-96.7495377,17.0592128,0</coordinates>
      </Point>
    </Placemark>
    <Placemark>
      <name>Siderita - Avenida Monte Albán</name>
      <styleUrl>#iconoParada</styleUrl>
      <Point>
        <coordinates>-96.7476145,17.0587082,0</coordinates>
      </Point>
    </Placemark>
    <Placemark>
      <name>Avenida Monte Albán - Avenida Montoya</name>
      <styleUrl>#iconoParada</styleUrl>
      <Point>
        <coordinates>-96.7448717,17.0601145,0</coordinates>
      </Point>
    </Placemark>
    <Placemark>
      <name>Centro de Salud Urbano #2</name>
      <styleUrl>#iconoParada</styleUrl>
      <Point>
        <coordinates>-96.7263876,17.0741035,0</coordinates>
      </Point>
    </Placemark>
    <Placemark>
      <name>Río Nilo - Avenida Venus</name>
      <styleUrl>#iconoParada</styleUrl>
      <Point>
        <coordinates>-96.726075,17.0774864,0</coordinates>
      </Point>
    </Placemark>
    <Placemark>
      <name>Río Papaloapam - Mártires de Río Blanco</name>
      <styleUrl>#iconoParada</styleUrl>
      <Point>
        <coordinates>-96.726908,17.0800609,0</coordinates>
      </Point>
    </Placemark>
    <Placemark>
      <name>Fraccionamiento Pozas Arcas</name>
      <styleUrl>#iconoParada</styleUrl>
      <Point>
        <coordinates>-96.7270832,17.0818154,0</coordinates>
      </Point>
    </Placemark>
    <Placemark>
      <name>Cedros - Mártires de Río Blanco</name>
      <styleUrl>#iconoParada</styleUrl>
      <Point>
        <coordinates>-96.728606,17.0833446,0</coordinates>
      </Point>
    </Placemark>
    <Placemark>
      <name>Laureles - Mártires de Río Blanco</name>
      <styleUrl>#iconoParada</styleUrl>
      <Point>
        <coordinates>-96.730226,17.0843361,0</coordinates>
      </Point>
    </Placemark>
    <Placemark>
      <name>Pirineos - Popocatépetl</name>
      <styleUrl>#iconoParada</styleUrl>
      <Point>
        <coordinates>-96.73182,17.085659,0</coordinates>
      </Point>
    </Placemark>
    <Placemark>
      <name>Unidad Deportiva Sabino Crespo</name>
      <styleUrl>#iconoParada</styleUrl>
      <Point>
        <coordinates>-96.7342872,17.0855705,0</coordinates>
      </Point>
    </Placemark>
    <Placemark>
      <name>Los Andes - José Murat</name>
      <styleUrl>#iconoParada</styleUrl>
      <Point>
        <coordinates>-96.7353714,17.0866753,0</coordinates>
      </Point>
    </Placemark>
    <Placemark>
      <name>Loma de Encinal - José Murat</name>
      <styleUrl>#iconoParada</styleUrl>
      <Point>
        <coordinates>-96.7376473,17.086555,0</coordinates>
      </Point>
    </Placemark>
    <Placemark>
      <name>San Marcos - José Murat</name>
      <styleUrl>#iconoParada</styleUrl>
      <Point>
        <coordinates>-96.7377467,17.0916446,0</coordinates>
      </Point>
    </Placemark>
    <Placemark>
      <name>Avenida de la Paz - José Murat</name>
      <styleUrl>#iconoParada</styleUrl>
      <Point>
        <coordinates>-96.7393899,17.0938755,0</coordinates>
      </Point>
    </Placemark>
    <Placemark>
      <name>Monte de los Olivos - José Murat</name>
      <styleUrl>#iconoParada</styleUrl>
      <Point>
        <coordinates>-96.7392606,17.0984904,0</coordinates>
      </Point>
    </Placemark>
    <Placemark>
      <name>Tierra y Libertad - José Murat</name>
      <styleUrl>#iconoParada</styleUrl>
      <Point>
        <coordinates>-96.7377174,17.1004854,0</coordinates>
      </Point>
    </Placemark>
    <Placemark>
      <name>Constitución - José Murat</name>
      <styleUrl>#iconoParada</styleUrl>
      <Point>
        <coordinates>-96.7364657,17.1016663,0</coordinates>
      </Point>
    </Placemark>
    <Placemark>
      <name>Base BinniBus Donají</name>
      <styleUrl>#iconoParada</styleUrl>
      <Point>
        <coordinates>-96.70076,17.10899,0</coordinates>
      </Point>
    </Placemark>
    <Placemark>
      <name>Venustiano Carranza - Carretera a Donají</name>
      <styleUrl>#iconoParada</styleUrl>
      <Point>
        <coordinates>-96.70053,17.10803,0</coordinates>
      </Point>
    </Placemark>
    <Placemark>
      <name>Vicente Guerrero - Carretera a Donají</name>
      <styleUrl>#iconoParada</styleUrl>
      <Point>
        <coordinates>-96.701054,17.105292,0</coordinates>
      </Point>
    </Placemark>
    <Placemark>
      <name>Álvaro Obregón - Carretera a Donají</name>
      <styleUrl>#iconoParada</styleUrl>
      <Point>
        <coordinates>-96.701229,17.10368,0</coordinates>
      </Point>
    </Placemark>
    <Placemark>
      <name>Benito Juárez - Venustiano Carranza</name>
      <styleUrl>#iconoParada</styleUrl>
      <Point>
        <coordinates>-96.702947,17.103696,0</coordinates>
      </Point>
    </Placemark>
    <Placemark>
      <name>Miguel Hidalgo - Benito Juárez</name>
      <styleUrl>#iconoParada</styleUrl>
      <Point>
        <coordinates>-96.7033,17.1019,0</coordinates>
      </Point>
    </Placemark>
    <Placemark>
      <name>Cofre de Perote - Carretera a Donají</name>
      <styleUrl>#iconoParada</styleUrl>
      <Point>
        <coordinates>-96.70543,17.09649,0</coordinates>
      </Point>
    </Placemark>
    <Placemark>
      <name>Seconusco - Zempoaltépetl</name>
      <styleUrl>#iconoParada</styleUrl>
      <Point>
        <coordinates>-96.7070691,17.0947919,0</coordinates>
      </Point>
    </Placemark>
    <Placemark>
      <name>Popocatépetl - Zempoaltépetl</name>
      <styleUrl>#iconoParada</styleUrl>
      <Point>
        <coordinates>-96.7092375,17.0909708,0</coordinates>
      </Point>
    </Placemark>
    <Placemark>
      <name>Las Etnias - Avenida México 68</name>
      <styleUrl>#iconoParada</styleUrl>
      <Point>
        <coordinates>-96.714052,17.087338,0</coordinates>
      </Point>
    </Placemark>
    <Placemark>
      <name>Crucero de Fonapez</name>
      <styleUrl>#iconoParada</styleUrl>
      <Point>
        <coordinates>-96.719794,17.070954,0</coordinates>
      </Point>
    </Placemark>
    <Placemark>
      <name>El Llano</name>
      <styleUrl>#iconoParada</styleUrl>
      <Point>
        <coordinates>-96.72001,17.06941,0</coordinates>
      </Point>
    </Placemark>
    <Placemark>
      <name>Humboldt - El Llano</name>
      <styleUrl>#iconoParada</styleUrl>
      <Point>
        <coordinates>-96.72036,17.06759,0</coordinates>
      </Point>
    </Placemark>
    <Placemark>
      <name>Constitución - Avenida Benito Juárez</name>
      <styleUrl>#iconoParada</styleUrl>
      <Point>
        <coordinates>-96.720803,17.065358,0</coordinates>
      </Point>
    </Placemark>
    <Placemark>
      <name>Murguía - Avenida Benito Juárez</name>
      <styleUrl>#iconoParada</styleUrl>
      <Point>
        <coordinates>-96.721257,17.063358,0</coordinates>
      </Point>
    </Placemark>
    <Placemark>
      <name>Avenida de la Independencia - Avenida Benito Juárez</name>
      <styleUrl>#iconoParada</styleUrl>
      <Point>
        <coordinates>-96.721644,17.061419,0</coordinates>
      </Point>
    </Placemark>
    <Placemark>
      <name>Vicente Guerrero - Melchor Ocampo</name>
      <styleUrl>#iconoParada</styleUrl>
      <Point>
        <coordinates>-96.722076,17.059537,0</coordinates>
      </Point>
    </Placemark>
    <Placemark>
      <name>Ignacio López Rayón - Melchor Ocampo</name>
      <styleUrl>#iconoParada</styleUrl>
      <Point>
        <coordinates>-96.722467,17.05777,0</coordinates>
      </Point>
    </Placemark>
    <Placemark>
      <name>Carlos María Bustamante - Arteaga</name>
      <styleUrl>#iconoParada</styleUrl>
      <Point>
        <coordinates>-96.725381,17.0572651,0</coordinates>
      </Point>
    </Placemark>
    <Placemark>
      <name>Zaragoza - Flores Magón</name>
      <styleUrl>#iconoParada</styleUrl>
      <Point>
        <coordinates>-96.72665,17.056672,0</coordinates>
      </Point>
    </Placemark>
    <Placemark>
      <name>Miguel Cabrea - Nuño del Mercado</name>
      <styleUrl>#iconoParada</styleUrl>
      <Point>
        <coordinates>-96.72716,17.05461,0</coordinates>
      </Point>
    </Placemark>
    <Placemark>
      <name>Preparatoria #1 UABJO</name>
      <styleUrl>#iconoParada</styleUrl>
      <Point>
        <coordinates>-96.72786,17.051104,0</coordinates>
      </Point>
    </Placemark>
    <Placemark>
      <name>Real Progreso - Porfirío Díaz</name>
      <styleUrl>#iconoParada</styleUrl>
      <Point>
        <coordinates>-96.73314,17.02397,0</coordinates>
      </Point>
    </Placemark>
    <Placemark>
      <name>Insurgentes - Camino de la Horqueta</name>
      <styleUrl>#iconoParada</styleUrl>
      <Point>
        <coordinates>-96.73558,17.02469,0</coordinates>
      </Point>
    </Placemark>
    <Placemark>
      <name>Mi Ranchito - Francisco Toledo</name>
      <styleUrl>#iconoParada</styleUrl>
      <Point>
        <coordinates>-96.73994,17.02297,0</coordinates>
      </Point>
    </Placemark>
    <Placemark>
      <name>Donají - Carretera Oaxaca - Zaachila</name>
      <styleUrl>#iconoParada</styleUrl>
      <Point>
        <coordinates>-96.74363,17.02156,0</coordinates>
      </Point>
    </Placemark>
    <Placemark>
      <name>Esquipulas - Carretera Oaxaca - Zaachila</name>
      <styleUrl>#iconoParada</styleUrl>
      <Point>
        <coordinates>-96.74704,17.02021,0</coordinates>
      </Point>
    </Placemark>
    <Placemark>
      <name>3 de Octubre - Carretera Oaxaca - Zaachila</name>
      <styleUrl>#iconoParada</styleUrl>
      <Point>
        <coordinates>-96.750108,17.018831,0</coordinates>
      </Point>
    </Placemark>
    <Placemark>
      <name>Álamos - Carretera Oaxaca - Zaachila</name>
      <styleUrl>#iconoParada</styleUrl>
      <Point>
        <coordinates>-96.7537,17.01673,0</coordinates>
      </Point>
    </Placemark>
    <Placemark>
      <name>Emiliabo Zapata - Álvaro Carrillo</name>
      <styleUrl>#iconoParada</styleUrl>
      <Point>
        <coordinates>-96.75610098,17.01475588,0</coordinates>
      </Point>
    </Placemark>
    <Placemark>
      <name>Camino Carretero - Álvaro Carrillo</name>
      <styleUrl>#iconoParada</styleUrl>
      <Point>
        <coordinates>-96.7552014,17.0133957,0</coordinates>
      </Point>
    </Placemark>
    <Placemark>
      <name>Jesús Rasgado -15 de Enero</name>
      <styleUrl>#iconoParada</styleUrl>
      <Point>
        <coordinates>-96.75579473,17.01113956,0</coordinates>
      </Point>
    </Placemark>
    <Placemark>
      <name>Amador Pérez - Calle Uno</name>
      <styleUrl>#iconoParada</styleUrl>
      <Point>
        <coordinates>-96.75631111,17.00942665,0</coordinates>
      </Point>
    </Placemark>
    <Placemark>
      <name>Observatorio - Avenida Morelos</name>
      <styleUrl>#iconoParada</styleUrl>
      <Point>
        <coordinates>-96.756866,17.007295,0</coordinates>
      </Point>
    </Placemark>
    <Placemark>
      <name>Linda Vista - Avenida Observatorio</name>
      <styleUrl>#iconoParada</styleUrl>
      <Point>
        <coordinates>-96.75463,17.00678,0</coordinates>
      </Point>
    </Placemark>
    <Placemark>
      <name>Tenochtitlán - Quetzalcóatl</name>
      <styleUrl>#iconoParada</styleUrl>
      <Point>
        <coordinates>-96.75497,17.00438,0</coordinates>
      </Point>
    </Placemark>
    <Placemark>
      <name>Base BinniBus La Soledad</name>
      <styleUrl>#iconoParada</styleUrl>
      <Point>
        <coordinates>-96.755075,17.003774,0</coordinates>
      </Point>
    </Placemark>
    <Placemark>
      <name>Nahúatl - Margarita Maza</name>
      <styleUrl>#iconoParada</styleUrl>
      <Point>
        <coordinates>-96.7539829,17.0037834,0</coordinates>
      </Point>
    </Placemark>
    <Placemark>
      <name>Base BinniBus Colonia Satélite</name>
      <styleUrl>#iconoParada</styleUrl>
      <Point>
        <coordinates>-96.7526096,17.0044353,0</coordinates>
      </Point>
    </Placemark>
    <Placemark>
      <name>Meseta - Margarita Maza</name>
      <styleUrl>#iconoParada</styleUrl>
      <Point>
        <coordinates>-96.7534057,17.003659,0</coordinates>
      </Point>
    </Placemark>
    <Placemark>
      <name>San Miguel - Margarita Maza</name>
      <styleUrl>#iconoParada</styleUrl>
      <Point>
        <coordinates>-96.75502148,17.00383451,0</coordinates>
      </Point>
    </Placemark>
    <Placemark>
      <name>30 de Abril - Quetzalcóatl</name>
      <styleUrl>#iconoParada</styleUrl>
      <Point>
        <coordinates>-96.75438,17.00631,0</coordinates>
      </Point>
    </Placemark>
    <Placemark>
      <name>Observatorio - Avenida Benito Juárez</name>
      <styleUrl>#iconoParada</styleUrl>
      <Point>
        <coordinates>-96.756897,17.007302,0</coordinates>
      </Point>
    </Placemark>
    <Placemark>
      <name>Amador Pérez - Calle Uno</name>
      <styleUrl>#iconoParada</styleUrl>
      <Point>
        <coordinates>-96.756246,17.00936222,0</coordinates>
      </Point>
    </Placemark>
    <Placemark>
      <name>Jesús Rasgado -15 de Enero</name>
      <styleUrl>#iconoParada</styleUrl>
      <Point>
        <coordinates>-96.75571,17.01112,0</coordinates>
      </Point>
    </Placemark>
    <Placemark>
      <name>Macedonio Alcalá - Álvaro Carrillo</name>
      <styleUrl>#iconoParada</styleUrl>
      <Point>
        <coordinates>-96.7551,17.01317,0</coordinates>
      </Point>
    </Placemark>
    <Placemark>
      <name>Emiliano Zapata - Álvaro Carrillo</name>
      <styleUrl>#iconoParada</styleUrl>
      <Point>
        <coordinates>-96.75607,17.01495,0</coordinates>
      </Point>
    </Placemark>
    <Placemark>
      <name>Álamos - Carretera Oaxaca - Zaachila</name>
      <styleUrl>#iconoParada</styleUrl>
      <Point>
        <coordinates>-96.7538429,17.0165172,0</coordinates>
      </Point>
    </Placemark>
    <Placemark>
      <name>Crucero de Arrazola - Carretera Oaxaca - Zaachila</name>
      <styleUrl>#iconoParada</styleUrl>
      <Point>
        <coordinates>-96.749797,17.018849,0</coordinates>
      </Point>
    </Placemark>
    <Placemark>
      <name>Esquipulas - Carretera Oaxaca - Zaachila</name>
      <styleUrl>#iconoParada</styleUrl>
      <Point>
        <coordinates>-96.747028,17.020091,0</coordinates>
      </Point>
    </Placemark>
    <Placemark>
      <name>Donají - Carretera Oaxaca - Zaachila</name>
      <styleUrl>#iconoParada</styleUrl>
      <Point>
        <coordinates>-96.743923,17.021319,0</coordinates>
      </Point>
    </Placemark>
    <Placemark>
      <name>Mi Ranchito - Francisco Toledo</name>
      <styleUrl>#iconoParada</styleUrl>
      <Point>
        <coordinates>-96.739779,17.022934,0</coordinates>
      </Point>
    </Placemark>
    <Placemark>
      <name>Insurgentes - Camino de la Horqueta</name>
      <styleUrl>#iconoParada</styleUrl>
      <Point>
        <coordinates>-96.73581,17.02443,0</coordinates>
      </Point>
    </Placemark>
    <Placemark>
      <name>Real Progreso - Porfirío Díaz</name>
      <styleUrl>#iconoParada</styleUrl>
      <Point>
        <coordinates>-96.733187,17.023876,0</coordinates>
      </Point>
    </Placemark>
    <Placemark>
      <name>Parque del Amor</name>
      <styleUrl>#iconoParada</styleUrl>
      <Point>
        <coordinates>-96.72856,17.050515,0</coordinates>
      </Point>
    </Placemark>
    <Placemark>
      <name>Nuño del Mercado - Boulevard Eduardo Mata</name>
      <styleUrl>#iconoParada</styleUrl>
      <Point>
        <coordinates>-96.7299016,17.0549189,0</coordinates>
      </Point>
    </Placemark>
    <Placemark>
      <name>Ignacio Zaragoza - Díaz Ordáz</name>
      <styleUrl>#iconoParada</styleUrl>
      <Point>
        <coordinates>-96.729606,17.056922,0</coordinates>
      </Point>
    </Placemark>
    <Placemark>
      <name>Las Casas - Díaz Ordáz</name>
      <styleUrl>#iconoParada</styleUrl>
      <Point>
        <coordinates>-96.72901,17.05966,0</coordinates>
      </Point>
    </Placemark>
    <Placemark>
      <name>Avenida de las Etnias - Avenida México 68</name>
      <styleUrl>#iconoParada</styleUrl>
      <Point>
        <coordinates>-96.71465,17.08756,0</coordinates>
      </Point>
    </Placemark>
    <Placemark>
      <name>Base BinniBus Módulo Azul</name>
      <styleUrl>#iconoParada</styleUrl>
      <Point>
        <coordinates>-96.712365,17.086399,0</coordinates>
      </Point>
    </Placemark>
    <Placemark>
      <name>Los Alpes - Carretera a Donají</name>
      <styleUrl>#iconoParada</styleUrl>
      <Point>
        <coordinates>-96.70632578,17.09511351,0</coordinates>
      </Point>
    </Placemark>
    <Placemark>
      <name>Zempoaltepetl - Carretera a Donají</name>
      <styleUrl>#iconoParada</styleUrl>
      <Point>
        <coordinates>-96.70654,17.096375,0</coordinates>
      </Point>
    </Placemark>
    <Placemark>
      <name>Cofre de Perote - Carretera a Donají</name>
      <styleUrl>#iconoParada</styleUrl>
      <Point>
        <coordinates>-96.70497,17.09722,0</coordinates>
      </Point>
    </Placemark>
    <Placemark>
      <name>Guadalupe Victoria - Miguel Hidalgo</name>
      <styleUrl>#iconoParada</styleUrl>
      <Point>
        <coordinates>-96.703961,17.100001,0</coordinates>
      </Point>
    </Placemark>
    <Placemark>
      <name>Miguel Hidalgo - Venustiano Carranza</name>
      <styleUrl>#iconoParada</styleUrl>
      <Point>
        <coordinates>-96.70324567,17.1018617,0</coordinates>
      </Point>
    </Placemark>
    <Placemark>
      <name>Álvaro Obregón - Benito Juárez</name>
      <styleUrl>#iconoParada</styleUrl>
      <Point>
        <coordinates>-96.701361,17.103463,0</coordinates>
      </Point>
    </Placemark>
    <Placemark>
      <name>Callejón del Muerto - Carretera a Donají</name>
      <styleUrl>#iconoParada</styleUrl>
      <Point>
        <coordinates>-96.701087,17.105017,0</coordinates>
      </Point>
    </Placemark>
    <Placemark>
      <name>Base BinniBus Fraccionamiento Los Álamos</name>
      <styleUrl>#iconoParada</styleUrl>
      <Point>
        <coordinates>-96.76092,17.06436,0</coordinates>
      </Point>
    </Placemark>
    <Placemark>
      <name>El Mogote - Monte Albán</name>
      <styleUrl>#iconoParada</styleUrl>
      <Point>
        <coordinates>-96.7614247,17.0656733,0</coordinates>
      </Point>
    </Placemark>
    <Placemark>
      <name>Nizza - Monte Albán</name>
      <styleUrl>#iconoParada</styleUrl>
      <Point>
        <coordinates>-96.76137,17.06747,0</coordinates>
      </Point>
    </Placemark>
    <Placemark>
      <name>Monte Albán - Boulevard Los Álamos</name>
      <styleUrl>#iconoParada</styleUrl>
      <Point>
        <coordinates>-96.76227,17.06887,0</coordinates>
      </Point>
    </Placemark>
    <Placemark>
      <name>Nogal - Boulevard Los Álamos</name>
      <styleUrl>#iconoParada</styleUrl>
      <Point>
        <coordinates>-96.76317,17.06992,0</coordinates>
      </Point>
    </Placemark>
    <Placemark>
      <name>Los Arcos - Ignacio Bernal</name>
      <styleUrl>#iconoParada</styleUrl>
      <Point>
        <coordinates>-96.7625,17.07339,0</coordinates>
      </Point>
    </Placemark>
    <Placemark>
      <name>Miguel López - Ignacio Bernal</name>
      <styleUrl>#iconoParada</styleUrl>
      <Point>
        <coordinates>-96.75805,17.07323,0</coordinates>
      </Point>
    </Placemark>
    <Placemark>
      <name>Ignacio Bernal - Avenida Montoya</name>
      <styleUrl>#iconoParada</styleUrl>
      <Point>
        <coordinates>-96.7570831,17.0737845,0</coordinates>
      </Point>
    </Placemark>
    <Placemark>
      <name>Monte Albán - Ignacio Bernal</name>
      <styleUrl>#iconoParada</styleUrl>
      <Point>
        <coordinates>-96.7563303,17.0746242,0</coordinates>
      </Point>
    </Placemark>
    <Placemark>
      <name>Calzada de Moctezuma - Ignacio Bernal</name>
      <styleUrl>#iconoParada</styleUrl>
      <Point>
        <coordinates>-96.7530528,17.0756108,0</coordinates>
      </Point>
    </Placemark>
    <Placemark>
      <name>Putla de Guerrero - Ignacio Bernal</name>
      <styleUrl>#iconoParada</styleUrl>
      <Point>
        <coordinates>-96.7507467,17.0766849,0</coordinates>
      </Point>
    </Placemark>
    <Placemark>
      <name>Oaxaca de Juárez - Ignacio Bernal</name>
      <styleUrl>#iconoParada</styleUrl>
      <Point>
        <coordinates>-96.748234,17.0778624,0</coordinates>
      </Point>
    </Placemark>
    <Placemark>
      <name>Constituyentes - Riveras del Atoyac - Estadio Tecnológico</name>
      <styleUrl>#iconoParada</styleUrl>
      <Point>
        <coordinates>-96.74548,17.07909,0</coordinates>
      </Point>
    </Placemark>
    <Placemark>
      <name>Fernando Montes de Oca - Calzada Francisco I. Madero</name>
      <styleUrl>#iconoParada</styleUrl>
      <Point>
        <coordinates>-96.739296,17.073284,0</coordinates>
      </Point>
    </Placemark>
    <Placemark>
      <name>Díaz Ordáz - Avenida de la Independencia</name>
      <styleUrl>#iconoParada</styleUrl>
      <Point>
        <coordinates>-96.728611,17.06277,0</coordinates>
      </Point>
    </Placemark>
    <Placemark>
      <name>Secretaría del Bienestar</name>
      <styleUrl>#iconoParada</styleUrl>
      <Point>
        <coordinates>-96.695731,17.0697695,0</coordinates>
      </Point>
    </Placemark>
    <Placemark>
      <name>Unidad Habitacional Militar</name>
      <styleUrl>#iconoParada</styleUrl>
      <Point>
        <coordinates>-96.6954557,17.0718473,0</coordinates>
      </Point>
    </Placemark>
    <Placemark>
      <name>Banco del Bienestar</name>
      <styleUrl>#iconoParada</styleUrl>
      <Point>
        <coordinates>-96.6950384,17.075062,0</coordinates>
      </Point>
    </Placemark>
    <Placemark>
      <name>Telesecundaria San Agustin - Carretera al Panteón Jardín</name>
      <styleUrl>#iconoParada</styleUrl>
      <Point>
        <coordinates>-96.6928735,17.0803703,0</coordinates>
      </Point>
    </Placemark>
    <Placemark>
      <name>Inmaculada - Carretera al Panteón Jardín</name>
      <styleUrl>#iconoParada</styleUrl>
      <Point>
        <coordinates>-96.6906932,17.0830505,0</coordinates>
      </Point>
    </Placemark>
    <Placemark>
      <name>Cenicero - Carretera al Panteón Jardín</name>
      <styleUrl>#iconoParada</styleUrl>
      <Point>
        <coordinates>-96.6885696,17.0856068,0</coordinates>
      </Point>
    </Placemark>
    <Placemark>
      <name>Camino a Huajuapam - Carretera al Panteón Jardín</name>
      <styleUrl>#iconoParada</styleUrl>
      <Point>
        <coordinates>-96.6857444,17.0898337,0</coordinates>
      </Point>
    </Placemark>
    <Placemark>
      <name>Carretera al Panteón Jardín - Camino a Dolores</name>
      <styleUrl>#iconoParada</styleUrl>
      <Point>
        <coordinates>-96.6863626,17.0932335,0</coordinates>
      </Point>
    </Placemark>
    <Placemark>
      <name>Avenida del Sol - Carretera al Panteón Jardín</name>
      <styleUrl>#iconoParada</styleUrl>
      <Point>
        <coordinates>-96.6883712,17.0962792,0</coordinates>
      </Point>
    </Placemark>
    <Placemark>
      <name>Base BinniBus Panteón Jardín</name>
      <styleUrl>#iconoParada</styleUrl>
      <Point>
        <coordinates>-96.6905144,17.0982249,0</coordinates>
      </Point>
    </Placemark>
    <Placemark>
      <name>Avenida del Sol - Carretera al Panteón Jardín</name>
      <styleUrl>#iconoParada</styleUrl>
      <Point>
        <coordinates>-96.6885932,17.0962894,0</coordinates>
      </Point>
    </Placemark>
    <Placemark>
      <name>Camino a Dolores - Carretera al Panteón Jardín</name>
      <styleUrl>#iconoParada</styleUrl>
      <Point>
        <coordinates>-96.6865098,17.0933434,0</coordinates>
      </Point>
    </Placemark>
    <Placemark>
      <name>Camino a Huajuapam - Carretera al Panteón Jardín</name>
      <styleUrl>#iconoParada</styleUrl>
      <Point>
        <coordinates>-96.685837,17.0898017,0</coordinates>
      </Point>
    </Placemark>
    <Placemark>
      <name>Cenicero - Carretera al Panteón Jardín</name>
      <styleUrl>#iconoParada</styleUrl>
      <Point>
        <coordinates>-96.6883771,17.0860171,0</coordinates>
      </Point>
    </Placemark>
    <Placemark>
      <name>Juquila - Carretera al Panteón Jardín</name>
      <styleUrl>#iconoParada</styleUrl>
      <Point>
        <coordinates>-96.6906081,17.0833232,0</coordinates>
      </Point>
    </Placemark>
    <Placemark>
      <name>Telesecundaria San Agustin - Carretera al Panteón Jardín</name>
      <styleUrl>#iconoParada</styleUrl>
      <Point>
        <coordinates>-96.6928971,17.0805777,0</coordinates>
      </Point>
    </Placemark>
    <Placemark>
      <name>Banco del Bienestar</name>
      <styleUrl>#iconoParada</styleUrl>
      <Point>
        <coordinates>-96.69511,17.07532,0</coordinates>
      </Point>
    </Placemark>
    <Placemark>
      <name>Unidad Habitacional Militar</name>
      <styleUrl>#iconoParada</styleUrl>
      <Point>
        <coordinates>-96.69543,17.07196,0</coordinates>
      </Point>
    </Placemark>
    <Placemark>
      <name>Secretaría del Bienestar</name>
      <styleUrl>#iconoParada</styleUrl>
      <Point>
        <coordinates>-96.69586,17.06958,0</coordinates>
      </Point>
    </Placemark>
    <Placemark>
      <name>Terminal ADO</name>
      <styleUrl>#iconoParada</styleUrl>
      <Point>
        <coordinates>-96.7164,17.0709,0</coordinates>
      </Point>
    </Placemark>
    <Placemark>
      <name>Martiriano Aranda - Callejón del Calvario</name>
      <styleUrl>#iconoParada</styleUrl>
      <Point>
        <coordinates>-96.730197,17.064096,0</coordinates>
      </Point>
    </Placemark>
    <Placemark>
      <name>Miguel Negrete - División Oriente</name>
      <styleUrl>#iconoParada</styleUrl>
      <Point>
        <coordinates>-96.732799,17.064991,0</coordinates>
      </Point>
    </Placemark>
    <Placemark>
      <name>Plazuela Vicente Guerrero - División Oriente</name>
      <styleUrl>#iconoParada</styleUrl>
      <Point>
        <coordinates>-96.734193,17.066606,0</coordinates>
      </Point>
    </Placemark>
    <Placemark>
      <name>Constituyentes - Riveras del Atoyac - Estadio Tecnológico</name>
      <styleUrl>#iconoParada</styleUrl>
      <Point>
        <coordinates>-96.745472,17.079306,0</coordinates>
      </Point>
    </Placemark>
    <Placemark>
      <name>Oaxaca de Juárez - Ignacio Bernal</name>
      <styleUrl>#iconoParada</styleUrl>
      <Point>
        <coordinates>-96.7480678,17.0780634,0</coordinates>
      </Point>
    </Placemark>
    <Placemark>
      <name>Azcapotzalco - Ignacio Bernal</name>
      <styleUrl>#iconoParada</styleUrl>
      <Point>
        <coordinates>-96.7506117,17.076855,0</coordinates>
      </Point>
    </Placemark>
    <Placemark>
      <name>Moctezuma - Ignacio Bernal</name>
      <styleUrl>#iconoParada</styleUrl>
      <Point>
        <coordinates>-96.7528695,17.0758153,0</coordinates>
      </Point>
    </Placemark>
    <Placemark>
      <name>Monte Albán - Ignacio Bernal</name>
      <styleUrl>#iconoParada</styleUrl>
      <Point>
        <coordinates>-96.7564102,17.0746958,0</coordinates>
      </Point>
    </Placemark>
    <Placemark>
      <name>Ignacio Bernal - Avenida Montoya</name>
      <styleUrl>#iconoParada</styleUrl>
      <Point>
        <coordinates>-96.757305,17.073672,0</coordinates>
      </Point>
    </Placemark>
    <Placemark>
      <name>Plaza Bella</name>
      <styleUrl>#iconoParada</styleUrl>
      <Point>
        <coordinates>-96.7582,17.07332,0</coordinates>
      </Point>
    </Placemark>
    <Placemark>
      <name>Los Arcos - Ignacio Bernal</name>
      <styleUrl>#iconoParada</styleUrl>
      <Point>
        <coordinates>-96.76275,17.0733,0</coordinates>
      </Point>
    </Placemark>
    <Placemark>
      <name>Nogal - Boulevard Los Álamos</name>
      <styleUrl>#iconoParada</styleUrl>
      <Point>
        <coordinates>-96.76336,17.07014,0</coordinates>
      </Point>
    </Placemark>
    <Placemark>
      <name>Cosijo - Monte Albán</name>
      <styleUrl>#iconoParada</styleUrl>
      <Point>
        <coordinates>-96.762764,17.069095,0</coordinates>
      </Point>
    </Placemark>
    <Placemark>
      <name>Nizza - Prolongación de Tulipanes</name>
      <styleUrl>#iconoParada</styleUrl>
      <Point>
        <coordinates>-96.7615334,17.0676963,0</coordinates>
      </Point>
    </Placemark>
    <Placemark>
      <name>Guiigu - Luu Laa</name>
      <styleUrl>#iconoParada</styleUrl>
      <Point>
        <coordinates>-96.7621047,17.0669576,0</coordinates>
      </Point>
    </Placemark>
    <Placemark>
      <name>Yucuita - Monte Albán</name>
      <styleUrl>#iconoParada</styleUrl>
      <Point>
        <coordinates>-96.7614998,17.0656503,0</coordinates>
      </Point>
    </Placemark>
    <Placemark>
      <name>Base BinniBus Fraccionamiento Punta Vizcaya</name>
      <styleUrl>#iconoParada</styleUrl>
      <Point>
        <coordinates>-96.690513,17.036806,0</coordinates>
      </Point>
    </Placemark>
    <Placemark>
      <name>Arantzazu - Punta Vizcaya</name>
      <styleUrl>#iconoParada</styleUrl>
      <Point>
        <coordinates>-96.691382,17.038174,0</coordinates>
      </Point>
    </Placemark>
    <Placemark>
      <name>El Pontón - Punta Vizcaya</name>
      <styleUrl>#iconoParada</styleUrl>
      <Point>
        <coordinates>-96.691959,17.039258,0</coordinates>
      </Point>
    </Placemark>
    <Placemark>
      <name>Mercado Municipal Luis Donaldo Colosio</name>
      <styleUrl>#iconoParada</styleUrl>
      <Point>
        <coordinates>-96.692637,17.038951,0</coordinates>
      </Point>
    </Placemark>
    <Placemark>
      <name>Tejupam - Salina Cruz</name>
      <styleUrl>#iconoParada</styleUrl>
      <Point>
        <coordinates>-96.692681,17.041059,0</coordinates>
      </Point>
    </Placemark>
    <Placemark>
      <name>Tehuantepec - Salina Cruz</name>
      <styleUrl>#iconoParada</styleUrl>
      <Point>
        <coordinates>-96.692407,17.043077,0</coordinates>
      </Point>
    </Placemark>
    <Placemark>
      <name>Etla - Tehuantepec</name>
      <styleUrl>#iconoParada</styleUrl>
      <Point>
        <coordinates>-96.691528,17.042716,0</coordinates>
      </Point>
    </Placemark>
    <Placemark>
      <name>Juchitán - Tehuantepec</name>
      <styleUrl>#iconoParada</styleUrl>
      <Point>
        <coordinates>-96.689592,17.041704,0</coordinates>
      </Point>
    </Placemark>
    <Placemark>
      <name>Circuito Sur - Avenida Circuito 1 Oriente</name>
      <styleUrl>#iconoParada</styleUrl>
      <Point>
        <coordinates>-96.688656,17.042421,0</coordinates>
      </Point>
    </Placemark>
    <Placemark>
      <name>Siete - Avenida Circuito 1 Oriente</name>
      <styleUrl>#iconoParada</styleUrl>
      <Point>
        <coordinates>-96.688952,17.043293,0</coordinates>
      </Point>
    </Placemark>
    <Placemark>
      <name>Cinco - Avenida Circuito 1 Oriente</name>
      <styleUrl>#iconoParada</styleUrl>
      <Point>
        <coordinates>-96.6897412,17.045351,0</coordinates>
      </Point>
    </Placemark>
    <Placemark>
      <name>Crucero del Rosario</name>
      <styleUrl>#iconoParada</styleUrl>
      <Point>
        <coordinates>-96.694765,17.048244,0</coordinates>
      </Point>
    </Placemark>
    <Placemark>
      <name>Nardos - Avenida Hornos</name>
      <styleUrl>#iconoParada</styleUrl>
      <Point>
        <coordinates>-96.694141,17.051133,0</coordinates>
      </Point>
    </Placemark>
    <Placemark>
      <name>Sauces - Avenida Hornos</name>
      <styleUrl>#iconoParada</styleUrl>
      <Point>
        <coordinates>-96.69327,17.054503,0</coordinates>
      </Point>
    </Placemark>
    <Placemark>
      <name>Progreso - Avenida Hornos</name>
      <styleUrl>#iconoParada</styleUrl>
      <Point>
        <coordinates>-96.692674,17.056911,0</coordinates>
      </Point>
    </Placemark>
    <Placemark>
      <name>Avenida Hornos - Avenida Ferrocarril</name>
      <styleUrl>#iconoParada</styleUrl>
      <Point>
        <coordinates>-96.692149,17.059627,0</coordinates>
      </Point>
    </Placemark>
    <Placemark>
      <name>Avenida del Trabajo - Avenida San Diego Hornos</name>
      <styleUrl>#iconoParada</styleUrl>
      <Point>
        <coordinates>-96.691156,17.062531,0</coordinates>
      </Point>
    </Placemark>
    <Placemark>
      <name>CBTIS 123</name>
      <styleUrl>#iconoParada</styleUrl>
      <Point>
        <coordinates>-96.69146,17.06473,0</coordinates>
      </Point>
    </Placemark>
    <Placemark>
      <name>Arrabio - Calzada Valerio Trujano</name>
      <styleUrl>#iconoParada</styleUrl>
      <Point>
        <coordinates>-96.745539,17.056398,0</coordinates>
      </Point>
    </Placemark>
    <Placemark>
      <name>El Coquito - 13 de Septiembre</name>
      <styleUrl>#iconoParada</styleUrl>
      <Point>
        <coordinates>-96.74497,17.05248,0</coordinates>
      </Point>
    </Placemark>
    <Placemark>
      <name>La Cuevita Primero de Mayo</name>
      <styleUrl>#iconoParada</styleUrl>
      <Point>
        <coordinates>-96.742347,17.049528,0</coordinates>
      </Point>
    </Placemark>
    <Placemark>
      <name>Josefa Ortiz de Domínguez - Primero de Mayo</name>
      <styleUrl>#iconoParada</styleUrl>
      <Point>
        <coordinates>-96.739013,17.049038,0</coordinates>
      </Point>
    </Placemark>
    <Placemark>
      <name>Base BinniBus La Cuevita</name>
      <styleUrl>#iconoParada</styleUrl>
      <Point>
        <coordinates>-96.736059,17.049185,0</coordinates>
      </Point>
    </Placemark>
    <Placemark>
      <name>Josefa Ortiz de Domínguez</name>
      <styleUrl>#iconoParada</styleUrl>
      <Point>
        <coordinates>-96.738594,17.049097,0</coordinates>
      </Point>
    </Placemark>
    <Placemark>
      <name>La Cuevita - Primero de Mayo</name>
      <styleUrl>#iconoParada</styleUrl>
      <Point>
        <coordinates>-96.742174,17.049587,0</coordinates>
      </Point>
    </Placemark>
    <Placemark>
      <name>El Coquito - 13 de Septiembre</name>
      <styleUrl>#iconoParada</styleUrl>
      <Point>
        <coordinates>-96.744956,17.052594,0</coordinates>
      </Point>
    </Placemark>
    <Placemark>
      <name>Hierro - Calzada Valerio Trujano</name>
      <styleUrl>#iconoParada</styleUrl>
      <Point>
        <coordinates>-96.745656,17.056246,0</coordinates>
      </Point>
    </Placemark>
    <Placemark>
      <name>Emilio Carranza - Avenida San Diego Hornos</name>
      <styleUrl>#iconoParada</styleUrl>
      <Point>
        <coordinates>-96.691321,17.062049,0</coordinates>
      </Point>
    </Placemark>
    <Placemark>
      <name>Crucero de Hornos</name>
      <styleUrl>#iconoParada</styleUrl>
      <Point>
        <coordinates>-96.692042,17.060368,0</coordinates>
      </Point>
    </Placemark>
    <Placemark>
      <name>Progreso - Avenida Hornos</name>
      <styleUrl>#iconoParada</styleUrl>
      <Point>
        <coordinates>-96.692661,17.057205,0</coordinates>
      </Point>
    </Placemark>
    <Placemark>
      <name>Sauces - Avenida Hornos</name>
      <styleUrl>#iconoParada</styleUrl>
      <Point>
        <coordinates>-96.693425,17.054395,0</coordinates>
      </Point>
    </Placemark>
    <Placemark>
      <name>Nardos - Avenida Hornos</name>
      <styleUrl>#iconoParada</styleUrl>
      <Point>
        <coordinates>-96.694238,17.051139,0</coordinates>
      </Point>
    </Placemark>
    <Placemark>
      <name>Crucero del Rosario</name>
      <styleUrl>#iconoParada</styleUrl>
      <Point>
        <coordinates>-96.694717,17.048065,0</coordinates>
      </Point>
    </Placemark>
    <Placemark>
      <name>Nueve - Avenida Circuito 1 Norte</name>
      <styleUrl>#iconoParada</styleUrl>
      <Point>
        <coordinates>-96.692809,17.04756,0</coordinates>
      </Point>
    </Placemark>
    <Placemark>
      <name>Avenida Circuito Norte 1 - Avenida Circuito 1 Oriente</name>
      <styleUrl>#iconoParada</styleUrl>
      <Point>
        <coordinates>-96.690229,17.047037,0</coordinates>
      </Point>
    </Placemark>
    <Placemark>
      <name>Cinco - Avenida Circuito 1 Oriente</name>
      <styleUrl>#iconoParada</styleUrl>
      <Point>
        <coordinates>-96.689886,17.045491,0</coordinates>
      </Point>
    </Placemark>
    <Placemark>
      <name>Siete - Avenida Circuito 1 Oriente</name>
      <styleUrl>#iconoParada</styleUrl>
      <Point>
        <coordinates>-96.689188,17.043486,0</coordinates>
      </Point>
    </Placemark>
    <Placemark>
      <name>Circuito Sur 1 - Avenida Circuito Poniente 1</name>
      <styleUrl>#iconoParada</styleUrl>
      <Point>
        <coordinates>-96.688795,17.042403,0</coordinates>
      </Point>
    </Placemark>
    <Placemark>
      <name>Ixtepec - Tehuantepec</name>
      <styleUrl>#iconoParada</styleUrl>
      <Point>
        <coordinates>-96.689395,17.041709,0</coordinates>
      </Point>
    </Placemark>
    <Placemark>
      <name>Santo Domingo - Juchitán</name>
      <styleUrl>#iconoParada</styleUrl>
      <Point>
        <coordinates>-96.691767,17.04167,0</coordinates>
      </Point>
    </Placemark>
    <Placemark>
      <name>Tejupam - Salina Cruz</name>
      <styleUrl>#iconoParada</styleUrl>
      <Point>
        <coordinates>-96.692788,17.041083,0</coordinates>
      </Point>
    </Placemark>
    <Placemark>
      <name>Mercado Municipal Luis Donaldo Colosio</name>
      <styleUrl>#iconoParada</styleUrl>
      <Point>
        <coordinates>-96.692704,17.038951,0</coordinates>
      </Point>
    </Placemark>
    <Placemark>
      <name>El Pontón - Punta Vizcaya</name>
      <styleUrl>#iconoParada</styleUrl>
      <Point>
        <coordinates>-96.692071,17.039179,0</coordinates>
      </Point>
    </Placemark>
    <Placemark>
      <name>Arantzazu - Punta Vizcaya</name>
      <styleUrl>#iconoParada</styleUrl>
      <Point>
        <coordinates>-96.691489,17.038198,0</coordinates>
      </Point>
    </Placemark>
    <Placemark>
      <name>Base BinniBus Montoya</name>
      <styleUrl>#iconoParada</styleUrl>
      <Point>
        <coordinates>-96.7605008,17.0675893,0</coordinates>
      </Point>
    </Placemark>
    <Placemark>
      <name>Miguel Méndez - Privada de Matías Romero</name>
      <styleUrl>#iconoParada</styleUrl>
      <Point>
        <coordinates>-96.7604075,17.0685578,0</coordinates>
      </Point>
    </Placemark>
    <Placemark>
      <name>Mercado Montoya</name>
      <styleUrl>#iconoParada</styleUrl>
      <Point>
        <coordinates>-96.7602723,17.0697737,0</coordinates>
      </Point>
    </Placemark>
    <Placemark>
      <name>Ignacio Mejía - Indio Nuyoo</name>
      <styleUrl>#iconoParada</styleUrl>
      <Point>
        <coordinates>-96.7594589,17.0711765,0</coordinates>
      </Point>
    </Placemark>
    <Placemark>
      <name>General Antonio de León - Indio Nuyoo</name>
      <styleUrl>#iconoParada</styleUrl>
      <Point>
        <coordinates>-96.7584962,17.0718346,0</coordinates>
      </Point>
    </Placemark>
    <Placemark>
      <name>Parque Centenario Montoya</name>
      <styleUrl>#iconoParada</styleUrl>
      <Point>
        <coordinates>-96.7574954,17.0720912,0</coordinates>
      </Point>
    </Placemark>
    <Placemark>
      <name>Ignacio Bernal - Los Duarte</name>
      <styleUrl>#iconoParada</styleUrl>
      <Point>
        <coordinates>-96.7573406,17.0736826,0</coordinates>
      </Point>
    </Placemark>
    <Placemark>
      <name>Esmeralda - Avenida Montoya</name>
      <styleUrl>#iconoParada</styleUrl>
      <Point>
        <coordinates>-96.754202,17.070201,0</coordinates>
      </Point>
    </Placemark>
    <Placemark>
      <name>Lima - Benito Juárez</name>
      <styleUrl>#iconoParada</styleUrl>
      <Point>
        <coordinates>-96.75658,17.070985,0</coordinates>
      </Point>
    </Placemark>
    <Placemark>
      <name>Margarita Maza - Benito Juárez</name>
      <styleUrl>#iconoParada</styleUrl>
      <Point>
        <coordinates>-96.7591277,17.0704037,0</coordinates>
      </Point>
    </Placemark>
    <Placemark>
      <name>Licenciado Marcos Pérez - Abraham Castellanos</name>
      <styleUrl>#iconoParada</styleUrl>
      <Point>
        <coordinates>-96.7595003,17.0696027,0</coordinates>
      </Point>
    </Placemark>
    <Placemark>
      <name>Base BinniBus Colonia La Soledad</name>
      <styleUrl>#iconoParada</styleUrl>
      <Point>
        <coordinates>-96.73904907,17.10558519,0</coordinates>
      </Point>
    </Placemark>
    <Placemark>
      <name>Decima Privada Norte - Avenida Central Oriente</name>
      <styleUrl>#iconoParada</styleUrl>
      <Point>
        <coordinates>-96.7406549,17.1045826,0</coordinates>
      </Point>
    </Placemark>
    <Placemark>
      <name>Itandehui - Avenida Central Oriente</name>
      <styleUrl>#iconoParada</styleUrl>
      <Point>
        <coordinates>-96.742717,17.1039321,0</coordinates>
      </Point>
    </Placemark>
    <Placemark>
      <name>Avenida Circunvalación - Quetzalcóatl</name>
      <styleUrl>#iconoParada</styleUrl>
      <Point>
        <coordinates>-96.7446392,17.1030558,0</coordinates>
      </Point>
    </Placemark>
    <Placemark>
      <name>Privada Policarpo T. Sánchez - Avenida Eduardo Vasconcelos</name>
      <styleUrl>#iconoParada</styleUrl>
      <Point>
        <coordinates>-96.745856,17.103074,0</coordinates>
      </Point>
    </Placemark>
    <Placemark>
      <name>Andrés Portillo -Avenida Eduardo Vasconcelos</name>
      <styleUrl>#iconoParada</styleUrl>
      <Point>
        <coordinates>-96.747569,17.102834,0</coordinates>
      </Point>
    </Placemark>
    <Placemark>
      <name>Avenida 19 de de Enero - Avenida Eduardo Vasconcelos</name>
      <styleUrl>#iconoParada</styleUrl>
      <Point>
        <coordinates>-96.749653,17.102117,0</coordinates>
      </Point>
    </Placemark>
    <Placemark>
      <name>Avenida Eduardo Vasconcelos - Carretera Panamericana 190</name>
      <styleUrl>#iconoParada</styleUrl>
      <Point>
        <coordinates>-96.751235,17.101584,0</coordinates>
      </Point>
    </Placemark>
    <Placemark>
      <name>Estadio Tecnológico de Oaxaca</name>
      <styleUrl>#iconoParada</styleUrl>
      <Point>
        <coordinates>-96.7442723,17.0799284,0</coordinates>
      </Point>
    </Placemark>
    <Placemark>
      <name>Constituyentes - Monte Albán</name>
      <styleUrl>#iconoParada</styleUrl>
      <Point>
        <coordinates>-96.74674,17.07876,0</coordinates>
      </Point>
    </Placemark>
    <Placemark>
      <name>7 Regiones - Avenida Manuel Gómez Morín</name>
      <styleUrl>#iconoParada</styleUrl>
      <Point>
        <coordinates>-96.74597,17.074954,0</coordinates>
      </Point>
    </Placemark>
    <Placemark>
      <name>Patria y Revolución - Avenida Manuel Gómez Morín</name>
      <styleUrl>#iconoParada</styleUrl>
      <Point>
        <coordinates>-96.744241,17.071947,0</coordinates>
      </Point>
    </Placemark>
    <Placemark>
      <name>Centro de Desarrollo DIF Pilares - Avenida Manuel Gómez Morín</name>
      <styleUrl>#iconoParada</styleUrl>
      <Point>
        <coordinates>-96.7429,17.069314,0</coordinates>
      </Point>
    </Placemark>
    <Placemark>
      <name>Hidalgo - Avenida Avenida Manuel Gómez Morín</name>
      <styleUrl>#iconoParada</styleUrl>
      <Point>
        <coordinates>-96.74094,17.06548,0</coordinates>
      </Point>
    </Placemark>
    <Placemark>
      <name>20 de Noviembre - Avenida Miguel Hidalgo</name>
      <styleUrl>#iconoParada</styleUrl>
      <Point>
        <coordinates>-96.726692,17.061287,0</coordinates>
      </Point>
    </Placemark>
    <Placemark>
      <name>Manuel Fernández Fiallo - Arteaga</name>
      <styleUrl>#iconoParada</styleUrl>
      <Point>
        <coordinates>-96.7234598,17.0568631,0</coordinates>
      </Point>
    </Placemark>
    <Placemark>
      <name>20 De Noviembre - Francisco Javier Mina</name>
      <styleUrl>#iconoParada</styleUrl>
      <Point>
        <coordinates>-96.7273,17.05762,0</coordinates>
      </Point>
    </Placemark>
    <Placemark>
      <name>Mier y Terán - Francisco Javier Mina</name>
      <styleUrl>#iconoParada</styleUrl>
      <Point>
        <coordinates>-96.73016,17.058162,0</coordinates>
      </Point>
    </Placemark>
    <Placemark>
      <name>Francisco Javier Mina - Galeana</name>
      <styleUrl>#iconoParada</styleUrl>
      <Point>
        <coordinates>-96.731232,17.058335,0</coordinates>
      </Point>
    </Placemark>
    <Placemark>
      <name>Francisco Zarco - Riveras del Atoyac</name>
      <styleUrl>#iconoParada</styleUrl>
      <Point>
        <coordinates>-96.7381375,17.0627553,0</coordinates>
      </Point>
    </Placemark>
    <Placemark>
      <name>Insurgentes - Avenida Manuel Gómez Morín</name>
      <styleUrl>#iconoParada</styleUrl>
      <Point>
        <coordinates>-96.74223,17.06816,0</coordinates>
      </Point>
    </Placemark>
    <Placemark>
      <name>Sector Popular - Avenida Manuel Gómez Morín</name>
      <styleUrl>#iconoParada</styleUrl>
      <Point>
        <coordinates>-96.74379,17.07125,0</coordinates>
      </Point>
    </Placemark>
    <Placemark>
      <name>Avenida Manuel Gómez Morín - OXXO</name>
      <styleUrl>#iconoParada</styleUrl>
      <Point>
        <coordinates>-96.746479,17.076061,0</coordinates>
      </Point>
    </Placemark>
    <Placemark>
      <name>Constituyentes - Monte Albán</name>
      <styleUrl>#iconoParada</styleUrl>
      <Point>
        <coordinates>-96.746184,17.078733,0</coordinates>
      </Point>
    </Placemark>
    <Placemark>
      <name>Ferrocarril Norte - Calzada Francisco I. Madero</name>
      <styleUrl>#iconoParada</styleUrl>
      <Point>
        <coordinates>-96.7437508,17.0798967,0</coordinates>
      </Point>
    </Placemark>
    <Placemark>
      <name>Avenida 19 de Enero - Avenida Eduardo Vasconcelos</name>
      <styleUrl>#iconoParada</styleUrl>
      <Point>
        <coordinates>-96.7499695,17.1019267,0</coordinates>
      </Point>
    </Placemark>
    <Placemark>
      <name>Andrés Portillo . Avenida Eduardo Vasconcelos</name>
      <styleUrl>#iconoParada</styleUrl>
      <Point>
        <coordinates>-96.747668,17.102661,0</coordinates>
      </Point>
    </Placemark>
    <Placemark>
      <name>Privada Policarpo T. Sánchez - Avenida Eduardo Vasconcelos</name>
      <styleUrl>#iconoParada</styleUrl>
      <Point>
        <coordinates>-96.745802,17.1030379,0</coordinates>
      </Point>
    </Placemark>
    <Placemark>
      <name>Avenida Circunvalación - Quetzalcóatl</name>
      <styleUrl>#iconoParada</styleUrl>
      <Point>
        <coordinates>-96.7446805,17.1029428,0</coordinates>
      </Point>
    </Placemark>
    <Placemark>
      <name>Itandehui - Avenida Central Oriente</name>
      <styleUrl>#iconoParada</styleUrl>
      <Point>
        <coordinates>-96.7427,17.10385,0</coordinates>
      </Point>
    </Placemark>
    <Placemark>
      <name>Novena Norte</name>
      <styleUrl>#iconoParada</styleUrl>
      <Point>
        <coordinates>-96.74124,17.1046,0</coordinates>
      </Point>
    </Placemark>
    <Placemark>
      <name>Hortencias - Carretera a San Luis Beltrán</name>
      <styleUrl>#iconoParada</styleUrl>
      <Point>
        <coordinates>-96.696543,17.096628,0</coordinates>
      </Point>
    </Placemark>
    <Placemark>
      <name>Camino Real - Carretera a San Luis Beltrán</name>
      <styleUrl>#iconoParada</styleUrl>
      <Point>
        <coordinates>-96.695416,17.097757,0</coordinates>
      </Point>
    </Placemark>
    <Placemark>
      <name>Reforma - Carretera a San Luis Beltrán</name>
      <styleUrl>#iconoParada</styleUrl>
      <Point>
        <coordinates>-96.696192,17.09934,0</coordinates>
      </Point>
    </Placemark>
    <Placemark>
      <name>Revolución - Reforma</name>
      <styleUrl>#iconoParada</styleUrl>
      <Point>
        <coordinates>-96.695631,17.102219,0</coordinates>
      </Point>
    </Placemark>
    <Placemark>
      <name>Niño Perdidio - Independencia</name>
      <styleUrl>#iconoParada</styleUrl>
      <Point>
        <coordinates>-96.696415,17.103386,0</coordinates>
      </Point>
    </Placemark>
    <Placemark>
      <name>Base BinniBus San Luis Beltran</name>
      <styleUrl>#iconoParada</styleUrl>
      <Point>
        <coordinates>-96.696626,17.102404,0</coordinates>
      </Point>
    </Placemark>
    <Placemark>
      <name>Reforma - Carretera a San Luis Beltrán</name>
      <styleUrl>#iconoParada</styleUrl>
      <Point>
        <coordinates>-96.6966064,17.0994458,0</coordinates>
      </Point>
    </Placemark>
    <Placemark>
      <name>Camino Real - Carretera a San Luis Beltrán</name>
      <styleUrl>#iconoParada</styleUrl>
      <Point>
        <coordinates>-96.695501,17.097703,0</coordinates>
      </Point>
    </Placemark>
    <Placemark>
      <name>Hortencias - Carretera a San Luis Beltrán</name>
      <styleUrl>#iconoParada</styleUrl>
      <Point>
        <coordinates>-96.6969882,17.096269,0</coordinates>
      </Point>
    </Placemark>
    <Placemark>
      <name>Base BinniBus Colonia Jardín</name>
      <styleUrl>#iconoParada</styleUrl>
      <Point>
        <coordinates>-96.69784,17.09416,0</coordinates>
      </Point>
    </Placemark>
    <Placemark>
      <name>Valerio Trujano - J.P. García</name>
      <styleUrl>#iconoParada</styleUrl>
      <Point>
        <coordinates>-96.7281174,17.0606843,0</coordinates>
      </Point>
    </Placemark>
    <Placemark>
      <name>Francisco Javier Mina - J.P. García</name>
      <styleUrl>#iconoParada</styleUrl>
      <Point>
        <coordinates>-96.728415,17.058037,0</coordinates>
      </Point>
    </Placemark>
    <Placemark>
      <name>J.P. García - Nuño del Mercado</name>
      <styleUrl>#iconoParada</styleUrl>
      <Point>
        <coordinates>-96.729,17.055184,0</coordinates>
      </Point>
    </Placemark>
    <Placemark>
      <name>Xóchitl - Manuel Fernández Fiallo</name>
      <styleUrl>#iconoParada</styleUrl>
      <Point>
        <coordinates>-96.724427,17.054125,0</coordinates>
      </Point>
    </Placemark>
    <Placemark>
      <name>Noria - Manuel Fernández Fiallo</name>
      <styleUrl>#iconoParada</styleUrl>
      <Point>
        <coordinates>-96.723864,17.055932,0</coordinates>
      </Point>
    </Placemark>
    <Placemark>
      <name>Xicoténcatl - Noria</name>
      <styleUrl>#iconoParada</styleUrl>
      <Point>
        <coordinates>-96.721995,17.055744,0</coordinates>
      </Point>
    </Placemark>
    <Placemark>
      <name>Santos Degollago - Ignacio López Rayón</name>
      <styleUrl>#iconoParada</styleUrl>
      <Point>
        <coordinates>-96.718042,17.056695,0</coordinates>
      </Point>
    </Placemark>
    <Placemark>
      <name>Emiliano Zapata - Ignacio López Rayón</name>
      <styleUrl>#iconoParada</styleUrl>
      <Point>
        <coordinates>-96.716061,17.056319,0</coordinates>
      </Point>
    </Placemark>
    <Placemark>
      <name>Ignacio López Rayón - Boulevard Eduardo Vasconcelos</name>
      <styleUrl>#iconoParada</styleUrl>
      <Point>
        <coordinates>-96.713331,17.055797,0</coordinates>
      </Point>
    </Placemark>
    <Placemark>
      <name>Plan de Ayala - Prolongación de la Noria</name>
      <styleUrl>#iconoParada</styleUrl>
      <Point>
        <coordinates>-96.711276,17.053903,0</coordinates>
      </Point>
    </Placemark>
    <Placemark>
      <name>Parque Los Conos</name>
      <styleUrl>#iconoParada</styleUrl>
      <Point>
        <coordinates>-96.708865,17.053572,0</coordinates>
      </Point>
    </Placemark>
    <Placemark>
      <name>Prolongación de la Noria</name>
      <styleUrl>#iconoParada</styleUrl>
      <Point>
        <coordinates>-96.706907,17.053231,0</coordinates>
      </Point>
    </Placemark>
    <Placemark>
      <name>Río Salado</name>
      <styleUrl>#iconoParada</styleUrl>
      <Point>
        <coordinates>-96.704901,17.050885,0</coordinates>
      </Point>
    </Placemark>
    <Placemark>
      <name>Escuela Secundaria Técnica #139</name>
      <styleUrl>#iconoParada</styleUrl>
      <Point>
        <coordinates>-96.70322,17.0502342,0</coordinates>
      </Point>
    </Placemark>
    <Placemark>
      <name>Laureles - Avenida El Rosario</name>
      <styleUrl>#iconoParada</styleUrl>
      <Point>
        <coordinates>-96.70068,17.049775,0</coordinates>
      </Point>
    </Placemark>
    <Placemark>
      <name>Venecia - Avenida El Rosario</name>
      <styleUrl>#iconoParada</styleUrl>
      <Point>
        <coordinates>-96.697958,17.049286,0</coordinates>
      </Point>
    </Placemark>
    <Placemark>
      <name>Rosario - La Hacienda</name>
      <styleUrl>#iconoParada</styleUrl>
      <Point>
        <coordinates>-96.6940359,17.0479516,0</coordinates>
      </Point>
    </Placemark>
    <Placemark>
      <name>Cuatro - Circuito Poniente 1</name>
      <styleUrl>#iconoParada</styleUrl>
      <Point>
        <coordinates>-96.6937735,17.0470017,0</coordinates>
      </Point>
    </Placemark>
    <Placemark>
      <name>Circuito Sur 1 - Circuito Poniente 1</name>
      <styleUrl>#iconoParada</styleUrl>
      <Point>
        <coordinates>-96.6942139,17.045267,0</coordinates>
      </Point>
    </Placemark>
    <Placemark>
      <name>Juchatengo - Tehuantepec</name>
      <styleUrl>#iconoParada</styleUrl>
      <Point>
        <coordinates>-96.693628,17.043935,0</coordinates>
      </Point>
    </Placemark>
    <Placemark>
      <name>Tehuantepec - Salina Cruz</name>
      <styleUrl>#iconoParada</styleUrl>
      <Point>
        <coordinates>-96.6924994,17.0433596,0</coordinates>
      </Point>
    </Placemark>
    <Placemark>
      <name>Juchatengo</name>
      <styleUrl>#iconoParada</styleUrl>
      <Point>
        <coordinates>-96.6938068,17.0406703,0</coordinates>
      </Point>
    </Placemark>
    <Placemark>
      <name>Tequisistlán - Juchatengo</name>
      <styleUrl>#iconoParada</styleUrl>
      <Point>
        <coordinates>-96.6940804,17.0384507,0</coordinates>
      </Point>
    </Placemark>
    <Placemark>
      <name>Base BinniBus El Rosario 5ta Etapa</name>
      <styleUrl>#iconoParada</styleUrl>
      <Point>
        <coordinates>-96.6929721,17.0378022,0</coordinates>
      </Point>
    </Placemark>
    <Placemark>
      <name>Avenida Circuito Oriente 1 - Avenida La Hacienda</name>
      <styleUrl>#iconoParada</styleUrl>
      <Point>
        <coordinates>-96.6899589,17.0467877,0</coordinates>
      </Point>
    </Placemark>
    <Placemark>
      <name>URSE Puerta 2</name>
      <styleUrl>#iconoParada</styleUrl>
      <Point>
        <coordinates>-96.6927664,17.0477195,0</coordinates>
      </Point>
    </Placemark>
    <Placemark>
      <name>Rosa Morada - Avenida El Rosario</name>
      <styleUrl>#iconoParada</styleUrl>
      <Point>
        <coordinates>-96.696978,17.048802,0</coordinates>
      </Point>
    </Placemark>
    <Placemark>
      <name>Avenida Emiliano Zapata - Avenida El Rosario</name>
      <styleUrl>#iconoParada</styleUrl>
      <Point>
        <coordinates>-96.699166,17.049478,0</coordinates>
      </Point>
    </Placemark>
    <Placemark>
      <name>Escuela Secundaria Técnica #139</name>
      <styleUrl>#iconoParada</styleUrl>
      <Point>
        <coordinates>-96.7029169,17.0502173,0</coordinates>
      </Point>
    </Placemark>
    <Placemark>
      <name>Reforma Agraria - Avenida 16 de Septiembre</name>
      <styleUrl>#iconoParada</styleUrl>
      <Point>
        <coordinates>-96.705438,17.051283,0</coordinates>
      </Point>
    </Placemark>
    <Placemark>
      <name>Prolongación de la Noria - Avenida 16 de Septiembre</name>
      <styleUrl>#iconoParada</styleUrl>
      <Point>
        <coordinates>-96.7065183,17.0529223,0</coordinates>
      </Point>
    </Placemark>
    <Placemark>
      <name>Colón - Avenida 16 de Septiembre</name>
      <styleUrl>#iconoParada</styleUrl>
      <Point>
        <coordinates>-96.708614,17.055982,0</coordinates>
      </Point>
    </Placemark>
    <Placemark>
      <name>Avenida 16 de Septiembre - Avenida Ferrocarril</name>
      <styleUrl>#iconoParada</styleUrl>
      <Point>
        <coordinates>-96.709536,17.057398,0</coordinates>
      </Point>
    </Placemark>
    <Placemark>
      <name>Mariano Azuela - Avenida Ferrocarril</name>
      <styleUrl>#iconoParada</styleUrl>
      <Point>
        <coordinates>-96.710953,17.056232,0</coordinates>
      </Point>
    </Placemark>
    <Placemark>
      <name>Crucero de 5 Señores</name>
      <styleUrl>#iconoParada</styleUrl>
      <Point>
        <coordinates>-96.712653,17.054578,0</coordinates>
      </Point>
    </Placemark>
    <Placemark>
      <name>Eclipse 70 - Cuauhtémoc</name>
      <styleUrl>#iconoParada</styleUrl>
      <Point>
        <coordinates>-96.713871,17.054301,0</coordinates>
      </Point>
    </Placemark>
    <Placemark>
      <name>Emiliano Zapata - Cuauhtémoc</name>
      <styleUrl>#iconoParada</styleUrl>
      <Point>
        <coordinates>-96.7159921,17.0545889,0</coordinates>
      </Point>
    </Placemark>
    <Placemark>
      <name>González Ortega - Cuauhtémoc</name>
      <styleUrl>#iconoParada</styleUrl>
      <Point>
        <coordinates>-96.718795,17.05515,0</coordinates>
      </Point>
    </Placemark>
    <Placemark>
      <name>Manuel Doblado - Arteaga</name>
      <styleUrl>#iconoParada</styleUrl>
      <Point>
        <coordinates>-96.720543,17.056304,0</coordinates>
      </Point>
    </Placemark>
    <Placemark>
      <name>Bernardo Balbuena - Avenida Montoya</name>
      <styleUrl>#iconoParada</styleUrl>
      <Point>
        <coordinates>-96.74655339,17.06268196,0</coordinates>
      </Point>
    </Placemark>
    <Placemark>
      <name>La Galera</name>
      <styleUrl>#iconoParada</styleUrl>
      <Point>
        <coordinates>-96.7574039,17.0711341,0</coordinates>
      </Point>
    </Placemark>
    <Placemark>
      <name>Base BinniBus Monte Albán</name>
      <styleUrl>#iconoParada</styleUrl>
      <Point>
        <coordinates>-96.75841,17.05651,0</coordinates>
      </Point>
    </Placemark>
    <Placemark>
      <name>Pinopía - Cuarta de Monte Albán</name>
      <styleUrl>#iconoParada</styleUrl>
      <Point>
        <coordinates>-96.75543,17.05451,0</coordinates>
      </Point>
    </Placemark>
    <Placemark>
      <name>Donají - Zoochila</name>
      <styleUrl>#iconoParada</styleUrl>
      <Point>
        <coordinates>-96.753811,17.05507,0</coordinates>
      </Point>
    </Placemark>
    <Placemark>
      <name>Farmacia Bienestar San Martín - Antigua Carretera a Monte Albán</name>
      <styleUrl>#iconoParada</styleUrl>
      <Point>
        <coordinates>-96.753469,17.052644,0</coordinates>
      </Point>
    </Placemark>
    <Placemark>
      <name>Zaachila - Antigua Carretera a Monte Albán</name>
      <styleUrl>#iconoParada</styleUrl>
      <Point>
        <coordinates>-96.752207,17.051909,0</coordinates>
      </Point>
    </Placemark>
    <Placemark>
      <name>Leovaa - Antigua Carretera a Monte Albán</name>
      <styleUrl>#iconoParada</styleUrl>
      <Point>
        <coordinates>-96.750313,17.053342,0</coordinates>
      </Point>
    </Placemark>
    <Placemark>
      <name>Heladio Ramírez - Antigua Carretera a Monte Albán</name>
      <styleUrl>#iconoParada</styleUrl>
      <Point>
        <coordinates>-96.74866,17.05548,0</coordinates>
      </Point>
    </Placemark>
    <Placemark>
      <name>Iglesia de la Merced - Avenida de la Independencia</name>
      <styleUrl>#iconoParada</styleUrl>
      <Point>
        <coordinates>-96.71933,17.06079,0</coordinates>
      </Point>
    </Placemark>
    <Placemark>
      <name>Prolongación de Avenida de la Independencia</name>
      <styleUrl>#iconoParada</styleUrl>
      <Point>
        <coordinates>-96.71574,17.060175,0</coordinates>
      </Point>
    </Placemark>
    <Placemark>
      <name>Plan de Ayala - Avenida Ferrocarril</name>
      <styleUrl>#iconoParada</styleUrl>
      <Point>
        <coordinates>-96.71096,17.05583,0</coordinates>
      </Point>
    </Placemark>
    <Placemark>
      <name>Prolongación Calzada de la República - Avenida Ferrocarril</name>
      <styleUrl>#iconoParada</styleUrl>
      <Point>
        <coordinates>-96.708389,17.058823,0</coordinates>
      </Point>
    </Placemark>
    <Placemark>
      <name>Santo DomingoTomaltepec - Avenida Ferrocarril</name>
      <styleUrl>#iconoParada</styleUrl>
      <Point>
        <coordinates>-96.706782,17.059745,0</coordinates>
      </Point>
    </Placemark>
    <Placemark>
      <name>12 de Octubre - Avenida Ferrocarril</name>
      <styleUrl>#iconoParada</styleUrl>
      <Point>
        <coordinates>-96.703794,17.060576,0</coordinates>
      </Point>
    </Placemark>
    <Placemark>
      <name>San Lucas - Avenida Ferrocarril</name>
      <styleUrl>#iconoParada</styleUrl>
      <Point>
        <coordinates>-96.700769,17.061379,0</coordinates>
      </Point>
    </Placemark>
    <Placemark>
      <name>Prolongación Calicanto - Avenida Ferrocarril</name>
      <styleUrl>#iconoParada</styleUrl>
      <Point>
        <coordinates>-96.697411,17.061793,0</coordinates>
      </Point>
    </Placemark>
    <Placemark>
      <name>Avenida Juárez - Avenida Ferrocarril</name>
      <styleUrl>#iconoParada</styleUrl>
      <Point>
        <coordinates>-96.694823,17.060858,0</coordinates>
      </Point>
    </Placemark>
    <Placemark>
      <name>Privada de Árboles Semovi - Avenida Ferrocarril</name>
      <styleUrl>#iconoParada</styleUrl>
      <Point>
        <coordinates>-96.690992,17.059405,0</coordinates>
      </Point>
    </Placemark>
    <Placemark>
      <name>Privada de Emiliano Zapata - Avenida Ferrocarril</name>
      <styleUrl>#iconoParada</styleUrl>
      <Point>
        <coordinates>-96.686192,17.057689,0</coordinates>
      </Point>
    </Placemark>
    <Placemark>
      <name>Camino Boca de Palo - Avenida Ferrocarril</name>
      <styleUrl>#iconoParada</styleUrl>
      <Point>
        <coordinates>-96.678882,17.057051,0</coordinates>
      </Point>
    </Placemark>
    <Placemark>
      <name>Macedonio Alcalá - Avenida Ferrocarril</name>
      <styleUrl>#iconoParada</styleUrl>
      <Point>
        <coordinates>-96.675927,17.057039,0</coordinates>
      </Point>
    </Placemark>
    <Placemark>
      <name>Calzada del Toro - Avenida Ferrocarril</name>
      <styleUrl>#iconoParada</styleUrl>
      <Point>
        <coordinates>-96.67269,17.057148,0</coordinates>
      </Point>
    </Placemark>
    <Placemark>
      <name>Calzada del Panteón - Avenida Ferrocarril</name>
      <styleUrl>#iconoParada</styleUrl>
      <Point>
        <coordinates>-96.670113,17.057813,0</coordinates>
      </Point>
    </Placemark>
    <Placemark>
      <name>Arenal - Avenida Ferrocarril</name>
      <styleUrl>#iconoParada</styleUrl>
      <Point>
        <coordinates>-96.667374,17.058163,0</coordinates>
      </Point>
    </Placemark>
    <Placemark>
      <name>Analco - Tlalixtac</name>
      <styleUrl>#iconoParada</styleUrl>
      <Point>
        <coordinates>-96.662405,17.056516,0</coordinates>
      </Point>
    </Placemark>
    <Placemark>
      <name>Carretera Internacional 190 - Tlalixtac - Avenida Internacional</name>
      <styleUrl>#iconoParada</styleUrl>
      <Point>
        <coordinates>-96.658595,17.057667,0</coordinates>
      </Point>
    </Placemark>
    <Placemark>
      <name>Ciudad Administrativa - Camino del Rancho</name>
      <styleUrl>#iconoParada</styleUrl>
      <Point>
        <coordinates>-96.653317,17.05516,0</coordinates>
      </Point>
    </Placemark>
    <Placemark>
      <name>Calzada Benito Juárez</name>
      <styleUrl>#iconoParada</styleUrl>
      <Point>
        <coordinates>-96.6412797,17.0484455,0</coordinates>
      </Point>
    </Placemark>
    <Placemark>
      <name>3 de Mayo</name>
      <styleUrl>#iconoParada</styleUrl>
      <Point>
        <coordinates>-96.6396186,17.0502899,0</coordinates>
      </Point>
    </Placemark>
    <Placemark>
      <name>Camino de la Cruz - Camino Nacional</name>
      <styleUrl>#iconoParada</styleUrl>
      <Point>
        <coordinates>-96.6391964,17.0524144,0</coordinates>
      </Point>
    </Placemark>
    <Placemark>
      <name>Callejón del Niño Perdido - Camino Nacional</name>
      <styleUrl>#iconoParada</styleUrl>
      <Point>
        <coordinates>-96.6364941,17.0512607,0</coordinates>
      </Point>
    </Placemark>
    <Placemark>
      <name>Centenario - Camino Nacional</name>
      <styleUrl>#iconoParada</styleUrl>
      <Point>
        <coordinates>-96.6343021,17.0500788,0</coordinates>
      </Point>
    </Placemark>
    <Placemark>
      <name>Cupido - Camino Nacional</name>
      <styleUrl>#iconoParada</styleUrl>
      <Point>
        <coordinates>-96.63216,17.04894,0</coordinates>
      </Point>
    </Placemark>
    <Placemark>
      <name>COBAO 04</name>
      <styleUrl>#iconoParada</styleUrl>
      <Point>
        <coordinates>-96.628013,17.047258,0</coordinates>
      </Point>
    </Placemark>
    <Placemark>
      <name>El Nogal - Progreso</name>
      <styleUrl>#iconoParada</styleUrl>
      <Point>
        <coordinates>-96.6238,17.057844,0</coordinates>
      </Point>
    </Placemark>
    <Placemark>
      <name>Reforma - Progreso</name>
      <styleUrl>#iconoParada</styleUrl>
      <Point>
        <coordinates>-96.6233068,17.0598741,0</coordinates>
      </Point>
    </Placemark>
    <Placemark>
      <name>Base BinniBus Santo Domingo Tomaltepec</name>
      <styleUrl>#iconoParada</styleUrl>
      <Point>
        <coordinates>-96.6245689,17.0605069,0</coordinates>
      </Point>
    </Placemark>
    <Placemark>
      <name>Guerrero - Progreso</name>
      <styleUrl>#iconoParada</styleUrl>
      <Point>
        <coordinates>-96.62309651,17.06359878,0</coordinates>
      </Point>
    </Placemark>
    <Placemark>
      <name>Reforma Progreso</name>
      <styleUrl>#iconoParada</styleUrl>
      <Point>
        <coordinates>-96.62334327,17.06001921,0</coordinates>
      </Point>
    </Placemark>
    <Placemark>
      <name>El Nogal - Progreso</name>
      <styleUrl>#iconoParada</styleUrl>
      <Point>
        <coordinates>-96.6239153,17.0576957,0</coordinates>
      </Point>
    </Placemark>
    <Placemark>
      <name>Plazuela - Avenida Sabinos</name>
      <styleUrl>#iconoParada</styleUrl>
      <Point>
        <coordinates>-96.6248065,17.0532776,0</coordinates>
      </Point>
    </Placemark>
    <Placemark>
      <name>Abetos - Avenida Saninos</name>
      <styleUrl>#iconoParada</styleUrl>
      <Point>
        <coordinates>-96.6240406,17.0506165,0</coordinates>
      </Point>
    </Placemark>
    <Placemark>
      <name>Base BinniBus El Retiro</name>
      <styleUrl>#iconoParada</styleUrl>
      <Point>
        <coordinates>-96.6256114,17.0497221,0</coordinates>
      </Point>
    </Placemark>
    <Placemark>
      <name>Sabinos - Camino Nacional</name>
      <styleUrl>#iconoParada</styleUrl>
      <Point>
        <coordinates>-96.6257001,17.0462782,0</coordinates>
      </Point>
    </Placemark>
    <Placemark>
      <name>COBAO 04</name>
      <styleUrl>#iconoParada</styleUrl>
      <Point>
        <coordinates>-96.6279899,17.0473031,0</coordinates>
      </Point>
    </Placemark>
    <Placemark>
      <name>Camino de la Raya - Avenida Carretera Internacional 190</name>
      <styleUrl>#iconoParada</styleUrl>
      <Point>
        <coordinates>-96.6306089,17.0440812,0</coordinates>
      </Point>
    </Placemark>
    <Placemark>
      <name>Hidalgo - Avenida Carretera Internacional 190</name>
      <styleUrl>#iconoParada</styleUrl>
      <Point>
        <coordinates>-96.6329587,17.0445958,0</coordinates>
      </Point>
    </Placemark>
    <Placemark>
      <name>Centenario - Vicente Guerrero</name>
      <styleUrl>#iconoParada</styleUrl>
      <Point>
        <coordinates>-96.6359104,17.045168,0</coordinates>
      </Point>
    </Placemark>
    <Placemark>
      <name>Árbol del Tule</name>
      <styleUrl>#iconoParada</styleUrl>
      <Point>
        <coordinates>-96.6373982,17.0457609,0</coordinates>
      </Point>
    </Placemark>
    <Placemark>
      <name>Camino del Tarrastro - Avenida Carretera Internacional 190</name>
      <styleUrl>#iconoParada</styleUrl>
      <Point>
        <coordinates>-96.647683,17.0522264,0</coordinates>
      </Point>
    </Placemark>
    <Placemark>
      <name>Camino Del Rancho - Avenida Carretera Internacional 190</name>
      <styleUrl>#iconoParada</styleUrl>
      <Point>
        <coordinates>-96.6511995,17.054205,0</coordinates>
      </Point>
    </Placemark>
    <Placemark>
      <name>Base BinniBus Puente Peatonal Ciudad Administrativa</name>
      <styleUrl>#iconoParada</styleUrl>
      <Point>
        <coordinates>-96.6536494,17.0555578,0</coordinates>
      </Point>
    </Placemark>
    <Placemark>
      <name>Carretera Internacional 190 - Avenida Ferrocarril</name>
      <styleUrl>#iconoParada</styleUrl>
      <Point>
        <coordinates>-96.658744,17.057692,0</coordinates>
      </Point>
    </Placemark>
    <Placemark>
      <name>Espino Redondo - Avenida Ferrocarril</name>
      <styleUrl>#iconoParada</styleUrl>
      <Point>
        <coordinates>-96.66205,17.05675,0</coordinates>
      </Point>
    </Placemark>
    <Placemark>
      <name>El Arenal - Avenida Ferrocarril</name>
      <styleUrl>#iconoParada</styleUrl>
      <Point>
        <coordinates>-96.66772,17.05841,0</coordinates>
      </Point>
    </Placemark>
    <Placemark>
      <name>Primera Privada Avenida Ferrocarril - Avenida Ferrocarril</name>
      <styleUrl>#iconoParada</styleUrl>
      <Point>
        <coordinates>-96.67017,17.058033,0</coordinates>
      </Point>
    </Placemark>
    <Placemark>
      <name>Constitución - Avenida Ferrocarril</name>
      <styleUrl>#iconoParada</styleUrl>
      <Point>
        <coordinates>-96.672743,17.057421,0</coordinates>
      </Point>
    </Placemark>
    <Placemark>
      <name>Morelos - Avenida Ferrocarril</name>
      <styleUrl>#iconoParada</styleUrl>
      <Point>
        <coordinates>-96.6767,17.05726,0</coordinates>
      </Point>
    </Placemark>
    <Placemark>
      <name>Camino del Anonal - Avenida Ferrocarril</name>
      <styleUrl>#iconoParada</styleUrl>
      <Point>
        <coordinates>-96.678824,17.05731,0</coordinates>
      </Point>
    </Placemark>
    <Placemark>
      <name>Segunda Privada Avenida Ferrocarril - Avenida Ferrocarril</name>
      <styleUrl>#iconoParada</styleUrl>
      <Point>
        <coordinates>-96.6813,17.0573,0</coordinates>
      </Point>
    </Placemark>
    <Placemark>
      <name>Juárez - Avenida Ferrocarril</name>
      <styleUrl>#iconoParada</styleUrl>
      <Point>
        <coordinates>-96.683604,17.057298,0</coordinates>
      </Point>
    </Placemark>
    <Placemark>
      <name>Emiliano Zapata - Avenida Ferrocarril</name>
      <styleUrl>#iconoParada</styleUrl>
      <Point>
        <coordinates>-96.6861957,17.0579001,0</coordinates>
      </Point>
    </Placemark>
    <Placemark>
      <name>Avenida San Diego Hornos - Avenida Ferrocarril</name>
      <styleUrl>#iconoParada</styleUrl>
      <Point>
        <coordinates>-96.691905,17.059994,0</coordinates>
      </Point>
    </Placemark>
    <Placemark>
      <name>Avenida Juárez - Avenida Ferrocarril</name>
      <styleUrl>#iconoParada</styleUrl>
      <Point>
        <coordinates>-96.694403,17.0609,0</coordinates>
      </Point>
    </Placemark>
    <Placemark>
      <name>Avenida Calicanto - Avenida Ferrocarril</name>
      <styleUrl>#iconoParada</styleUrl>
      <Point>
        <coordinates>-96.696696,17.061796,0</coordinates>
      </Point>
    </Placemark>
    <Placemark>
      <name>Riveras de Rio Chiquito - Avenida Ferrocarril</name>
      <styleUrl>#iconoParada</styleUrl>
      <Point>
        <coordinates>-96.699695,17.061899,0</coordinates>
      </Point>
    </Placemark>
    <Placemark>
      <name>Aldama - Avenida Ferrocarril</name>
      <styleUrl>#iconoParada</styleUrl>
      <Point>
        <coordinates>-96.701497,17.061398,0</coordinates>
      </Point>
    </Placemark>
    <Placemark>
      <name>12 de Octubre - Avenida Ferrocarril</name>
      <styleUrl>#iconoParada</styleUrl>
      <Point>
        <coordinates>-96.7036044,17.0607993,0</coordinates>
      </Point>
    </Placemark>
    <Placemark>
      <name>Prolongación Calzada de la República - Avenida Ferrocarril</name>
      <styleUrl>#iconoParada</styleUrl>
      <Point>
        <coordinates>-96.708292,17.059202,0</coordinates>
      </Point>
    </Placemark>
    <Placemark>
      <name>Carlos Pellicer - Avenida Ferrocarril</name>
      <styleUrl>#iconoParada</styleUrl>
      <Point>
        <coordinates>-96.70959,17.057902,0</coordinates>
      </Point>
    </Placemark>
    <Placemark>
      <name>Parque Galeana</name>
      <styleUrl>#iconoParada</styleUrl>
      <Point>
        <coordinates>-96.71488,17.061022,0</coordinates>
      </Point>
    </Placemark>
    <Placemark>
      <name>Insurgentes - Avenida José María Morelos</name>
      <styleUrl>#iconoParada</styleUrl>
      <Point>
        <coordinates>-96.716811,17.06137,0</coordinates>
      </Point>
    </Placemark>
    <Placemark>
      <name>Avenida José María Morelos - José María Pino Suárez</name>
      <styleUrl>#iconoParada</styleUrl>
      <Point>
        <coordinates>-96.720302,17.062045,0</coordinates>
      </Point>
    </Placemark>
    <Placemark>
      <name>Manuel Fernandez - Cristóbal Colón</name>
      <styleUrl>#iconoParada</styleUrl>
      <Point>
        <coordinates>-96.72307,17.05872,0</coordinates>
      </Point>
    </Placemark>
    <Placemark>
      <name>Flores Magón - Cristóbal Colón</name>
      <styleUrl>#iconoParada</styleUrl>
      <Point>
        <coordinates>-96.72604,17.05933,0</coordinates>
      </Point>
    </Placemark>
    <Placemark>
      <name>Petela - Antigua Carretera a Monte Albán</name>
      <styleUrl>#iconoParada</styleUrl>
      <Point>
        <coordinates>-96.7485454,17.0555355,0</coordinates>
      </Point>
    </Placemark>
    <Placemark>
      <name>Dalachi - Antigua Carretera a Monte Albán</name>
      <styleUrl>#iconoParada</styleUrl>
      <Point>
        <coordinates>-96.75024958,17.05314159,0</coordinates>
      </Point>
    </Placemark>
    <Placemark>
      <name>La Cuarta - Antigua Carretera a Monte Albán</name>
      <styleUrl>#iconoParada</styleUrl>
      <Point>
        <coordinates>-96.7523655,17.0521329,0</coordinates>
      </Point>
    </Placemark>
    <Placemark>
      <name>Las Razas - Antigua Carretera a Monte Albán</name>
      <styleUrl>#iconoParada</styleUrl>
      <Point>
        <coordinates>-96.7534686,17.0526573,0</coordinates>
      </Point>
    </Placemark>
    <Placemark>
      <name>Donají - Zoochila</name>
      <styleUrl>#iconoParada</styleUrl>
      <Point>
        <coordinates>-96.753769,17.054955,0</coordinates>
      </Point>
    </Placemark>
    <Placemark>
      <name>Pinopia - Antigua Carretera a Monte Albán</name>
      <styleUrl>#iconoParada</styleUrl>
      <Point>
        <coordinates>-96.7555344,17.0545183,0</coordinates>
      </Point>
    </Placemark>
    <Placemark>
      <name>Base BinniBus Colonia Guelaguetza</name>
      <styleUrl>#iconoParada</styleUrl>
      <Point>
        <coordinates>-96.76948,17.083277,0</coordinates>
      </Point>
    </Placemark>
    <Placemark>
      <name>Villa Alta - Huajuapam</name>
      <styleUrl>#iconoParada</styleUrl>
      <Point>
        <coordinates>-96.768875,17.084003,0</coordinates>
      </Point>
    </Placemark>
    <Placemark>
      <name>Cañada - Villa Alta</name>
      <styleUrl>#iconoParada</styleUrl>
      <Point>
        <coordinates>-96.7692119,17.0853432,0</coordinates>
      </Point>
    </Placemark>
    <Placemark>
      <name>Privada de la Cañada</name>
      <styleUrl>#iconoParada</styleUrl>
      <Point>
        <coordinates>-96.76827925,17.08579868,0</coordinates>
      </Point>
    </Placemark>
    <Placemark>
      <name>Pochutla - Cañada de la Grande</name>
      <styleUrl>#iconoParada</styleUrl>
      <Point>
        <coordinates>-96.7685644,17.08725746,0</coordinates>
      </Point>
    </Placemark>
    <Placemark>
      <name>Candelaria loxicha - Pochutla</name>
      <styleUrl>#iconoParada</styleUrl>
      <Point>
        <coordinates>-96.76703274,17.0879912,0</coordinates>
      </Point>
    </Placemark>
    <Placemark>
      <name>Avenida Libertad - Pochutla</name>
      <styleUrl>#iconoParada</styleUrl>
      <Point>
        <coordinates>-96.76509499,17.08880138,0</coordinates>
      </Point>
    </Placemark>
    <Placemark>
      <name>Plutarco Elías Calles - Avenida Montoya</name>
      <styleUrl>#iconoParada</styleUrl>
      <Point>
        <coordinates>-96.7487172,17.06401227,0</coordinates>
      </Point>
    </Placemark>
    <Placemark>
      <name>Lázaro Cárdenas - Avenida Símbolos Patrios</name>
      <styleUrl>#iconoParada</styleUrl>
      <Point>
        <coordinates>-96.724682,17.048265,0</coordinates>
      </Point>
    </Placemark>
    <Placemark>
      <name>Presidente General Eulalio Gutiérrez - Avenida Simbolos Patrios</name>
      <styleUrl>#iconoParada</styleUrl>
      <Point>
        <coordinates>-96.72343134,17.04640219,0</coordinates>
      </Point>
    </Placemark>
    <Placemark>
      <name>Puerto Ensenada - Puerto Mazatlán</name>
      <styleUrl>#iconoParada</styleUrl>
      <Point>
        <coordinates>-96.72045193,17.04633193,0</coordinates>
      </Point>
    </Placemark>
    <Placemark>
      <name>Mártires de Tacubaya - Huerto los Ciruelos</name>
      <styleUrl>#iconoParada</styleUrl>
      <Point>
        <coordinates>-96.7173433,17.04594218,0</coordinates>
      </Point>
    </Placemark>
    <Placemark>
      <name>Plaza Oaxaca</name>
      <styleUrl>#iconoParada</styleUrl>
      <Point>
        <coordinates>-96.71499024,17.04375866,0</coordinates>
      </Point>
    </Placemark>
    <Placemark>
      <name>La Campiña - Avenida Universidad</name>
      <styleUrl>#iconoParada</styleUrl>
      <Point>
        <coordinates>-96.71052765,17.03774416,0</coordinates>
      </Point>
    </Placemark>
    <Placemark>
      <name>Base BinniBus Plaza del Valle</name>
      <styleUrl>#iconoParada</styleUrl>
      <Point>
        <coordinates>-96.70631791,17.03679222,0</coordinates>
      </Point>
    </Placemark>
    <Placemark>
      <name>Plaza Oaxaca</name>
      <styleUrl>#iconoParada</styleUrl>
      <Point>
        <coordinates>-96.71536472,17.04433614,0</coordinates>
      </Point>
    </Placemark>
    <Placemark>
      <name>La Luz - Vicente Guerrero</name>
      <styleUrl>#iconoParada</styleUrl>
      <Point>
        <coordinates>-96.71862756,17.04487691,0</coordinates>
      </Point>
    </Placemark>
    <Placemark>
      <name>Puerto Cortés - Vicente Guerrero</name>
      <styleUrl>#iconoParada</styleUrl>
      <Point>
        <coordinates>-96.72062307,17.04524409,0</coordinates>
      </Point>
    </Placemark>
    <Placemark>
      <name>Puerto Márquez - Avenida Simbolos Patrios</name>
      <styleUrl>#iconoParada</styleUrl>
      <Point>
        <coordinates>-96.72235704,17.04553449,0</coordinates>
      </Point>
    </Placemark>
    <Placemark>
      <name>Puerto Ciudad del Carmen - Avenida Símbolos Patrios</name>
      <styleUrl>#iconoParada</styleUrl>
      <Point>
        <coordinates>-96.72336705,17.04701325,0</coordinates>
      </Point>
    </Placemark>
    <Placemark>
      <name>Periférico - Coppel</name>
      <styleUrl>#iconoParada</styleUrl>
      <Point>
        <coordinates>-96.72609898,17.05065848,0</coordinates>
      </Point>
    </Placemark>
    <Placemark>
      <name>Gustavo Díaz Ordáz - Ignacio Zaragoza</name>
      <styleUrl>#iconoParada</styleUrl>
      <Point>
        <coordinates>-96.72944485,17.05752757,0</coordinates>
      </Point>
    </Placemark>
    <Placemark>
      <name>Camino Real - Avenida Montoya</name>
      <styleUrl>#iconoParada</styleUrl>
      <Point>
        <coordinates>-96.75635385,17.0734612,0</coordinates>
      </Point>
    </Placemark>
    <Placemark>
      <name>Niños Héroes - Avenida Libertad</name>
      <styleUrl>#iconoParada</styleUrl>
      <Point>
        <coordinates>-96.76214968,17.08387289,0</coordinates>
      </Point>
    </Placemark>
    <Placemark>
      <name>Oyamel - Puchutla</name>
      <styleUrl>#iconoParada</styleUrl>
      <Point>
        <coordinates>-96.76493324,17.08885621,0</coordinates>
      </Point>
    </Placemark>
    <Placemark>
      <name>Juchitán - Pochutla</name>
      <styleUrl>#iconoParada</styleUrl>
      <Point>
        <coordinates>-96.76723012,17.08797525,0</coordinates>
      </Point>
    </Placemark>
    <Placemark>
      <name>Pochutla - Cañada Grande</name>
      <styleUrl>#iconoParada</styleUrl>
      <Point>
        <coordinates>-96.76862686,17.08732756,0</coordinates>
      </Point>
    </Placemark>
    <Placemark>
      <name>Privada de la Cañada - Cañada</name>
      <styleUrl>#iconoParada</styleUrl>
      <Point>
        <coordinates>-96.76828396,17.08590395,0</coordinates>
      </Point>
    </Placemark>
    <Placemark>
      <name>Cañada - Villa Alta</name>
      <styleUrl>#iconoParada</styleUrl>
      <Point>
        <coordinates>-96.7692119,17.0853432,0</coordinates>
      </Point>
    </Placemark>
    <Placemark>
      <name>Huajuapam - Villa Alta</name>
      <styleUrl>#iconoParada</styleUrl>
      <Point>
        <coordinates>-96.7688669,17.084049,0</coordinates>
      </Point>
    </Placemark>
    <Placemark>
      <name>Avenida 7 Regiones - Villa Alta</name>
      <styleUrl>#iconoParada</styleUrl>
      <Point>
        <coordinates>-96.768294,17.081949,0</coordinates>
      </Point>
    </Placemark>
    <Placemark>
      <name>Miguel Cabrera - Periférico</name>
      <styleUrl>#iconoParada</styleUrl>
      <Point>
        <coordinates>-96.728004,17.050438,0</coordinates>
      </Point>
    </Placemark>
    <Placemark>
      <name>Parque Primavera Oaxaqueña</name>
      <styleUrl>#iconoParada</styleUrl>
      <Point>
        <coordinates>-96.731289,17.049595,0</coordinates>
      </Point>
    </Placemark>
    <Placemark>
      <name>Privada de Cuauhtémoc - Antigua Carretera a Monte Albán</name>
      <styleUrl>#iconoParada</styleUrl>
      <Point>
        <coordinates>-96.733995,17.050939,0</coordinates>
      </Point>
    </Placemark>
    <Placemark>
      <name>Donají - Antigua Carretera a Monte Albán</name>
      <styleUrl>#iconoParada</styleUrl>
      <Point>
        <coordinates>-96.73681,17.05124,0</coordinates>
      </Point>
    </Placemark>
    <Placemark>
      <name>Plazuela de Chapultepec - Antigua Carretera a Monte Albán</name>
      <styleUrl>#iconoParada</styleUrl>
      <Point>
        <coordinates>-96.73986,17.05211,0</coordinates>
      </Point>
    </Placemark>
    <Placemark>
      <name>Escuela Primaria Niños Héroes - Antigua Carretera a Monte Albán</name>
      <styleUrl>#iconoParada</styleUrl>
      <Point>
        <coordinates>-96.74314,17.05348,0</coordinates>
      </Point>
    </Placemark>
    <Placemark>
      <name>Monte Cristo - Antigua Carretera a Monte Albán</name>
      <styleUrl>#iconoParada</styleUrl>
      <Point>
        <coordinates>-96.74509,17.05528,0</coordinates>
      </Point>
    </Placemark>
    <Placemark>
      <name>Unidad Habitacional Rodríguez</name>
      <styleUrl>#iconoParada</styleUrl>
      <Point>
        <coordinates>-96.745836,17.055889,0</coordinates>
      </Point>
    </Placemark>
    <Placemark>
      <name>13 de Septiembre - Antigua Carretera a Monte Albán</name>
      <styleUrl>#iconoParada</styleUrl>
      <Point>
        <coordinates>-96.743203,17.05338,0</coordinates>
      </Point>
    </Placemark>
    <Placemark>
      <name>Guadalipe Victoria - Antigua Carretera a Monte Albán</name>
      <styleUrl>#iconoParada</styleUrl>
      <Point>
        <coordinates>-96.740265,17.052145,0</coordinates>
      </Point>
    </Placemark>
    <Placemark>
      <name>Donají - Antigua Carretera a Monte Albán</name>
      <styleUrl>#iconoParada</styleUrl>
      <Point>
        <coordinates>-96.73681,17.05112,0</coordinates>
      </Point>
    </Placemark>
    <Placemark>
      <name>Juan de la Barrera - Antigua Carretera a Monte Albán</name>
      <styleUrl>#iconoParada</styleUrl>
      <Point>
        <coordinates>-96.7335,17.05059,0</coordinates>
      </Point>
    </Placemark>
    <Placemark>
      <name>Parque Primavera Oaxaqueña</name>
      <styleUrl>#iconoParada</styleUrl>
      <Point>
        <coordinates>-96.731525,17.049572,0</coordinates>
      </Point>
    </Placemark>
    <Placemark>
      <name>Parque del Amor</name>
      <styleUrl>#iconoParada</styleUrl>
      <Point>
        <coordinates>-96.729079,17.049902,0</coordinates>
      </Point>
    </Placemark>
    <Placemark>
      <name>El Rosario - Avenida Universidad</name>
      <styleUrl>#iconoParada</styleUrl>
      <Point>
        <coordinates>-96.713251,17.052934,0</coordinates>
      </Point>
    </Placemark>
    <Placemark>
      <name>Corpus Cristi - Avenida Universidad</name>
      <styleUrl>#iconoParada</styleUrl>
      <Point>
        <coordinates>-96.71432,17.045478,0</coordinates>
      </Point>
    </Placemark>
    <Placemark>
      <name>Artículo 123 - Camino a San Jacinto Ailpas</name>
      <styleUrl>#iconoParada</styleUrl>
      <Point>
        <coordinates>-96.756298,17.102311,0</coordinates>
      </Point>
    </Placemark>
    <Placemark>
      <name>Carlos María de Bustamante - Riveras del Atoyac</name>
      <styleUrl>#iconoParada</styleUrl>
      <Point>
        <coordinates>-96.75999,17.099325,0</coordinates>
      </Point>
    </Placemark>
    <Placemark>
      <name>Niños Héroes - Riveras del Atoyac</name>
      <styleUrl>#iconoParada</styleUrl>
      <Point>
        <coordinates>-96.757128,17.094315,0</coordinates>
      </Point>
    </Placemark>
    <Placemark>
      <name>Teposcolula - Riveras del Atoyac</name>
      <styleUrl>#iconoParada</styleUrl>
      <Point>
        <coordinates>-96.754888,17.090555,0</coordinates>
      </Point>
    </Placemark>
    <Placemark>
      <name>Guerrero -Riveras del Atoyac</name>
      <styleUrl>#iconoParada</styleUrl>
      <Point>
        <coordinates>-96.752854,17.087098,0</coordinates>
      </Point>
    </Placemark>
    <Placemark>
      <name>Tamaulipas - Riveras del Atoyac</name>
      <styleUrl>#iconoParada</styleUrl>
      <Point>
        <coordinates>-96.751978,17.0856,0</coordinates>
      </Point>
    </Placemark>
    <Placemark>
      <name>Segunda Privada de San Luis Potosí - Riveras del Atoyac</name>
      <styleUrl>#iconoParada</styleUrl>
      <Point>
        <coordinates>-96.750688,17.083305,0</coordinates>
      </Point>
    </Placemark>
    <Placemark>
      <name>Xochimilco - Riveras del Atoyac</name>
      <styleUrl>#iconoParada</styleUrl>
      <Point>
        <coordinates>-96.749375,17.08092,0</coordinates>
      </Point>
    </Placemark>
    <Placemark>
      <name>Avenida Manuel Gómez Morín - Calzada Valerio Trujano</name>
      <styleUrl>#iconoParada</styleUrl>
      <Point>
        <coordinates>-96.73892,17.06202,0</coordinates>
      </Point>
    </Placemark>
    <Placemark>
      <name>Venustiano Carranza - Avenida la Paz</name>
      <styleUrl>#iconoParada</styleUrl>
      <Point>
        <coordinates>-96.739155,17.05493,0</coordinates>
      </Point>
    </Placemark>
    <Placemark>
      <name>Avenida Chapultepec - Avenida la Paz</name>
      <styleUrl>#iconoParada</styleUrl>
      <Point>
        <coordinates>-96.736393,17.052431,0</coordinates>
      </Point>
    </Placemark>
    <Placemark>
      <name>DIF Oaxaca</name>
      <styleUrl>#iconoParada</styleUrl>
      <Point>
        <coordinates>-96.727308,17.049067,0</coordinates>
      </Point>
    </Placemark>
    <Placemark>
      <name>Luis Cabrera - Eulalio Gutiérrez</name>
      <styleUrl>#iconoParada</styleUrl>
      <Point>
        <coordinates>-96.72706,17.046795,0</coordinates>
      </Point>
    </Placemark>
    <Placemark>
      <name>Emiliano Zapata - Eulalio Gutiérrez</name>
      <styleUrl>#iconoParada</styleUrl>
      <Point>
        <coordinates>-96.725314,17.046626,0</coordinates>
      </Point>
    </Placemark>
    <Placemark>
      <name>Obreros y Campesinos - Avenida Símbolos Patrios</name>
      <styleUrl>#iconoParada</styleUrl>
      <Point>
        <coordinates>-96.722461,17.045171,0</coordinates>
      </Point>
    </Placemark>
    <Placemark>
      <name>Ignacio de la Llave - Avenida Símbolos Patrios</name>
      <styleUrl>#iconoParada</styleUrl>
      <Point>
        <coordinates>-96.721232,17.043442,0</coordinates>
      </Point>
    </Placemark>
    <Placemark>
      <name>Camino al Sabino - Avenida Símbolos Patrios</name>
      <styleUrl>#iconoParada</styleUrl>
      <Point>
        <coordinates>-96.718431,17.039606,0</coordinates>
      </Point>
    </Placemark>
    <Placemark>
      <name>Fresnos - Avenida Símbolos Patrios</name>
      <styleUrl>#iconoParada</styleUrl>
      <Point>
        <coordinates>-96.715178,17.035006,0</coordinates>
      </Point>
    </Placemark>
    <Placemark>
      <name>Privada Morelos - Emiliano Zapata</name>
      <styleUrl>#iconoParada</styleUrl>
      <Point>
        <coordinates>-96.712827,17.030541,0</coordinates>
      </Point>
    </Placemark>
    <Placemark>
      <name>Aldama - Emiliano Zapata</name>
      <styleUrl>#iconoParada</styleUrl>
      <Point>
        <coordinates>-96.712983,17.029036,0</coordinates>
      </Point>
    </Placemark>
    <Placemark>
      <name>Benito Juárez - Emiliano Zapata</name>
      <styleUrl>#iconoParada</styleUrl>
      <Point>
        <coordinates>-96.71412,17.02715,0</coordinates>
      </Point>
    </Placemark>
    <Placemark>
      <name>Base BinniBus Centro de Rehabilitacion DIF</name>
      <styleUrl>#iconoParada</styleUrl>
      <Point>
        <coordinates>-96.71613,17.02365,0</coordinates>
      </Point>
    </Placemark>
    <Placemark>
      <name>Emiliano Zapata - Benito Juárez</name>
      <styleUrl>#iconoParada</styleUrl>
      <Point>
        <coordinates>-96.71408,17.027102,0</coordinates>
      </Point>
    </Placemark>
    <Placemark>
      <name>Emiliano Zapata - Calicanto</name>
      <styleUrl>#iconoParada</styleUrl>
      <Point>
        <coordinates>-96.712918,17.028966,0</coordinates>
      </Point>
    </Placemark>
    <Placemark>
      <name>Emiliano Zapata - Avenida Símbolos Patrios</name>
      <styleUrl>#iconoParada</styleUrl>
      <Point>
        <coordinates>-96.71243,17.03107,0</coordinates>
      </Point>
    </Placemark>
    <Placemark>
      <name>Emiliano Zapata - Avenida Símbolos Patrios</name>
      <styleUrl>#iconoParada</styleUrl>
      <Point>
        <coordinates>-96.717822,17.039278,0</coordinates>
      </Point>
    </Placemark>
    <Placemark>
      <name>La Luz - Avenida Símbolos Patrios</name>
      <styleUrl>#iconoParada</styleUrl>
      <Point>
        <coordinates>-96.72024,17.042669,0</coordinates>
      </Point>
    </Placemark>
    <Placemark>
      <name>Manuel Fernández Fiallo - Avenida Simbolos Patrios</name>
      <styleUrl>#iconoParada</styleUrl>
      <Point>
        <coordinates>-96.724182,17.048098,0</coordinates>
      </Point>
    </Placemark>
    <Placemark>
      <name>Escobilla - Avenida La Paz</name>
      <styleUrl>#iconoParada</styleUrl>
      <Point>
        <coordinates>-96.736315,17.052461,0</coordinates>
      </Point>
    </Placemark>
    <Placemark>
      <name>Morelos - Avenida Mexicapam</name>
      <styleUrl>#iconoParada</styleUrl>
      <Point>
        <coordinates>-96.739734,17.055669,0</coordinates>
      </Point>
    </Placemark>
    <Placemark>
      <name>Calzada Valerío Trujano - Avenida Mexicapan</name>
      <styleUrl>#iconoParada</styleUrl>
      <Point>
        <coordinates>-96.742684,17.058328,0</coordinates>
      </Point>
    </Placemark>
    <Placemark>
      <name>Eligió Ancona - Calle Juventino Rosas</name>
      <styleUrl>#iconoParada</styleUrl>
      <Point>
        <coordinates>-96.74371,17.06431,0</coordinates>
      </Point>
    </Placemark>
    <Placemark>
      <name>Constituyentes - Manuel Ávila Camacho</name>
      <styleUrl>#iconoParada</styleUrl>
      <Point>
        <coordinates>-96.74946,17.08365,0</coordinates>
      </Point>
    </Placemark>
    <Placemark>
      <name>José Vasconcelos - Riveras del Atoyac</name>
      <styleUrl>#iconoParada</styleUrl>
      <Point>
        <coordinates>-96.75292,17.08978,0</coordinates>
      </Point>
    </Placemark>
    <Placemark>
      <name>Río Santiago - Riveras del Atoyac</name>
      <styleUrl>#iconoParada</styleUrl>
      <Point>
        <coordinates>-96.75495,17.09319,0</coordinates>
      </Point>
    </Placemark>
    <Placemark>
      <name>Los Tulipanes - Riveras del Atoyac</name>
      <styleUrl>#iconoParada</styleUrl>
      <Point>
        <coordinates>-96.75767,17.09767,0</coordinates>
      </Point>
    </Placemark>
    <Placemark>
      <name>Camino a San Jacinto Amilpas - Riveras del Atoyac</name>
      <styleUrl>#iconoParada</styleUrl>
      <Point>
        <coordinates>-96.759448,17.101147,0</coordinates>
      </Point>
    </Placemark>
    <Placemark>
      <name>Artículo 123 - Riveras del Atoyac</name>
      <styleUrl>#iconoParada</styleUrl>
      <Point>
        <coordinates>-96.76153,17.10637,0</coordinates>
      </Point>
    </Placemark>
    <Placemark>
      <name>Lázaro Cárdenas - Riveras del Atoyac</name>
      <styleUrl>#iconoParada</styleUrl>
      <Point>
        <coordinates>-96.76448,17.1116,0</coordinates>
      </Point>
    </Placemark>
    <Placemark>
      <name>Privada Juquila - Riveras del Atoyac</name>
      <styleUrl>#iconoParada</styleUrl>
      <Point>
        <coordinates>-96.76881,17.11586,0</coordinates>
      </Point>
    </Placemark>
    <Placemark>
      <name>Libramiento Atoyac</name>
      <styleUrl>#iconoParada</styleUrl>
      <Point>
        <coordinates>-96.76793,17.11931,0</coordinates>
      </Point>
    </Placemark>
    <Placemark>
      <name>Olivos - Avenida Ferrocarril</name>
      <styleUrl>#iconoParada</styleUrl>
      <Point>
        <coordinates>-96.76865,17.1219,0</coordinates>
      </Point>
    </Placemark>
    <Placemark>
      <name>Esmeralda - Avenida Ferrocarril</name>
      <styleUrl>#iconoParada</styleUrl>
      <Point>
        <coordinates>-96.77103,17.12433,0</coordinates>
      </Point>
    </Placemark>
    <Placemark>
      <name>Boulevard Hacienda Buena Vista - Avenida Ferrocarril</name>
      <styleUrl>#iconoParada</styleUrl>
      <Point>
        <coordinates>-96.77293,17.1264,0</coordinates>
      </Point>
    </Placemark>
    <Placemark>
      <name>Revolución - Avenida Ferrocarril</name>
      <styleUrl>#iconoParada</styleUrl>
      <Point>
        <coordinates>-96.77589,17.12956,0</coordinates>
      </Point>
    </Placemark>
    <Placemark>
      <name>Hidalgo - Avenida Ferrocarril</name>
      <styleUrl>#iconoParada</styleUrl>
      <Point>
        <coordinates>-96.77863,17.13249,0</coordinates>
      </Point>
    </Placemark>
    <Placemark>
      <name>Calzada a San Lorenzo - Avenida Ferrocarril</name>
      <styleUrl>#iconoParada</styleUrl>
      <Point>
        <coordinates>-96.7804,17.1351,0</coordinates>
      </Point>
    </Placemark>
    <Placemark>
      <name>Crucero de Hacienda Blanca - Carretera Panamericana 190</name>
      <styleUrl>#iconoParada</styleUrl>
      <Point>
        <coordinates>-96.77499,17.135893,0</coordinates>
      </Point>
    </Placemark>
    <Placemark>
      <name>Fraccionamiento Esmeralda - Carretera Panamericana 190</name>
      <styleUrl>#iconoParada</styleUrl>
      <Point>
        <coordinates>-96.76886,17.12794,0</coordinates>
      </Point>
    </Placemark>
    <Placemark>
      <name>Glorieta a Juárez</name>
      <styleUrl>#iconoParada</styleUrl>
      <Point>
        <coordinates>-96.76488,17.12353,0</coordinates>
      </Point>
    </Placemark>
    <Placemark>
      <name>Barrio Morelos - San Pablo</name>
      <styleUrl>#iconoParada</styleUrl>
      <Point>
        <coordinates>-96.775512,17.137782,0</coordinates>
      </Point>
    </Placemark>
    <Placemark>
      <name>Perla - Carretera Panamericana 190</name>
      <styleUrl>#iconoParada</styleUrl>
      <Point>
        <coordinates>-96.7783341,17.1457918,0</coordinates>
      </Point>
    </Placemark>
    <Placemark>
      <name>Entrada Santiaguito Etla</name>
      <styleUrl>#iconoParada</styleUrl>
      <Point>
        <coordinates>-96.7829112,17.1557846,0</coordinates>
      </Point>
    </Placemark>
    <Placemark>
      <name>Caporales - Francisco Villa</name>
      <styleUrl>#iconoParada</styleUrl>
      <Point>
        <coordinates>-96.7856448,17.16234,0</coordinates>
      </Point>
    </Placemark>
    <Placemark>
      <name>San Aguistin - Balneario las Brisas</name>
      <styleUrl>#iconoParada</styleUrl>
      <Point>
        <coordinates>-96.7873832,17.1664922,0</coordinates>
      </Point>
    </Placemark>
    <Placemark>
      <name>Entrada Guadalupe Etla</name>
      <styleUrl>#iconoParada</styleUrl>
      <Point>
        <coordinates>-96.7895771,17.1718069,0</coordinates>
      </Point>
    </Placemark>
    <Placemark>
      <name>Carretera a Vista Hermosa - Carretera Panamericana 190</name>
      <styleUrl>#iconoParada</styleUrl>
      <Point>
        <coordinates>-96.7899315,17.1808024,0</coordinates>
      </Point>
    </Placemark>
    <Placemark>
      <name>Santo Domingo Barrio Alto - Zaragoza</name>
      <styleUrl>#iconoParada</styleUrl>
      <Point>
        <coordinates>-96.7913043,17.1926461,0</coordinates>
      </Point>
    </Placemark>
    <Placemark>
      <name>Centenario - Carretera Panamericana 190</name>
      <styleUrl>#iconoParada</styleUrl>
      <Point>
        <coordinates>-96.7928282,17.1988824,0</coordinates>
      </Point>
    </Placemark>
    <Placemark>
      <name>Entrada Villa de Etla</name>
      <styleUrl>#iconoParada</styleUrl>
      <Point>
        <coordinates>-96.7947489,17.2069963,0</coordinates>
      </Point>
    </Placemark>
    <Placemark>
      <name>Entrada Asuncion Etla</name>
      <styleUrl>#iconoParada</styleUrl>
      <Point>
        <coordinates>-96.7977077,17.2138779,0</coordinates>
      </Point>
    </Placemark>
    <Placemark>
      <name>San Isidro Catano - Carretera Panamericana 190</name>
      <styleUrl>#iconoParada</styleUrl>
      <Point>
        <coordinates>-96.8117107,17.2319679,0</coordinates>
      </Point>
    </Placemark>
    <Placemark>
      <name>Magdalena Apasco Carretera Federal Oaxaca - Teotitlán</name>
      <styleUrl>#iconoParada</styleUrl>
      <Point>
        <coordinates>-96.8236899,17.2387686,0</coordinates>
      </Point>
    </Placemark>
    <Placemark>
      <name>PIMO - Carretera Federal Oaxaca - Teotitlán</name>
      <styleUrl>#iconoParada</styleUrl>
      <Point>
        <coordinates>-96.8256558,17.2398536,0</coordinates>
      </Point>
    </Placemark>
    <Placemark>
      <name>Xochimilco - Carretera Federal Oaxaca - Teotitlán</name>
      <styleUrl>#iconoParada</styleUrl>
      <Point>
        <coordinates>-96.8358599,17.2423939,0</coordinates>
      </Point>
    </Placemark>
    <Placemark>
      <name>Tlaltinango - Carretera Federal Oaxaca - Teotitlán</name>
      <styleUrl>#iconoParada</styleUrl>
      <Point>
        <coordinates>-96.8465259,17.245238,0</coordinates>
      </Point>
    </Placemark>
    <Placemark>
      <name>Santiago Suchilquitingo - Carretera Federal Oaxaca - Teotitlán</name>
      <styleUrl>#iconoParada</styleUrl>
      <Point>
        <coordinates>-96.855817,17.250386,0</coordinates>
      </Point>
    </Placemark>
    <Placemark>
      <name>El Pedregal - Carretera Federal Oaxaca - Teotitlán</name>
      <styleUrl>#iconoParada</styleUrl>
      <Point>
        <coordinates>-96.8626224,17.2575029,0</coordinates>
      </Point>
    </Placemark>
    <Placemark>
      <name>San Pablo Huitzo - Carretera Federal Oaxaca - Teotitlán</name>
      <styleUrl>#iconoParada</styleUrl>
      <Point>
        <coordinates>-96.8781064,17.2805239,0</coordinates>
      </Point>
    </Placemark>
    <Placemark>
      <name>Ojo de Agua - Carretera Federal Oaxaca - Teotitlán</name>
      <styleUrl>#iconoParada</styleUrl>
      <Point>
        <coordinates>-96.88759,17.28262,0</coordinates>
      </Point>
    </Placemark>
    <Placemark>
      <name>El Mezquite - Carretera Federal Oaxaca - Teotitlán</name>
      <styleUrl>#iconoParada</styleUrl>
      <Point>
        <coordinates>-96.8919275,17.2827671,0</coordinates>
      </Point>
    </Placemark>
    <Placemark>
      <name>Base BinniBus Monumento</name>
      <styleUrl>#iconoParada</styleUrl>
      <Point>
        <coordinates>-96.903615,17.285342,0</coordinates>
      </Point>
    </Placemark>
    <Placemark>
      <name>El Mezquite - Carretera Federal Oaxaca - Teotitlán</name>
      <styleUrl>#iconoParada</styleUrl>
      <Point>
        <coordinates>-96.89191,17.28256,0</coordinates>
      </Point>
    </Placemark>
    <Placemark>
      <name>Francisco Flores - Carretera Federal Oaxaca - Teotitlán</name>
      <styleUrl>#iconoParada</styleUrl>
      <Point>
        <coordinates>-96.8874456,17.2824493,0</coordinates>
      </Point>
    </Placemark>
    <Placemark>
      <name>San Pablo Huitzo - Carretera Federal Oaxaca - Teotitlán</name>
      <styleUrl>#iconoParada</styleUrl>
      <Point>
        <coordinates>-96.87881,17.28077,0</coordinates>
      </Point>
    </Placemark>
    <Placemark>
      <name>El Pedregal - Carretera Federal Oaxaca - Teotitlán</name>
      <styleUrl>#iconoParada</styleUrl>
      <Point>
        <coordinates>-96.8627888,17.2573877,0</coordinates>
      </Point>
    </Placemark>
    <Placemark>
      <name>Santiago Suchilquitongo - Carretera Federal Oaxaca - Teotitlán</name>
      <styleUrl>#iconoParada</styleUrl>
      <Point>
        <coordinates>-96.855849,17.250156,0</coordinates>
      </Point>
    </Placemark>
    <Placemark>
      <name>Tlaltinango - Carretera Federal Oaxaca - Teotitlán</name>
      <styleUrl>#iconoParada</styleUrl>
      <Point>
        <coordinates>-96.8467002,17.2451508,0</coordinates>
      </Point>
    </Placemark>
    <Placemark>
      <name>Independecia - Carretera Federal Oaxaca - Teotitlán</name>
      <styleUrl>#iconoParada</styleUrl>
      <Point>
        <coordinates>-96.840915,17.243483,0</coordinates>
      </Point>
    </Placemark>
    <Placemark>
      <name>Xochimilco - Carretera Federal Oaxaca - Teotitlán</name>
      <styleUrl>#iconoParada</styleUrl>
      <Point>
        <coordinates>-96.8358294,17.2422524,0</coordinates>
      </Point>
    </Placemark>
    <Placemark>
      <name>PIMO - Carretera Federal Oaxaca - Teotitlán</name>
      <styleUrl>#iconoParada</styleUrl>
      <Point>
        <coordinates>-96.8251055,17.2394024,0</coordinates>
      </Point>
    </Placemark>
    <Placemark>
      <name>Magdalena Apasco - Carretera Federal Oaxaca - Teotitlán</name>
      <styleUrl>#iconoParada</styleUrl>
      <Point>
        <coordinates>-96.8238382,17.2386925,0</coordinates>
      </Point>
    </Placemark>
    <Placemark>
      <name>APASCO</name>
      <styleUrl>#iconoParada</styleUrl>
      <Point>
        <coordinates>-96.821313,17.237256,0</coordinates>
      </Point>
    </Placemark>
    <Placemark>
      <name>Emiliano Zapata - Carretera Federal Oaxaca - Teotitlán</name>
      <styleUrl>#iconoParada</styleUrl>
      <Point>
        <coordinates>-96.8182832,17.2355274,0</coordinates>
      </Point>
    </Placemark>
    <Placemark>
      <name>San Isidro Catano - Carretera Panamericana 190</name>
      <styleUrl>#iconoParada</styleUrl>
      <Point>
        <coordinates>-96.8119066,17.2319158,0</coordinates>
      </Point>
    </Placemark>
    <Placemark>
      <name>EntradaAsuncion Etla</name>
      <styleUrl>#iconoParada</styleUrl>
      <Point>
        <coordinates>-96.7979996,17.2138354,0</coordinates>
      </Point>
    </Placemark>
    <Placemark>
      <name>Entrada Villa de Etla</name>
      <styleUrl>#iconoParada</styleUrl>
      <Point>
        <coordinates>-96.7948856,17.2063432,0</coordinates>
      </Point>
    </Placemark>
    <Placemark>
      <name>Periferico - Carretera Panamericana 190</name>
      <styleUrl>#iconoParada</styleUrl>
      <Point>
        <coordinates>-96.7943897,17.2042266,0</coordinates>
      </Point>
    </Placemark>
    <Placemark>
      <name>Agustin de Iturbide - Carretera Panamericana 190</name>
      <styleUrl>#iconoParada</styleUrl>
      <Point>
        <coordinates>-96.7937782,17.2014801,0</coordinates>
      </Point>
    </Placemark>
    <Placemark>
      <name>Centenario - Carretera Panamericana 190</name>
      <styleUrl>#iconoParada</styleUrl>
      <Point>
        <coordinates>-96.7929452,17.1979669,0</coordinates>
      </Point>
    </Placemark>
    <Placemark>
      <name>Santo Domingo Barrio Bajo - Carretera Panamericana 190</name>
      <styleUrl>#iconoParada</styleUrl>
      <Point>
        <coordinates>-96.7917557,17.1925069,0</coordinates>
      </Point>
    </Placemark>
    <Placemark>
      <name>La Capellania - Carretera Panamericana 190</name>
      <styleUrl>#iconoParada</styleUrl>
      <Point>
        <coordinates>-96.790243,17.180946,0</coordinates>
      </Point>
    </Placemark>
    <Placemark>
      <name>Entrada Guadalupe Etla</name>
      <styleUrl>#iconoParada</styleUrl>
      <Point>
        <coordinates>-96.789847,17.171641,0</coordinates>
      </Point>
    </Placemark>
    <Placemark>
      <name>San Agustin - Carretera Panamericana 190</name>
      <styleUrl>#iconoParada</styleUrl>
      <Point>
        <coordinates>-96.787362,17.165708,0</coordinates>
      </Point>
    </Placemark>
    <Placemark>
      <name>Caporales - Carretera Panamericana 190</name>
      <styleUrl>#iconoParada</styleUrl>
      <Point>
        <coordinates>-96.785973,17.162356,0</coordinates>
      </Point>
    </Placemark>
    <Placemark>
      <name>Entrada Santiaguito Etla</name>
      <styleUrl>#iconoParada</styleUrl>
      <Point>
        <coordinates>-96.783269,17.155631,0</coordinates>
      </Point>
    </Placemark>
    <Placemark>
      <name>Libertad - Carretera Panamericana 190</name>
      <styleUrl>#iconoParada</styleUrl>
      <Point>
        <coordinates>-96.78163,17.151962,0</coordinates>
      </Point>
    </Placemark>
    <Placemark>
      <name>Perla - Carretera Panamericana 190</name>
      <styleUrl>#iconoParada</styleUrl>
      <Point>
        <coordinates>-96.7785914,17.1445005,0</coordinates>
      </Point>
    </Placemark>
    <Placemark>
      <name>Paraiso - Carretera Panamericana 190</name>
      <styleUrl>#iconoParada</styleUrl>
      <Point>
        <coordinates>-96.7767609,17.1401837,0</coordinates>
      </Point>
    </Placemark>
    <Placemark>
      <name>Base BinniBus La Joya</name>
      <styleUrl>#iconoParada</styleUrl>
      <Point>
        <coordinates>-96.7641313,17.1306803,0</coordinates>
      </Point>
    </Placemark>
    <Placemark>
      <name>San Fernando - 16 de Septiembre</name>
      <styleUrl>#iconoParada</styleUrl>
      <Point>
        <coordinates>-96.7615302,17.1301367,0</coordinates>
      </Point>
    </Placemark>
    <Placemark>
      <name>Independencia - 16 de Septiembre</name>
      <styleUrl>#iconoParada</styleUrl>
      <Point>
        <coordinates>-96.7619035,17.1276731,0</coordinates>
      </Point>
    </Placemark>
    <Placemark>
      <name>Camino Nacional - Plutarco Elías</name>
      <styleUrl>#iconoParada</styleUrl>
      <Point>
        <coordinates>-96.760871,17.12481,0</coordinates>
      </Point>
    </Placemark>
    <Placemark>
      <name>Río de la Loza - Camino Nacional</name>
      <styleUrl>#iconoParada</styleUrl>
      <Point>
        <coordinates>-96.7592151,17.12031,0</coordinates>
      </Point>
    </Placemark>
    <Placemark>
      <name>Privada del Panteón - Camino Nacional</name>
      <styleUrl>#iconoParada</styleUrl>
      <Point>
        <coordinates>-96.7591273,17.1171479,0</coordinates>
      </Point>
    </Placemark>
    <Placemark>
      <name>Puente Peatonal 2</name>
      <styleUrl>#iconoParada</styleUrl>
      <Point>
        <coordinates>-96.7585782,17.1152539,0</coordinates>
      </Point>
    </Placemark>
    <Placemark>
      <name>Revolución - Avenida Río Grande</name>
      <styleUrl>#iconoParada</styleUrl>
      <Point>
        <coordinates>-96.7023583,17.0843956,0</coordinates>
      </Point>
    </Placemark>
    <Placemark>
      <name>Aquiles Serdán - Avenida Independencia</name>
      <styleUrl>#iconoParada</styleUrl>
      <Point>
        <coordinates>-96.7030137,17.0879192,0</coordinates>
      </Point>
    </Placemark>
    <Placemark>
      <name>Nicolás Bravo - Carretera a San Luis Beltrán</name>
      <styleUrl>#iconoParada</styleUrl>
      <Point>
        <coordinates>-96.7026488,17.0893469,0</coordinates>
      </Point>
    </Placemark>
    <Placemark>
      <name>Casa Donají</name>
      <styleUrl>#iconoParada</styleUrl>
      <Point>
        <coordinates>-96.7024288,17.0916664,0</coordinates>
      </Point>
    </Placemark>
    <Placemark>
      <name>Violetas - Carretera a Donají</name>
      <styleUrl>#iconoParada</styleUrl>
      <Point>
        <coordinates>-96.7030031,17.0970128,0</coordinates>
      </Point>
    </Placemark>
    <Placemark>
      <name>Pinos - Carretera a Donají</name>
      <styleUrl>#iconoParada</styleUrl>
      <Point>
        <coordinates>-96.7020708,17.0999,0</coordinates>
      </Point>
    </Placemark>
    <Placemark>
      <name>Álvaro Obregón - Carretera a Donají</name>
      <styleUrl>#iconoParada</styleUrl>
      <Point>
        <coordinates>-96.70127,17.1033,0</coordinates>
      </Point>
    </Placemark>
    <Placemark>
      <name>Periférico - Carretera a Donají</name>
      <styleUrl>#iconoParada</styleUrl>
      <Point>
        <coordinates>-96.7016766,17.1006708,0</coordinates>
      </Point>
    </Placemark>
    <Placemark>
      <name>Benito Juárez - Carretera a Donají</name>
      <styleUrl>#iconoParada</styleUrl>
      <Point>
        <coordinates>-96.7062561,17.0963436,0</coordinates>
      </Point>
    </Placemark>
    <Placemark>
      <name>Nicolás Bravo - Carretera a San Luis Beltrán</name>
      <styleUrl>#iconoParada</styleUrl>
      <Point>
        <coordinates>-96.7028441,17.0897784,0</coordinates>
      </Point>
    </Placemark>
    <Placemark>
      <name>Aquiles Serdán - Avenida Independencia</name>
      <styleUrl>#iconoParada</styleUrl>
      <Point>
        <coordinates>-96.7031897,17.08811,0</coordinates>
      </Point>
    </Placemark>
    <Placemark>
      <name>Revolución - Avenida Río Grande</name>
      <styleUrl>#iconoParada</styleUrl>
      <Point>
        <coordinates>-96.7024958,17.0846544,0</coordinates>
      </Point>
    </Placemark>
    <Placemark>
      <name>Río Coatzacualcos - Avenida Verde</name>
      <styleUrl>#iconoParada</styleUrl>
      <Point>
        <coordinates>-96.702818,17.0823054,0</coordinates>
      </Point>
    </Placemark>
    <Placemark>
      <name>Díaz Ordáz - Avenida Miguel Hidalgo</name>
      <styleUrl>#iconoParada</styleUrl>
      <Point>
        <coordinates>-96.7283027,17.0617503,0</coordinates>
      </Point>
    </Placemark>
    <Placemark>
      <name>Galeana - Avenida Miguel Hidalgo</name>
      <styleUrl>#iconoParada</styleUrl>
      <Point>
        <coordinates>-96.7304132,17.0621644,0</coordinates>
      </Point>
    </Placemark>
    <Placemark>
      <name>Guadalupe Victoria - Avenida de la Independencia</name>
      <styleUrl>#iconoParada</styleUrl>
      <Point>
        <coordinates>-96.7316315,17.0632008,0</coordinates>
      </Point>
    </Placemark>
    <Placemark>
      <name>Abraham Castellanos - Carretera Panamericana 190</name>
      <styleUrl>#iconoParada</styleUrl>
      <Point>
        <coordinates>-96.750644,17.099211,0</coordinates>
      </Point>
    </Placemark>
    <Placemark>
      <name>Panteón Pueblo Nuevo</name>
      <styleUrl>#iconoParada</styleUrl>
      <Point>
        <coordinates>-96.7589783,17.117356,0</coordinates>
      </Point>
    </Placemark>
    <Placemark>
      <name>Río de la Loza - Camino Nacional</name>
      <styleUrl>#iconoParada</styleUrl>
      <Point>
        <coordinates>-96.7590524,17.1202154,0</coordinates>
      </Point>
    </Placemark>
    <Placemark>
      <name>Camino Nacional - Plutarco Elías</name>
      <styleUrl>#iconoParada</styleUrl>
      <Point>
        <coordinates>-96.760985,17.124893,0</coordinates>
      </Point>
    </Placemark>
    <Placemark>
      <name>Genaro Vásquez - San Antonio</name>
      <styleUrl>#iconoParada</styleUrl>
      <Point>
        <coordinates>-96.7639366,17.1266873,0</coordinates>
      </Point>
    </Placemark>
    <Placemark>
      <name>Esmeralda - Genaro Vásquez</name>
      <styleUrl>#iconoParada</styleUrl>
      <Point>
        <coordinates>-96.7661796,17.1281379,0</coordinates>
      </Point>
    </Placemark>
    <Placemark>
      <name>Diamante - Genaro Vásquez</name>
      <styleUrl>#iconoParada</styleUrl>
      <Point>
        <coordinates>-96.7677197,17.1290527,0</coordinates>
      </Point>
    </Placemark>
    <Placemark>
      <name>Gema - Diamante</name>
      <styleUrl>#iconoParada</styleUrl>
      <Point>
        <coordinates>-96.7664547,17.1294505,0</coordinates>
      </Point>
    </Placemark>
    <Placemark>
      <name>Base BinniBus Viguera</name>
      <styleUrl>#iconoParada</styleUrl>
      <Point>
        <coordinates>-96.7457437,17.1355767,0</coordinates>
      </Point>
    </Placemark>
    <Placemark>
      <name>Del Canal - Margaritas</name>
      <styleUrl>#iconoParada</styleUrl>
      <Point>
        <coordinates>-96.7487952,17.1340565,0</coordinates>
      </Point>
    </Placemark>
    <Placemark>
      <name>Benito Juárez - Liberdad</name>
      <styleUrl>#iconoParada</styleUrl>
      <Point>
        <coordinates>-96.7503128,17.1317136,0</coordinates>
      </Point>
    </Placemark>
    <Placemark>
      <name>Libertad - Avenida Independencia</name>
      <styleUrl>#iconoParada</styleUrl>
      <Point>
        <coordinates>-96.7501952,17.13009,0</coordinates>
      </Point>
    </Placemark>
    <Placemark>
      <name>Emiliano Zapata - Avenida Independencia</name>
      <styleUrl>#iconoParada</styleUrl>
      <Point>
        <coordinates>-96.7516583,17.1299423,0</coordinates>
      </Point>
    </Placemark>
    <Placemark>
      <name>Prolongación de Hidalgo - Avenida Independencia</name>
      <styleUrl>#iconoParada</styleUrl>
      <Point>
        <coordinates>-96.75403,17.13077,0</coordinates>
      </Point>
    </Placemark>
    <Placemark>
      <name>Independencia - Avenida los Higos</name>
      <styleUrl>#iconoParada</styleUrl>
      <Point>
        <coordinates>-96.7561612,17.1294106,0</coordinates>
      </Point>
    </Placemark>
    <Placemark>
      <name>Sauces - Avenida los Higos</name>
      <styleUrl>#iconoParada</styleUrl>
      <Point>
        <coordinates>-96.758327,17.127428,0</coordinates>
      </Point>
    </Placemark>
    <Placemark>
      <name>Laureles - Avenida a Viguera</name>
      <styleUrl>#iconoParada</styleUrl>
      <Point>
        <coordinates>-96.75968,17.126346,0</coordinates>
      </Point>
    </Placemark>
    <Placemark>
      <name>Francisco I. Madero - Carretera a Viguera</name>
      <styleUrl>#iconoParada</styleUrl>
      <Point>
        <coordinates>-96.76178084,17.12466303,0</coordinates>
      </Point>
    </Placemark>
    <Placemark>
      <name>San Marcos - Carretera a Viguera</name>
      <styleUrl>#iconoParada</styleUrl>
      <Point>
        <coordinates>-96.76314451,17.12349994,0</coordinates>
      </Point>
    </Placemark>
    <Placemark>
      <name>8 Norte - Carretera Panamericana 190</name>
      <styleUrl>#iconoParada</styleUrl>
      <Point>
        <coordinates>-96.745805,17.087431,0</coordinates>
      </Point>
    </Placemark>
    <Placemark>
      <name>Avenida José María Morelos - General Porfirio Díaz</name>
      <styleUrl>#iconoParada</styleUrl>
      <Point>
        <coordinates>-96.726334,17.063035,0</coordinates>
      </Point>
    </Placemark>
    <Placemark>
      <name>Ignacio Allende - General Porfirio Díaz</name>
      <styleUrl>#iconoParada</styleUrl>
      <Point>
        <coordinates>-96.72579,17.06591,0</coordinates>
      </Point>
    </Placemark>
    <Placemark>
      <name>Quetzalcóatl - General Porfirio Díaz</name>
      <styleUrl>#iconoParada</styleUrl>
      <Point>
        <coordinates>-96.725373,17.067883,0</coordinates>
      </Point>
    </Placemark>
    <Placemark>
      <name>Marcos Pérez - General Porfirio Díaz</name>
      <styleUrl>#iconoParada</styleUrl>
      <Point>
        <coordinates>-96.725021,17.069736,0</coordinates>
      </Point>
    </Placemark>
    <Placemark>
      <name>General Porfirio Díaz - Calzada Niños Héroes de Chapultepec</name>
      <styleUrl>#iconoParada</styleUrl>
      <Point>
        <coordinates>-96.724448,17.072325,0</coordinates>
      </Point>
    </Placemark>
    <Placemark>
      <name>Base BinniBus Río Verde</name>
      <styleUrl>#iconoParada</styleUrl>
      <Point>
        <coordinates>-96.69624,17.08178,0</coordinates>
      </Point>
    </Placemark>
    <Placemark>
      <name>Talavera - Avenida Oriente</name>
      <styleUrl>#iconoParada</styleUrl>
      <Point>
        <coordinates>-96.6949204,17.0824035,0</coordinates>
      </Point>
    </Placemark>
    <Placemark>
      <name>Modesto Díaz - Avenida Oriente</name>
      <styleUrl>#iconoParada</styleUrl>
      <Point>
        <coordinates>-96.6946971,17.0830611,0</coordinates>
      </Point>
    </Placemark>
    <Placemark>
      <name>8 Norte - Carretera Panamericana 190</name>
      <styleUrl>#iconoParada</styleUrl>
      <Point>
        <coordinates>-96.74551,17.087391,0</coordinates>
      </Point>
    </Placemark>
    <Placemark>
      <name>Benito Juárez - Carretera a Viguera</name>
      <styleUrl>#iconoParada</styleUrl>
      <Point>
        <coordinates>-96.7629437,17.1235312,0</coordinates>
      </Point>
    </Placemark>
    <Placemark>
      <name>Porfirio Díaz - Carretera a Viguera</name>
      <styleUrl>#iconoParada</styleUrl>
      <Point>
        <coordinates>-96.7615495,17.1247223,0</coordinates>
      </Point>
    </Placemark>
    <Placemark>
      <name>Ébanos - Avenida a Viguera</name>
      <styleUrl>#iconoParada</styleUrl>
      <Point>
        <coordinates>-96.759526,17.126326,0</coordinates>
      </Point>
    </Placemark>
    <Placemark>
      <name>Libramiento Norte - Avenida Los Higos</name>
      <styleUrl>#iconoParada</styleUrl>
      <Point>
        <coordinates>-96.758098,17.127521,0</coordinates>
      </Point>
    </Placemark>
    <Placemark>
      <name>Avenida los Higos - Independiencia</name>
      <styleUrl>#iconoParada</styleUrl>
      <Point>
        <coordinates>-96.7561225,17.1293577,0</coordinates>
      </Point>
    </Placemark>
    <Placemark>
      <name>Prolongación de Hidalgo - Avenida Independencia</name>
      <styleUrl>#iconoParada</styleUrl>
      <Point>
        <coordinates>-96.7541972,17.1306557,0</coordinates>
      </Point>
    </Placemark>
    <Placemark>
      <name>Emiliano Zapata - Avenida Independencia</name>
      <styleUrl>#iconoParada</styleUrl>
      <Point>
        <coordinates>-96.7518247,17.129828,0</coordinates>
      </Point>
    </Placemark>
    <Placemark>
      <name>Libertad - Avenida Independencia</name>
      <styleUrl>#iconoParada</styleUrl>
      <Point>
        <coordinates>-96.7501289,17.1300399,0</coordinates>
      </Point>
    </Placemark>
    <Placemark>
      <name>Benito Juárez - Liberdad</name>
      <styleUrl>#iconoParada</styleUrl>
      <Point>
        <coordinates>-96.7501838,17.1317963,0</coordinates>
      </Point>
    </Placemark>
    <Placemark>
      <name>Del Canal - Margaritas</name>
      <styleUrl>#iconoParada</styleUrl>
      <Point>
        <coordinates>-96.7487544,17.1338924,0</coordinates>
      </Point>
    </Placemark>
    <Placemark>
      <name>Base BinniBus San Felipe</name>
      <styleUrl>#iconoParada</styleUrl>
      <Point>
        <coordinates>-96.710024,17.11245,0</coordinates>
      </Point>
    </Placemark>
    <Placemark>
      <name>Prolongación de Colón - Prolongación Hidalgo</name>
      <styleUrl>#iconoParada</styleUrl>
      <Point>
        <coordinates>-96.710523,17.109359,0</coordinates>
      </Point>
    </Placemark>
    <Placemark>
      <name>Los Molinos - Prolongación Hidalgo</name>
      <styleUrl>#iconoParada</styleUrl>
      <Point>
        <coordinates>-96.710908,17.106931,0</coordinates>
      </Point>
    </Placemark>
    <Placemark>
      <name>Hidalgo - Privada Particulares</name>
      <styleUrl>#iconoParada</styleUrl>
      <Point>
        <coordinates>-96.71127,17.104834,0</coordinates>
      </Point>
    </Placemark>
    <Placemark>
      <name>Iturbide - Hidalgo</name>
      <styleUrl>#iconoParada</styleUrl>
      <Point>
        <coordinates>-96.7117,17.103478,0</coordinates>
      </Point>
    </Placemark>
    <Placemark>
      <name>Aldama - Hidalgo</name>
      <styleUrl>#iconoParada</styleUrl>
      <Point>
        <coordinates>-96.712104,17.102043,0</coordinates>
      </Point>
    </Placemark>
    <Placemark>
      <name>Catalina - Hidalgo</name>
      <styleUrl>#iconoParada</styleUrl>
      <Point>
        <coordinates>-96.713884,17.097724,0</coordinates>
      </Point>
    </Placemark>
    <Placemark>
      <name>Calzada del Panteón - Calzada San Felipe del Agua</name>
      <styleUrl>#iconoParada</styleUrl>
      <Point>
        <coordinates>-96.716475,17.091391,0</coordinates>
      </Point>
    </Placemark>
    <Placemark>
      <name>Manuel Delgado - Ignacio López Rayón</name>
      <styleUrl>#iconoParada</styleUrl>
      <Point>
        <coordinates>-96.720739,17.057246,0</coordinates>
      </Point>
    </Placemark>
    <Placemark>
      <name>Casa de la Cultura Oaxaqueña</name>
      <styleUrl>#iconoParada</styleUrl>
      <Point>
        <coordinates>-96.718636,17.057732,0</coordinates>
      </Point>
    </Placemark>
    <Placemark>
      <name>Cristóbal Colón - Xicoténcatl</name>
      <styleUrl>#iconoParada</styleUrl>
      <Point>
        <coordinates>-96.721121,17.058324,0</coordinates>
      </Point>
    </Placemark>
    <Placemark>
      <name>Avenida Miguel Hidalgo - Xicoténcatl</name>
      <styleUrl>#iconoParada</styleUrl>
      <Point>
        <coordinates>-96.720881,17.059934,0</coordinates>
      </Point>
    </Placemark>
    <Placemark>
      <name>Rafael Osuna - Calzada San Felipe del Agua</name>
      <styleUrl>#iconoParada</styleUrl>
      <Point>
        <coordinates>-96.716383,17.091146,0</coordinates>
      </Point>
    </Placemark>
    <Placemark>
      <name>Calzada San Felipe del Agua - Jacarandas</name>
      <styleUrl>#iconoParada</styleUrl>
      <Point>
        <coordinates>-96.714268,17.097043,0</coordinates>
      </Point>
    </Placemark>
    <Placemark>
      <name>Avenida Jalisco - Jacarandas</name>
      <styleUrl>#iconoParada</styleUrl>
      <Point>
        <coordinates>-96.711991,17.096746,0</coordinates>
      </Point>
    </Placemark>
    <Placemark>
      <name>Ajusco - La Posta</name>
      <styleUrl>#iconoParada</styleUrl>
      <Point>
        <coordinates>-96.709959,17.096392,0</coordinates>
      </Point>
    </Placemark>
    <Placemark>
      <name>Privada de Colón - Prolongación de Colón</name>
      <styleUrl>#iconoParada</styleUrl>
      <Point>
        <coordinates>-96.710351,17.09857,0</coordinates>
      </Point>
    </Placemark>
    <Placemark>
      <name>Prolongación de Aldama - Prolongación de Colón</name>
      <styleUrl>#iconoParada</styleUrl>
      <Point>
        <coordinates>-96.710751,17.101629,0</coordinates>
      </Point>
    </Placemark>
    <Placemark>
      <name>Magnolia - Prolongación de Colón</name>
      <styleUrl>#iconoParada</styleUrl>
      <Point>
        <coordinates>-96.710361,17.104016,0</coordinates>
      </Point>
    </Placemark>
    <Placemark>
      <name>Martires de Tacubaya - Prolongación de Colón</name>
      <styleUrl>#iconoParada</styleUrl>
      <Point>
        <coordinates>-96.710103,17.105963,0</coordinates>
      </Point>
    </Placemark>
    <Placemark>
      <name>Prolongación de Colón - Prolongación Hidalgo</name>
      <styleUrl>#iconoParada</styleUrl>
      <Point>
        <coordinates>-96.710329,17.109286,0</coordinates>
      </Point>
    </Placemark>
    <Placemark>
      <name>Base Binnibus Benito Juárez</name>
      <styleUrl>#iconoParada</styleUrl>
      <Point>
        <coordinates>-96.7675071,17.1433494,0</coordinates>
      </Point>
    </Placemark>
    <Placemark>
      <name>Universidad - Avenida Hidalgo</name>
      <styleUrl>#iconoParada</styleUrl>
      <Point>
        <coordinates>-96.7669222,17.1413444,0</coordinates>
      </Point>
    </Placemark>
    <Placemark>
      <name>Coplasur - Avenida Hidalgo</name>
      <styleUrl>#iconoParada</styleUrl>
      <Point>
        <coordinates>-96.7687075,17.1407121,0</coordinates>
      </Point>
    </Placemark>
    <Placemark>
      <name>Avenida Hidalgo - Camino Real</name>
      <styleUrl>#iconoParada</styleUrl>
      <Point>
        <coordinates>-96.7710593,17.1396665,0</coordinates>
      </Point>
    </Placemark>
    <Placemark>
      <name>Ignacio Zaragoza - San Pablo</name>
      <styleUrl>#iconoParada</styleUrl>
      <Point>
        <coordinates>-96.7742168,17.1384431,0</coordinates>
      </Point>
    </Placemark>
    <Placemark>
      <name>Primero de Mayo - Zaragoza</name>
      <styleUrl>#iconoParada</styleUrl>
      <Point>
        <coordinates>-96.774149,17.137019,0</coordinates>
      </Point>
    </Placemark>
    <Placemark>
      <name>Perla - Primero de Mayo</name>
      <styleUrl>#iconoParada</styleUrl>
      <Point>
        <coordinates>-96.77489,17.136457,0</coordinates>
      </Point>
    </Placemark>
    <Placemark>
      <name>Crucero de Hacienda Blanca</name>
      <styleUrl>#iconoParada</styleUrl>
      <Point>
        <coordinates>-96.7754873,17.1364385,0</coordinates>
      </Point>
    </Placemark>
    <Placemark>
      <name>Calzada San Lorenzo - Avenida Ferrocarril</name>
      <styleUrl>#iconoParada</styleUrl>
      <Point>
        <coordinates>-96.780415,17.135247,0</coordinates>
      </Point>
    </Placemark>
    <Placemark>
      <name>Hidalgo - Avenida Ferrocarril</name>
      <styleUrl>#iconoParada</styleUrl>
      <Point>
        <coordinates>-96.7790164,17.132585,0</coordinates>
      </Point>
    </Placemark>
    <Placemark>
      <name>Río Grijalva - Avenida Ferrocarril</name>
      <styleUrl>#iconoParada</styleUrl>
      <Point>
        <coordinates>-96.7771549,17.1305912,0</coordinates>
      </Point>
    </Placemark>
    <Placemark>
      <name>Fraccionamiento Esmeralda - Avenida Ferrocarril</name>
      <styleUrl>#iconoParada</styleUrl>
      <Point>
        <coordinates>-96.7732782,17.1265402,0</coordinates>
      </Point>
    </Placemark>
    <Placemark>
      <name>Crespo - Avenida Ferrocarril</name>
      <styleUrl>#iconoParada</styleUrl>
      <Point>
        <coordinates>-96.7713297,17.1244149,0</coordinates>
      </Point>
    </Placemark>
    <Placemark>
      <name>La Paz - Avenida Ferrocarril</name>
      <styleUrl>#iconoParada</styleUrl>
      <Point>
        <coordinates>-96.7691016,17.1220323,0</coordinates>
      </Point>
    </Placemark>
    <Placemark>
      <name>Libramiento - Riveras del Atoyac</name>
      <styleUrl>#iconoParada</styleUrl>
      <Point>
        <coordinates>-96.7673804,17.1202354,0</coordinates>
      </Point>
    </Placemark>
    <Placemark>
      <name>Pinos - Riveras del Atoyac</name>
      <styleUrl>#iconoParada</styleUrl>
      <Point>
        <coordinates>-96.7655994,17.1213348,0</coordinates>
      </Point>
    </Placemark>
    <Placemark>
      <name>Libramiento Atoyac - Riveras del Atoyac</name>
      <styleUrl>#iconoParada</styleUrl>
      <Point>
        <coordinates>-96.7646888,17.1221948,0</coordinates>
      </Point>
    </Placemark>
    <Placemark>
      <name>Libramiento Avenida Ferrocarril</name>
      <styleUrl>#iconoParada</styleUrl>
      <Point>
        <coordinates>-96.7669237,17.1202496,0</coordinates>
      </Point>
    </Placemark>
    <Placemark>
      <name>Carretera 190 - Carretera Panamericana</name>
      <styleUrl>#iconoParada</styleUrl>
      <Point>
        <coordinates>-96.7751793,17.1368445,0</coordinates>
      </Point>
    </Placemark>
    <Placemark>
      <name>Perla - San Pablo</name>
      <styleUrl>#iconoParada</styleUrl>
      <Point>
        <coordinates>-96.7753421,17.1379994,0</coordinates>
      </Point>
    </Placemark>
    <Placemark>
      <name>16 de Septiembre - San Pablo</name>
      <styleUrl>#iconoParada</styleUrl>
      <Point>
        <coordinates>-96.7736637,17.1386399,0</coordinates>
      </Point>
    </Placemark>
    <Placemark>
      <name>Primero de Mayo - San Pablo</name>
      <styleUrl>#iconoParada</styleUrl>
      <Point>
        <coordinates>-96.770116,17.1400035,0</coordinates>
      </Point>
    </Placemark>
    <Placemark>
      <name>Avenida Hidalgo - Avenida Universidad</name>
      <styleUrl>#iconoParada</styleUrl>
      <Point>
        <coordinates>-96.7669919,17.1411572,0</coordinates>
      </Point>
    </Placemark>
    <Placemark>
      <name>Base BinniBus Libramiento</name>
      <styleUrl>#iconoParada</styleUrl>
      <Point>
        <coordinates>-96.749047,17.12688,0</coordinates>
      </Point>
    </Placemark>
    <Placemark>
      <name>Pretiles - Libramiento Norte</name>
      <styleUrl>#iconoParada</styleUrl>
      <Point>
        <coordinates>-96.75312,17.127757,0</coordinates>
      </Point>
    </Placemark>
    <Placemark>
      <name>Avenida Lago de Xochimilco - Camino Nacional</name>
      <styleUrl>#iconoParada</styleUrl>
      <Point>
        <coordinates>-96.75909,17.122693,0</coordinates>
      </Point>
    </Placemark>
    <Placemark>
      <name>Lago Valsequillo</name>
      <styleUrl>#iconoParada</styleUrl>
      <Point>
        <coordinates>-96.755533,17.122425,0</coordinates>
      </Point>
    </Placemark>
    <Placemark>
      <name>Tlaxiaco - San Ángel</name>
      <styleUrl>#iconoParada</styleUrl>
      <Point>
        <coordinates>-96.755039,17.12069,0</coordinates>
      </Point>
    </Placemark>
    <Placemark>
      <name>San Ángel - California</name>
      <styleUrl>#iconoParada</styleUrl>
      <Point>
        <coordinates>-96.753012,17.120375,0</coordinates>
      </Point>
    </Placemark>
    <Placemark>
      <name>Avenida Nuevo México - Séptima Privada Nuevo México</name>
      <styleUrl>#iconoParada</styleUrl>
      <Point>
        <coordinates>-96.751833,17.119788,0</coordinates>
      </Point>
    </Placemark>
    <Placemark>
      <name>Porfirio Díaz - José María Pino Suárez</name>
      <styleUrl>#iconoParada</styleUrl>
      <Point>
        <coordinates>-96.752894,17.118497,0</coordinates>
      </Point>
    </Placemark>
    <Placemark>
      <name>Avenida Lázaro Cárdenas - José María Pino Suárez</name>
      <styleUrl>#iconoParada</styleUrl>
      <Point>
        <coordinates>-96.755691,17.11733,0</coordinates>
      </Point>
    </Placemark>
    <Placemark>
      <name>Camino Nacional - José María Pino Suárez</name>
      <styleUrl>#iconoParada</styleUrl>
      <Point>
        <coordinates>-96.758653,17.116167,0</coordinates>
      </Point>
    </Placemark>
    <Placemark>
      <name>Abraham Castellanos - Carretera Panamericana 190</name>
      <styleUrl>#iconoParada</styleUrl>
      <Point>
        <coordinates>-96.750992,17.099393,0</coordinates>
      </Point>
    </Placemark>
    <Placemark>
      <name>Luis Enrique Herro - Carretera Panamericana 190</name>
      <styleUrl>#iconoParada</styleUrl>
      <Point>
        <coordinates>-96.741272,17.076001,0</coordinates>
      </Point>
    </Placemark>
    <Placemark>
      <name>Fernando Montes de Oca - Niños Héroes</name>
      <styleUrl>#iconoParada</styleUrl>
      <Point>
        <coordinates>-96.73737,17.072277,0</coordinates>
      </Point>
    </Placemark>
    <Placemark>
      <name>Santa Magdalena - Carretera Panamericana 190</name>
      <styleUrl>#iconoParada</styleUrl>
      <Point>
        <coordinates>-96.747318,17.0912587,0</coordinates>
      </Point>
    </Placemark>
    <Placemark>
      <name>José María Pino Suárez</name>
      <styleUrl>#iconoParada</styleUrl>
      <Point>
        <coordinates>-96.758644,17.116082,0</coordinates>
      </Point>
    </Placemark>
    <Placemark>
      <name>Avenida Lázaro Cárdenas - José María Pino Suárez</name>
      <styleUrl>#iconoParada</styleUrl>
      <Point>
        <coordinates>-96.755815,17.11727,0</coordinates>
      </Point>
    </Placemark>
    <Placemark>
      <name>Porfirio Díaz - José María Pino Suárez</name>
      <styleUrl>#iconoParada</styleUrl>
      <Point>
        <coordinates>-96.753009,17.118344,0</coordinates>
      </Point>
    </Placemark>
    <Placemark>
      <name>Avenida Nuevo México - San Ángel</name>
      <styleUrl>#iconoParada</styleUrl>
      <Point>
        <coordinates>-96.751675,17.120223,0</coordinates>
      </Point>
    </Placemark>
    <Placemark>
      <name>California - San Ángel</name>
      <styleUrl>#iconoParada</styleUrl>
      <Point>
        <coordinates>-96.753068,17.120428,0</coordinates>
      </Point>
    </Placemark>
    <Placemark>
      <name>San Ángel - Prolongación Manuel Ávila Camacho</name>
      <styleUrl>#iconoParada</styleUrl>
      <Point>
        <coordinates>-96.754934,17.120551,0</coordinates>
      </Point>
    </Placemark>
    <Placemark>
      <name>Lago Valsequillo</name>
      <styleUrl>#iconoParada</styleUrl>
      <Point>
        <coordinates>-96.755358,17.122488,0</coordinates>
      </Point>
    </Placemark>
    <Placemark>
      <name>Avenida Lago de Xochimilco - Camino Nacional</name>
      <styleUrl>#iconoParada</styleUrl>
      <Point>
        <coordinates>-96.759123,17.122748,0</coordinates>
      </Point>
    </Placemark>
    <Placemark>
      <name>Pretiles - Libramiento Norte</name>
      <styleUrl>#iconoParada</styleUrl>
      <Point>
        <coordinates>-96.752868,17.127613,0</coordinates>
      </Point>
    </Placemark>
    <Placemark>
      <name>Belisario Dominguez</name>
      <styleUrl>#iconoParada</styleUrl>
      <Point>
        <coordinates>-96.769058,17.108515,0</coordinates>
      </Point>
    </Placemark>
    <Placemark>
      <name>Centro de Salud - Camino Nacional</name>
      <styleUrl>#iconoParada</styleUrl>
      <Point>
        <coordinates>-96.768451,17.110041,0</coordinates>
      </Point>
    </Placemark>
    <Placemark>
      <name>Base BinniBus San Jacinto Amilpas</name>
      <styleUrl>#iconoParada</styleUrl>
      <Point>
        <coordinates>-96.766036,17.110981,0</coordinates>
      </Point>
    </Placemark>
    <Placemark>
      <name>Riveras del Atoyac - Privada Ramón Rodriguez</name>
      <styleUrl>#iconoParada</styleUrl>
      <Point>
        <coordinates>-96.764007,17.109114,0</coordinates>
      </Point>
    </Placemark>
    <Placemark>
      <name>Unidad Deportiva San Jacinto</name>
      <styleUrl>#iconoParada</styleUrl>
      <Point>
        <coordinates>-96.763046,17.106704,0</coordinates>
      </Point>
    </Placemark>
    <Placemark>
      <name>Leona Vicaria - Riveras del Atoyac</name>
      <styleUrl>#iconoParada</styleUrl>
      <Point>
        <coordinates>-96.761921,17.103705,0</coordinates>
      </Point>
    </Placemark>
    <Placemark>
      <name>Puente Peatonal - Riveras del Atoyac</name>
      <styleUrl>#iconoParada</styleUrl>
      <Point>
        <coordinates>-96.761176,17.101855,0</coordinates>
      </Point>
    </Placemark>
    <Placemark>
      <name>Gardenias - Camino a San Jacinto Amilpas</name>
      <styleUrl>#iconoParada</styleUrl>
      <Point>
        <coordinates>-96.7593064,17.1014043,0</coordinates>
      </Point>
    </Placemark>
    <Placemark>
      <name>Jazmines - Camino a San Jacinto Amilpas</name>
      <styleUrl>#iconoParada</styleUrl>
      <Point>
        <coordinates>-96.757457,17.101937,0</coordinates>
      </Point>
    </Placemark>
    <Placemark>
      <name>Avenida Álamos - Camino a San Jacinto Amilpas</name>
      <styleUrl>#iconoParada</styleUrl>
      <Point>
        <coordinates>-96.7543,17.10281,0</coordinates>
      </Point>
    </Placemark>
    <Placemark>
      <name>San Diego de los Horno las Raya - Carretera Oaxaca - Tehuantepec</name>
      <styleUrl>#iconoParada</styleUrl>
      <Point>
        <coordinates>-96.6853811,17.0670035,0</coordinates>
      </Point>
    </Placemark>
    <Placemark>
      <name>Carretera a Ixtlán</name>
      <styleUrl>#iconoParada</styleUrl>
      <Point>
        <coordinates>-96.6790771,17.0658687,0</coordinates>
      </Point>
    </Placemark>
    <Placemark>
      <name>Libertad - Carretera Federal Oaxaca - Tuxtepec</name>
      <styleUrl>#iconoParada</styleUrl>
      <Point>
        <coordinates>-96.667119,17.075553,0</coordinates>
      </Point>
    </Placemark>
    <Placemark>
      <name>Libertad - Carretera Federal Oaxaca - Tuxtepec</name>
      <styleUrl>#iconoParada</styleUrl>
      <Point>
        <coordinates>-96.667264,17.075745,0</coordinates>
      </Point>
    </Placemark>
    <Placemark>
      <name>Cuauhtémoc - Carretera Panamericana 190</name>
      <styleUrl>#iconoParada</styleUrl>
      <Point>
        <coordinates>-96.74352,17.082682,0</coordinates>
      </Point>
    </Placemark>
    <Placemark>
      <name>Álamos - Camino a San Jacinto Amilpas</name>
      <styleUrl>#iconoParada</styleUrl>
      <Point>
        <coordinates>-96.754091,17.102964,0</coordinates>
      </Point>
    </Placemark>
    <Placemark>
      <name>Libertad Riveras del Atoyac</name>
      <styleUrl>#iconoParada</styleUrl>
      <Point>
        <coordinates>-96.760876,17.101309,0</coordinates>
      </Point>
    </Placemark>
    <Placemark>
      <name>Riveras del Atoyac - Leona Vicario</name>
      <styleUrl>#iconoParada</styleUrl>
      <Point>
        <coordinates>-96.761736,17.103446,0</coordinates>
      </Point>
    </Placemark>
    <Placemark>
      <name>Unidad Deportiva San Jacinto</name>
      <styleUrl>#iconoParada</styleUrl>
      <Point>
        <coordinates>-96.762977,17.106723,0</coordinates>
      </Point>
    </Placemark>
    <Placemark>
      <name>Riveras del Atoyac - Privada Ramón Rodríguez</name>
      <styleUrl>#iconoParada</styleUrl>
      <Point>
        <coordinates>-96.763913,17.109045,0</coordinates>
      </Point>
    </Placemark>
    <Placemark>
      <name>Base BinniBus San Jacinto Amilpas</name>
      <styleUrl>#iconoParada</styleUrl>
      <Point>
        <coordinates>-96.76614,17.110983,0</coordinates>
      </Point>
    </Placemark>
    <Placemark>
      <name>Centro de Salud - Camino Nacional</name>
      <styleUrl>#iconoParada</styleUrl>
      <Point>
        <coordinates>-96.7685001,17.1101339,0</coordinates>
      </Point>
    </Placemark>
    <Placemark>
      <name>Base BinniBus Monte Bello</name>
      <styleUrl>#iconoParada</styleUrl>
      <Point>
        <coordinates>-96.75395,17.028849,0</coordinates>
      </Point>
    </Placemark>
    <Placemark>
      <name>Mezquite - Avenida del Bosque</name>
      <styleUrl>#iconoParada</styleUrl>
      <Point>
        <coordinates>-96.753949,17.026999,0</coordinates>
      </Point>
    </Placemark>
    <Placemark>
      <name>Avenida Del Bosque - Mazateca</name>
      <styleUrl>#iconoParada</styleUrl>
      <Point>
        <coordinates>-96.754824,17.024472,0</coordinates>
      </Point>
    </Placemark>
    <Placemark>
      <name>Mazateca - Zapoteca</name>
      <styleUrl>#iconoParada</styleUrl>
      <Point>
        <coordinates>-96.75683,17.02438,0</coordinates>
      </Point>
    </Placemark>
    <Placemark>
      <name>Zapoteca - Avenida Monte Albán</name>
      <styleUrl>#iconoParada</styleUrl>
      <Point>
        <coordinates>-96.758202,17.02466,0</coordinates>
      </Point>
    </Placemark>
    <Placemark>
      <name>Monte Albán - Carretera San Andrés Ixtlahuaca</name>
      <styleUrl>#iconoParada</styleUrl>
      <Point>
        <coordinates>-96.758756,17.022193,0</coordinates>
      </Point>
    </Placemark>
    <Placemark>
      <name>Juárez - Carretera San Andrés Ixtlahuaca</name>
      <styleUrl>#iconoParada</styleUrl>
      <Point>
        <coordinates>-96.757004,17.021755,0</coordinates>
      </Point>
    </Placemark>
    <Placemark>
      <name>16 de Septiembre - Carretera San Andrés Ixtlahuaca</name>
      <styleUrl>#iconoParada</styleUrl>
      <Point>
        <coordinates>-96.75495,17.020608,0</coordinates>
      </Point>
    </Placemark>
    <Placemark>
      <name>Revolución - Carretera San Andrés Ixtlahuaca</name>
      <styleUrl>#iconoParada</styleUrl>
      <Point>
        <coordinates>-96.749856,17.019588,0</coordinates>
      </Point>
    </Placemark>
    <Placemark>
      <name>Porfirio Díaz - Rotonda Xoxocotlán</name>
      <styleUrl>#iconoParada</styleUrl>
      <Point>
        <coordinates>-96.730254,17.02304,0</coordinates>
      </Point>
    </Placemark>
    <Placemark>
      <name>Francisco Javier Mina - Rotonda Xoxocotlán</name>
      <styleUrl>#iconoParada</styleUrl>
      <Point>
        <coordinates>-96.730493,17.023242,0</coordinates>
      </Point>
    </Placemark>
    <Placemark>
      <name>Revolución - Carretera San Andrés Ixtlahuaca</name>
      <styleUrl>#iconoParada</styleUrl>
      <Point>
        <coordinates>-96.750013,17.019757,0</coordinates>
      </Point>
    </Placemark>
    <Placemark>
      <name>Primavera - Carretera San Andrés Ixtlahuaca</name>
      <styleUrl>#iconoParada</styleUrl>
      <Point>
        <coordinates>-96.75517,17.020733,0</coordinates>
      </Point>
    </Placemark>
    <Placemark>
      <name>Juárez - Carretera San Andrés Ixtlahuaca</name>
      <styleUrl>#iconoParada</styleUrl>
      <Point>
        <coordinates>-96.756783,17.021779,0</coordinates>
      </Point>
    </Placemark>
    <Placemark>
      <name>Monte Albán - Carretera San Andrés Ixtlahuaca</name>
      <styleUrl>#iconoParada</styleUrl>
      <Point>
        <coordinates>-96.75849,17.022054,0</coordinates>
      </Point>
    </Placemark>
    <Placemark>
      <name>Zapoteca - Avenida Monte Albán</name>
      <styleUrl>#iconoParada</styleUrl>
      <Point>
        <coordinates>-96.758216,17.02456,0</coordinates>
      </Point>
    </Placemark>
    <Placemark>
      <name>Maya - Mazateca</name>
      <styleUrl>#iconoParada</styleUrl>
      <Point>
        <coordinates>-96.756621,17.024261,0</coordinates>
      </Point>
    </Placemark>
    <Placemark>
      <name>Mazateca - Primavera</name>
      <styleUrl>#iconoParada</styleUrl>
      <Point>
        <coordinates>-96.7547278,17.0243187,0</coordinates>
      </Point>
    </Placemark>
    <Placemark>
      <name>Los Laureles - Avenida del Bosque</name>
      <styleUrl>#iconoParada</styleUrl>
      <Point>
        <coordinates>-96.753934,17.026827,0</coordinates>
      </Point>
    </Placemark>
    <Placemark>
      <name>Revolución - Cuauhtémoc</name>
      <styleUrl>#iconoParada</styleUrl>
      <Point>
        <coordinates>-96.7413979,17.0838526,0</coordinates>
      </Point>
    </Placemark>
    <Placemark>
      <name>Pípila - Cuauhtémoc</name>
      <styleUrl>#iconoParada</styleUrl>
      <Point>
        <coordinates>-96.7401534,17.0853057,0</coordinates>
      </Point>
    </Placemark>
    <Placemark>
      <name>Ejercito Nacional - Cuauhtémoc</name>
      <styleUrl>#iconoParada</styleUrl>
      <Point>
        <coordinates>-96.7411428,17.0873932,0</coordinates>
      </Point>
    </Placemark>
    <Placemark>
      <name>24 de Febrero - Sexta Oriente</name>
      <styleUrl>#iconoParada</styleUrl>
      <Point>
        <coordinates>-96.7401008,17.0893422,0</coordinates>
      </Point>
    </Placemark>
    <Placemark>
      <name>Andador Loma Larga - Insurgentes</name>
      <styleUrl>#iconoParada</styleUrl>
      <Point>
        <coordinates>-96.7410995,17.0895702,0</coordinates>
      </Point>
    </Placemark>
    <Placemark>
      <name>Pena Larga - Insurgentes</name>
      <styleUrl>#iconoParada</styleUrl>
      <Point>
        <coordinates>-96.7425949,17.0905978,0</coordinates>
      </Point>
    </Placemark>
    <Placemark>
      <name>Cerro Azul - Zempoaltépetl</name>
      <styleUrl>#iconoParada</styleUrl>
      <Point>
        <coordinates>-96.7433294,17.0922302,0</coordinates>
      </Point>
    </Placemark>
    <Placemark>
      <name>Mirador - Zempoaltépetl</name>
      <styleUrl>#iconoParada</styleUrl>
      <Point>
        <coordinates>-96.7415411,17.0936534,0</coordinates>
      </Point>
    </Placemark>
    <Placemark>
      <name>Niño Artillero - Zempoaltépetl</name>
      <styleUrl>#iconoParada</styleUrl>
      <Point>
        <coordinates>-96.7413895,17.0961349,0</coordinates>
      </Point>
    </Placemark>
    <Placemark>
      <name>Onix Onice - Circuito Santa Rosa</name>
      <styleUrl>#iconoParada</styleUrl>
      <Point>
        <coordinates>-96.743193,17.095883,0</coordinates>
      </Point>
    </Placemark>
    <Placemark>
      <name>Coral - Onix Onice</name>
      <styleUrl>#iconoParada</styleUrl>
      <Point>
        <coordinates>-96.7424729,17.0967332,0</coordinates>
      </Point>
    </Placemark>
    <Placemark>
      <name>Topacio - Onix</name>
      <styleUrl>#iconoParada</styleUrl>
      <Point>
        <coordinates>-96.7407398,17.0970449,0</coordinates>
      </Point>
    </Placemark>
    <Placemark>
      <name>Monte de los Olivos - Coral</name>
      <styleUrl>#iconoParada</styleUrl>
      <Point>
        <coordinates>-96.7395804,17.0981562,0</coordinates>
      </Point>
    </Placemark>
    <Placemark>
      <name>Base BinniBus Heladio Ramírez López</name>
      <styleUrl>#iconoParada</styleUrl>
      <Point>
        <coordinates>-96.7386309,17.099167,0</coordinates>
      </Point>
    </Placemark>
    <Placemark>
      <name>Monte Oreb - Avenida José Murat</name>
      <styleUrl>#iconoParada</styleUrl>
      <Point>
        <coordinates>-96.7387335,17.1012687,0</coordinates>
      </Point>
    </Placemark>
    <Placemark>
      <name>Lázaro Cárdenas - Benito Juárez</name>
      <styleUrl>#iconoParada</styleUrl>
      <Point>
        <coordinates>-96.7397935,17.1024094,0</coordinates>
      </Point>
    </Placemark>
    <Placemark>
      <name>Emiliano Zapata - Avenida José Murat</name>
      <styleUrl>#iconoParada</styleUrl>
      <Point>
        <coordinates>-96.7419746,17.1019305,0</coordinates>
      </Point>
    </Placemark>
    <Placemark>
      <name>Valentín Gómez Farias - Avenida José Murat</name>
      <styleUrl>#iconoParada</styleUrl>
      <Point>
        <coordinates>-96.7450025,17.1014649,0</coordinates>
      </Point>
    </Placemark>
    <Placemark>
      <name>Valentín - Abraham Castellanos</name>
      <styleUrl>#iconoParada</styleUrl>
      <Point>
        <coordinates>-96.7464503,17.1011946,0</coordinates>
      </Point>
    </Placemark>
    <Placemark>
      <name>19 de Enero - Abraham Castellanos</name>
      <styleUrl>#iconoParada</styleUrl>
      <Point>
        <coordinates>-96.74884,17.10013,0</coordinates>
      </Point>
    </Placemark>
    <Placemark>
      <name>Abraham Castellanos - Carretera Panamericana 190</name>
      <styleUrl>#iconoParada</styleUrl>
      <Point>
        <coordinates>-96.7504591,17.0995149,0</coordinates>
      </Point>
    </Placemark>
    <Placemark>
      <name>7 de Enero - Avenida Heróico Colegio Militar</name>
      <styleUrl>#iconoParada</styleUrl>
      <Point>
        <coordinates>-96.71203533,17.08137074,0</coordinates>
      </Point>
    </Placemark>
    <Placemark>
      <name>Base BinniBus Bugambilias</name>
      <styleUrl>#iconoParada</styleUrl>
      <Point>
        <coordinates>-96.743234,17.1008,0</coordinates>
      </Point>
    </Placemark>
    <Placemark>
      <name>Privada de la Perla - Cristal de Roca</name>
      <styleUrl>#iconoParada</styleUrl>
      <Point>
        <coordinates>-96.743325,17.09921,0</coordinates>
      </Point>
    </Placemark>
    <Placemark>
      <name>Azabache - Agua Marina</name>
      <styleUrl>#iconoParada</styleUrl>
      <Point>
        <coordinates>-96.742741,17.097645,0</coordinates>
      </Point>
    </Placemark>
    <Placemark>
      <name>Amatista - Agua Marina</name>
      <styleUrl>#iconoParada</styleUrl>
      <Point>
        <coordinates>-96.744568,17.097136,0</coordinates>
      </Point>
    </Placemark>
    <Placemark>
      <name>Onix Onice - Circuito Santa Rosa</name>
      <styleUrl>#iconoParada</styleUrl>
      <Point>
        <coordinates>-96.7433367,17.0959023,0</coordinates>
      </Point>
    </Placemark>
    <Placemark>
      <name>Zempoaltépetl - Niño Artillero</name>
      <styleUrl>#iconoParada</styleUrl>
      <Point>
        <coordinates>-96.7413467,17.0960272,0</coordinates>
      </Point>
    </Placemark>
    <Placemark>
      <name>Mirador - Zempoaltépetl</name>
      <styleUrl>#iconoParada</styleUrl>
      <Point>
        <coordinates>-96.7415125,17.093738,0</coordinates>
      </Point>
    </Placemark>
    <Placemark>
      <name>Circuito Santa Rosa - Zempoaltépetl</name>
      <styleUrl>#iconoParada</styleUrl>
      <Point>
        <coordinates>-96.7433933,17.0921837,0</coordinates>
      </Point>
    </Placemark>
    <Placemark>
      <name>Cerro del Oro - Gran Vía Santa Rosa</name>
      <styleUrl>#iconoParada</styleUrl>
      <Point>
        <coordinates>-96.744337,17.0930068,0</coordinates>
      </Point>
    </Placemark>
    <Placemark>
      <name>Santa Carolina - Gran Vía Santa Rosa</name>
      <styleUrl>#iconoParada</styleUrl>
      <Point>
        <coordinates>-96.7464143,17.0923802,0</coordinates>
      </Point>
    </Placemark>
    <Placemark>
      <name>Santa Magdalena - Carretera Panamericana 190</name>
      <styleUrl>#iconoParada</styleUrl>
      <Point>
        <coordinates>-96.7469106,17.0910477,0</coordinates>
      </Point>
    </Placemark>
    <Placemark>
      <name>González Ortega - Noria</name>
      <styleUrl>#iconoParada</styleUrl>
      <Point>
        <coordinates>-96.7192981,17.0552535,0</coordinates>
      </Point>
    </Placemark>
    <Placemark>
      <name>Tlaxiaco - Salina Cruz</name>
      <styleUrl>#iconoParada</styleUrl>
      <Point>
        <coordinates>-96.692816,17.039316,0</coordinates>
      </Point>
    </Placemark>
    <Placemark>
      <name>Juchatengo - Tehuantepec</name>
      <styleUrl>#iconoParada</styleUrl>
      <Point>
        <coordinates>-96.6933303,17.0438056,0</coordinates>
      </Point>
    </Placemark>
    <Placemark>
      <name>Circuito Sur 1 - </name>
      <styleUrl>#iconoParada</styleUrl>
      <Point>
        <coordinates>-96.6943053,17.0450078,0</coordinates>
      </Point>
    </Placemark>
    <Placemark>
      <name>Tres - Circuito Poniente 1</name>
      <styleUrl>#iconoParada</styleUrl>
      <Point>
        <coordinates>-96.693715,17.047276,0</coordinates>
      </Point>
    </Placemark>
    <Placemark>
      <name>Escuela Secundaria Técnica #248</name>
      <styleUrl>#iconoParada</styleUrl>
      <Point>
        <coordinates>-96.7473051,17.0921213,0</coordinates>
      </Point>
    </Placemark>
    <Placemark>
      <name>Nudo Mixteco - Gran Vía Santa Rosa</name>
      <styleUrl>#iconoParada</styleUrl>
      <Point>
        <coordinates>-96.7444378,17.0929871,0</coordinates>
      </Point>
    </Placemark>
    <Placemark>
      <name>Coral - Agua Marina</name>
      <styleUrl>#iconoParada</styleUrl>
      <Point>
        <coordinates>-96.744606,17.096856,0</coordinates>
      </Point>
    </Placemark>
    <Placemark>
      <name>Azabache - Venturina</name>
      <styleUrl>#iconoParada</styleUrl>
      <Point>
        <coordinates>-96.7426605,17.0973711,0</coordinates>
      </Point>
    </Placemark>
    <Placemark>
      <name>Perla - Cristal de Roca</name>
      <styleUrl>#iconoParada</styleUrl>
      <Point>
        <coordinates>-96.7432376,17.0988528,0</coordinates>
      </Point>
    </Placemark>
    <Placemark>
      <name>Base BinniBus Manzana L</name>
      <styleUrl>#iconoParada</styleUrl>
      <Point>
        <coordinates>-96.74516,17.10894,0</coordinates>
      </Point>
    </Placemark>
    <Placemark>
      <name>Moctezuma - Quetzalcóatl</name>
      <styleUrl>#iconoParada</styleUrl>
      <Point>
        <coordinates>-96.74609,17.10785,0</coordinates>
      </Point>
    </Placemark>
    <Placemark>
      <name>Axayacatl - Quetzalcóatl</name>
      <styleUrl>#iconoParada</styleUrl>
      <Point>
        <coordinates>-96.746903,17.1074423,0</coordinates>
      </Point>
    </Placemark>
    <Placemark>
      <name>Vista Hermosa - Quetzalcóatl</name>
      <styleUrl>#iconoParada</styleUrl>
      <Point>
        <coordinates>-96.7463761,17.1066522,0</coordinates>
      </Point>
    </Placemark>
    <Placemark>
      <name>Quetzalcóatl - Tecóatl</name>
      <styleUrl>#iconoParada</styleUrl>
      <Point>
        <coordinates>-96.7457414,17.1061471,0</coordinates>
      </Point>
    </Placemark>
    <Placemark>
      <name>Cuauhtémoc - Quetzalcóatl</name>
      <styleUrl>#iconoParada</styleUrl>
      <Point>
        <coordinates>-96.7450391,17.1049925,0</coordinates>
      </Point>
    </Placemark>
    <Placemark>
      <name>Cuitláhuac - Quetzalcóatl</name>
      <styleUrl>#iconoParada</styleUrl>
      <Point>
        <coordinates>-96.744919,17.103995,0</coordinates>
      </Point>
    </Placemark>
    <Placemark>
      <name>Porfirio Díaz - Avenida Símbolos Patrios</name>
      <styleUrl>#iconoParada</styleUrl>
      <Point>
        <coordinates>-96.712776,17.012063,0</coordinates>
      </Point>
    </Placemark>
    <Placemark>
      <name>Vega - Avenida Símbolos Patrios</name>
      <styleUrl>#iconoParada</styleUrl>
      <Point>
        <coordinates>-96.7128098,17.0098235,0</coordinates>
      </Point>
    </Placemark>
    <Placemark>
      <name>Infonavit - Bodega Aurrera</name>
      <styleUrl>#iconoParada</styleUrl>
      <Point>
        <coordinates>-96.7129716,17.0062206,0</coordinates>
      </Point>
    </Placemark>
    <Placemark>
      <name>Crucero del Aeropuerto</name>
      <styleUrl>#iconoParada</styleUrl>
      <Point>
        <coordinates>-96.71301843,17.0035001,0</coordinates>
      </Point>
    </Placemark>
    <Placemark>
      <name>CBTIS 263</name>
      <styleUrl>#iconoParada</styleUrl>
      <Point>
        <coordinates>-96.7131811,17.0003404,0</coordinates>
      </Point>
    </Placemark>
    <Placemark>
      <name>Solar Juvenil Oxaqueño</name>
      <styleUrl>#iconoParada</styleUrl>
      <Point>
        <coordinates>-96.7133067,16.9969321,0</coordinates>
      </Point>
    </Placemark>
    <Placemark>
      <name>Palacio Municipal de Ánimas Trujano</name>
      <styleUrl>#iconoParada</styleUrl>
      <Point>
        <coordinates>-96.7135682,16.9899466,0</coordinates>
      </Point>
    </Placemark>
    <Placemark>
      <name>Base BinniBus Ánimas Trujano</name>
      <styleUrl>#iconoParada</styleUrl>
      <Point>
        <coordinates>-96.711445,16.9853934,0</coordinates>
      </Point>
    </Placemark>
    <Placemark>
      <name>Palacio Municipal de Ánimas Trujano</name>
      <styleUrl>#iconoParada</styleUrl>
      <Point>
        <coordinates>-96.7134817,16.9894301,0</coordinates>
      </Point>
    </Placemark>
    <Placemark>
      <name>Tercera Privada Norte - Oaxaca - Puerto Escondido</name>
      <styleUrl>#iconoParada</styleUrl>
      <Point>
        <coordinates>-96.7132368,16.9959136,0</coordinates>
      </Point>
    </Placemark>
    <Placemark>
      <name>Solar Juvenil Oaxaqueño</name>
      <styleUrl>#iconoParada</styleUrl>
      <Point>
        <coordinates>-96.7132013,16.996936,0</coordinates>
      </Point>
    </Placemark>
    <Placemark>
      <name>Jerusalén - Oaxaca - Puerto Escondido</name>
      <styleUrl>#iconoParada</styleUrl>
      <Point>
        <coordinates>-96.7130483,17.0005221,0</coordinates>
      </Point>
    </Placemark>
    <Placemark>
      <name>Crucero Aeropuerto</name>
      <styleUrl>#iconoParada</styleUrl>
      <Point>
        <coordinates>-96.7129495,17.0029947,0</coordinates>
      </Point>
    </Placemark>
    <Placemark>
      <name>Arroyo Seco - Bodega Aurrera</name>
      <styleUrl>#iconoParada</styleUrl>
      <Point>
        <coordinates>-96.7128137,17.0065629,0</coordinates>
      </Point>
    </Placemark>
    <Placemark>
      <name>Panteón -Avenida Símbolos Patrios</name>
      <styleUrl>#iconoParada</styleUrl>
      <Point>
        <coordinates>-96.7126849,17.010056,0</coordinates>
      </Point>
    </Placemark>
    <Placemark>
      <name>Porfirio Díaz - Avenida Símbolos Patrios</name>
      <styleUrl>#iconoParada</styleUrl>
      <Point>
        <coordinates>-96.7126194,17.0117601,0</coordinates>
      </Point>
    </Placemark>
    <Placemark>
      <name>Avenida Eduardo Vasconcelos - Quetzalcóatl</name>
      <styleUrl>#iconoParada</styleUrl>
      <Point>
        <coordinates>-96.7450116,17.1033746,0</coordinates>
      </Point>
    </Placemark>
    <Placemark>
      <name>Cosijopi - Quetzalcóatl</name>
      <styleUrl>#iconoParada</styleUrl>
      <Point>
        <coordinates>-96.7449361,17.1050152,0</coordinates>
      </Point>
    </Placemark>
    <Placemark>
      <name>Escuela José María Morelos y Pavón</name>
      <styleUrl>#iconoParada</styleUrl>
      <Point>
        <coordinates>-96.7455319,17.106069,0</coordinates>
      </Point>
    </Placemark>
    <Placemark>
      <name>Citlali - Quetzalcóatl</name>
      <styleUrl>#iconoParada</styleUrl>
      <Point>
        <coordinates>-96.7461804,17.1064814,0</coordinates>
      </Point>
    </Placemark>
    <Placemark>
      <name>Axayacatl Quetzalcóatl</name>
      <styleUrl>#iconoParada</styleUrl>
      <Point>
        <coordinates>-96.746831,17.1073924,0</coordinates>
      </Point>
    </Placemark>
    <Placemark>
      <name>Moctezuma - Quetzalcóatl</name>
      <styleUrl>#iconoParada</styleUrl>
      <Point>
        <coordinates>-96.7461085,17.107944,0</coordinates>
      </Point>
    </Placemark>
    <Placemark>
      <name>Base BinniBus La Raya</name>
      <styleUrl>#iconoParada</styleUrl>
      <Point>
        <coordinates>-96.7262353,16.9768857,0</coordinates>
      </Point>
    </Placemark>
    <Placemark>
      <name>Francisco I.Madero</name>
      <styleUrl>#iconoParada</styleUrl>
      <Point>
        <coordinates>-96.7250608,16.9810812,0</coordinates>
      </Point>
    </Placemark>
    <Placemark>
      <name>5 de Mayo - Francisco I. Madero</name>
      <styleUrl>#iconoParada</styleUrl>
      <Point>
        <coordinates>-96.7243332,16.9839241,0</coordinates>
      </Point>
    </Placemark>
    <Placemark>
      <name>Golfo de México - Francisco I. Madero</name>
      <styleUrl>#iconoParada</styleUrl>
      <Point>
        <coordinates>-96.7233662,16.9879923,0</coordinates>
      </Point>
    </Placemark>
    <Placemark>
      <name>Camino a Ánimas Trujano - Francisco I. Madero</name>
      <styleUrl>#iconoParada</styleUrl>
      <Point>
        <coordinates>-96.7226813,16.9910201,0</coordinates>
      </Point>
    </Placemark>
    <Placemark>
      <name>Unidad Deportiva el Tequio 2</name>
      <styleUrl>#iconoParada</styleUrl>
      <Point>
        <coordinates>-96.7203005,16.9945349,0</coordinates>
      </Point>
    </Placemark>
    <Placemark>
      <name>Unidad Deportiva el Tequio 1</name>
      <styleUrl>#iconoParada</styleUrl>
      <Point>
        <coordinates>-96.7194544,16.9974407,0</coordinates>
      </Point>
    </Placemark>
    <Placemark>
      <name>Escuela Oficial Rayados Oaxaca</name>
      <styleUrl>#iconoParada</styleUrl>
      <Point>
        <coordinates>-96.718997,16.999157,0</coordinates>
      </Point>
    </Placemark>
    <Placemark>
      <name>Aeropuerto</name>
      <styleUrl>#iconoParada</styleUrl>
      <Point>
        <coordinates>-96.7184756,17.0009486,0</coordinates>
      </Point>
    </Placemark>
    <Placemark>
      <name>Aeropuerto</name>
      <styleUrl>#iconoParada</styleUrl>
      <Point>
        <coordinates>-96.718504,17.0009946,0</coordinates>
      </Point>
    </Placemark>
    <Placemark>
      <name>Escuela Oficial Rayados Oaxaca</name>
      <styleUrl>#iconoParada</styleUrl>
      <Point>
        <coordinates>-96.7188504,16.9996635,0</coordinates>
      </Point>
    </Placemark>
    <Placemark>
      <name>Unidad Deportiva el Tequio 1</name>
      <styleUrl>#iconoParada</styleUrl>
      <Point>
        <coordinates>-96.7195611,16.9974644,0</coordinates>
      </Point>
    </Placemark>
    <Placemark>
      <name>Unidad Deportiva el Tequio 2</name>
      <styleUrl>#iconoParada</styleUrl>
      <Point>
        <coordinates>-96.7203918,16.9945812,0</coordinates>
      </Point>
    </Placemark>
    <Placemark>
      <name>Benito Juárezz</name>
      <styleUrl>#iconoParada</styleUrl>
      <Point>
        <coordinates>-96.722744,16.9911847,0</coordinates>
      </Point>
    </Placemark>
    <Placemark>
      <name>Golfo de México - Francisco I. Madero</name>
      <styleUrl>#iconoParada</styleUrl>
      <Point>
        <coordinates>-96.7235001,16.9879959,0</coordinates>
      </Point>
    </Placemark>
    <Placemark>
      <name>5 de Mayo - Francisco I. Madero</name>
      <styleUrl>#iconoParada</styleUrl>
      <Point>
        <coordinates>-96.7244316,16.9840663,0</coordinates>
      </Point>
    </Placemark>
    <Placemark>
      <name>Francisco I.Madero</name>
      <styleUrl>#iconoParada</styleUrl>
      <Point>
        <coordinates>-96.7251592,16.9811049,0</coordinates>
      </Point>
    </Placemark>
    <Placemark>
      <name>Base BinniBus Tlalixtac de Cabrera</name>
      <styleUrl>#iconoParada</styleUrl>
      <Point>
        <coordinates>-96.648477,17.074411,0</coordinates>
      </Point>
    </Placemark>
    <Placemark>
      <name>Avenida Miguel Cabrera - Francisco I. Madero</name>
      <styleUrl>#iconoParada</styleUrl>
      <Point>
        <coordinates>-96.650604,17.074517,0</coordinates>
      </Point>
    </Placemark>
    <Placemark>
      <name>El Calvario - Francisco I. Madero</name>
      <styleUrl>#iconoParada</styleUrl>
      <Point>
        <coordinates>-96.651354,17.0706,0</coordinates>
      </Point>
    </Placemark>
    <Placemark>
      <name>Independencia - Francisco I. Madero</name>
      <styleUrl>#iconoParada</styleUrl>
      <Point>
        <coordinates>-96.652088,17.067324,0</coordinates>
      </Point>
    </Placemark>
    <Placemark>
      <name>Camino de la Cruz - Calzada Adolfo López Mateos</name>
      <styleUrl>#iconoParada</styleUrl>
      <Point>
        <coordinates>-96.654497,17.064043,0</coordinates>
      </Point>
    </Placemark>
    <Placemark>
      <name>Camino Nacional - Calzada Adolfo López Mateos</name>
      <styleUrl>#iconoParada</styleUrl>
      <Point>
        <coordinates>-96.657715,17.059068,0</coordinates>
      </Point>
    </Placemark>
    <Placemark>
      <name>Prolongación Calzada de la República - Avenida Ferrocarril</name>
      <styleUrl>#iconoParada</styleUrl>
      <Point>
        <coordinates>-96.70703,17.059913,0</coordinates>
      </Point>
    </Placemark>
    <Placemark>
      <name>Crucero de 5 Señores</name>
      <styleUrl>#iconoParada</styleUrl>
      <Point>
        <coordinates>-96.712477,17.054625,0</coordinates>
      </Point>
    </Placemark>
    <Placemark>
      <name>Corintios - Avenida Ferrocarril</name>
      <styleUrl>#iconoParada</styleUrl>
      <Point>
        <coordinates>-96.683609,17.057125,0</coordinates>
      </Point>
    </Placemark>
    <Placemark>
      <name>Cruz de Oriente - Avenida Ferrocarril</name>
      <styleUrl>#iconoParada</styleUrl>
      <Point>
        <coordinates>-96.681107,17.057065,0</coordinates>
      </Point>
    </Placemark>
    <Placemark>
      <name>Camino Nacional - Camino del Rancho</name>
      <styleUrl>#iconoParada</styleUrl>
      <Point>
        <coordinates>-96.650912,17.056998,0</coordinates>
      </Point>
    </Placemark>
    <Placemark>
      <name>Camino del Rancho - Clínica de Especialidades</name>
      <styleUrl>#iconoParada</styleUrl>
      <Point>
        <coordinates>-96.649848,17.060862,0</coordinates>
      </Point>
    </Placemark>
    <Placemark>
      <name>Camino de la Cruz - Matamoros</name>
      <styleUrl>#iconoParada</styleUrl>
      <Point>
        <coordinates>-96.649182,17.063793,0</coordinates>
      </Point>
    </Placemark>
    <Placemark>
      <name>Independencia - Matamoros</name>
      <styleUrl>#iconoParada</styleUrl>
      <Point>
        <coordinates>-96.64861,17.066442,0</coordinates>
      </Point>
    </Placemark>
    <Placemark>
      <name>El Calvario - Matamoros</name>
      <styleUrl>#iconoParada</styleUrl>
      <Point>
        <coordinates>-96.647862,17.069951,0</coordinates>
      </Point>
    </Placemark>
    <Placemark>
      <name>Gregorio N. Chávez - Matamoros</name>
      <styleUrl>#iconoParada</styleUrl>
      <Point>
        <coordinates>-96.647421,17.07235,0</coordinates>
      </Point>
    </Placemark>
    <Placemark>
      <name>Base BinniBus ISSSTE</name>
      <styleUrl>#iconoParada</styleUrl>
      <Point>
        <coordinates>-96.72155,17.08297,0</coordinates>
      </Point>
    </Placemark>
    <Placemark>
      <name>Avenida Félix Romero - Circuito la Cascada</name>
      <styleUrl>#iconoParada</styleUrl>
      <Point>
        <coordinates>-96.720452,17.083739,0</coordinates>
      </Point>
    </Placemark>
    <Placemark>
      <name>Gerardo Valera - José López Álvarez</name>
      <styleUrl>#iconoParada</styleUrl>
      <Point>
        <coordinates>-96.71953,17.08282,0</coordinates>
      </Point>
    </Placemark>
    <Placemark>
      <name>Puente de Nazareno Xoxocotlán</name>
      <styleUrl>#iconoParada</styleUrl>
      <Point>
        <coordinates>-96.756527,17.015018,0</coordinates>
      </Point>
    </Placemark>
    <Placemark>
      <name>Morerlos - Carretera Oaxaca - Zaachila</name>
      <styleUrl>#iconoParada</styleUrl>
      <Point>
        <coordinates>-96.758942,17.013576,0</coordinates>
      </Point>
    </Placemark>
    <Placemark>
      <name>Cruz Blanca - Carretera Oaxaca - Zaachila</name>
      <styleUrl>#iconoParada</styleUrl>
      <Point>
        <coordinates>-96.762391,17.011533,0</coordinates>
      </Point>
    </Placemark>
    <Placemark>
      <name>El Bajío - Carretera Oaxaca - Zaachila</name>
      <styleUrl>#iconoParada</styleUrl>
      <Point>
        <coordinates>-96.765638,17.009571,0</coordinates>
      </Point>
    </Placemark>
    <Placemark>
      <name>El Tepeyac - Camino a Cuilápam de Guerrero</name>
      <styleUrl>#iconoParada</styleUrl>
      <Point>
        <coordinates>-96.768082,17.007436,0</coordinates>
      </Point>
    </Placemark>
    <Placemark>
      <name>Moctezuma - Camino a Cuilápam de Guerrero</name>
      <styleUrl>#iconoParada</styleUrl>
      <Point>
        <coordinates>-96.76561,17.006868,0</coordinates>
      </Point>
    </Placemark>
    <Placemark>
      <name>Enrique Rébsamen - Camino a Cuilápam de Guerrero</name>
      <styleUrl>#iconoParada</styleUrl>
      <Point>
        <coordinates>-96.762042,17.005781,0</coordinates>
      </Point>
    </Placemark>
    <Placemark>
      <name>La Soledad - Avenida San Isidro</name>
      <styleUrl>#iconoParada</styleUrl>
      <Point>
        <coordinates>-96.759992,17.002783,0</coordinates>
      </Point>
    </Placemark>
    <Placemark>
      <name>Sabino Crespo - Avenida San Isidro</name>
      <styleUrl>#iconoParada</styleUrl>
      <Point>
        <coordinates>-96.758564,16.999637,0</coordinates>
      </Point>
    </Placemark>
    <Placemark>
      <name>Base BinniBus CRIT</name>
      <styleUrl>#iconoParada</styleUrl>
      <Point>
        <coordinates>-96.756596,16.997046,0</coordinates>
      </Point>
    </Placemark>
    <Placemark>
      <name>Tanque Elevado</name>
      <styleUrl>#iconoParada</styleUrl>
      <Point>
        <coordinates>-96.758532,16.999438,0</coordinates>
      </Point>
    </Placemark>
    <Placemark>
      <name>La Soledad - Avenida San Isidro</name>
      <styleUrl>#iconoParada</styleUrl>
      <Point>
        <coordinates>-96.759799,17.002657,0</coordinates>
      </Point>
    </Placemark>
    <Placemark>
      <name>Enrique Rébsamen - Camino a Cuilápam de Guerrero</name>
      <styleUrl>#iconoParada</styleUrl>
      <Point>
        <coordinates>-96.76179,17.005696,0</coordinates>
      </Point>
    </Placemark>
    <Placemark>
      <name>23 de Abril - Camino a Cuilápam de Guerrero</name>
      <styleUrl>#iconoParada</styleUrl>
      <Point>
        <coordinates>-96.766383,17.006914,0</coordinates>
      </Point>
    </Placemark>
    <Placemark>
      <name>Camino a Cuilápam de Guerrero - Carretera Oaxaca - Zaachila</name>
      <styleUrl>#iconoParada</styleUrl>
      <Point>
        <coordinates>-96.768088,17.007944,0</coordinates>
      </Point>
    </Placemark>
    <Placemark>
      <name>El Bajío - Carretera Oaxaca - Zaachila</name>
      <styleUrl>#iconoParada</styleUrl>
      <Point>
        <coordinates>-96.765215,17.009679,0</coordinates>
      </Point>
    </Placemark>
    <Placemark>
      <name>Cruz Blanca - Carretera Oaxaca - Zaachila</name>
      <styleUrl>#iconoParada</styleUrl>
      <Point>
        <coordinates>-96.76251,17.011306,0</coordinates>
      </Point>
    </Placemark>
    <Placemark>
      <name>Río Grijalva</name>
      <styleUrl>#iconoParada</styleUrl>
      <Point>
        <coordinates>-96.760316,17.012563,0</coordinates>
      </Point>
    </Placemark>
    <Placemark>
      <name>Emiliano Zapata - Carretera Oaxaca - Zaachila</name>
      <styleUrl>#iconoParada</styleUrl>
      <Point>
        <coordinates>-96.756421,17.014958,0</coordinates>
      </Point>
    </Placemark>
    <Placemark>
      <name>Preparatoria #7 UABJO</name>
      <styleUrl>#iconoParada</styleUrl>
      <Point>
        <coordinates>-96.728461,17.053318,0</coordinates>
      </Point>
    </Placemark>
    <Placemark>
      <name>Nuño del Mercado - 20 de Noviembre</name>
      <styleUrl>#iconoParada</styleUrl>
      <Point>
        <coordinates>-96.728074,17.054696,0</coordinates>
      </Point>
    </Placemark>
    <Placemark>
      <name>Ignacio Zaragoza - 20 de Noviembre</name>
      <styleUrl>#iconoParada</styleUrl>
      <Point>
        <coordinates>-96.727662,17.056654,0</coordinates>
      </Point>
    </Placemark>
    <Placemark>
      <name>Mercado 20 de Noviembre</name>
      <styleUrl>#iconoParada</styleUrl>
      <Point>
        <coordinates>-96.727303,17.058414,0</coordinates>
      </Point>
    </Placemark>
    <Placemark>
      <name>Rocio - Gerardo Varela</name>
      <styleUrl>#iconoParada</styleUrl>
      <Point>
        <coordinates>-96.720787,17.084075,0</coordinates>
      </Point>
    </Placemark>
    <Placemark>
      <name>Hospital ISSSTE</name>
      <styleUrl>#iconoParada</styleUrl>
      <Point>
        <coordinates>-96.722056,17.084414,0</coordinates>
      </Point>
    </Placemark>
    <Placemark>
      <name>Marcos Pérez - Avenida Félix Romero</name>
      <styleUrl>#iconoParada</styleUrl>
      <Point>
        <coordinates>-96.723495,17.083435,0</coordinates>
      </Point>
    </Placemark>
    <Placemark>
      <name>Ignacio Mariscal - Marcos Pérez</name>
      <styleUrl>#iconoParada</styleUrl>
      <Point>
        <coordinates>-96.723742,17.082845,0</coordinates>
      </Point>
    </Placemark>
    <Placemark>
      <name>5 De Febrero - Avenida Lázaro Cárdenas</name>
      <styleUrl>#iconoParada</styleUrl>
      <Point>
        <coordinates>-96.711343,17.061787,0</coordinates>
      </Point>
    </Placemark>
    <Placemark>
      <name>3 Norte - Avenida Lázaro Cárdenas</name>
      <styleUrl>#iconoParada</styleUrl>
      <Point>
        <coordinates>-96.708885,17.062556,0</coordinates>
      </Point>
    </Placemark>
    <Placemark>
      <name>Laguna de Término - Avenida Lázaro Cárdenas</name>
      <styleUrl>#iconoParada</styleUrl>
      <Point>
        <coordinates>-96.706422,17.063183,0</coordinates>
      </Point>
    </Placemark>
    <Placemark>
      <name>Avenida 16 De Septiembre - Avenida Lázaro Cárdenas</name>
      <styleUrl>#iconoParada</styleUrl>
      <Point>
        <coordinates>-96.702279,17.064014,0</coordinates>
      </Point>
    </Placemark>
    <Placemark>
      <name>Carrizal - Avenida Lázaro Cárdenas</name>
      <styleUrl>#iconoParada</styleUrl>
      <Point>
        <coordinates>-96.699453,17.064581,0</coordinates>
      </Point>
    </Placemark>
    <Placemark>
      <name>Avenida Calicanto - Avenida Lázaro Cárdenas</name>
      <styleUrl>#iconoParada</styleUrl>
      <Point>
        <coordinates>-96.696649,17.064639,0</coordinates>
      </Point>
    </Placemark>
    <Placemark>
      <name>Avenida Lázaro Cárdenas - Camino Nacional</name>
      <styleUrl>#iconoParada</styleUrl>
      <Point>
        <coordinates>-96.680255,17.063798,0</coordinates>
      </Point>
    </Placemark>
    <Placemark>
      <name>Tercera Privada de Guerrero - Camino Nacional</name>
      <styleUrl>#iconoParada</styleUrl>
      <Point>
        <coordinates>-96.67683,17.06299,0</coordinates>
      </Point>
    </Placemark>
    <Placemark>
      <name>Unión - Camino Nacional</name>
      <styleUrl>#iconoParada</styleUrl>
      <Point>
        <coordinates>-96.672496,17.06213,0</coordinates>
      </Point>
    </Placemark>
    <Placemark>
      <name>Independencia - Camino Nacional</name>
      <styleUrl>#iconoParada</styleUrl>
      <Point>
        <coordinates>-96.670339,17.061633,0</coordinates>
      </Point>
    </Placemark>
    <Placemark>
      <name>Arenal - Camino Nacional</name>
      <styleUrl>#iconoParada</styleUrl>
      <Point>
        <coordinates>-96.66734,17.06123,0</coordinates>
      </Point>
    </Placemark>
    <Placemark>
      <name>Avenida Ferrocarril - Arenal</name>
      <styleUrl>#iconoParada</styleUrl>
      <Point>
        <coordinates>-96.667595,17.058501,0</coordinates>
      </Point>
    </Placemark>
    <Placemark>
      <name>Primera Privada del Panteón - Avenida Ferrocarril</name>
      <styleUrl>#iconoParada</styleUrl>
      <Point>
        <coordinates>-96.670409,17.057644,0</coordinates>
      </Point>
    </Placemark>
    <Placemark>
      <name>Base BinniBus San Sebastián Tutla</name>
      <styleUrl>#iconoParada</styleUrl>
      <Point>
        <coordinates>-96.67115,17.055901,0</coordinates>
      </Point>
    </Placemark>
    <Placemark>
      <name>El Arenal - Avenida Ferrocarril</name>
      <styleUrl>#iconoParada</styleUrl>
      <Point>
        <coordinates>-96.667498,17.058659,0</coordinates>
      </Point>
    </Placemark>
    <Placemark>
      <name>Arenal - Camino Nacional</name>
      <styleUrl>#iconoParada</styleUrl>
      <Point>
        <coordinates>-96.667129,17.061243,0</coordinates>
      </Point>
    </Placemark>
    <Placemark>
      <name>Independencia - Camino Nacional</name>
      <styleUrl>#iconoParada</styleUrl>
      <Point>
        <coordinates>-96.670291,17.06165,0</coordinates>
      </Point>
    </Placemark>
    <Placemark>
      <name>Calzada Antonio de León - Camino Nacional</name>
      <styleUrl>#iconoParada</styleUrl>
      <Point>
        <coordinates>-96.671434,17.061897,0</coordinates>
      </Point>
    </Placemark>
    <Placemark>
      <name>Tercera Privada de Guerrero - Camino Nacional</name>
      <styleUrl>#iconoParada</styleUrl>
      <Point>
        <coordinates>-96.676767,17.063069,0</coordinates>
      </Point>
    </Placemark>
    <Placemark>
      <name>Camino Nacional - Avenida Lázaro Cárdenas</name>
      <styleUrl>#iconoParada</styleUrl>
      <Point>
        <coordinates>-96.680196,17.063885,0</coordinates>
      </Point>
    </Placemark>
    <Placemark>
      <name>Colegio Atonaltzin - Avenida Lázaro Cárdenas</name>
      <styleUrl>#iconoParada</styleUrl>
      <Point>
        <coordinates>-96.682688,17.064326,0</coordinates>
      </Point>
    </Placemark>
    <Placemark>
      <name>Siracuza - Avenida Lázaro Cárdenas</name>
      <styleUrl>#iconoParada</styleUrl>
      <Point>
        <coordinates>-96.69383,17.064806,0</coordinates>
      </Point>
    </Placemark>
    <Placemark>
      <name>Avenida Sabinos - Avenida Lázaro Cárdenas</name>
      <styleUrl>#iconoParada</styleUrl>
      <Point>
        <coordinates>-96.697094,17.064736,0</coordinates>
      </Point>
    </Placemark>
    <Placemark>
      <name>Paraíso - Avenida Lázaro Cárdenas</name>
      <styleUrl>#iconoParada</styleUrl>
      <Point>
        <coordinates>-96.699974,17.06461,0</coordinates>
      </Point>
    </Placemark>
    <Placemark>
      <name>Guelatao - Avenida Lázaro Cárdenas</name>
      <styleUrl>#iconoParada</styleUrl>
      <Point>
        <coordinates>-96.70592,17.06333,0</coordinates>
      </Point>
    </Placemark>
    <Placemark>
      <name>3 Norte - Avenida Lázaro Cárdenas</name>
      <styleUrl>#iconoParada</styleUrl>
      <Point>
        <coordinates>-96.708679,17.062707,0</coordinates>
      </Point>
    </Placemark>
    <Placemark>
      <name>5 de Febrero - Avenida Lázaro Cárdenas</name>
      <styleUrl>#iconoParada</styleUrl>
      <Point>
        <coordinates>-96.711374,17.061829,0</coordinates>
      </Point>
    </Placemark>
    <Placemark>
      <name>Andador Turístico - Avenida José María Morelos</name>
      <styleUrl>#iconoParada</styleUrl>
      <Point>
        <coordinates>-96.724121,17.062828,0</coordinates>
      </Point>
    </Placemark>
    <Placemark>
      <name>General Porfirio Díaz - Avenida José María Morelos</name>
      <styleUrl>#iconoParada</styleUrl>
      <Point>
        <coordinates>-96.726226,17.063234,0</coordinates>
      </Point>
    </Placemark>
    <Placemark>
      <name>Base BinniBus Reyes Mantecón</name>
      <styleUrl>#iconoParada</styleUrl>
      <Point>
        <coordinates>-96.729251,16.907747,0</coordinates>
      </Point>
    </Placemark>
    <Placemark>
      <name>5 de Mayo - Oaxaca - Puerto Escondido</name>
      <styleUrl>#iconoParada</styleUrl>
      <Point>
        <coordinates>-96.7265577,16.909517,0</coordinates>
      </Point>
    </Placemark>
    <Placemark>
      <name>Azteca - Oaxaca - Puerto Escondido</name>
      <styleUrl>#iconoParada</styleUrl>
      <Point>
        <coordinates>-96.7248388,16.9106151,0</coordinates>
      </Point>
    </Placemark>
    <Placemark>
      <name>Base BinniBus Hospital General De La Mujer Y El Niño Oaxaqueño</name>
      <styleUrl>#iconoParada</styleUrl>
      <Point>
        <coordinates>-96.72246,16.912159,0</coordinates>
      </Point>
    </Placemark>
    <Placemark>
      <name>Hospital Psiquiátrico</name>
      <styleUrl>#iconoParada</styleUrl>
      <Point>
        <coordinates>-96.720363,16.913509,0</coordinates>
      </Point>
    </Placemark>
    <Placemark>
      <name>Puerta 2 Ciudad Judicial</name>
      <styleUrl>#iconoParada</styleUrl>
      <Point>
        <coordinates>-96.71888,16.91447,0</coordinates>
      </Point>
    </Placemark>
    <Placemark>
      <name>Escuela Narciso Mendoza</name>
      <styleUrl>#iconoParada</styleUrl>
      <Point>
        <coordinates>-96.71444,16.91825,0</coordinates>
      </Point>
    </Placemark>
    <Placemark>
      <name>Colonia Valle Esmeralda</name>
      <styleUrl>#iconoParada</styleUrl>
      <Point>
        <coordinates>-96.711006,16.921616,0</coordinates>
      </Point>
    </Placemark>
    <Placemark>
      <name>Colonia Campo Real</name>
      <styleUrl>#iconoParada</styleUrl>
      <Point>
        <coordinates>-96.707886,16.924598,0</coordinates>
      </Point>
    </Placemark>
    <Placemark>
      <name>Mercurio - Oaxaca - Puerto Escondido</name>
      <styleUrl>#iconoParada</styleUrl>
      <Point>
        <coordinates>-96.706329,16.926067,0</coordinates>
      </Point>
    </Placemark>
    <Placemark>
      <name>Crucero de la Y</name>
      <styleUrl>#iconoParada</styleUrl>
      <Point>
        <coordinates>-96.7039252,16.9278713,0</coordinates>
      </Point>
    </Placemark>
    <Placemark>
      <name>Principal - Oaxaca - Puerto Escondido</name>
      <styleUrl>#iconoParada</styleUrl>
      <Point>
        <coordinates>-96.7005261,16.9253522,0</coordinates>
      </Point>
    </Placemark>
    <Placemark>
      <name>Colonia Rancho Viejo</name>
      <styleUrl>#iconoParada</styleUrl>
      <Point>
        <coordinates>-96.6971912,16.9225294,0</coordinates>
      </Point>
    </Placemark>
    <Placemark>
      <name>La Cuesta</name>
      <styleUrl>#iconoParada</styleUrl>
      <Point>
        <coordinates>-96.6955569,16.9196352,0</coordinates>
      </Point>
    </Placemark>
    <Placemark>
      <name>Insurgentes Oriente</name>
      <styleUrl>#iconoParada</styleUrl>
      <Point>
        <coordinates>-96.6956285,16.9213199,0</coordinates>
      </Point>
    </Placemark>
    <Placemark>
      <name>Progreso - Oaxaca - Puerto Escondido</name>
      <styleUrl>#iconoParada</styleUrl>
      <Point>
        <coordinates>-96.696809,16.9223314,0</coordinates>
      </Point>
    </Placemark>
    <Placemark>
      <name>Revolución - Oaxaca - Puerto Escondido</name>
      <styleUrl>#iconoParada</styleUrl>
      <Point>
        <coordinates>-96.7013812,16.9262285,0</coordinates>
      </Point>
    </Placemark>
    <Placemark>
      <name>Otilio Montaño - Oaxaca - Puerto Escondido</name>
      <styleUrl>#iconoParada</styleUrl>
      <Point>
        <coordinates>-96.7033591,16.9285146,0</coordinates>
      </Point>
    </Placemark>
    <Placemark>
      <name>Allende - Oaxaca - Puerto Escondido</name>
      <styleUrl>#iconoParada</styleUrl>
      <Point>
        <coordinates>-96.703987,16.932443,0</coordinates>
      </Point>
    </Placemark>
    <Placemark>
      <name>Mina - Oaxaca - Puerto Escondido</name>
      <styleUrl>#iconoParada</styleUrl>
      <Point>
        <coordinates>-96.704464,16.935254,0</coordinates>
      </Point>
    </Placemark>
    <Placemark>
      <name>Parque Reyes Zapoteca</name>
      <styleUrl>#iconoParada</styleUrl>
      <Point>
        <coordinates>-96.70567,16.938104,0</coordinates>
      </Point>
    </Placemark>
    <Placemark>
      <name>Emiliano Zapata - Oaxaca - Puerto Escondido</name>
      <styleUrl>#iconoParada</styleUrl>
      <Point>
        <coordinates>-96.70567,16.942425,0</coordinates>
      </Point>
    </Placemark>
    <Placemark>
      <name>Allende - Oaxaca - Puerto Escondido</name>
      <styleUrl>#iconoParada</styleUrl>
      <Point>
        <coordinates>-96.706662, 16.948182,0</coordinates>
      </Point>
    </Placemark>
    <Placemark>
      <name>Hidalgo - Oaxaca - Puerto Escondido</name>
      <styleUrl>#iconoParada</styleUrl>
      <Point>
        <coordinates>-96.707368,16.957082,0</coordinates>
      </Point>
    </Placemark>
    <Placemark>
      <name>Mercado De Artesanias De Barro Negro</name>
      <styleUrl>#iconoParada</styleUrl>
      <Point>
        <coordinates>-96.706612,16.961458,0</coordinates>
      </Point>
    </Placemark>
    <Placemark>
      <name>16 de Septiembre- Oaxaca - Puerto Escondido</name>
      <styleUrl>#iconoParada</styleUrl>
      <Point>
        <coordinates>-96.706054,16.964707,0</coordinates>
      </Point>
    </Placemark>
    <Placemark>
      <name>Las Americas- Oaxaca - Puerto Escondido</name>
      <styleUrl>#iconoParada</styleUrl>
      <Point>
        <coordinates>-96.705462,16.968098,0</coordinates>
      </Point>
    </Placemark>
    <Placemark>
      <name>Secretaría De Seguridad Y Protección Ciudadana</name>
      <styleUrl>#iconoParada</styleUrl>
      <Point>
        <coordinates>-96.705979,16.970663,0</coordinates>
      </Point>
    </Placemark>
    <Placemark>
      <name>Pirules- Oaxaca - Puerto Escondido</name>
      <styleUrl>#iconoParada</styleUrl>
      <Point>
        <coordinates>-96.707346,16.976843,0</coordinates>
      </Point>
    </Placemark>
    <Placemark>
      <name>Los Pinos - Oaxaca - Puerto Escondido</name>
      <styleUrl>#iconoParada</styleUrl>
      <Point>
        <coordinates>-96.708037,16.979847,0</coordinates>
      </Point>
    </Placemark>
    <Placemark>
      <name>Moctezuma - Bustamante</name>
      <styleUrl>#iconoParada</styleUrl>
      <Point>
        <coordinates>-96.72632,17.05331,0</coordinates>
      </Point>
    </Placemark>
    <Placemark>
      <name>Ignacio Zaragoza - Bustamante</name>
      <styleUrl>#iconoParada</styleUrl>
      <Point>
        <coordinates>-96.72579,17.05613,0</coordinates>
      </Point>
    </Placemark>
    <Placemark>
      <name>Doctor Ramón Pardo - Armenta y López</name>
      <styleUrl>#iconoParada</styleUrl>
      <Point>
        <coordinates>-96.724697,17.056541,0</coordinates>
      </Point>
    </Placemark>
    <Placemark>
      <name>Xochitl - Armenta y López</name>
      <styleUrl>#iconoParada</styleUrl>
      <Point>
        <coordinates>-96.725165,17.054361,0</coordinates>
      </Point>
    </Placemark>
    <Placemark>
      <name>Eduardo Mata - Armenta y López</name>
      <styleUrl>#iconoParada</styleUrl>
      <Point>
        <coordinates>-96.725815,17.051321,0</coordinates>
      </Point>
    </Placemark>
    <Placemark>
      <name>Francisco I. Madero - Oaxaca - Puerto Escondido</name>
      <styleUrl>#iconoParada</styleUrl>
      <Point>
        <coordinates>-96.71353,16.99388,0</coordinates>
      </Point>
    </Placemark>
    <Placemark>
      <name>Amado Nervo - Oaxaca - Puerto Escondido</name>
      <styleUrl>#iconoParada</styleUrl>
      <Point>
        <coordinates>-96.711515,16.985156,0</coordinates>
      </Point>
    </Placemark>
    <Placemark>
      <name>Fraccionamiento 2000</name>
      <styleUrl>#iconoParada</styleUrl>
      <Point>
        <coordinates>-96.708556,16.981012,0</coordinates>
      </Point>
    </Placemark>
    <Placemark>
      <name>Los Pinos</name>
      <styleUrl>#iconoParada</styleUrl>
      <Point>
        <coordinates>-96.708066,16.978818,0</coordinates>
      </Point>
    </Placemark>
    <Placemark>
      <name>Centro De Verificación Vehicular</name>
      <styleUrl>#iconoParada</styleUrl>
      <Point>
        <coordinates>-96.707514,16.976395,0</coordinates>
      </Point>
    </Placemark>
    <Placemark>
      <name>Secretaría De Seguridad Y Protección Ciudadana</name>
      <styleUrl>#iconoParada</styleUrl>
      <Point>
        <coordinates>-96.706513,16.971924,0</coordinates>
      </Point>
    </Placemark>
    <Placemark>
      <name>Corregidora - Oaxaca - Puerto Escondido</name>
      <styleUrl>#iconoParada</styleUrl>
      <Point>
        <coordinates>-96.705859,16.967212,0</coordinates>
      </Point>
    </Placemark>
    <Placemark>
      <name>16 De Septiembre - Oaxaca - Puerto Escondido</name>
      <styleUrl>#iconoParada</styleUrl>
      <Point>
        <coordinates>-96.706268,16.965041,0</coordinates>
      </Point>
    </Placemark>
    <Placemark>
      <name>Mercado De Artesanias - Oaxaca - Puerto Escondido</name>
      <styleUrl>#iconoParada</styleUrl>
      <Point>
        <coordinates>-96.706612,16.961458,0</coordinates>
      </Point>
    </Placemark>
    <Placemark>
      <name>Ayuntamiento De San Bartolo Coyotepec</name>
      <styleUrl>#iconoParada</styleUrl>
      <Point>
        <coordinates>-96.70747,16.958171,0</coordinates>
      </Point>
    </Placemark>
    <Placemark>
      <name>Galeana - Oaxaca - Puerto Escondido</name>
      <styleUrl>#iconoParada</styleUrl>
      <Point>
        <coordinates>-96.70801,16.955214,0</coordinates>
      </Point>
    </Placemark>
    <Placemark>
      <name>Boulevard Del Niño Oaxaqueño</name>
      <styleUrl>#iconoParada</styleUrl>
      <Point>
        <coordinates>-96.706716,16.947133,0</coordinates>
      </Point>
    </Placemark>
    <Placemark>
      <name>Ocoñaña - Oaxaca - Puerto Escondido</name>
      <styleUrl>#iconoParada</styleUrl>
      <Point>
        <coordinates>-96.705433,16.939716,0</coordinates>
      </Point>
    </Placemark>
    <Placemark>
      <name>EL Tablero</name>
      <styleUrl>#iconoParada</styleUrl>
      <Point>
        <coordinates>-96.704621,16.934782,0</coordinates>
      </Point>
    </Placemark>
    <Placemark>
      <name>Capilla de San Judas Tadeo</name>
      <styleUrl>#iconoParada</styleUrl>
      <Point>
        <coordinates>-96.703588,16.9292769,0</coordinates>
      </Point>
    </Placemark>
    <Placemark>
      <name>12 De Diciembre - Oaxaca - Puerto Escondido</name>
      <styleUrl>#iconoParada</styleUrl>
      <Point>
        <coordinates>-96.705399,16.927277,0</coordinates>
      </Point>
    </Placemark>
    <Placemark>
      <name>Colonia Campo Real</name>
      <styleUrl>#iconoParada</styleUrl>
      <Point>
        <coordinates>-96.708118,16.924719,0</coordinates>
      </Point>
    </Placemark>
    <Placemark>
      <name>Cedros - Oaxaca - Puerto Escondido</name>
      <styleUrl>#iconoParada</styleUrl>
      <Point>
        <coordinates>-96.71023,16.922669,0</coordinates>
      </Point>
    </Placemark>
    <Placemark>
      <name>Esciela Narciso Mendoza</name>
      <styleUrl>#iconoParada</styleUrl>
      <Point>
        <coordinates>-96.714426,16.918606,0</coordinates>
      </Point>
    </Placemark>
    <Placemark>
      <name>Puerta 2 Ciudad Judicial</name>
      <styleUrl>#iconoParada</styleUrl>
      <Point>
        <coordinates>-96.718964,16.914812,0</coordinates>
      </Point>
    </Placemark>
    <Placemark>
      <name>Puerta 1 Ciudad Judicial</name>
      <styleUrl>#iconoParada</styleUrl>
      <Point>
        <coordinates>-96.724322,16.911263,0</coordinates>
      </Point>
    </Placemark>
    <Placemark>
      <name>Victoria - Oaxaca - Puerto Escondido</name>
      <styleUrl>#iconoParada</styleUrl>
      <Point>
        <coordinates>-96.72623,16.909957,0</coordinates>
      </Point>
    </Placemark>
    <Placemark>
      <name>Niños Héroes - Oaxaca - Puerto Escondido</name>
      <styleUrl>#iconoParada</styleUrl>
      <Point>
        <coordinates>-96.727484,16.909092,0</coordinates>
      </Point>
    </Placemark>
    <Placemark>
      <name>Camino Viejo a Huayapam</name>
      <styleUrl>#iconoParada</styleUrl>
      <Point>
        <coordinates>-96.655161,17.087863,0</coordinates>
      </Point>
    </Placemark>
    <Placemark>
      <name>Siempre Viva - Carretera Federal Oaxaca - Tuxtepec</name>
      <styleUrl>#iconoParada</styleUrl>
      <Point>
        <coordinates>-96.654368,17.092423,0</coordinates>
      </Point>
    </Placemark>
    <Placemark>
      <name>Encantada - Siempre Viva</name>
      <styleUrl>#iconoParada</styleUrl>
      <Point>
        <coordinates>-96.657735,17.099088,0</coordinates>
      </Point>
    </Placemark>
    <Placemark>
      <name>Huajal - La Paz</name>
      <styleUrl>#iconoParada</styleUrl>
      <Point>
        <coordinates>-96.659947,17.100872,0</coordinates>
      </Point>
    </Placemark>
    <Placemark>
      <name>La Paz</name>
      <styleUrl>#iconoParada</styleUrl>
      <Point>
        <coordinates>-96.662242,17.102185,0</coordinates>
      </Point>
    </Placemark>
    <Placemark>
      <name>Base BinniBus Huayapam</name>
      <styleUrl>#iconoParada</styleUrl>
      <Point>
        <coordinates>-96.665102,17.102517,0</coordinates>
      </Point>
    </Placemark>
    <Placemark>
      <name>La Paz</name>
      <styleUrl>#iconoParada</styleUrl>
      <Point>
        <coordinates>-96.662629,17.10214,0</coordinates>
      </Point>
    </Placemark>
    <Placemark>
      <name>Huajal - La Paz</name>
      <styleUrl>#iconoParada</styleUrl>
      <Point>
        <coordinates>-96.659996,17.100796,0</coordinates>
      </Point>
    </Placemark>
    <Placemark>
      <name>San Fernando - Parque Ecoturistico Huayapam</name>
      <styleUrl>#iconoParada</styleUrl>
      <Point>
        <coordinates>-96.655818,17.096088,0</coordinates>
      </Point>
    </Placemark>
    <Placemark>
      <name>Siempre Viva - Carretera Federal Oaxaca - Tuxtepec</name>
      <styleUrl>#iconoParada</styleUrl>
      <Point>
        <coordinates>-96.654629,17.092858,0</coordinates>
      </Point>
    </Placemark>
    <Placemark>
      <name>Camino Viejo a Huayapam</name>
      <styleUrl>#iconoParada</styleUrl>
      <Point>
        <coordinates>-96.655395,17.087599,0</coordinates>
      </Point>
    </Placemark>
    <Placemark>
      <name>Base BinniBus Yahuiche</name>
      <styleUrl>#iconoParada</styleUrl>
      <Point>
        <coordinates>-96.770398,17.111319,0</coordinates>
      </Point>
    </Placemark>
    <Placemark>
      <name>Hidalgo - Venustiano Carranza</name>
      <styleUrl>#iconoParada</styleUrl>
      <Point>
        <coordinates>-96.770142,17.109118,0</coordinates>
      </Point>
    </Placemark>
    <Placemark>
      <name>Base BinniBus San Pablo Etla</name>
      <styleUrl>#iconoParada</styleUrl>
      <Point>
        <coordinates>-96.750004,17.148998,0</coordinates>
      </Point>
    </Placemark>
    <Placemark>
      <name>Morelos - Colón</name>
      <styleUrl>#iconoParada</styleUrl>
      <Point>
        <coordinates>-96.75573,17.14464,0</coordinates>
      </Point>
    </Placemark>
    <Placemark>
      <name>Colón - Porfirio Díaz</name>
      <styleUrl>#iconoParada</styleUrl>
      <Point>
        <coordinates>-96.75643,17.14032,0</coordinates>
      </Point>
    </Placemark>
    <Placemark>
      <name>Avenida Venustiano Carranza - Avenida Juárez</name>
      <styleUrl>#iconoParada</styleUrl>
      <Point>
        <coordinates>-96.75487,17.13859,0</coordinates>
      </Point>
    </Placemark>
    <Placemark>
      <name>Avenida Juárez - Emiliano Zapata</name>
      <styleUrl>#iconoParada</styleUrl>
      <Point>
        <coordinates>-96.75335,17.13764,0</coordinates>
      </Point>
    </Placemark>
    <Placemark>
      <name>Seminario - Avenida Juárez</name>
      <styleUrl>#iconoParada</styleUrl>
      <Point>
        <coordinates>-96.75222,17.13761,0</coordinates>
      </Point>
    </Placemark>
    <Placemark>
      <name>Porfirio Díaz - Maguey</name>
      <styleUrl>#iconoParada</styleUrl>
      <Point>
        <coordinates>-96.75262,17.13568,0</coordinates>
      </Point>
    </Placemark>
    <Placemark>
      <name>Los Pinos - Seminario</name>
      <styleUrl>#iconoParada</styleUrl>
      <Point>
        <coordinates>-96.75369,17.13343,0</coordinates>
      </Point>
    </Placemark>
    <Placemark>
      <name>Calzada Del Panteón - Seminario</name>
      <styleUrl>#iconoParada</styleUrl>
      <Point>
        <coordinates>-96.75453,17.13133,0</coordinates>
      </Point>
    </Placemark>
    <Placemark>
      <name>Avenida los Higos - Cuauhtémoc</name>
      <styleUrl>#iconoParada</styleUrl>
      <Point>
        <coordinates>-96.75711,17.12858,0</coordinates>
      </Point>
    </Placemark>
    <Placemark>
      <name>Benito Juárez - Carretera Panamericana</name>
      <styleUrl>#iconoParada</styleUrl>
      <Point>
        <coordinates>-96.76392,17.12284,0</coordinates>
      </Point>
    </Placemark>
    <Placemark>
      <name>Adolfo López Mateos - Carretera a Viguera</name>
      <styleUrl>#iconoParada</styleUrl>
      <Point>
        <coordinates>-96.76207,17.12424,0</coordinates>
      </Point>
    </Placemark>
    <Placemark>
      <name>Avenida los Higos - Fernando Montes de Oca</name>
      <styleUrl>#iconoParada</styleUrl>
      <Point>
        <coordinates>-96.757487,17.12815,0</coordinates>
      </Point>
    </Placemark>
    <Placemark>
      <name>Prolongación Hidalgo - Avenida los Higos</name>
      <styleUrl>#iconoParada</styleUrl>
      <Point>
        <coordinates>-96.754712,17.130487,0</coordinates>
      </Point>
    </Placemark>
    <Placemark>
      <name>El Mangal - Seminario</name>
      <styleUrl>#iconoParada</styleUrl>
      <Point>
        <coordinates>-96.753762,17.132954,0</coordinates>
      </Point>
    </Placemark>
    <Placemark>
      <name>Monte Albán - Seminario</name>
      <styleUrl>#iconoParada</styleUrl>
      <Point>
        <coordinates>-96.752753,17.135195,0</coordinates>
      </Point>
    </Placemark>
    <Placemark>
      <name>Henequén - Seminario</name>
      <styleUrl>#iconoParada</styleUrl>
      <Point>
        <coordinates>-96.752384,17.136286,0</coordinates>
      </Point>
    </Placemark>
    <Placemark>
      <name>Seminario - Avenida Juárez</name>
      <styleUrl>#iconoParada</styleUrl>
      <Point>
        <coordinates>-96.75206,17.137628,0</coordinates>
      </Point>
    </Placemark>
    <Placemark>
      <name>Avenida Juárez - Emiliano Zapata</name>
      <styleUrl>#iconoParada</styleUrl>
      <Point>
        <coordinates>-96.753304,17.137708,0</coordinates>
      </Point>
    </Placemark>
    <Placemark>
      <name>Avenida Venustiano Carranza - Avenida Juárez</name>
      <styleUrl>#iconoParada</styleUrl>
      <Point>
        <coordinates>-96.754862,17.138668,0</coordinates>
      </Point>
    </Placemark>
    <Placemark>
      <name>Colón - Porfirio Díaz</name>
      <styleUrl>#iconoParada</styleUrl>
      <Point>
        <coordinates>-96.755394,17.142106,0</coordinates>
      </Point>
    </Placemark>
    <Placemark>
      <name>Morelos - Colón</name>
      <styleUrl>#iconoParada</styleUrl>
      <Point>
        <coordinates>-96.755634,17.144848,0</coordinates>
      </Point>
    </Placemark>
  </Document>
</kml>
