shape_id,shape_pt_lat,shape_pt_lon,shape_pt_sequence
BinniBusRT01,17.126391,-96.768198,1
BinniBusRT01,17.126396,-96.768156,2
BinniBusRT01,17.126545,-96.767702,3
BinniBusRT01,17.12443,-96.766039,4
BinniBusRT01,17.123036,-96.764921,5
BinniBusRT01,17.122459,-96.764486,6
BinniBusRT01,17.122305,-96.764446,7
BinniBusRT01,17.122192,-96.764285,8
BinniBusRT01,17.120841,-96.763137,9
BinniBusRT01,17.119403,-96.761871,10
BinniBusRT01,17.117724,-96.760559,11
BinniBusRT01,17.116391,-96.759457,12
BinniBusRT01,17.115333,-96.758556,13
BinniBusRT01,17.114594,-96.757944,14
BinniBusRT01,17.11351,-96.757174,15
BinniBusRT01,17.112572,-96.756619,16
BinniBusRT01,17.111982,-96.756316,17
BinniBusRT01,17.110418,-96.755622,18
BinniBusRT01,17.110206,-96.75557,19
BinniBusRT01,17.108365,-96.754795,20
BinniBusRT01,17.106237,-96.753889,21
BinniBusRT01,17.104753,-96.753226,22
BinniBusRT01,17.103256,-96.752623,23
BinniBusRT01,17.101651,-96.751901,24
BinniBusRT01,17.100436,-96.751368,25
BinniBusRT01,17.09889,-96.750726,26
BinniBusRT01,17.0975,-96.750163,27
BinniBusRT01,17.097296,-96.750067,28
BinniBusRT01,17.097131,-96.749941,29
BinniBusRT01,17.096829,-96.749793,30
BinniBusRT01,17.094793,-96.748983,31
BinniBusRT01,17.093537,-96.748436,32
BinniBusRT01,17.093258,-96.748259,33
BinniBusRT01,17.09265,-96.748017,34
BinniBusRT01,17.092422,-96.74798,35
BinniBusRT01,17.092073,-96.747784,36
BinniBusRT01,17.091822,-96.747722,37
BinniBusRT01,17.090643,-96.747164,38
BinniBusRT01,17.089235,-96.746588,39
BinniBusRT01,17.08771,-96.745899,40
BinniBusRT01,17.086671,-96.745451,41
BinniBusRT01,17.086058,-96.745145,42
BinniBusRT01,17.08573,-96.745021,43
BinniBusRT01,17.084682,-96.744579,44
BinniBusRT01,17.083684,-96.744179,45
BinniBusRT01,17.082818,-96.743804,46
BinniBusRT01,17.082292,-96.743577,47
BinniBusRT01,17.081084,-96.743557,48
BinniBusRT01,17.080463,-96.743532,49
BinniBusRT01,17.080058,-96.743472,50
BinniBusRT01,17.079646,-96.743287,51
BinniBusRT01,17.078844,-96.742854,52
BinniBusRT01,17.078087,-96.742398,53
BinniBusRT01,17.077254,-96.741902,54
BinniBusRT01,17.076249,-96.741347,55
BinniBusRT01,17.075885,-96.741223,56
BinniBusRT01,17.075713,-96.741138,57
BinniBusRT01,17.075524,-96.740877,58
BinniBusRT01,17.0753,-96.740724,59
BinniBusRT01,17.074195,-96.739949,60
BinniBusRT01,17.072393,-96.738598,61
BinniBusRT01,17.072146,-96.738475,62
BinniBusRT01,17.071887,-96.738313,63
BinniBusRT01,17.070992,-96.737865,64
BinniBusRT01,17.070034,-96.737503,65
BinniBusRT01,17.069272,-96.737188,66
BinniBusRT01,17.067864,-96.736337,67
BinniBusRT01,17.067105,-96.735895,68
BinniBusRT01,17.0665,-96.735982,69
BinniBusRT01,17.066003,-96.736257,70
BinniBusRT01,17.065608,-96.736414,71
BinniBusRT01,17.065285,-96.736406,72
BinniBusRT01,17.064431,-96.736123,73
BinniBusRT01,17.063452,-96.735595,74
BinniBusRT01,17.062747,-96.735113,75
BinniBusRT01,17.062609,-96.734923,76
BinniBusRT01,17.061598,-96.734199,77
BinniBusRT01,17.060534,-96.733472,78
BinniBusRT01,17.058972,-96.732394,79
BinniBusRT01,17.057831,-96.731573,80
BinniBusRT01,17.057616,-96.731447,81
BinniBusRT01,17.057434,-96.731311,82
BinniBusRT01,17.057351,-96.731147,83
BinniBusRT01,17.056605,-96.730626,84
BinniBusRT01,17.056412,-96.730629,85
BinniBusRT01,17.056065,-96.73046,86
BinniBusRT01,17.055559,-96.730298,87
BinniBusRT01,17.055038,-96.730144,88
BinniBusRT01,17.054688,-96.73003,89
BinniBusRT01,17.053895,-96.729802,90
BinniBusRT01,17.052954,-96.72951,91
BinniBusRT01,17.052316,-96.729357,92
BinniBusRT01,17.051682,-96.729336,93
BinniBusRT01,17.051488,-96.729301,94
BinniBusRT01,17.051339,-96.729213,95
BinniBusRT01,17.051045,-96.728987,96
BinniBusRT01,17.050931,-96.729022,97
BinniBusRT01,17.050354,-96.729181,98
BinniBusRT01,17.050194,-96.729254,99
BinniBusRT01,17.050072,-96.729537,100
BinniBusRT01,17.04975,-96.730798,101
BinniBusRT01,17.049584,-96.731039,102
BinniBusRT01,17.049533,-96.731082,103
BinniBusRT01,17.049451,-96.73109,104
BinniBusRT01,17.049242,-96.731266,105
BinniBusRT01,17.049118,-96.731381,106
BinniBusRT01,17.048831,-96.731457,107
BinniBusRT01,17.048652,-96.731441,108
BinniBusRT01,17.047705,-96.731309,109
BinniBusRT01,17.046368,-96.731094,110
BinniBusRT01,17.045701,-96.730967,111
BinniBusRT01,17.04548,-96.730913,112
BinniBusRT01,17.04462,-96.730552,113
BinniBusRT01,17.043699,-96.730169,114
BinniBusRT01,17.042958,-96.729823,115
BinniBusRT01,17.042382,-96.729564,116
BinniBusRT01,17.041857,-96.729399,117
BinniBusRT01,17.040841,-96.729184,118
BinniBusRT01,17.039949,-96.729017,119
BinniBusRT01,17.038992,-96.728841,120
BinniBusRT01,17.038223,-96.72873,121
BinniBusRT01,17.037651,-96.728629,122
BinniBusRT01,17.036765,-96.728502,123
BinniBusRT01,17.036654,-96.728501,124
BinniBusRT01,17.036529,-96.728502,125
BinniBusRT01,17.022805,-96.73019,126
BinniBusRT01,17.02246,-96.730313,127
BinniBusRT01,17.021571,-96.730737,128
BinniBusRT01,17.021226,-96.730871,129
BinniBusRT01,17.020592,-96.731154,130
BinniBusRT01,17.019988,-96.731427,131
BinniBusRT01,17.01941,-96.73168,132
BinniBusRT01,17.018596,-96.732053,133
BinniBusRT01,17.017779,-96.732427,134
BinniBusRT01,17.016988,-96.732772,135
BinniBusRT01,17.016324,-96.733079,136
BinniBusRT01,17.01623,-96.73312,137
BinniBusRT01,17.016071,-96.732833,138
BinniBusRT01,17.016011,-96.732771,139
BinniBusRT01,17.016093,-96.733027,140
BinniBusRT01,17.017078,-96.732625,141
BinniBusRT01,17.018832,-96.731826,142
BinniBusRT01,17.022346,-96.730259,143
BinniBusRT01,17.022976,-96.73005,144
BinniBusRT01,17.023161,-96.729997,145
BinniBusRT01,17.023291,-96.729977,146
BinniBusRT01,17.023578,-96.729928,147
BinniBusRT01,17.024183,-96.729849,148
BinniBusRT01,17.026595,-96.729549,149
BinniBusRT01,17.028852,-96.729256,150
BinniBusRT01,17.029524,-96.729197,151
BinniBusRT01,17.031363,-96.72894,152
BinniBusRT01,17.032963,-96.728731,153
BinniBusRT01,17.034548,-96.728566,154
BinniBusRT01,17.035397,-96.728452,155
BinniBusRT01,17.036349,-96.728356,156
BinniBusRT01,17.036497,-96.728347,157
BinniBusRT01,17.036642,-96.72834,158
BinniBusRT01,17.036784,-96.728352,159
BinniBusRT01,17.038169,-96.728547,160
BinniBusRT01,17.039567,-96.728803,161
BinniBusRT01,17.041252,-96.729095,162
BinniBusRT01,17.041849,-96.729216,163
BinniBusRT01,17.042693,-96.729551,164
BinniBusRT01,17.04399,-96.730123,165
BinniBusRT01,17.04528,-96.730638,166
BinniBusRT01,17.045993,-96.730847,167
BinniBusRT01,17.046627,-96.730951,168
BinniBusRT01,17.047534,-96.73112,169
BinniBusRT01,17.04857,-96.731279,170
BinniBusRT01,17.04892,-96.731302,171
BinniBusRT01,17.04918,-96.731208,172
BinniBusRT01,17.049545,-96.731056,173
BinniBusRT01,17.04959,-96.731008,174
BinniBusRT01,17.049729,-96.730804,175
BinniBusRT01,17.04993,-96.730051,176
BinniBusRT01,17.05009,-96.729515,177
BinniBusRT01,17.05019,-96.729148,178
BinniBusRT01,17.050368,-96.728993,179
BinniBusRT01,17.050842,-96.728796,180
BinniBusRT01,17.051152,-96.728661,181
BinniBusRT01,17.051313,-96.728757,182
BinniBusRT01,17.051727,-96.72896,183
BinniBusRT01,17.051966,-96.729048,184
BinniBusRT01,17.052458,-96.729177,185
BinniBusRT01,17.053627,-96.729534,186
BinniBusRT01,17.054812,-96.729897,187
BinniBusRT01,17.055403,-96.730106,188
BinniBusRT01,17.055749,-96.730243,189
BinniBusRT01,17.056025,-96.730333,190
BinniBusRT01,17.056463,-96.730491,191
BinniBusRT01,17.057299,-96.731028,192
BinniBusRT01,17.057794,-96.731382,193
BinniBusRT01,17.058194,-96.731679,194
BinniBusRT01,17.058774,-96.732068,195
BinniBusRT01,17.060002,-96.732978,196
BinniBusRT01,17.060319,-96.733275,197
BinniBusRT01,17.060665,-96.733511,198
BinniBusRT01,17.06085,-96.733585,199
BinniBusRT01,17.06172,-96.734147,200
BinniBusRT01,17.062092,-96.734458,201
BinniBusRT01,17.062466,-96.734708,202
BinniBusRT01,17.063087,-96.735121,203
BinniBusRT01,17.063605,-96.735504,204
BinniBusRT01,17.064862,-96.736102,205
BinniBusRT01,17.065266,-96.736231,206
BinniBusRT01,17.065497,-96.736274,207
BinniBusRT01,17.065841,-96.7362,208
BinniBusRT01,17.065997,-96.736074,209
BinniBusRT01,17.066138,-96.735858,210
BinniBusRT01,17.066146,-96.735677,211
BinniBusRT01,17.066245,-96.735459,212
BinniBusRT01,17.066369,-96.735338,213
BinniBusRT01,17.066466,-96.735231,214
BinniBusRT01,17.066741,-96.734434,215
BinniBusRT01,17.066827,-96.73444,216
BinniBusRT01,17.067266,-96.734871,217
BinniBusRT01,17.067969,-96.735381,218
BinniBusRT01,17.06867,-96.735778,219
BinniBusRT01,17.069101,-96.735998,220
BinniBusRT01,17.069528,-96.736161,221
BinniBusRT01,17.070197,-96.736432,222
BinniBusRT01,17.070946,-96.736642,223
BinniBusRT01,17.071635,-96.736996,224
BinniBusRT01,17.072433,-96.737444,225
BinniBusRT01,17.073,-96.737747,226
BinniBusRT01,17.073825,-96.738238,227
BinniBusRT01,17.074361,-96.738559,228
BinniBusRT01,17.074951,-96.738943,229
BinniBusRT01,17.075745,-96.739621,230
BinniBusRT01,17.076428,-96.739959,231
BinniBusRT01,17.077276,-96.740326,232
BinniBusRT01,17.07813,-96.740706,233
BinniBusRT01,17.079843,-96.741518,234
BinniBusRT01,17.08014,-96.741618,235
BinniBusRT01,17.080258,-96.7417,236
BinniBusRT01,17.080558,-96.742183,237
BinniBusRT01,17.080955,-96.742701,238
BinniBusRT01,17.081155,-96.742907,239
BinniBusRT01,17.081502,-96.74309,240
BinniBusRT01,17.082966,-96.743706,241
BinniBusRT01,17.083717,-96.744042,242
BinniBusRT01,17.084283,-96.744248,243
BinniBusRT01,17.085201,-96.744656,244
BinniBusRT01,17.085952,-96.744991,245
BinniBusRT01,17.08615,-96.745018,246
BinniBusRT01,17.087037,-96.745469,247
BinniBusRT01,17.087916,-96.745831,248
BinniBusRT01,17.088875,-96.746265,249
BinniBusRT01,17.090485,-96.746939,250
BinniBusRT01,17.092024,-96.747614,251
BinniBusRT01,17.0927,-96.747944,252
BinniBusRT01,17.093241,-96.74814,253
BinniBusRT01,17.094733,-96.748773,254
BinniBusRT01,17.095546,-96.749151,255
BinniBusRT01,17.096428,-96.74954,256
BinniBusRT01,17.097189,-96.749808,257
BinniBusRT01,17.097478,-96.74994,258
BinniBusRT01,17.097892,-96.750157,259
BinniBusRT01,17.098774,-96.750522,260
BinniBusRT01,17.099876,-96.751024,261
BinniBusRT01,17.10134,-96.751627,262
BinniBusRT01,17.102294,-96.752037,263
BinniBusRT01,17.103304,-96.752469,264
BinniBusRT01,17.104869,-96.753136,265
BinniBusRT01,17.105962,-96.75361,266
BinniBusRT01,17.106933,-96.754034,267
BinniBusRT01,17.107882,-96.754465,268
BinniBusRT01,17.109587,-96.755189,269
BinniBusRT01,17.11053,-96.755597,270
BinniBusRT01,17.110858,-96.755701,271
BinniBusRT01,17.111358,-96.755911,272
BinniBusRT01,17.112355,-96.756358,273
BinniBusRT01,17.112581,-96.756522,274
BinniBusRT01,17.112773,-96.756624,275
BinniBusRT01,17.113427,-96.756999,276
BinniBusRT01,17.113747,-96.757233,277
BinniBusRT01,17.114652,-96.757877,278
BinniBusRT01,17.115365,-96.758405,279
BinniBusRT01,17.116003,-96.758958,280
BinniBusRT01,17.117695,-96.760336,281
BinniBusRT01,17.118977,-96.76139,282
BinniBusRT01,17.12052,-96.762672,283
BinniBusRT01,17.121755,-96.763649,284
BinniBusRT01,17.122317,-96.764075,285
BinniBusRT01,17.122514,-96.764184,286
BinniBusRT01,17.122617,-96.764298,287
BinniBusRT01,17.123255,-96.764834,288
BinniBusRT01,17.124839,-96.766151,289
BinniBusRT01,17.126523,-96.767503,290
BinniBusRT01,17.126391,-96.767697,291
BinniBusRT01,17.126291,-96.767829,292
BinniBusRT01,17.126278,-96.767982,293
BinniBusRT01,17.126187,-96.768374,294
BinniBusRT01,17.126131,-96.768399,295
BinniBusRT01,17.126185,-96.768521,296
BinniBusRT01,17.126319,-96.768469,297
BinniBusRT01,17.12629,-96.768387,298
BinniBusRT01,17.126378,-96.7682,299
BinniBusRA01,17.019966,-96.745907,1
BinniBusRA01,17.019842,-96.745884,2
BinniBusRA01,17.018079,-96.746744,3
BinniBusRA01,17.016897,-96.747127,4
BinniBusRA01,17.016007,-96.747425,5
BinniBusRA01,17.015656,-96.746025,6
BinniBusRA01,17.015472,-96.745284,7
BinniBusRA01,17.015239,-96.744056,8
BinniBusRA01,17.015048,-96.743267,9
BinniBusRA01,17.014663,-96.741256,10
BinniBusRA01,17.013809,-96.741494,11
BinniBusRA01,17.012645,-96.741769,12
BinniBusRA01,17.010934,-96.742174,13
BinniBusRA01,17.011275,-96.743849,14
BinniBusRA01,17.011471,-96.744776,15
BinniBusRA01,17.009862,-96.745112,16
BinniBusRA01,17.010124,-96.746538,17
BinniBusRA01,17.008562,-96.746906,18
BinniBusRA01,17.007116,-96.747237,19
BinniBusRA01,17.006526,-96.747384,20
BinniBusRA01,17.006517,-96.747296,21
BinniBusRA01,17.006448,-96.74691,22
BinniBusRA01,17.006322,-96.74615,23
BinniBusRA01,17.00615,-96.745385,24
BinniBusRA01,17.005977,-96.744461,25
BinniBusRA01,17.005921,-96.744048,26
BinniBusRA01,17.005789,-96.743427,27
BinniBusRA01,17.005686,-96.74282,28
BinniBusRA01,17.005294,-96.740801,29
BinniBusRA01,17.005254,-96.740561,30
BinniBusRA01,17.004161,-96.740619,31
BinniBusRA01,17.00396,-96.739742,32
BinniBusRA01,17.003699,-96.738597,33
BinniBusRA01,17.004536,-96.738192,34
BinniBusRA01,17.005442,-96.737788,35
BinniBusRA01,17.006409,-96.737371,36
BinniBusRA01,17.007,-96.737128,37
BinniBusRA01,17.008256,-96.736585,38
BinniBusRA01,17.009148,-96.736192,39
BinniBusRA01,17.009875,-96.735854,40
BinniBusRA01,17.011014,-96.735336,41
BinniBusRA01,17.011824,-96.734956,42
BinniBusRA01,17.013334,-96.734253,43
BinniBusRA01,17.014325,-96.733818,44
BinniBusRA01,17.015469,-96.733338,45
BinniBusRA01,17.016307,-96.73297,46
BinniBusRA01,17.016449,-96.732897,47
BinniBusRA01,17.017307,-96.732551,48
BinniBusRA01,17.018605,-96.731966,49
BinniBusRA01,17.019405,-96.731599,50
BinniBusRA01,17.020405,-96.731162,51
BinniBusRA01,17.021299,-96.73075,52
BinniBusRA01,17.022057,-96.730394,53
BinniBusRA01,17.022781,-96.730098,54
BinniBusRA01,17.023112,-96.73004,55
BinniBusRA01,17.02312,-96.72998,56
BinniBusRA01,17.023208,-96.729917,57
BinniBusRA01,17.023326,-96.729953,58
BinniBusRA01,17.024093,-96.729827,59
BinniBusRA01,17.025529,-96.729657,60
BinniBusRA01,17.026873,-96.729516,61
BinniBusRA01,17.028298,-96.729346,62
BinniBusRA01,17.028922,-96.729244,63
BinniBusRA01,17.029597,-96.729197,64
BinniBusRA01,17.030856,-96.729013,65
BinniBusRA01,17.031942,-96.728878,66
BinniBusRA01,17.03315,-96.728734,67
BinniBusRA01,17.03437,-96.728542,68
BinniBusRA01,17.034912,-96.728483,69
BinniBusRA01,17.035411,-96.72845,70
BinniBusRA01,17.036415,-96.728344,71
BinniBusRA01,17.03651,-96.728263,72
BinniBusRA01,17.036616,-96.728128,73
BinniBusRA01,17.036681,-96.72797,74
BinniBusRA01,17.036821,-96.727401,75
BinniBusRA01,17.037708,-96.727545,76
BinniBusRA01,17.038704,-96.727754,77
BinniBusRA01,17.039104,-96.727738,78
BinniBusRA01,17.03956,-96.727597,79
BinniBusRA01,17.040887,-96.727122,80
BinniBusRA01,17.041646,-96.726977,81
BinniBusRA01,17.042398,-96.726984,82
BinniBusRA01,17.043559,-96.727201,83
BinniBusRA01,17.044352,-96.727406,84
BinniBusRA01,17.045297,-96.72782,85
BinniBusRA01,17.04639,-96.728478,86
BinniBusRA01,17.047029,-96.728847,87
BinniBusRA01,17.048216,-96.729513,88
BinniBusRA01,17.048684,-96.729673,89
BinniBusRA01,17.048976,-96.72978,90
BinniBusRA01,17.049404,-96.729828,91
BinniBusRA01,17.04988,-96.72981,92
BinniBusRA01,17.050192,-96.729869,93
BinniBusRA01,17.050423,-96.72982,94
BinniBusRA01,17.051116,-96.729583,95
BinniBusRA01,17.051566,-96.729517,96
BinniBusRA01,17.052077,-96.729464,97
BinniBusRA01,17.05213,-96.729338,98
BinniBusRA01,17.052023,-96.729102,99
BinniBusRA01,17.052495,-96.729205,100
BinniBusRA01,17.053463,-96.729504,101
BinniBusRA01,17.054646,-96.729857,102
BinniBusRA01,17.055494,-96.730102,103
BinniBusRA01,17.05594,-96.730215,104
BinniBusRA01,17.056401,-96.7304,105
BinniBusRA01,17.056882,-96.730719,106
BinniBusRA01,17.057662,-96.73131,107
BinniBusRA01,17.057913,-96.731474,108
BinniBusRA01,17.058332,-96.731785,109
BinniBusRA01,17.059066,-96.732289,110
BinniBusRA01,17.059932,-96.732917,111
BinniBusRA01,17.060331,-96.733177,112
BinniBusRA01,17.060725,-96.733471,113
BinniBusRA01,17.0608,-96.733531,114
BinniBusRA01,17.060845,-96.733598,115
BinniBusRA01,17.060775,-96.733753,116
BinniBusRA01,17.060163,-96.734671,117
BinniBusRA01,17.059484,-96.735707,118
BinniBusRA01,17.058952,-96.736483,119
BinniBusRA01,17.0591,-96.736604,120
BinniBusRA01,17.059392,-96.736731,121
BinniBusRA01,17.059645,-96.736826,122
BinniBusRA01,17.06023,-96.736894,123
BinniBusRA01,17.05984,-96.736874,124
BinniBusRA01,17.05943,-96.73674,125
BinniBusRA01,17.059123,-96.736627,126
BinniBusRA01,17.058997,-96.736541,127
BinniBusRA01,17.05891,-96.736466,128
BinniBusRA01,17.058917,-96.736391,129
BinniBusRA01,17.059374,-96.735688,130
BinniBusRA01,17.060035,-96.734653,131
BinniBusRA01,17.060746,-96.733618,132
BinniBusRA01,17.059915,-96.733052,133
BinniBusRA01,17.058253,-96.731896,134
BinniBusRA01,17.057756,-96.731547,135
BinniBusRA01,17.057597,-96.731461,136
BinniBusRA01,17.057438,-96.731228,137
BinniBusRA01,17.056499,-96.730627,138
BinniBusRA01,17.056246,-96.730463,139
BinniBusRA01,17.05533,-96.730176,140
BinniBusRA01,17.054879,-96.730093,141
BinniBusRA01,17.054163,-96.72987,142
BinniBusRA01,17.053322,-96.729626,143
BinniBusRA01,17.052945,-96.729506,144
BinniBusRA01,17.052668,-96.729414,145
BinniBusRA01,17.05213,-96.729338,146
BinniBusRA01,17.052099,-96.729468,147
BinniBusRA01,17.051284,-96.729562,148
BinniBusRA01,17.050237,-96.729878,149
BinniBusRA01,17.049671,-96.729814,150
BinniBusRA01,17.049181,-96.729801,151
BinniBusRA01,17.048801,-96.729742,152
BinniBusRA01,17.048216,-96.729513,153
BinniBusRA01,17.04645,-96.728502,154
BinniBusRA01,17.045216,-96.727786,155
BinniBusRA01,17.044762,-96.727585,156
BinniBusRA01,17.044352,-96.727406,157
BinniBusRA01,17.043147,-96.72711,158
BinniBusRA01,17.04237,-96.726979,159
BinniBusRA01,17.041693,-96.726984,160
BinniBusRA01,17.041011,-96.727094,161
BinniBusRA01,17.039185,-96.727714,162
BinniBusRA01,17.038862,-96.727776,163
BinniBusRA01,17.037277,-96.727473,164
BinniBusRA01,17.036838,-96.727419,165
BinniBusRA01,17.036723,-96.728096,166
BinniBusRA01,17.036709,-96.728308,167
BinniBusRA01,17.036773,-96.728378,168
BinniBusRA01,17.036776,-96.72847,169
BinniBusRA01,17.036702,-96.728564,170
BinniBusRA01,17.036616,-96.72857,171
BinniBusRA01,17.03649,-96.728492,172
BinniBusRA01,17.035832,-96.728525,173
BinniBusRA01,17.035156,-96.728607,174
BinniBusRA01,17.034285,-96.728743,175
BinniBusRA01,17.033189,-96.728869,176
BinniBusRA01,17.03249,-96.728949,177
BinniBusRA01,17.031582,-96.729071,178
BinniBusRA01,17.030839,-96.729178,179
BinniBusRA01,17.030199,-96.729271,180
BinniBusRA01,17.029554,-96.729362,181
BinniBusRA01,17.028656,-96.729422,182
BinniBusRA01,17.027602,-96.729553,183
BinniBusRA01,17.026357,-96.729716,184
BinniBusRA01,17.025014,-96.729844,185
BinniBusRA01,17.023422,-96.730061,186
BinniBusRA01,17.023276,-96.730186,187
BinniBusRA01,17.02322,-96.730179,188
BinniBusRA01,17.023124,-96.730129,189
BinniBusRA01,17.022777,-96.730191,190
BinniBusRA01,17.022391,-96.730345,191
BinniBusRA01,17.021548,-96.730734,192
BinniBusRA01,17.021011,-96.730992,193
BinniBusRA01,17.02025,-96.731322,194
BinniBusRA01,17.019009,-96.731858,195
BinniBusRA01,17.017792,-96.732418,196
BinniBusRA01,17.015953,-96.733247,197
BinniBusRA01,17.014553,-96.733864,198
BinniBusRA01,17.013596,-96.734261,199
BinniBusRA01,17.013119,-96.734473,200
BinniBusRA01,17.012262,-96.734894,201
BinniBusRA01,17.011088,-96.735423,202
BinniBusRA01,17.00988,-96.735956,203
BinniBusRA01,17.008487,-96.736576,204
BinniBusRA01,17.006992,-96.737249,205
BinniBusRA01,17.00645,-96.737491,206
BinniBusRA01,17.005831,-96.737715,207
BinniBusRA01,17.004422,-96.738336,208
BinniBusRA01,17.003729,-96.738702,209
BinniBusRA01,17.003894,-96.73945,210
BinniBusRA01,17.00415,-96.740629,211
BinniBusRA01,17.004474,-96.740582,212
BinniBusRA01,17.004733,-96.740595,213
BinniBusRA01,17.005254,-96.740561,214
BinniBusRA01,17.005355,-96.74109,215
BinniBusRA01,17.005507,-96.741845,216
BinniBusRA01,17.005796,-96.743479,217
BinniBusRA01,17.005942,-96.744185,218
BinniBusRA01,17.00609,-96.745106,219
BinniBusRA01,17.006259,-96.745848,220
BinniBusRA01,17.006381,-96.746487,221
BinniBusRA01,17.006432,-96.74688,222
BinniBusRA01,17.006541,-96.747374,223
BinniBusRA01,17.006984,-96.747276,224
BinniBusRA01,17.00769,-96.747096,225
BinniBusRA01,17.009307,-96.746697,226
BinniBusRA01,17.01012,-96.746525,227
BinniBusRA01,17.009918,-96.745504,228
BinniBusRA01,17.009844,-96.745103,229
BinniBusRA01,17.010209,-96.745031,230
BinniBusRA01,17.01145,-96.74476,231
BinniBusRA01,17.011098,-96.743002,232
BinniBusRA01,17.010934,-96.742174,233
BinniBusRA01,17.011553,-96.742031,234
BinniBusRA01,17.012397,-96.741826,235
BinniBusRA01,17.012948,-96.741698,236
BinniBusRA01,17.014032,-96.741415,237
BinniBusRA01,17.014663,-96.741256,238
BinniBusRA01,17.014964,-96.742837,239
BinniBusRA01,17.015354,-96.744568,240
BinniBusRA01,17.01567,-96.746033,241
BinniBusRA01,17.015726,-96.746332,242
BinniBusRA01,17.016016,-96.747428,243
BinniBusRA01,17.016897,-96.747127,244
BinniBusRA01,17.01793,-96.746776,245
BinniBusRA01,17.018555,-96.746508,246
BinniBusRA01,17.019412,-96.746052,247
BinniBusRA01,17.019848,-96.745875,248
BinniBusRA01,17.019967,-96.745899,249
BinniBusRT02,17.126543,-96.767754,1
BinniBusRT02,17.125036,-96.76652,2
BinniBusRT02,17.123443,-96.765246,3
BinniBusRT02,17.121371,-96.76368,4
BinniBusRT02,17.1201,-96.762489,5
BinniBusRT02,17.118685,-96.761287,6
BinniBusRT02,17.117444,-96.760365,7
BinniBusRT02,17.116495,-96.759567,8
BinniBusRT02,17.115746,-96.758923,9
BinniBusRT02,17.115029,-96.758311,10
BinniBusRT02,17.113778,-96.757389,11
BinniBusRT02,17.113255,-96.757013,12
BinniBusRT02,17.11265,-96.756696,13
BinniBusRT02,17.111655,-96.75616,14
BinniBusRT02,17.110815,-96.755838,15
BinniBusRT02,17.109368,-96.755244,16
BinniBusRT02,17.108076,-96.754696,17
BinniBusRT02,17.106743,-96.754106,18
BinniBusRT02,17.105312,-96.753518,19
BinniBusRT02,17.104399,-96.75311,20
BinniBusRT02,17.10321,-96.752595,21
BinniBusRT02,17.102225,-96.752166,22
BinniBusRT02,17.101169,-96.751694,23
BinniBusRT02,17.100051,-96.751243,24
BinniBusRT02,17.098993,-96.750783,25
BinniBusRT02,17.098281,-96.750488,26
BinniBusRT02,17.097442,-96.750155,27
BinniBusRT02,17.097237,-96.750053,28
BinniBusRT02,17.097119,-96.74994,29
BinniBusRT02,17.096611,-96.749737,30
BinniBusRT02,17.0955,-96.749294,31
BinniBusRT02,17.094536,-96.748854,32
BinniBusRT02,17.093582,-96.748479,33
BinniBusRT02,17.093224,-96.748235,34
BinniBusRT02,17.092804,-96.748064,35
BinniBusRT02,17.092491,-96.747994,36
BinniBusRT02,17.091994,-96.747758,37
BinniBusRT02,17.091732,-96.747677,38
BinniBusRT02,17.090881,-96.747302,39
BinniBusRT02,17.090414,-96.747104,40
BinniBusRT02,17.08916,-96.746525,41
BinniBusRT02,17.08793,-96.745978,42
BinniBusRT02,17.086997,-96.745571,43
BinniBusRT02,17.086495,-96.745353,44
BinniBusRT02,17.085828,-96.745069,45
BinniBusRT02,17.085135,-96.744779,46
BinniBusRT02,17.08454,-96.744532,47
BinniBusRT02,17.083797,-96.744243,48
BinniBusRT02,17.083259,-96.74399,49
BinniBusRT02,17.082856,-96.743827,50
BinniBusRT02,17.082638,-96.743725,51
BinniBusRT02,17.082423,-96.743604,52
BinniBusRT02,17.081813,-96.743314,53
BinniBusRT02,17.081485,-96.74318,54
BinniBusRT02,17.081198,-96.74303,55
BinniBusRT02,17.080849,-96.742746,56
BinniBusRT02,17.080639,-96.742493,57
BinniBusRT02,17.080351,-96.74208,58
BinniBusRT02,17.080074,-96.741619,59
BinniBusRT02,17.079566,-96.740636,60
BinniBusRT02,17.078986,-96.739547,61
BinniBusRT02,17.078684,-96.739037,62
BinniBusRT02,17.078315,-96.738544,63
BinniBusRT02,17.07793,-96.738184,64
BinniBusRT02,17.077422,-96.737778,65
BinniBusRT02,17.077173,-96.737572,66
BinniBusRT02,17.076986,-96.737397,67
BinniBusRT02,17.076728,-96.737129,68
BinniBusRT02,17.076538,-96.736848,69
BinniBusRT02,17.076078,-96.736159,70
BinniBusRT02,17.075814,-96.735767,71
BinniBusRT02,17.075473,-96.735228,72
BinniBusRT02,17.075253,-96.734909,73
BinniBusRT02,17.075014,-96.734608,74
BinniBusRT02,17.074656,-96.734309,75
BinniBusRT02,17.074344,-96.734035,76
BinniBusRT02,17.074157,-96.733898,77
BinniBusRT02,17.073931,-96.733882,78
BinniBusRT02,17.073785,-96.733914,79
BinniBusRT02,17.073624,-96.734036,80
BinniBusRT02,17.073405,-96.734259,81
BinniBusRT02,17.073285,-96.734354,82
BinniBusRT02,17.073142,-96.73443,83
BinniBusRT02,17.072989,-96.734466,84
BinniBusRT02,17.072789,-96.734458,85
BinniBusRT02,17.072649,-96.734409,86
BinniBusRT02,17.072348,-96.734256,87
BinniBusRT02,17.071984,-96.734054,88
BinniBusRT02,17.071722,-96.733935,89
BinniBusRT02,17.071576,-96.733924,90
BinniBusRT02,17.071371,-96.733956,91
BinniBusRT02,17.071058,-96.734055,92
BinniBusRT02,17.070606,-96.734181,93
BinniBusRT02,17.070389,-96.734232,94
BinniBusRT02,17.070062,-96.734236,95
BinniBusRT02,17.069745,-96.734137,96
BinniBusRT02,17.069432,-96.733968,97
BinniBusRT02,17.069322,-96.733867,98
BinniBusRT02,17.069079,-96.733616,99
BinniBusRT02,17.068898,-96.733368,100
BinniBusRT02,17.068691,-96.733045,101
BinniBusRT02,17.068545,-96.732782,102
BinniBusRT02,17.06838,-96.732517,103
BinniBusRT02,17.06806,-96.732265,104
BinniBusRT02,17.067816,-96.732109,105
BinniBusRT02,17.067536,-96.731934,106
BinniBusRT02,17.067352,-96.731749,107
BinniBusRT02,17.067267,-96.731604,108
BinniBusRT02,17.067231,-96.731272,109
BinniBusRT02,17.067313,-96.731146,110
BinniBusRT02,17.067416,-96.731041,111
BinniBusRT02,17.068045,-96.730468,112
BinniBusRT02,17.0683,-96.730253,113
BinniBusRT02,17.068462,-96.730119,114
BinniBusRT02,17.068652,-96.730022,115
BinniBusRT02,17.068744,-96.729975,116
BinniBusRT02,17.069032,-96.729928,117
BinniBusRT02,17.069159,-96.729936,118
BinniBusRT02,17.06956,-96.730041,119
BinniBusRT02,17.069814,-96.730124,120
BinniBusRT02,17.070116,-96.730188,121
BinniBusRT02,17.070314,-96.730213,122
BinniBusRT02,17.070506,-96.730191,123
BinniBusRT02,17.070649,-96.73014,124
BinniBusRT02,17.070844,-96.730054,125
BinniBusRT02,17.071006,-96.72991,126
BinniBusRT02,17.071137,-96.729781,127
BinniBusRT02,17.071239,-96.729601,128
BinniBusRT02,17.071303,-96.729368,129
BinniBusRT02,17.071375,-96.729236,130
BinniBusRT02,17.07159,-96.728906,131
BinniBusRT02,17.071772,-96.728686,132
BinniBusRT02,17.071949,-96.728416,133
BinniBusRT02,17.072113,-96.728203,134
BinniBusRT02,17.072246,-96.72808,135
BinniBusRT02,17.072454,-96.727994,136
BinniBusRT02,17.072546,-96.727983,137
BinniBusRT02,17.072782,-96.72798,138
BinniBusRT02,17.073011,-96.72798,139
BinniBusRT02,17.07318,-96.727959,140
BinniBusRT02,17.073293,-96.727881,141
BinniBusRT02,17.073349,-96.727784,142
BinniBusRT02,17.073377,-96.727653,143
BinniBusRT02,17.073364,-96.72753,144
BinniBusRT02,17.073254,-96.727154,145
BinniBusRT02,17.073182,-96.72691,146
BinniBusRT02,17.07301,-96.72633,147
BinniBusRT02,17.072638,-96.725214,148
BinniBusRT02,17.072536,-96.724774,149
BinniBusRT02,17.072402,-96.72391,150
BinniBusRT02,17.072085,-96.721976,151
BinniBusRT02,17.071775,-96.720733,152
BinniBusRT02,17.07177,-96.720448,153
BinniBusRT02,17.07177,-96.720234,154
BinniBusRT02,17.071667,-96.71986,155
BinniBusRT02,17.071595,-96.719442,156
BinniBusRT02,17.071533,-96.719009,157
BinniBusRT02,17.071323,-96.718151,158
BinniBusRT02,17.071249,-96.717926,159
BinniBusRT02,17.071072,-96.717644,160
BinniBusRT02,17.070946,-96.717065,161
BinniBusRT02,17.070802,-96.716375,162
BinniBusRT02,17.07065,-96.715945,163
BinniBusRT02,17.070581,-96.715554,164
BinniBusRT02,17.070504,-96.715014,165
BinniBusRT02,17.07045,-96.714762,166
BinniBusRT02,17.07042,-96.714534,167
BinniBusRT02,17.070371,-96.713952,168
BinniBusRT02,17.070366,-96.713742,169
BinniBusRT02,17.070377,-96.713478,170
BinniBusRT02,17.070393,-96.713379,171
BinniBusRT02,17.07038,-96.713281,172
BinniBusRT02,17.070357,-96.713072,173
BinniBusRT02,17.070328,-96.712693,174
BinniBusRT02,17.07031,-96.712525,175
BinniBusRT02,17.070289,-96.712347,176
BinniBusRT02,17.070186,-96.711862,177
BinniBusRT02,17.070119,-96.71106,178
BinniBusRT02,17.070027,-96.710103,179
BinniBusRT02,17.069944,-96.709236,180
BinniBusRT02,17.069842,-96.708038,181
BinniBusRT02,17.069804,-96.707531,182
BinniBusRT02,17.069708,-96.706153,183
BinniBusRT02,17.069637,-96.705284,184
BinniBusRT02,17.069468,-96.703594,185
BinniBusRT02,17.069334,-96.702153,186
BinniBusRT02,17.069242,-96.701158,187
BinniBusRT02,17.069121,-96.699755,188
BinniBusRT02,17.069058,-96.698875,189
BinniBusRT02,17.068976,-96.697831,190
BinniBusRT02,17.068948,-96.697517,191
BinniBusRT02,17.068876,-96.696817,192
BinniBusRT02,17.068811,-96.696065,193
BinniBusRT02,17.068752,-96.695351,194
BinniBusRT02,17.068681,-96.694529,195
BinniBusRT02,17.06864,-96.693826,196
BinniBusRT02,17.068596,-96.692928,197
BinniBusRT02,17.068547,-96.69238,198
BinniBusRT02,17.068475,-96.691806,199
BinniBusRT02,17.0684,-96.691102,200
BinniBusRT02,17.068343,-96.690423,201
BinniBusRT02,17.068302,-96.689978,202
BinniBusRT02,17.06825,-96.689549,203
BinniBusRT02,17.068143,-96.689077,204
BinniBusRT02,17.067779,-96.687939,205
BinniBusRT02,17.067456,-96.686829,206
BinniBusRT02,17.067061,-96.685531,207
BinniBusRT02,17.066763,-96.684549,208
BinniBusRT02,17.066363,-96.683235,209
BinniBusRT02,17.065858,-96.681422,210
BinniBusRT02,17.065479,-96.680113,211
BinniBusRT02,17.064986,-96.678541,212
BinniBusRT02,17.064678,-96.6775,213
BinniBusRT02,17.064104,-96.675558,214
BinniBusRT02,17.063842,-96.674764,215
BinniBusRT02,17.063305,-96.672825,216
BinniBusRT02,17.062946,-96.67158,217
BinniBusRT02,17.062356,-96.669612,218
BinniBusRT02,17.061725,-96.667536,219
BinniBusRT02,17.061201,-96.665664,220
BinniBusRT02,17.060796,-96.66439,221
BinniBusRT02,17.06059,-96.663696,222
BinniBusRT02,17.060432,-96.663245,223
BinniBusRT02,17.06036,-96.663017,224
BinniBusRT02,17.060234,-96.662749,225
BinniBusRT02,17.059882,-96.662023,226
BinniBusRT02,17.059659,-96.661507,227
BinniBusRT02,17.059423,-96.660941,228
BinniBusRT02,17.059087,-96.660273,229
BinniBusRT02,17.05879,-96.659699,230
BinniBusRT02,17.058682,-96.659512,231
BinniBusRT02,17.05784,-96.658038,232
BinniBusRT02,17.057414,-96.657379,233
BinniBusRT02,17.056455,-96.655693,234
BinniBusRT02,17.056142,-96.65506,235
BinniBusRT02,17.055318,-96.6536,236
BinniBusRT02,17.055138,-96.653306,237
BinniBusRT02,17.054694,-96.65248,238
BinniBusRT02,17.054505,-96.652126,239
BinniBusRT02,17.054397,-96.651863,240
BinniBusRT02,17.054315,-96.651723,241
BinniBusRT02,17.054479,-96.651648,242
BinniBusRT02,17.054885,-96.652414,243
BinniBusRT02,17.055473,-96.653523,244
BinniBusRT02,17.055473,-96.653523,245
BinniBusRT02,17.055681,-96.653925,246
BinniBusRT02,17.055955,-96.654419,247
BinniBusRT02,17.056363,-96.65514,248
BinniBusRT02,17.056728,-96.655757,249
BinniBusRT02,17.057437,-96.657,250
BinniBusRT02,17.057627,-96.657327,251
BinniBusRT02,17.058227,-96.658416,252
BinniBusRT02,17.05913,-96.660063,253
BinniBusRT02,17.060032,-96.661806,254
BinniBusRT02,17.060432,-96.662498,255
BinniBusRT02,17.060591,-96.662869,256
BinniBusRT02,17.060806,-96.663593,257
BinniBusRT02,17.061253,-96.665208,258
BinniBusRT02,17.061798,-96.667119,259
BinniBusRT02,17.062906,-96.670748,260
BinniBusRT02,17.06307,-96.671338,261
BinniBusRT02,17.063685,-96.673365,262
BinniBusRT02,17.064024,-96.674546,263
BinniBusRT02,17.065328,-96.679055,264
BinniBusRT02,17.065584,-96.679827,265
BinniBusRT02,17.065995,-96.681244,266
BinniBusRT02,17.066651,-96.683464,267
BinniBusRT02,17.067072,-96.684913,268
BinniBusRT02,17.067732,-96.687068,269
BinniBusRT02,17.068121,-96.68842,270
BinniBusRT02,17.068398,-96.689375,271
BinniBusRT02,17.06846,-96.690081,272
BinniBusRT02,17.068619,-96.69169,273
BinniBusRT02,17.068807,-96.694161,274
BinniBusRT02,17.068898,-96.695381,275
BinniBusRT02,17.069011,-96.696936,276
BinniBusRT02,17.069118,-96.697385,277
BinniBusRT02,17.069354,-96.699922,278
BinniBusRT02,17.069611,-96.703018,279
BinniBusRT02,17.069753,-96.704879,280
BinniBusRT02,17.069927,-96.706703,281
BinniBusRT02,17.070078,-96.708784,282
BinniBusRT02,17.07018,-96.709423,283
BinniBusRT02,17.070325,-96.711525,284
BinniBusRT02,17.070353,-96.711895,285
BinniBusRT02,17.070456,-96.713011,286
BinniBusRT02,17.070458,-96.713577,287
BinniBusRT02,17.070497,-96.714124,288
BinniBusRT02,17.070531,-96.714607,289
BinniBusRT02,17.070598,-96.715004,290
BinniBusRT02,17.070695,-96.715502,291
BinniBusRT02,17.070864,-96.716141,292
BinniBusRT02,17.070998,-96.716709,293
BinniBusRT02,17.071111,-96.717273,294
BinniBusRT02,17.071198,-96.717691,295
BinniBusRT02,17.071224,-96.718163,296
BinniBusRT02,17.071378,-96.718903,297
BinniBusRT02,17.071485,-96.719349,298
BinniBusRT02,17.071496,-96.719719,299
BinniBusRT02,17.071696,-96.720304,300
BinniBusRT02,17.071901,-96.720633,301
BinniBusRT02,17.072116,-96.721537,302
BinniBusRT02,17.07228,-96.722347,303
BinniBusRT02,17.072496,-96.723747,304
BinniBusRT02,17.072557,-96.724252,305
BinniBusRT02,17.07267,-96.724906,306
BinniBusRT02,17.072808,-96.725405,307
BinniBusRT02,17.073157,-96.726408,308
BinniBusRT02,17.073255,-96.726789,309
BinniBusRT02,17.073285,-96.726961,310
BinniBusRT02,17.07347,-96.727588,311
BinniBusRT02,17.07345,-96.727782,312
BinniBusRT02,17.073408,-96.727964,313
BinniBusRT02,17.073285,-96.728087,314
BinniBusRT02,17.073065,-96.728109,315
BinniBusRT02,17.072711,-96.728082,316
BinniBusRT02,17.072424,-96.728119,317
BinniBusRT02,17.072306,-96.728189,318
BinniBusRT02,17.072132,-96.72835,319
BinniBusRT02,17.071819,-96.728785,320
BinniBusRT02,17.071501,-96.729241,321
BinniBusRT02,17.071352,-96.729611,322
BinniBusRT02,17.071189,-96.729866,323
BinniBusRT02,17.071007,-96.730059,324
BinniBusRT02,17.07081,-96.730225,325
BinniBusRT02,17.070653,-96.730276,326
BinniBusRT02,17.070435,-96.730319,327
BinniBusRT02,17.070271,-96.730336,328
BinniBusRT02,17.070091,-96.730309,329
BinniBusRT02,17.06982,-96.730266,330
BinniBusRT02,17.069414,-96.730116,331
BinniBusRT02,17.069127,-96.730046,332
BinniBusRT02,17.068861,-96.730062,333
BinniBusRT02,17.068471,-96.730246,334
BinniBusRT02,17.068163,-96.730493,335
BinniBusRT02,17.067845,-96.730798,336
BinniBusRT02,17.067512,-96.731104,337
BinniBusRT02,17.067394,-96.731195,338
BinniBusRT02,17.067363,-96.731394,339
BinniBusRT02,17.067368,-96.731555,340
BinniBusRT02,17.067471,-96.7317,341
BinniBusRT02,17.06763,-96.731844,342
BinniBusRT02,17.068014,-96.732091,343
BinniBusRT02,17.068235,-96.732252,344
BinniBusRT02,17.068458,-96.732464,345
BinniBusRT02,17.068586,-96.732662,346
BinniBusRT02,17.068812,-96.732998,347
BinniBusRT02,17.068976,-96.73325,348
BinniBusRT02,17.069201,-96.733566,349
BinniBusRT02,17.069386,-96.733754,350
BinniBusRT02,17.069591,-96.733947,351
BinniBusRT02,17.069837,-96.734068,352
BinniBusRT02,17.070058,-96.734102,353
BinniBusRT02,17.070252,-96.734121,354
BinniBusRT02,17.070945,-96.733958,355
BinniBusRT02,17.071581,-96.733797,356
BinniBusRT02,17.071776,-96.733813,357
BinniBusRT02,17.072118,-96.733979,358
BinniBusRT02,17.072667,-96.734306,359
BinniBusRT02,17.072975,-96.73436,360
BinniBusRT02,17.0732,-96.734295,361
BinniBusRT02,17.073375,-96.734097,362
BinniBusRT02,17.073723,-96.733804,363
BinniBusRT02,17.07391,-96.73378,364
BinniBusRT02,17.074123,-96.733774,365
BinniBusRT02,17.074228,-96.733822,366
BinniBusRT02,17.074438,-96.733972,367
BinniBusRT02,17.07483,-96.734321,368
BinniBusRT02,17.075232,-96.734712,369
BinniBusRT02,17.075476,-96.735082,370
BinniBusRT02,17.075842,-96.735613,371
BinniBusRT02,17.076502,-96.736621,372
BinniBusRT02,17.076974,-96.737244,373
BinniBusRT02,17.077395,-96.737619,374
BinniBusRT02,17.078148,-96.738231,375
BinniBusRT02,17.078477,-96.738606,376
BinniBusRT02,17.07882,-96.73903,377
BinniBusRT02,17.079102,-96.739529,378
BinniBusRT02,17.079605,-96.740548,379
BinniBusRT02,17.079979,-96.741191,380
BinniBusRT02,17.080343,-96.741829,381
BinniBusRT02,17.080563,-96.742221,382
BinniBusRT02,17.081058,-96.742803,383
BinniBusRT02,17.081432,-96.743058,384
BinniBusRT02,17.082655,-96.743568,385
BinniBusRT02,17.083404,-96.743933,386
BinniBusRT02,17.08407,-96.744185,387
BinniBusRT02,17.084296,-96.744308,388
BinniBusRT02,17.085537,-96.744802,389
BinniBusRT02,17.086346,-96.745134,390
BinniBusRT02,17.086962,-96.74545,391
BinniBusRT02,17.087813,-96.745794,392
BinniBusRT02,17.089095,-96.746373,393
BinniBusRT02,17.089808,-96.746657,394
BinniBusRT02,17.090936,-96.747113,395
BinniBusRT02,17.091556,-96.747414,396
BinniBusRT02,17.09213,-96.747677,397
BinniBusRT02,17.093012,-96.748063,398
BinniBusRT02,17.09354,-96.748278,399
BinniBusRT02,17.094679,-96.748739,400
BinniBusRT02,17.095402,-96.749098,401
BinniBusRT02,17.096407,-96.749533,402
BinniBusRT02,17.097268,-96.74986,403
BinniBusRT02,17.097504,-96.749935,404
BinniBusRT02,17.097919,-96.750203,405
BinniBusRT02,17.098827,-96.750547,406
BinniBusRT02,17.099975,-96.751048,407
BinniBusRT02,17.101246,-96.751619,408
BinniBusRT02,17.101995,-96.75192,409
BinniBusRT02,17.10442,-96.753012,410
BinniBusRT02,17.105121,-96.75328,411
BinniBusRT02,17.106074,-96.75371,412
BinniBusRT02,17.107689,-96.75438,413
BinniBusRT02,17.108598,-96.754798,414
BinniBusRT02,17.109418,-96.75512,415
BinniBusRT02,17.110278,-96.755504,416
BinniBusRT02,17.110771,-96.755682,417
BinniBusRT02,17.111135,-96.755826,418
BinniBusRT02,17.112196,-96.756272,419
BinniBusRT02,17.11298,-96.756706,420
BinniBusRT02,17.113657,-96.757151,421
BinniBusRT02,17.114713,-96.757945,422
BinniBusRT02,17.115528,-96.758541,423
BinniBusRT02,17.116041,-96.758964,424
BinniBusRT02,17.116964,-96.759733,425
BinniBusRT02,17.117979,-96.76058,426
BinniBusRT02,17.118871,-96.761321,427
BinniBusRT02,17.119553,-96.761857,428
BinniBusRT02,17.120532,-96.762662,429
BinniBusRT02,17.121316,-96.7633,430
BinniBusRT02,17.122373,-96.764072,431
BinniBusRT02,17.12258,-96.764164,432
BinniBusRT02,17.122626,-96.764314,433
BinniBusRT02,17.122701,-96.764362,434
BinniBusRT02,17.123272,-96.764828,435
BinniBusRT02,17.123903,-96.765372,436
BinniBusRT02,17.125687,-96.766823,437
BinniBusRT02,17.126108,-96.767193,438
BinniBusRT02,17.126646,-96.767623,439
BinniBusRT02,17.126543,-96.767754,440
BinniBusRA02,17.102677,-96.779753,1
BinniBusRA02,17.102158,-96.77977,2
BinniBusRA02,17.10181,-96.780018,3
BinniBusRA02,17.101471,-96.780172,4
BinniBusRA02,17.100924,-96.780703,5
BinniBusRA02,17.100795,-96.781042,6
BinniBusRA02,17.100854,-96.781356,7
BinniBusRA02,17.102019,-96.781029,8
BinniBusRA02,17.103294,-96.780785,9
BinniBusRA02,17.104193,-96.780497,10
BinniBusRA02,17.105073,-96.780224,11
BinniBusRA02,17.104517,-96.778524,12
BinniBusRA02,17.103876,-96.775956,13
BinniBusRA02,17.103692,-96.774907,14
BinniBusRA02,17.103609,-96.774656,15
BinniBusRA02,17.103493,-96.774418,16
BinniBusRA02,17.103125,-96.774019,17
BinniBusRA02,17.101438,-96.772301,18
BinniBusRA02,17.100549,-96.771568,19
BinniBusRA02,17.09962,-96.770963,20
BinniBusRA02,17.09861,-96.770416,21
BinniBusRA02,17.097809,-96.769988,22
BinniBusRA02,17.096686,-96.769376,23
BinniBusRA02,17.095512,-96.768727,24
BinniBusRA02,17.094574,-96.76819,25
BinniBusRA02,17.093446,-96.767557,26
BinniBusRA02,17.092282,-96.766903,27
BinniBusRA02,17.090744,-96.766039,28
BinniBusRA02,17.089605,-96.765433,29
BinniBusRA02,17.087959,-96.7645,30
BinniBusRA02,17.086277,-96.763572,31
BinniBusRA02,17.085283,-96.763019,32
BinniBusRA02,17.083837,-96.762204,33
BinniBusRA02,17.082867,-96.761689,34
BinniBusRA02,17.081016,-96.760637,35
BinniBusRA02,17.080186,-96.760192,36
BinniBusRA02,17.079591,-96.759854,37
BinniBusRA02,17.07837,-96.759173,38
BinniBusRA02,17.077509,-96.758669,39
BinniBusRA02,17.07594,-96.75781,40
BinniBusRA02,17.07454,-96.757032,41
BinniBusRA02,17.07353,-96.756453,42
BinniBusRA02,17.072335,-96.755756,43
BinniBusRA02,17.071048,-96.754887,44
BinniBusRA02,17.069858,-96.754023,45
BinniBusRA02,17.06954,-96.753808,46
BinniBusRA02,17.068996,-96.753417,47
BinniBusRA02,17.068738,-96.753245,48
BinniBusRA02,17.067513,-96.752897,49
BinniBusRA02,17.067164,-96.752779,50
BinniBusRA02,17.066938,-96.752607,51
BinniBusRA02,17.066708,-96.752323,52
BinniBusRA02,17.066384,-96.751641,53
BinniBusRA02,17.066256,-96.751459,54
BinniBusRA02,17.066,-96.75132,55
BinniBusRA02,17.065379,-96.75111,56
BinniBusRA02,17.064974,-96.750987,57
BinniBusRA02,17.064872,-96.750885,58
BinniBusRA02,17.064744,-96.750697,59
BinniBusRA02,17.064092,-96.749737,60
BinniBusRA02,17.063979,-96.749453,61
BinniBusRA02,17.06401,-96.748637,62
BinniBusRA02,17.064072,-96.747967,63
BinniBusRA02,17.064123,-96.747693,64
BinniBusRA02,17.064051,-96.747481,65
BinniBusRA02,17.063353,-96.747079,66
BinniBusRA02,17.062758,-96.746698,67
BinniBusRA02,17.06241,-96.746446,68
BinniBusRA02,17.062004,-96.746081,69
BinniBusRA02,17.061686,-96.745781,70
BinniBusRA02,17.061225,-96.745496,71
BinniBusRA02,17.060548,-96.74504,72
BinniBusRA02,17.060204,-96.744799,73
BinniBusRA02,17.060127,-96.744724,74
BinniBusRA02,17.060076,-96.744482,75
BinniBusRA02,17.06004,-96.744348,76
BinniBusRA02,17.059835,-96.744144,77
BinniBusRA02,17.059384,-96.743721,78
BinniBusRA02,17.058748,-96.743174,79
BinniBusRA02,17.058568,-96.743008,80
BinniBusRA02,17.060091,-96.741296,81
BinniBusRA02,17.060983,-96.74032,82
BinniBusRA02,17.06123,-96.74003,83
BinniBusRA02,17.061451,-96.739809,84
BinniBusRA02,17.061544,-96.739539,85
BinniBusRA02,17.061572,-96.738876,86
BinniBusRA02,17.061622,-96.737367,87
BinniBusRA02,17.061362,-96.737107,88
BinniBusRA02,17.061003,-96.73706,89
BinniBusRA02,17.060658,-96.736996,90
BinniBusRA02,17.060296,-96.736929,91
BinniBusRA02,17.059928,-96.73688,92
BinniBusRA02,17.059435,-96.736768,93
BinniBusRA02,17.059137,-96.736642,94
BinniBusRA02,17.058896,-96.736447,95
BinniBusRA02,17.059104,-96.736117,96
BinniBusRA02,17.059558,-96.735428,97
BinniBusRA02,17.059963,-96.734763,98
BinniBusRA02,17.060286,-96.734296,99
BinniBusRA02,17.060376,-96.734172,100
BinniBusRA02,17.060483,-96.733974,101
BinniBusRA02,17.060812,-96.733518,102
BinniBusRA02,17.060914,-96.733368,103
BinniBusRA02,17.061168,-96.733261,104
BinniBusRA02,17.061204,-96.732456,105
BinniBusRA02,17.061188,-96.731351,106
BinniBusRA02,17.061163,-96.730798,107
BinniBusRA02,17.061091,-96.730128,108
BinniBusRA02,17.060958,-96.729516,109
BinniBusRA02,17.06084,-96.728846,110
BinniBusRA02,17.061483,-96.728644,111
BinniBusRA02,17.061942,-96.728586,112
BinniBusRA02,17.06267,-96.728427,113
BinniBusRA02,17.061854,-96.724428,114
BinniBusRA02,17.061067,-96.720596,115
BinniBusRA02,17.063857,-96.719992,116
BinniBusRA02,17.065138,-96.719688,117
BinniBusRA02,17.066471,-96.719372,118
BinniBusRA02,17.067446,-96.719246,119
BinniBusRA02,17.068338,-96.71898,120
BinniBusRA02,17.06924,-96.718792,121
BinniBusRA02,17.069682,-96.718682,122
BinniBusRA02,17.069997,-96.718609,123
BinniBusRA02,17.07024,-96.718573,124
BinniBusRA02,17.070635,-96.718511,125
BinniBusRA02,17.070958,-96.71859,126
BinniBusRA02,17.071133,-96.718597,127
BinniBusRA02,17.071338,-96.718578,128
BinniBusRA02,17.071447,-96.718553,129
BinniBusRA02,17.071693,-96.718489,130
BinniBusRA02,17.07188,-96.718333,131
BinniBusRA02,17.071993,-96.71818,132
BinniBusRA02,17.07218,-96.718049,133
BinniBusRA02,17.072404,-96.717893,134
BinniBusRA02,17.072798,-96.717649,135
BinniBusRA02,17.073039,-96.717526,136
BinniBusRA02,17.073316,-96.717478,137
BinniBusRA02,17.074057,-96.7174,138
BinniBusRA02,17.074924,-96.717301,139
BinniBusRA02,17.075426,-96.717252,140
BinniBusRA02,17.075862,-96.717161,141
BinniBusRA02,17.076688,-96.717027,142
BinniBusRA02,17.077647,-96.716877,143
BinniBusRA02,17.078655,-96.716801,144
BinniBusRA02,17.07963,-96.716672,145
BinniBusRA02,17.081214,-96.716463,146
BinniBusRA02,17.081378,-96.717474,147
BinniBusRA02,17.082519,-96.717305,148
BinniBusRA02,17.082644,-96.718209,149
BinniBusRA02,17.082713,-96.718678,150
BinniBusRA02,17.082811,-96.718898,151
BinniBusRA02,17.08317,-96.718978,152
BinniBusRA02,17.0835,-96.718883,153
BinniBusRA02,17.084402,-96.718594,154
BinniBusRA02,17.084561,-96.718583,155
BinniBusRA02,17.085182,-96.718374,156
BinniBusRA02,17.086669,-96.717896,157
BinniBusRA02,17.08794,-96.717494,158
BinniBusRA02,17.088889,-96.717188,159
BinniBusRA02,17.088874,-96.717054,160
BinniBusRA02,17.08892,-96.716963,161
BinniBusRA02,17.089022,-96.717022,162
BinniBusRA02,17.089076,-96.717118,163
BinniBusRA02,17.089085,-96.717205,164
BinniBusRA02,17.08915,-96.717239,165
BinniBusRA02,17.090084,-96.716955,166
BinniBusRA02,17.091371,-96.716558,167
BinniBusRA02,17.092027,-96.716445,168
BinniBusRA02,17.092135,-96.717116,169
BinniBusRA02,17.092289,-96.718623,170
BinniBusRA02,17.09236,-96.719106,171
BinniBusRA02,17.092385,-96.719266,172
BinniBusRA02,17.092696,-96.719329,173
BinniBusRA02,17.093047,-96.719358,174
BinniBusRA02,17.093468,-96.719396,175
BinniBusRA02,17.093909,-96.719299,176
BinniBusRA02,17.094252,-96.719213,177
BinniBusRA02,17.094986,-96.71909,178
BinniBusRA02,17.095355,-96.719015,179
BinniBusRA02,17.095383,-96.71913,180
BinniBusRA02,17.095386,-96.71957,181
BinniBusRA02,17.095414,-96.719803,182
BinniBusRA02,17.09546,-96.719935,183
BinniBusRA02,17.095588,-96.720042,184
BinniBusRA02,17.095752,-96.720066,185
BinniBusRA02,17.096451,-96.720028,186
BinniBusRA02,17.097051,-96.72002,187
BinniBusRA02,17.09712,-96.720009,188
BinniBusRA02,17.097438,-96.720017,189
BinniBusRA02,17.097748,-96.720084,190
BinniBusRA02,17.098012,-96.720176,191
BinniBusRA02,17.098317,-96.72028,192
BinniBusRA02,17.098489,-96.720288,193
BinniBusRA02,17.099038,-96.720251,194
BinniBusRA02,17.099253,-96.720248,195
BinniBusRA02,17.099361,-96.720297,196
BinniBusRA02,17.099448,-96.720479,197
BinniBusRA02,17.099646,-96.720863,198
BinniBusRA02,17.099746,-96.720919,199
BinniBusRA02,17.100023,-96.720976,200
BinniBusRA02,17.100405,-96.72097,201
BinniBusRA02,17.10048,-96.72097,202
BinniBusRA02,17.100677,-96.721147,203
BinniBusRA02,17.100792,-96.72123,204
BinniBusRA02,17.10108,-96.721257,205
BinniBusRA02,17.10131,-96.721256,206
BinniBusRA02,17.101354,-96.721272,207
BinniBusRA02,17.101174,-96.72128,208
BinniBusRA02,17.100995,-96.721277,209
BinniBusRA02,17.10079,-96.721253,210
BinniBusRA02,17.100623,-96.721124,211
BinniBusRA02,17.10049,-96.721006,212
BinniBusRA02,17.10008,-96.721006,213
BinniBusRA02,17.099874,-96.720995,214
BinniBusRA02,17.099713,-96.720939,215
BinniBusRA02,17.099559,-96.720813,216
BinniBusRA02,17.099416,-96.720467,217
BinniBusRA02,17.09938,-96.720354,218
BinniBusRA02,17.099339,-96.720311,219
BinniBusRA02,17.099228,-96.720276,220
BinniBusRA02,17.098759,-96.720311,221
BinniBusRA02,17.098398,-96.720333,222
BinniBusRA02,17.098259,-96.720298,223
BinniBusRA02,17.09778,-96.720132,224
BinniBusRA02,17.097301,-96.720046,225
BinniBusRA02,17.096888,-96.720048,226
BinniBusRA02,17.09637,-96.720064,227
BinniBusRA02,17.095857,-96.720083,228
BinniBusRA02,17.095634,-96.720072,229
BinniBusRA02,17.095542,-96.720019,230
BinniBusRA02,17.095478,-96.719957,231
BinniBusRA02,17.095442,-96.719901,232
BinniBusRA02,17.095398,-96.719778,233
BinniBusRA02,17.09537,-96.719206,234
BinniBusRA02,17.095355,-96.719015,235
BinniBusRA02,17.095219,-96.719054,236
BinniBusRA02,17.094996,-96.719108,237
BinniBusRA02,17.094588,-96.719196,238
BinniBusRA02,17.094321,-96.719242,239
BinniBusRA02,17.093962,-96.71932,240
BinniBusRA02,17.093729,-96.719384,241
BinniBusRA02,17.093529,-96.719424,242
BinniBusRA02,17.09345,-96.719424,243
BinniBusRA02,17.092909,-96.719371,244
BinniBusRA02,17.092696,-96.719329,245
BinniBusRA02,17.09244,-96.71929,246
BinniBusRA02,17.092385,-96.719266,247
BinniBusRA02,17.092326,-96.719008,248
BinniBusRA02,17.092221,-96.719003,249
BinniBusRA02,17.092029,-96.718949,250
BinniBusRA02,17.091793,-96.718845,251
BinniBusRA02,17.091685,-96.718799,252
BinniBusRA02,17.091457,-96.718869,253
BinniBusRA02,17.091233,-96.718954,254
BinniBusRA02,17.090951,-96.719002,255
BinniBusRA02,17.090641,-96.719013,256
BinniBusRA02,17.090351,-96.719056,257
BinniBusRA02,17.090025,-96.719069,258
BinniBusRA02,17.089861,-96.71905,259
BinniBusRA02,17.089728,-96.718957,260
BinniBusRA02,17.089666,-96.718852,261
BinniBusRA02,17.089638,-96.718533,262
BinniBusRA02,17.089592,-96.718061,263
BinniBusRA02,17.08952,-96.717481,264
BinniBusRA02,17.089487,-96.717197,265
BinniBusRA02,17.089451,-96.717133,266
BinniBusRA02,17.089125,-96.717245,267
BinniBusRA02,17.089028,-96.717294,268
BinniBusRA02,17.088951,-96.717307,269
BinniBusRA02,17.088833,-96.717312,270
BinniBusRA02,17.088287,-96.717476,271
BinniBusRA02,17.086923,-96.717894,272
BinniBusRA02,17.086216,-96.718163,273
BinniBusRA02,17.085928,-96.718259,274
BinniBusRA02,17.084975,-96.718533,275
BinniBusRA02,17.083559,-96.719032,276
BinniBusRA02,17.083312,-96.719049,277
BinniBusRA02,17.082856,-96.719103,278
BinniBusRA02,17.082508,-96.719162,279
BinniBusRA02,17.082328,-96.719114,280
BinniBusRA02,17.08219,-96.719103,281
BinniBusRA02,17.08201,-96.71898,282
BinniBusRA02,17.081918,-96.718888,283
BinniBusRA02,17.081656,-96.718953,284
BinniBusRA02,17.080626,-96.719098,285
BinniBusRA02,17.079482,-96.719237,286
BinniBusRA02,17.079236,-96.71928,287
BinniBusRA02,17.079074,-96.719342,288
BinniBusRA02,17.078974,-96.719371,289
BinniBusRA02,17.07889,-96.71932,290
BinniBusRA02,17.078749,-96.719326,291
BinniBusRA02,17.078033,-96.719401,292
BinniBusRA02,17.076798,-96.719546,293
BinniBusRA02,17.07628,-96.719612,294
BinniBusRA02,17.075608,-96.719704,295
BinniBusRA02,17.075464,-96.719698,296
BinniBusRA02,17.075126,-96.719666,297
BinniBusRA02,17.0747,-96.719494,298
BinniBusRA02,17.074553,-96.719531,299
BinniBusRA02,17.074455,-96.719544,300
BinniBusRA02,17.074321,-96.719445,301
BinniBusRA02,17.073526,-96.719508,302
BinniBusRA02,17.0727,-96.719567,303
BinniBusRA02,17.071816,-96.719636,304
BinniBusRA02,17.071749,-96.719798,305
BinniBusRA02,17.071892,-96.720495,306
BinniBusRA02,17.072103,-96.721396,307
BinniBusRA02,17.07221,-96.721916,308
BinniBusRA02,17.072467,-96.723381,309
BinniBusRA02,17.072574,-96.724298,310
BinniBusRA02,17.072662,-96.724765,311
BinniBusRA02,17.07273,-96.725093,312
BinniBusRA02,17.072839,-96.725424,313
BinniBusRA02,17.072901,-96.72562,314
BinniBusRA02,17.072683,-96.725671,315
BinniBusRA02,17.072191,-96.72577,316
BinniBusRA02,17.071437,-96.725925,317
BinniBusRA02,17.070878,-96.726041,318
BinniBusRA02,17.070078,-96.726202,319
BinniBusRA02,17.069316,-96.726352,320
BinniBusRA02,17.068819,-96.726419,321
BinniBusRA02,17.067981,-96.726475,322
BinniBusRA02,17.067204,-96.726529,323
BinniBusRA02,17.066114,-96.726746,324
BinniBusRA02,17.065404,-96.726886,325
BinniBusRA02,17.064363,-96.727108,326
BinniBusRA02,17.062518,-96.727508,327
BinniBusRA02,17.059677,-96.728055,328
BinniBusRA02,17.060231,-96.73078,329
BinniBusRA02,17.060492,-96.731821,330
BinniBusRA02,17.060723,-96.733226,331
BinniBusRA02,17.060728,-96.733457,332
BinniBusRA02,17.06079,-96.733538,333
BinniBusRA02,17.060795,-96.733705,334
BinniBusRA02,17.060722,-96.733866,335
BinniBusRA02,17.060351,-96.734398,336
BinniBusRA02,17.060046,-96.734894,337
BinniBusRA02,17.059659,-96.735482,338
BinniBusRA02,17.059364,-96.735895,339
BinniBusRA02,17.059238,-96.73612,340
BinniBusRA02,17.059074,-96.73634,341
BinniBusRA02,17.058986,-96.736452,342
BinniBusRA02,17.058993,-96.736499,343
BinniBusRA02,17.059047,-96.736551,344
BinniBusRA02,17.059135,-96.736601,345
BinniBusRA02,17.059237,-96.736651,346
BinniBusRA02,17.05942,-96.736715,347
BinniBusRA02,17.059524,-96.736768,348
BinniBusRA02,17.0598,-96.736845,349
BinniBusRA02,17.059842,-96.736868,350
BinniBusRA02,17.060001,-96.736863,351
BinniBusRA02,17.060157,-96.736874,352
BinniBusRA02,17.060498,-96.736908,353
BinniBusRA02,17.060706,-96.736954,354
BinniBusRA02,17.060883,-96.737005,355
BinniBusRA02,17.061245,-96.73708,356
BinniBusRA02,17.061465,-96.737083,357
BinniBusRA02,17.061573,-96.737075,358
BinniBusRA02,17.061616,-96.737284,359
BinniBusRA02,17.061614,-96.73793,360
BinniBusRA02,17.061606,-96.73863,361
BinniBusRA02,17.061609,-96.738982,362
BinniBusRA02,17.061611,-96.739325,363
BinniBusRA02,17.061583,-96.739524,364
BinniBusRA02,17.061434,-96.739856,365
BinniBusRA02,17.061252,-96.740055,366
BinniBusRA02,17.060965,-96.740395,367
BinniBusRA02,17.060401,-96.741018,368
BinniBusRA02,17.06028,-96.74117,369
BinniBusRA02,17.060129,-96.741348,370
BinniBusRA02,17.059911,-96.741586,371
BinniBusRA02,17.059534,-96.741964,372
BinniBusRA02,17.059293,-96.74226,373
BinniBusRA02,17.058623,-96.743006,374
BinniBusRA02,17.058864,-96.743242,375
BinniBusRA02,17.059274,-96.743586,376
BinniBusRA02,17.059767,-96.744026,377
BinniBusRA02,17.060018,-96.744256,378
BinniBusRA02,17.060131,-96.744428,379
BinniBusRA02,17.060204,-96.744799,380
BinniBusRA02,17.060783,-96.745136,381
BinniBusRA02,17.061316,-96.745522,382
BinniBusRA02,17.061572,-96.745694,383
BinniBusRA02,17.061957,-96.746013,384
BinniBusRA02,17.062198,-96.74622,385
BinniBusRA02,17.062608,-96.746568,386
BinniBusRA02,17.063126,-96.746866,387
BinniBusRA02,17.063582,-96.747172,388
BinniBusRA02,17.063977,-96.74743,389
BinniBusRA02,17.064126,-96.747601,390
BinniBusRA02,17.064161,-96.747832,391
BinniBusRA02,17.06409,-96.748336,392
BinniBusRA02,17.064054,-96.748604,393
BinniBusRA02,17.064064,-96.749066,394
BinniBusRA02,17.064023,-96.749441,395
BinniBusRA02,17.0641,-96.749688,396
BinniBusRA02,17.064259,-96.749908,397
BinniBusRA02,17.064479,-96.750176,398
BinniBusRA02,17.06469,-96.75053,399
BinniBusRA02,17.064869,-96.750836,400
BinniBusRA02,17.065069,-96.750986,401
BinniBusRA02,17.065561,-96.751158,402
BinniBusRA02,17.066126,-96.75134,403
BinniBusRA02,17.066305,-96.75148,404
BinniBusRA02,17.066428,-96.751641,405
BinniBusRA02,17.066659,-96.752107,406
BinniBusRA02,17.066813,-96.752386,407
BinniBusRA02,17.066972,-96.752558,408
BinniBusRA02,17.06712,-96.752687,409
BinniBusRA02,17.067346,-96.752805,410
BinniBusRA02,17.067946,-96.752971,411
BinniBusRA02,17.068392,-96.7531,412
BinniBusRA02,17.068833,-96.753245,413
BinniBusRA02,17.069028,-96.753357,414
BinniBusRA02,17.069756,-96.753899,415
BinniBusRA02,17.070531,-96.754436,416
BinniBusRA02,17.071069,-96.754832,417
BinniBusRA02,17.071797,-96.755342,418
BinniBusRA02,17.072536,-96.75583,419
BinniBusRA02,17.073166,-96.756233,420
BinniBusRA02,17.073602,-96.756436,421
BinniBusRA02,17.073905,-96.756635,422
BinniBusRA02,17.074212,-96.756807,423
BinniBusRA02,17.074643,-96.757053,424
BinniBusRA02,17.075454,-96.757488,425
BinniBusRA02,17.076218,-96.757912,426
BinniBusRA02,17.076905,-96.758292,427
BinniBusRA02,17.077817,-96.758797,428
BinniBusRA02,17.078715,-96.759322,429
BinniBusRA02,17.079981,-96.760014,430
BinniBusRA02,17.080407,-96.760283,431
BinniBusRA02,17.081186,-96.760696,432
BinniBusRA02,17.081822,-96.761028,433
BinniBusRA02,17.082725,-96.761549,434
BinniBusRA02,17.083273,-96.761849,435
BinniBusRA02,17.083909,-96.762187,436
BinniBusRA02,17.085201,-96.762911,437
BinniBusRA02,17.085678,-96.763174,438
BinniBusRA02,17.086703,-96.763753,439
BinniBusRA02,17.087565,-96.764241,440
BinniBusRA02,17.088843,-96.764954,441
BinniBusRA02,17.089581,-96.765361,442
BinniBusRA02,17.09072,-96.765962,443
BinniBusRA02,17.092104,-96.766745,444
BinniBusRA02,17.092688,-96.767067,445
BinniBusRA02,17.093909,-96.767732,446
BinniBusRA02,17.095611,-96.768698,447
BinniBusRA02,17.096155,-96.768998,448
BinniBusRA02,17.096797,-96.76939,449
BinniBusRA02,17.097235,-96.769647,450
BinniBusRA02,17.097763,-96.769918,451
BinniBusRA02,17.099681,-96.771018,452
BinniBusRA02,17.100881,-96.771793,453
BinniBusRA02,17.10151,-96.772354,454
BinniBusRA02,17.102558,-96.773414,455
BinniBusRA02,17.103509,-96.774467,456
BinniBusRA02,17.103667,-96.774834,457
BinniBusRA02,17.103742,-96.775168,458
BinniBusRA02,17.103857,-96.775966,459
BinniBusRA02,17.104142,-96.776956,460
BinniBusRA02,17.104517,-96.778524,461
BinniBusRA02,17.104802,-96.779359,462
BinniBusRA02,17.104711,-96.779366,463
BinniBusRA02,17.103987,-96.779559,464
BinniBusRA02,17.103289,-96.779744,465
BinniBusRA02,17.102705,-96.779755,466
BinniBusRA03,17.050545,-96.729255,1
BinniBusRA03,17.050092,-96.728918,2
BinniBusRA03,17.050107,-96.72873,3
BinniBusRA03,17.050046,-96.728671,4
BinniBusRA03,17.050369,-96.727577,5
BinniBusRA03,17.050564,-96.726944,6
BinniBusRA03,17.050728,-96.726332,7
BinniBusRA03,17.05083,-96.725866,8
BinniBusRA03,17.05101,-96.725206,9
BinniBusRA03,17.051297,-96.724122,10
BinniBusRA03,17.051518,-96.723291,11
BinniBusRA03,17.051682,-96.722636,12
BinniBusRA03,17.052087,-96.721006,13
BinniBusRA03,17.052441,-96.719638,14
BinniBusRA03,17.052702,-96.71857,15
BinniBusRA03,17.052841,-96.718125,16
BinniBusRA03,17.053025,-96.717299,17
BinniBusRA03,17.05319,-96.716516,18
BinniBusRA03,17.053431,-96.715502,19
BinniBusRA03,17.053495,-96.715226,20
BinniBusRA03,17.053721,-96.714303,21
BinniBusRA03,17.053834,-96.713826,22
BinniBusRA03,17.054018,-96.713311,23
BinniBusRA03,17.054182,-96.712952,24
BinniBusRA03,17.054572,-96.712995,25
BinniBusRA03,17.054982,-96.712995,26
BinniBusRA03,17.055534,-96.712944,27
BinniBusRA03,17.056178,-96.712878,28
BinniBusRA03,17.056834,-96.712835,29
BinniBusRA03,17.058164,-96.712726,30
BinniBusRA03,17.058523,-96.712715,31
BinniBusRA03,17.059308,-96.713026,32
BinniBusRA03,17.060056,-96.713321,33
BinniBusRA03,17.060815,-96.713611,34
BinniBusRA03,17.061225,-96.713638,35
BinniBusRA03,17.061441,-96.713793,36
BinniBusRA03,17.061784,-96.714002,37
BinniBusRA03,17.062666,-96.714056,38
BinniBusRA03,17.063989,-96.714126,39
BinniBusRA03,17.065,-96.714185,40
BinniBusRA03,17.065174,-96.714169,41
BinniBusRA03,17.065292,-96.71411,42
BinniBusRA03,17.065641,-96.714147,43
BinniBusRA03,17.067072,-96.714017,44
BinniBusRA03,17.068298,-96.713845,45
BinniBusRA03,17.070221,-96.713636,46
BinniBusRA03,17.070339,-96.713604,47
BinniBusRA03,17.070395,-96.71341,48
BinniBusRA03,17.070282,-96.71238,49
BinniBusRA03,17.070216,-96.711957,50
BinniBusRA03,17.070139,-96.711522,51
BinniBusRA03,17.070011,-96.709934,52
BinniBusRA03,17.069811,-96.707778,53
BinniBusRA03,17.069667,-96.705734,54
BinniBusRA03,17.069585,-96.704672,55
BinniBusRA03,17.06935,-96.702213,56
BinniBusRA03,17.069243,-96.700839,57
BinniBusRA03,17.069115,-96.699697,58
BinniBusRA03,17.069011,-96.698056,59
BinniBusRA03,17.068898,-96.697026,60
BinniBusRA03,17.068785,-96.695717,61
BinniBusRA03,17.068652,-96.694376,62
BinniBusRA03,17.068621,-96.693367,63
BinniBusRA03,17.06858,-96.692852,64
BinniBusRA03,17.068565,-96.692525,65
BinniBusRA03,17.068442,-96.691324,66
BinniBusRA03,17.06836,-96.690712,67
BinniBusRA03,17.068308,-96.690031,68
BinniBusRA03,17.068206,-96.689312,69
BinniBusRA03,17.067744,-96.687788,70
BinniBusRA03,17.067226,-96.686066,71
BinniBusRA03,17.066796,-96.684586,72
BinniBusRA03,17.066344,-96.683159,73
BinniBusRA03,17.065883,-96.681555,74
BinniBusRA03,17.065454,-96.680069,75
BinniBusRA03,17.065288,-96.679584,76
BinniBusRA03,17.065442,-96.67931,77
BinniBusRA03,17.065673,-96.67923,78
BinniBusRA03,17.066027,-96.678801,79
BinniBusRA03,17.066938,-96.67771,80
BinniBusRA03,17.067543,-96.676954,81
BinniBusRA03,17.068409,-96.675914,82
BinniBusRA03,17.06949,-96.674565,83
BinniBusRA03,17.070512,-96.673336,84
BinniBusRA03,17.071365,-96.672311,85
BinniBusRA03,17.07194,-96.67156,86
BinniBusRA03,17.07317,-96.670107,87
BinniBusRA03,17.074014,-96.669047,88
BinniBusRA03,17.074596,-96.668326,89
BinniBusRA03,17.075127,-96.667693,90
BinniBusRA03,17.075785,-96.6669,91
BinniBusRA03,17.077574,-96.664722,92
BinniBusRA03,17.078085,-96.664116,93
BinniBusRA03,17.078751,-96.663287,94
BinniBusRA03,17.07912,-96.662858,95
BinniBusRA03,17.080198,-96.661536,96
BinniBusRA03,17.081019,-96.660555,97
BinniBusRA03,17.081508,-96.659953,98
BinniBusRA03,17.082243,-96.659055,99
BinniBusRA03,17.082808,-96.65839,100
BinniBusRA03,17.083152,-96.65794,101
BinniBusRA03,17.08327,-96.657757,102
BinniBusRA03,17.083398,-96.657572,103
BinniBusRA03,17.083578,-96.657382,104
BinniBusRA03,17.083747,-96.657178,105
BinniBusRA03,17.08396,-96.656928,106
BinniBusRA03,17.084242,-96.656657,107
BinniBusRA03,17.08448,-96.656443,108
BinniBusRA03,17.084688,-96.656306,109
BinniBusRA03,17.084858,-96.656179,110
BinniBusRA03,17.085051,-96.656067,111
BinniBusRA03,17.085285,-96.655937,112
BinniBusRA03,17.085447,-96.655857,113
BinniBusRA03,17.085767,-96.655726,114
BinniBusRA03,17.086168,-96.655595,115
BinniBusRA03,17.086537,-96.655498,116
BinniBusRA03,17.08725,-96.655327,117
BinniBusRA03,17.087629,-96.655241,118
BinniBusRA03,17.088115,-96.655149,119
BinniBusRA03,17.088923,-96.65496,120
BinniBusRA03,17.089569,-96.654783,121
BinniBusRA03,17.09002,-96.654687,122
BinniBusRA03,17.090228,-96.65462,123
BinniBusRA03,17.090423,-96.654676,124
BinniBusRA03,17.09064,-96.654622,125
BinniBusRA03,17.090971,-96.654515,126
BinniBusRA03,17.091553,-96.654364,127
BinniBusRA03,17.091913,-96.654306,128
BinniBusRA03,17.092242,-96.654322,129
BinniBusRA03,17.092522,-96.654418,130
BinniBusRA03,17.092874,-96.654563,131
BinniBusRA03,17.094076,-96.655004,132
BinniBusRA03,17.095646,-96.655572,133
BinniBusRA03,17.096794,-96.655961,134
BinniBusRA03,17.097584,-96.65628,135
BinniBusRA03,17.097917,-96.656489,136
BinniBusRA03,17.098099,-96.656629,137
BinniBusRA03,17.098453,-96.65702,138
BinniBusRA03,17.099161,-96.657884,139
BinniBusRA03,17.09965,-96.658474,140
BinniBusRA03,17.100554,-96.659558,141
BinniBusRA03,17.100836,-96.659923,142
BinniBusRA03,17.100946,-96.660049,143
BinniBusRA03,17.101583,-96.660782,144
BinniBusRA03,17.101908,-96.661385,145
BinniBusRA03,17.102062,-96.661828,146
BinniBusRA03,17.102182,-96.662302,147
BinniBusRA03,17.102236,-96.663021,148
BinniBusRA03,17.102365,-96.663762,149
BinniBusRA03,17.102598,-96.665156,150
BinniBusRA03,17.102546,-96.66517,151
BinniBusRA03,17.102392,-96.664161,152
BinniBusRA03,17.102202,-96.663067,153
BinniBusRA03,17.102197,-96.662869,154
BinniBusRA03,17.102159,-96.662538,155
BinniBusRA03,17.102138,-96.662323,156
BinniBusRA03,17.102067,-96.662031,157
BinniBusRA03,17.101902,-96.661476,158
BinniBusRA03,17.101677,-96.661071,159
BinniBusRA03,17.101485,-96.660733,160
BinniBusRA03,17.101398,-96.660655,161
BinniBusRA03,17.1012,-96.660427,162
BinniBusRA03,17.10089,-96.660062,163
BinniBusRA03,17.100682,-96.659791,164
BinniBusRA03,17.100154,-96.65911,165
BinniBusRA03,17.099554,-96.658412,166
BinniBusRA03,17.099088,-96.657855,167
BinniBusRA03,17.098678,-96.657361,168
BinniBusRA03,17.098324,-96.656927,169
BinniBusRA03,17.098083,-96.656685,170
BinniBusRA03,17.097898,-96.65654,171
BinniBusRA03,17.097683,-96.656401,172
BinniBusRA03,17.097437,-96.656256,173
BinniBusRA03,17.096832,-96.656036,174
BinniBusRA03,17.096083,-96.65577,175
BinniBusRA03,17.095452,-96.65556,176
BinniBusRA03,17.094611,-96.65526,177
BinniBusRA03,17.09395,-96.655013,178
BinniBusRA03,17.093448,-96.654836,179
BinniBusRA03,17.092854,-96.654615,180
BinniBusRA03,17.092617,-96.654513,181
BinniBusRA03,17.092433,-96.654447,182
BinniBusRA03,17.092258,-96.654382,183
BinniBusRA03,17.092202,-96.654372,184
BinniBusRA03,17.09217,-96.65437,185
BinniBusRA03,17.091962,-96.654363,186
BinniBusRA03,17.09191,-96.654359,187
BinniBusRA03,17.091807,-96.654373,188
BinniBusRA03,17.091697,-96.654383,189
BinniBusRA03,17.091621,-96.6544,190
BinniBusRA03,17.091476,-96.654428,191
BinniBusRA03,17.091258,-96.65449,192
BinniBusRA03,17.091051,-96.654545,193
BinniBusRA03,17.090809,-96.65462,194
BinniBusRA03,17.090473,-96.654714,195
BinniBusRA03,17.090258,-96.654733,196
BinniBusRA03,17.090056,-96.654764,197
BinniBusRA03,17.089756,-96.654839,198
BinniBusRA03,17.089326,-96.654941,199
BinniBusRA03,17.088176,-96.655201,200
BinniBusRA03,17.087701,-96.655317,201
BinniBusRA03,17.08746,-96.655365,202
BinniBusRA03,17.087065,-96.65546,203
BinniBusRA03,17.086868,-96.655498,204
BinniBusRA03,17.08647,-96.655594,205
BinniBusRA03,17.08623,-96.655649,206
BinniBusRA03,17.085991,-96.655724,207
BinniBusRA03,17.085714,-96.65584,208
BinniBusRA03,17.085494,-96.655942,209
BinniBusRA03,17.085227,-96.656087,210
BinniBusRA03,17.085006,-96.656221,211
BinniBusRA03,17.084728,-96.656402,212
BinniBusRA03,17.084671,-96.656449,213
BinniBusRA03,17.084593,-96.656504,214
BinniBusRA03,17.084481,-96.656596,215
BinniBusRA03,17.084399,-96.656664,216
BinniBusRA03,17.0843,-96.656753,217
BinniBusRA03,17.084232,-96.65682,218
BinniBusRA03,17.084157,-96.656892,219
BinniBusRA03,17.084104,-96.656944,220
BinniBusRA03,17.083958,-96.657108,221
BinniBusRA03,17.083852,-96.657241,222
BinniBusRA03,17.083611,-96.657509,223
BinniBusRA03,17.083496,-96.657658,224
BinniBusRA03,17.083428,-96.657737,225
BinniBusRA03,17.083382,-96.657805,226
BinniBusRA03,17.083319,-96.657887,227
BinniBusRA03,17.08315,-96.658121,228
BinniBusRA03,17.082696,-96.658671,229
BinniBusRA03,17.081998,-96.659475,230
BinniBusRA03,17.081193,-96.660478,231
BinniBusRA03,17.080158,-96.661702,232
BinniBusRA03,17.079314,-96.662757,233
BinniBusRA03,17.078506,-96.663758,234
BinniBusRA03,17.077562,-96.664868,235
BinniBusRA03,17.076747,-96.665876,236
BinniBusRA03,17.075865,-96.666965,237
BinniBusRA03,17.075142,-96.66784,238
BinniBusRA03,17.074644,-96.668455,239
BinniBusRA03,17.073855,-96.669399,240
BinniBusRA03,17.072955,-96.670502,241
BinniBusRA03,17.072111,-96.671532,242
BinniBusRA03,17.071411,-96.672382,243
BinniBusRA03,17.070326,-96.673691,244
BinniBusRA03,17.069656,-96.674518,245
BinniBusRA03,17.069046,-96.675288,246
BinniBusRA03,17.068366,-96.676092,247
BinniBusRA03,17.067059,-96.67768,248
BinniBusRA03,17.066141,-96.678844,249
BinniBusRA03,17.065613,-96.679434,250
BinniBusRA03,17.065541,-96.679713,251
BinniBusRA03,17.065756,-96.6804,252
BinniBusRA03,17.066233,-96.682084,253
BinniBusRA03,17.067136,-96.685061,254
BinniBusRA03,17.06787,-96.687612,255
BinniBusRA03,17.068342,-96.68928,256
BinniBusRA03,17.068481,-96.689991,257
BinniBusRA03,17.068581,-96.691206,258
BinniBusRA03,17.068702,-96.693137,259
BinniBusRA03,17.068871,-96.694811,260
BinniBusRA03,17.068948,-96.696237,261
BinniBusRA03,17.069015,-96.697052,262
BinniBusRA03,17.069128,-96.697497,263
BinniBusRA03,17.069404,-96.700662,264
BinniBusRA03,17.069604,-96.703012,265
BinniBusRA03,17.069753,-96.704761,266
BinniBusRA03,17.069912,-96.706826,267
BinniBusRA03,17.07002,-96.708098,268
BinniBusRA03,17.070148,-96.709417,269
BinniBusRA03,17.070271,-96.711161,270
BinniBusRA03,17.070435,-96.712797,271
BinniBusRA03,17.070471,-96.713666,272
BinniBusRA03,17.069794,-96.713778,273
BinniBusRA03,17.068861,-96.713892,274
BinniBusRA03,17.067974,-96.713978,275
BinniBusRA03,17.067425,-96.714069,276
BinniBusRA03,17.066738,-96.71416,277
BinniBusRA03,17.066164,-96.71423,278
BinniBusRA03,17.065607,-96.714295,279
BinniBusRA03,17.065402,-96.714386,280
BinniBusRA03,17.065246,-96.714364,281
BinniBusRA03,17.065143,-96.71433,282
BinniBusRA03,17.064789,-96.714297,283
BinniBusRA03,17.064474,-96.714257,284
BinniBusRA03,17.063897,-96.714236,285
BinniBusRA03,17.063133,-96.714187,286
BinniBusRA03,17.062146,-96.714119,287
BinniBusRA03,17.061341,-96.71405,288
BinniBusRA03,17.061105,-96.713942,289
BinniBusRA03,17.060213,-96.713578,290
BinniBusRA03,17.05969,-96.713395,291
BinniBusRA03,17.058883,-96.713095,292
BinniBusRA03,17.058581,-96.712966,293
BinniBusRA03,17.058381,-96.712923,294
BinniBusRA03,17.057919,-96.712934,295
BinniBusRA03,17.056806,-96.713014,296
BinniBusRA03,17.056247,-96.713079,297
BinniBusRA03,17.055765,-96.713138,298
BinniBusRA03,17.054996,-96.713224,299
BinniBusRA03,17.054752,-96.713238,300
BinniBusRA03,17.054578,-96.713308,301
BinniBusRA03,17.054327,-96.713506,302
BinniBusRA03,17.054142,-96.713592,303
BinniBusRA03,17.053927,-96.714225,304
BinniBusRA03,17.053634,-96.715389,305
BinniBusRA03,17.053409,-96.716312,306
BinniBusRA03,17.053091,-96.71768,307
BinniBusRA03,17.052701,-96.719284,308
BinniBusRA03,17.052296,-96.720813,309
BinniBusRA03,17.051865,-96.722561,310
BinniBusRA03,17.051483,-96.723996,311
BinniBusRA03,17.051366,-96.724481,312
BinniBusRA03,17.051194,-96.725144,313
BinniBusRA03,17.051088,-96.725819,314
BinniBusRA03,17.050909,-96.726485,315
BinniBusRA03,17.050704,-96.727053,316
BinniBusRA03,17.050663,-96.72759,317
BinniBusRA03,17.050703,-96.727914,318
BinniBusRA03,17.050766,-96.728182,319
BinniBusRA03,17.050986,-96.728499,320
BinniBusRA03,17.051325,-96.728783,321
BinniBusRA03,17.051956,-96.729041,322
BinniBusRA03,17.053798,-96.729529,323
BinniBusRA03,17.055131,-96.72999,324
BinniBusRA03,17.0551,-96.73013,325
BinniBusRA03,17.054772,-96.730076,326
BinniBusRA03,17.054116,-96.729862,327
BinniBusRA03,17.053038,-96.729529,328
BinniBusRA03,17.05272,-96.72939,329
BinniBusRA03,17.052454,-96.729379,330
BinniBusRA03,17.051972,-96.729325,331
BinniBusRA03,17.051767,-96.729304,332
BinniBusRA03,17.051609,-96.729341,333
BinniBusRA03,17.051332,-96.729255,334
BinniBusRA03,17.051163,-96.729121,335
BinniBusRA03,17.050999,-96.729212,336
BinniBusRA03,17.050732,-96.729341,337
BinniBusRA03,17.050634,-96.729373,338
BinniBusRA04,17.07932,-96.74305,1
BinniBusRA04,17.07919,-96.74297,2
BinniBusRA04,17.07916,-96.74296,3
BinniBusRA04,17.07907,-96.7429,4
BinniBusRA04,17.07904,-96.74286,5
BinniBusRA04,17.07902,-96.74284,6
BinniBusRA04,17.079,-96.74283,7
BinniBusRA04,17.07892,-96.74277,8
BinniBusRA04,17.07878,-96.74269,9
BinniBusRA04,17.07877,-96.74269,10
BinniBusRA04,17.07871,-96.74265,11
BinniBusRA04,17.07832,-96.74243,12
BinniBusRA04,17.07803,-96.74226,13
BinniBusRA04,17.07783,-96.74215,14
BinniBusRA04,17.07776,-96.74211,15
BinniBusRA04,17.07758,-96.74199,16
BinniBusRA04,17.0775,-96.74194,17
BinniBusRA04,17.07747,-96.74192,18
BinniBusRA04,17.07741,-96.74189,19
BinniBusRA04,17.07735,-96.74186,20
BinniBusRA04,17.07707,-96.7417,21
BinniBusRA04,17.07706,-96.74169,22
BinniBusRA04,17.07702,-96.74167,23
BinniBusRA04,17.07694,-96.74163,24
BinniBusRA04,17.07671,-96.7415,25
BinniBusRA04,17.07649,-96.74138,26
BinniBusRA04,17.07615,-96.7412,27
BinniBusRA04,17.07609,-96.7411,28
BinniBusRA04,17.07608,-96.74109,29
BinniBusRA04,17.07606,-96.74105,30
BinniBusRA04,17.07601,-96.741,31
BinniBusRA04,17.07597,-96.74097,32
BinniBusRA04,17.0759,-96.74093,33
BinniBusRA04,17.07589,-96.74092,34
BinniBusRA04,17.07582,-96.74089,35
BinniBusRA04,17.07577,-96.74087,36
BinniBusRA04,17.0757,-96.74087,37
BinniBusRA04,17.07562,-96.74086,38
BinniBusRA04,17.0755,-96.74083,39
BinniBusRA04,17.07531,-96.74071,40
BinniBusRA04,17.07466,-96.74027,41
BinniBusRA04,17.07424,-96.73996,42
BinniBusRA04,17.07413,-96.73987,43
BinniBusRA04,17.07378,-96.7396,44
BinniBusRA04,17.0734,-96.73932,45
BinniBusRA04,17.07323,-96.73918,46
BinniBusRA04,17.073,-96.73901,47
BinniBusRA04,17.0728,-96.73886,48
BinniBusRA04,17.07263,-96.73874,49
BinniBusRA04,17.07245,-96.73862,50
BinniBusRA04,17.07221,-96.73843,51
BinniBusRA04,17.07202,-96.73835,52
BinniBusRA04,17.07196,-96.73831,53
BinniBusRA04,17.07194,-96.7383,54
BinniBusRA04,17.07187,-96.73826,55
BinniBusRA04,17.07105,-96.73786,56
BinniBusRA04,17.07096,-96.73782,57
BinniBusRA04,17.07041,-96.73762,58
BinniBusRA04,17.07008,-96.7375,59
BinniBusRA04,17.06982,-96.7374,60
BinniBusRA04,17.06931,-96.73718,61
BinniBusRA04,17.06923,-96.73712,62
BinniBusRA04,17.06861,-96.73675,63
BinniBusRA04,17.06792,-96.73633,64
BinniBusRA04,17.06772,-96.7362,65
BinniBusRA04,17.06741,-96.73602,66
BinniBusRA04,17.06708,-96.73582,67
BinniBusRA04,17.06706,-96.7358,68
BinniBusRA04,17.06681,-96.73566,69
BinniBusRA04,17.06663,-96.73555,70
BinniBusRA04,17.06634,-96.73536,71
BinniBusRA04,17.0661,-96.73521,72
BinniBusRA04,17.06594,-96.7351,73
BinniBusRA04,17.06575,-96.73498,74
BinniBusRA04,17.06531,-96.73467,75
BinniBusRA04,17.06492,-96.73436,76
BinniBusRA04,17.06467,-96.73414,77
BinniBusRA04,17.06448,-96.73397,78
BinniBusRA04,17.06434,-96.73383,79
BinniBusRA04,17.06414,-96.73364,80
BinniBusRA04,17.06388,-96.73329,81
BinniBusRA04,17.06379,-96.73316,82
BinniBusRA04,17.06376,-96.73313,83
BinniBusRA04,17.06359,-96.73282,84
BinniBusRA04,17.06354,-96.73272,85
BinniBusRA04,17.06347,-96.73245,86
BinniBusRA04,17.06339,-96.73215,87
BinniBusRA04,17.06338,-96.73206,88
BinniBusRA04,17.06334,-96.73164,89
BinniBusRA04,17.06333,-96.73154,90
BinniBusRA04,17.06331,-96.73142,91
BinniBusRA04,17.0631,-96.73033,92
BinniBusRA04,17.0629,-96.72938,93
BinniBusRA04,17.06288,-96.7293,94
BinniBusRA04,17.0627,-96.72844,95
BinniBusRA04,17.06278,-96.7284,96
BinniBusRA04,17.0628,-96.72839,97
BinniBusRA04,17.06287,-96.72837,98
BinniBusRA04,17.06306,-96.72832,99
BinniBusRA04,17.06322,-96.72828,100
BinniBusRA04,17.06346,-96.72824,101
BinniBusRA04,17.06363,-96.72822,102
BinniBusRA04,17.06381,-96.7282,103
BinniBusRA04,17.06455,-96.72808,104
BinniBusRA04,17.06544,-96.7279,105
BinniBusRA04,17.06568,-96.72786,106
BinniBusRA04,17.06592,-96.7278,107
BinniBusRA04,17.06632,-96.72773,108
BinniBusRA04,17.06649,-96.72771,109
BinniBusRA04,17.06673,-96.72766,110
BinniBusRA04,17.0668,-96.72765,111
BinniBusRA04,17.0671,-96.72759,112
BinniBusRA04,17.06737,-96.72754,113
BinniBusRA04,17.06756,-96.72751,114
BinniBusRA04,17.06768,-96.72749,115
BinniBusRA04,17.06779,-96.72748,116
BinniBusRA04,17.06823,-96.72753,117
BinniBusRA04,17.0684,-96.72754,118
BinniBusRA04,17.06859,-96.72759,119
BinniBusRA04,17.06923,-96.72764,120
BinniBusRA04,17.06927,-96.72765,121
BinniBusRA04,17.06928,-96.72765,122
BinniBusRA04,17.06958,-96.72768,123
BinniBusRA04,17.0703,-96.72759,124
BinniBusRA04,17.07083,-96.72744,125
BinniBusRA04,17.0709,-96.72742,126
BinniBusRA04,17.07093,-96.72742,127
BinniBusRA04,17.07101,-96.7274,128
BinniBusRA04,17.07132,-96.72736,129
BinniBusRA04,17.07137,-96.72735,130
BinniBusRA04,17.07142,-96.72734,131
BinniBusRA04,17.07195,-96.72723,132
BinniBusRA04,17.07204,-96.72721,133
BinniBusRA04,17.07212,-96.7272,134
BinniBusRA04,17.07283,-96.72708,135
BinniBusRA04,17.07291,-96.72707,136
BinniBusRA04,17.073,-96.72704,137
BinniBusRA04,17.07309,-96.72699,138
BinniBusRA04,17.07316,-96.72693,139
BinniBusRA04,17.0732,-96.7269,140
BinniBusRA04,17.07314,-96.72669,141
BinniBusRA04,17.07311,-96.72659,142
BinniBusRA04,17.07307,-96.72644,143
BinniBusRA04,17.07299,-96.72621,144
BinniBusRA04,17.0729,-96.72593,145
BinniBusRA04,17.07278,-96.72565,146
BinniBusRA04,17.07263,-96.7252,147
BinniBusRA04,17.07247,-96.72443,148
BinniBusRA04,17.07238,-96.72368,149
BinniBusRA04,17.07229,-96.72313,150
BinniBusRA04,17.07225,-96.72294,151
BinniBusRA04,17.07225,-96.72293,152
BinniBusRA04,17.07214,-96.72228,153
BinniBusRA04,17.07204,-96.72177,154
BinniBusRA04,17.07189,-96.72112,155
BinniBusRA04,17.07176,-96.72054,156
BinniBusRA04,17.07175,-96.72051,157
BinniBusRA04,17.07176,-96.72041,158
BinniBusRA04,17.07177,-96.72027,159
BinniBusRA04,17.07176,-96.72023,160
BinniBusRA04,17.07163,-96.71966,161
BinniBusRA04,17.07153,-96.71906,162
BinniBusRA04,17.0714,-96.71858,163
BinniBusRA04,17.07131,-96.71809,164
BinniBusRA04,17.0713,-96.71804,165
BinniBusRA04,17.07129,-96.71802,166
BinniBusRA04,17.07118,-96.71784,167
BinniBusRA04,17.07108,-96.71764,168
BinniBusRA04,17.07098,-96.71721,169
BinniBusRA04,17.07088,-96.71671,170
BinniBusRA04,17.07088,-96.71668,171
BinniBusRA04,17.07075,-96.71622,172
BinniBusRA04,17.07066,-96.71596,173
BinniBusRA04,17.07064,-96.71588,174
BinniBusRA04,17.07061,-96.7157,175
BinniBusRA04,17.0706,-96.71566,176
BinniBusRA04,17.07059,-96.71561,177
BinniBusRA04,17.07057,-96.71549,178
BinniBusRA04,17.07048,-96.71497,179
BinniBusRA04,17.07047,-96.71488,180
BinniBusRA04,17.07045,-96.71469,181
BinniBusRA04,17.07043,-96.71453,182
BinniBusRA04,17.07043,-96.71449,183
BinniBusRA04,17.0704,-96.71404,184
BinniBusRA04,17.07037,-96.71369,185
BinniBusRA04,17.07037,-96.71361,186
BinniBusRA04,17.07038,-96.71346,187
BinniBusRA04,17.07039,-96.71341,188
BinniBusRA04,17.07038,-96.71332,189
BinniBusRA04,17.07038,-96.71321,190
BinniBusRA04,17.07034,-96.71281,191
BinniBusRA04,17.07031,-96.7125,192
BinniBusRA04,17.07028,-96.71234,193
BinniBusRA04,17.07025,-96.71212,194
BinniBusRA04,17.07019,-96.71188,195
BinniBusRA04,17.07017,-96.71157,196
BinniBusRA04,17.07016,-96.71147,197
BinniBusRA04,17.07015,-96.71141,198
BinniBusRA04,17.07013,-96.71116,199
BinniBusRA04,17.0701,-96.71082,200
BinniBusRA04,17.07008,-96.71064,201
BinniBusRA04,17.07004,-96.71022,202
BinniBusRA04,17.06997,-96.70946,203
BinniBusRA04,17.06992,-96.7089,204
BinniBusRA04,17.06989,-96.70856,205
BinniBusRA04,17.06983,-96.70781,206
BinniBusRA04,17.06982,-96.70764,207
BinniBusRA04,17.06978,-96.70694,208
BinniBusRA04,17.06974,-96.70646,209
BinniBusRA04,17.06968,-96.70574,210
BinniBusRA04,17.06961,-96.70501,211
BinniBusRA04,17.06959,-96.70484,212
BinniBusRA04,17.06945,-96.70338,213
BinniBusRA04,17.06939,-96.70267,214
BinniBusRA04,17.06935,-96.70216,215
BinniBusRA04,17.06926,-96.70118,216
BinniBusRA04,17.0692,-96.70046,217
BinniBusRA04,17.06919,-96.70036,218
BinniBusRA04,17.06916,-96.70011,219
BinniBusRA04,17.06915,-96.69989,220
BinniBusRA04,17.06901,-96.698,221
BinniBusRA04,17.06898,-96.69771,222
BinniBusRA04,17.06895,-96.69744,223
BinniBusRA04,17.0689,-96.69698,224
BinniBusRA04,17.06882,-96.69593,225
BinniBusRA04,17.06879,-96.6957,226
BinniBusRA04,17.06877,-96.69551,227
BinniBusRA04,17.06876,-96.69524,228
BinniBusRA04,17.06873,-96.69494,229
BinniBusRA04,17.06866,-96.69424,230
BinniBusRA04,17.06865,-96.6938,231
BinniBusRA04,17.0686,-96.69302,232
BinniBusRA04,17.06853,-96.69218,233
BinniBusRA04,17.06851,-96.69198,234
BinniBusRA04,17.06848,-96.69174,235
BinniBusRA04,17.06847,-96.69165,236
BinniBusRA04,17.06836,-96.690713,237
BinniBusRA04,17.068323,-96.690686,238
BinniBusRA04,17.068282,-96.690701,239
BinniBusRA04,17.068191,-96.69078,240
BinniBusRA04,17.06794,-96.691209,241
BinniBusRA04,17.067257,-96.692111,242
BinniBusRA04,17.066574,-96.693012,243
BinniBusRA04,17.066152,-96.69371,244
BinniBusRA04,17.066111,-96.693765,245
BinniBusRA04,17.06606,-96.693804,246
BinniBusRA04,17.065548,-96.693923,247
BinniBusRA04,17.064688,-96.69419,248
BinniBusRA04,17.06485,-96.693521,249
BinniBusRA04,17.064867,-96.693315,250
BinniBusRA04,17.064852,-96.693082,251
BinniBusRA04,17.064778,-96.692661,252
BinniBusRA04,17.064732,-96.692227,253
BinniBusRA04,17.064665,-96.691794,254
BinniBusRA04,17.064541,-96.690529,255
BinniBusRA04,17.064318,-96.688622,256
BinniBusRA04,17.064212,-96.687652,257
BinniBusRA04,17.06405,-96.686564,258
BinniBusRA04,17.064,-96.685876,259
BinniBusRA04,17.064105,-96.685036,260
BinniBusRA04,17.064211,-96.6844,261
BinniBusRA04,17.064316,-96.683345,262
BinniBusRA04,17.064299,-96.682975,263
BinniBusRA04,17.06409,-96.68158,264
BinniBusRA04,17.06399,-96.6816,265
BinniBusRA04,17.06392,-96.68162,266
BinniBusRA04,17.06384,-96.68164,267
BinniBusRA04,17.06374,-96.68166,268
BinniBusRA04,17.06263,-96.68198,269
BinniBusRA04,17.0625,-96.68202,270
BinniBusRA04,17.06177,-96.68227,271
BinniBusRA04,17.061355,-96.682461,272
BinniBusRA04,17.06085,-96.68263,273
BinniBusRA04,17.06073,-96.68269,274
BinniBusRA04,17.06054,-96.68279,275
BinniBusRA04,17.06023,-96.68296,276
BinniBusRA04,17.05996,-96.68311,277
BinniBusRA04,17.05984,-96.68318,278
BinniBusRA04,17.05976,-96.68322,279
BinniBusRA04,17.05963,-96.68329,280
BinniBusRA04,17.05955,-96.68333,281
BinniBusRA04,17.05948,-96.68336,282
BinniBusRA04,17.05939,-96.6834,283
BinniBusRA04,17.0593,-96.68344,284
BinniBusRA04,17.05917,-96.68348,285
BinniBusRA04,17.05907,-96.68351,286
BinniBusRA04,17.05893,-96.68352,287
BinniBusRA04,17.05882,-96.68355,288
BinniBusRA04,17.05857,-96.68362,289
BinniBusRA04,17.0583,-96.68368,290
BinniBusRA04,17.05788,-96.68377,291
BinniBusRA04,17.05728,-96.68388,292
BinniBusRA04,17.05717,-96.68389,293
BinniBusRA04,17.05707,-96.68394,294
BinniBusRA04,17.05701,-96.68396,295
BinniBusRA04,17.05683,-96.68402,296
BinniBusRA04,17.05673,-96.68405,297
BinniBusRA04,17.05589,-96.68433,298
BinniBusRA04,17.05575,-96.68438,299
BinniBusRA04,17.05556,-96.68446,300
BinniBusRA04,17.05556,-96.68446,301
BinniBusRA04,17.05551,-96.68448,302
BinniBusRA04,17.0555,-96.68414,303
BinniBusRA04,17.0555,-96.68409,304
BinniBusRA04,17.0555,-96.68368,305
BinniBusRA04,17.0555,-96.68295,306
BinniBusRA04,17.05553,-96.6827,307
BinniBusRA04,17.05552,-96.68249,308
BinniBusRA04,17.05553,-96.68167,309
BinniBusRA04,17.05549,-96.68131,310
BinniBusRA04,17.05553,-96.68129,311
BinniBusRA04,17.05561,-96.68125,312
BinniBusRA04,17.05573,-96.68122,313
BinniBusRA04,17.05586,-96.68118,314
BinniBusRA04,17.05602,-96.68114,315
BinniBusRA04,17.05637,-96.68104,316
BinniBusRA04,17.05645,-96.68102,317
BinniBusRA04,17.05663,-96.68095,318
BinniBusRA04,17.05687,-96.68092,319
BinniBusRA04,17.05689,-96.68131,320
BinniBusRA04,17.05688,-96.6816,321
BinniBusRA04,17.05688,-96.68264,322
BinniBusRA04,17.0569,-96.68291,323
BinniBusRA04,17.0569,-96.68305,324
BinniBusRA04,17.05689,-96.68315,325
BinniBusRA04,17.05686,-96.68324,326
BinniBusRA04,17.05673,-96.68351,327
BinniBusRA04,17.0569,-96.68364,328
BinniBusRA04,17.05692,-96.68366,329
BinniBusRA04,17.05701,-96.68374,330
BinniBusRA04,17.05709,-96.68381,331
BinniBusRA04,17.05717,-96.68389,332
BinniBusRA04,17.05728,-96.68388,333
BinniBusRA04,17.05788,-96.68377,334
BinniBusRA04,17.0583,-96.68368,335
BinniBusRA04,17.05857,-96.68362,336
BinniBusRA04,17.05882,-96.68355,337
BinniBusRA04,17.05893,-96.68352,338
BinniBusRA04,17.05907,-96.68351,339
BinniBusRA04,17.05917,-96.68348,340
BinniBusRA04,17.0593,-96.68344,341
BinniBusRA04,17.05939,-96.6834,342
BinniBusRA04,17.05948,-96.68336,343
BinniBusRA04,17.05955,-96.68333,344
BinniBusRA04,17.05963,-96.68329,345
BinniBusRA04,17.05976,-96.68322,346
BinniBusRA04,17.05984,-96.68318,347
BinniBusRA04,17.05996,-96.68311,348
BinniBusRA04,17.06023,-96.68296,349
BinniBusRA04,17.06054,-96.68279,350
BinniBusRA04,17.06073,-96.68269,351
BinniBusRA04,17.06085,-96.68263,352
BinniBusRA04,17.06152,-96.68237,353
BinniBusRA04,17.06177,-96.68227,354
BinniBusRA04,17.0625,-96.68202,355
BinniBusRA04,17.06263,-96.68198,356
BinniBusRA04,17.06374,-96.68166,357
BinniBusRA04,17.0639,-96.68151,358
BinniBusRA04,17.06395,-96.68147,359
BinniBusRA04,17.064058,-96.681359,360
BinniBusRA04,17.064149,-96.681823,361
BinniBusRA04,17.064244,-96.682539,362
BinniBusRA04,17.06433,-96.683102,363
BinniBusRA04,17.064322,-96.683411,364
BinniBusRA04,17.06428,-96.68376,365
BinniBusRA04,17.064229,-96.68435,366
BinniBusRA04,17.064152,-96.684902,367
BinniBusRA04,17.064139,-96.685047,368
BinniBusRA04,17.06405,-96.68562,369
BinniBusRA04,17.06403,-96.68584,370
BinniBusRA04,17.06403,-96.68609,371
BinniBusRA04,17.06403,-96.68625,372
BinniBusRA04,17.06405,-96.68641,373
BinniBusRA04,17.06418,-96.6875,374
BinniBusRA04,17.06429,-96.68827,375
BinniBusRA04,17.06431,-96.68849,376
BinniBusRA04,17.06435,-96.68888,377
BinniBusRA04,17.06438,-96.68911,378
BinniBusRA04,17.06442,-96.68947,379
BinniBusRA04,17.06442,-96.68949,380
BinniBusRA04,17.06447,-96.68982,381
BinniBusRA04,17.06455,-96.69038,382
BinniBusRA04,17.064873,-96.69326,383
BinniBusRA04,17.064862,-96.693495,384
BinniBusRA04,17.06561,-96.693282,385
BinniBusRA04,17.06655,-96.693018,386
BinniBusRA04,17.067368,-96.691958,387
BinniBusRA04,17.067877,-96.691304,388
BinniBusRA04,17.068114,-96.69091,389
BinniBusRA04,17.068249,-96.690715,390
BinniBusRA04,17.068338,-96.69064,391
BinniBusRA04,17.068348,-96.690601,392
BinniBusRA04,17.068342,-96.690538,393
BinniBusRA04,17.0683,-96.69005,394
BinniBusRA04,17.068212,-96.689375,395
BinniBusRA04,17.068238,-96.689343,396
BinniBusRA04,17.068296,-96.689334,397
BinniBusRA04,17.068355,-96.689363,398
BinniBusRA04,17.06855,-96.69087,399
BinniBusRA04,17.06858,-96.69124,400
BinniBusRA04,17.06859,-96.69142,401
BinniBusRA04,17.06862,-96.69198,402
BinniBusRA04,17.06864,-96.69218,403
BinniBusRA04,17.06875,-96.69345,404
BinniBusRA04,17.06876,-96.69359,405
BinniBusRA04,17.06887,-96.69487,406
BinniBusRA04,17.068864,-96.694962,407
BinniBusRA04,17.068875,-96.695,408
BinniBusRA04,17.068881,-96.695083,409
BinniBusRA04,17.068885,-96.695139,410
BinniBusRA04,17.068883,-96.695243,411
BinniBusRA04,17.068885,-96.69537,412
BinniBusRA04,17.068887,-96.695448,413
BinniBusRA04,17.068895,-96.69561,414
BinniBusRA04,17.068902,-96.695682,415
BinniBusRA04,17.068916,-96.695766,416
BinniBusRA04,17.068924,-96.695887,417
BinniBusRA04,17.068944,-96.69598,418
BinniBusRA04,17.06896,-96.696187,419
BinniBusRA04,17.068964,-96.696399,420
BinniBusRA04,17.068982,-96.696596,421
BinniBusRA04,17.069,-96.696843,422
BinniBusRA04,17.069012,-96.696941,423
BinniBusRA04,17.069066,-96.69716,424
BinniBusRA04,17.0691,-96.69724,425
BinniBusRA04,17.06909,-96.6973,426
BinniBusRA04,17.06909,-96.69731,427
BinniBusRA04,17.06911,-96.69743,428
BinniBusRA04,17.06911,-96.69748,429
BinniBusRA04,17.06914,-96.69772,430
BinniBusRA04,17.06916,-96.69794,431
BinniBusRA04,17.06918,-96.69822,432
BinniBusRA04,17.06923,-96.69879,433
BinniBusRA04,17.06933,-96.6998,434
BinniBusRA04,17.06936,-96.70007,435
BinniBusRA04,17.06937,-96.70028,436
BinniBusRA04,17.06942,-96.70082,437
BinniBusRA04,17.06948,-96.70157,438
BinniBusRA04,17.06953,-96.70215,439
BinniBusRA04,17.06965,-96.7034,440
BinniBusRA04,17.06971,-96.7044,441
BinniBusRA04,17.06974,-96.70478,442
BinniBusRA04,17.06975,-96.70489,443
BinniBusRA04,17.06976,-96.705,444
BinniBusRA04,17.06977,-96.70515,445
BinniBusRA04,17.06987,-96.70641,446
BinniBusRA04,17.06999,-96.70756,447
BinniBusRA04,17.07001,-96.70781,448
BinniBusRA04,17.07006,-96.70861,449
BinniBusRA04,17.07015,-96.70942,450
BinniBusRA04,17.07021,-96.71021,451
BinniBusRA04,17.07027,-96.7111,452
BinniBusRA04,17.0703,-96.71149,453
BinniBusRA04,17.07031,-96.71159,454
BinniBusRA04,17.07034,-96.71193,455
BinniBusRA04,17.07036,-96.71218,456
BinniBusRA04,17.07046,-96.71319,457
BinniBusRA04,17.07046,-96.71328,458
BinniBusRA04,17.07045,-96.71346,459
BinniBusRA04,17.07044,-96.71358,460
BinniBusRA04,17.07045,-96.71368,461
BinniBusRA04,17.07046,-96.71386,462
BinniBusRA04,17.07051,-96.7145,463
BinniBusRA04,17.07052,-96.71455,464
BinniBusRA04,17.07054,-96.71472,465
BinniBusRA04,17.07057,-96.71488,466
BinniBusRA04,17.07068,-96.71548,467
BinniBusRA04,17.0707,-96.7156,468
BinniBusRA04,17.07072,-96.71568,469
BinniBusRA04,17.07076,-96.71583,470
BinniBusRA04,17.07086,-96.7162,471
BinniBusRA04,17.07091,-96.71637,472
BinniBusRA04,17.07098,-96.71667,473
BinniBusRA04,17.07099,-96.71671,474
BinniBusRA04,17.07106,-96.71707,475
BinniBusRA04,17.07108,-96.71718,476
BinniBusRA04,17.07109,-96.71723,477
BinniBusRA04,17.07117,-96.71762,478
BinniBusRA04,17.07118,-96.71784,479
BinniBusRA04,17.07122,-96.71806,480
BinniBusRA04,17.07124,-96.71817,481
BinniBusRA04,17.07125,-96.7182,482
BinniBusRA04,17.07128,-96.71834,483
BinniBusRA04,17.07132,-96.71861,484
BinniBusRA04,17.07139,-96.71892,485
BinniBusRA04,17.07144,-96.71909,486
BinniBusRA04,17.07148,-96.71922,487
BinniBusRA04,17.07148,-96.71927,488
BinniBusRA04,17.07151,-96.71954,489
BinniBusRA04,17.07151,-96.71967,490
BinniBusRA04,17.07167,-96.72023,491
BinniBusRA04,17.07171,-96.72032,492
BinniBusRA04,17.07176,-96.72041,493
BinniBusRA04,17.07189,-96.72064,494
BinniBusRA04,17.07217,-96.72176,495
BinniBusRA04,17.07225,-96.7222,496
BinniBusRA04,17.07236,-96.72292,497
BinniBusRA04,17.07236,-96.72293,498
BinniBusRA04,17.07239,-96.72311,499
BinniBusRA04,17.07248,-96.72367,500
BinniBusRA04,17.07257,-96.72441,501
BinniBusRA04,17.07272,-96.72517,502
BinniBusRA04,17.07287,-96.72559,503
BinniBusRA04,17.07278,-96.72565,504
BinniBusRA04,17.07265,-96.72568,505
BinniBusRA04,17.07252,-96.72571,506
BinniBusRA04,17.07213,-96.72578,507
BinniBusRA04,17.07206,-96.72579,508
BinniBusRA04,17.07199,-96.72581,509
BinniBusRA04,17.07146,-96.72592,510
BinniBusRA04,17.07092,-96.72603,511
BinniBusRA04,17.07088,-96.72603,512
BinniBusRA04,17.07061,-96.72609,513
BinniBusRA04,17.06999,-96.72621,514
BinniBusRA04,17.06952,-96.7263,515
BinniBusRA04,17.06932,-96.72634,516
BinniBusRA04,17.06894,-96.7264,517
BinniBusRA04,17.06889,-96.7264,518
BinniBusRA04,17.06875,-96.72641,519
BinniBusRA04,17.06874,-96.72641,520
BinniBusRA04,17.06856,-96.72642,521
BinniBusRA04,17.06832,-96.72644,522
BinniBusRA04,17.06806,-96.72646,523
BinniBusRA04,17.06763,-96.72649,524
BinniBusRA04,17.0674,-96.72651,525
BinniBusRA04,17.06736,-96.72651,526
BinniBusRA04,17.06721,-96.72653,527
BinniBusRA04,17.06703,-96.72656,528
BinniBusRA04,17.06648,-96.72666,529
BinniBusRA04,17.06619,-96.72672,530
BinniBusRA04,17.06527,-96.72691,531
BinniBusRA04,17.06444,-96.72708,532
BinniBusRA04,17.06436,-96.7271,533
BinniBusRA04,17.06343,-96.72729,534
BinniBusRA04,17.0625,-96.72749,535
BinniBusRA04,17.06225,-96.72753,536
BinniBusRA04,17.06207,-96.72756,537
BinniBusRA04,17.06158,-96.72766,538
BinniBusRA04,17.06133,-96.7277,539
BinniBusRA04,17.06108,-96.72776,540
BinniBusRA04,17.06064,-96.72786,541
BinniBusRA04,17.05972,-96.72805,542
BinniBusRA04,17.05993,-96.72902,543
BinniBusRA04,17.06003,-96.72957,544
BinniBusRA04,17.0601,-96.72996,545
BinniBusRA04,17.06029,-96.73083,546
BinniBusRA04,17.06049,-96.73176,547
BinniBusRA04,17.06054,-96.73214,548
BinniBusRA04,17.06005,-96.73222,549
BinniBusRA04,17.06009,-96.73265,550
BinniBusRA04,17.06011,-96.73284,551
BinniBusRA04,17.06012,-96.73305,552
BinniBusRA04,17.06021,-96.73309,553
BinniBusRA04,17.06038,-96.73322,554
BinniBusRA04,17.06069,-96.73344,555
BinniBusRA04,17.06073,-96.73347,556
BinniBusRA04,17.0608,-96.73352,557
BinniBusRA04,17.06088,-96.73358,558
BinniBusRA04,17.06115,-96.73376,559
BinniBusRA04,17.06174,-96.73419,560
BinniBusRA04,17.06183,-96.73427,561
BinniBusRA04,17.06193,-96.73436,562
BinniBusRA04,17.0622,-96.73454,563
BinniBusRA04,17.06251,-96.73475,564
BinniBusRA04,17.06282,-96.73498,565
BinniBusRA04,17.06306,-96.73511,566
BinniBusRA04,17.06344,-96.73538,567
BinniBusRA04,17.06365,-96.73553,568
BinniBusRA04,17.06375,-96.73558,569
BinniBusRA04,17.06392,-96.73567,570
BinniBusRA04,17.06447,-96.73596,571
BinniBusRA04,17.06478,-96.73608,572
BinniBusRA04,17.06496,-96.73615,573
BinniBusRA04,17.06509,-96.73618,574
BinniBusRA04,17.06523,-96.73623,575
BinniBusRA04,17.06535,-96.73627,576
BinniBusRA04,17.06544,-96.73629,577
BinniBusRA04,17.06556,-96.73628,578
BinniBusRA04,17.06562,-96.73627,579
BinniBusRA04,17.06571,-96.73625,580
BinniBusRA04,17.06583,-96.73619,581
BinniBusRA04,17.06595,-96.7361,582
BinniBusRA04,17.06598,-96.73605,583
BinniBusRA04,17.06607,-96.73595,584
BinniBusRA04,17.06615,-96.73585,585
BinniBusRA04,17.06614,-96.73583,586
BinniBusRA04,17.06613,-96.73582,587
BinniBusRA04,17.06611,-96.73575,588
BinniBusRA04,17.06613,-96.73558,589
BinniBusRA04,17.06621,-96.73548,590
BinniBusRA04,17.06625,-96.73543,591
BinniBusRA04,17.06634,-96.73536,592
BinniBusRA04,17.06643,-96.7353,593
BinniBusRA04,17.06646,-96.73527,594
BinniBusRA04,17.06648,-96.73525,595
BinniBusRA04,17.0665,-96.73521,596
BinniBusRA04,17.06653,-96.73511,597
BinniBusRA04,17.06657,-96.735,598
BinniBusRA04,17.06663,-96.73485,599
BinniBusRA04,17.06674,-96.7345,600
BinniBusRA04,17.06677,-96.7344,601
BinniBusRA04,17.06689,-96.73452,602
BinniBusRA04,17.06716,-96.73479,603
BinniBusRA04,17.06742,-96.73501,604
BinniBusRA04,17.06771,-96.73523,605
BinniBusRA04,17.06797,-96.73541,606
BinniBusRA04,17.06814,-96.73552,607
BinniBusRA04,17.06827,-96.73558,608
BinniBusRA04,17.06849,-96.73571,609
BinniBusRA04,17.06901,-96.73598,610
BinniBusRA04,17.06924,-96.73607,611
BinniBusRA04,17.06945,-96.73615,612
BinniBusRA04,17.06961,-96.73621,613
BinniBusRA04,17.06966,-96.73623,614
BinniBusRA04,17.0698,-96.73629,615
BinniBusRA04,17.06997,-96.73635,616
BinniBusRA04,17.07016,-96.73643,617
BinniBusRA04,17.0703,-96.73647,618
BinniBusRA04,17.0704,-96.7365,619
BinniBusRA04,17.07051,-96.73652,620
BinniBusRA04,17.0709,-96.73664,621
BinniBusRA04,17.07098,-96.73668,622
BinniBusRA04,17.07129,-96.73684,623
BinniBusRA04,17.07153,-96.73697,624
BinniBusRA04,17.07215,-96.7373,625
BinniBusRA04,17.0724,-96.73742,626
BinniBusRA04,17.07247,-96.73748,627
BinniBusRA04,17.07282,-96.73767,628
BinniBusRA04,17.07305,-96.73781,629
BinniBusRA04,17.07324,-96.73792,630
BinniBusRA04,17.0734,-96.73802,631
BinniBusRA04,17.07382,-96.73826,632
BinniBusRA04,17.07405,-96.73839,633
BinniBusRA04,17.07426,-96.73851,634
BinniBusRA04,17.0744,-96.7386,635
BinniBusRA04,17.07497,-96.73898,636
BinniBusRA04,17.07521,-96.7392,637
BinniBusRA04,17.07552,-96.73945,638
BinniBusRA04,17.07576,-96.73964,639
BinniBusRA04,17.0759,-96.73972,640
BinniBusRA04,17.07632,-96.7399,641
BinniBusRA04,17.07635,-96.73992,642
BinniBusRA04,17.07664,-96.74005,643
BinniBusRA04,17.07689,-96.74015,644
BinniBusRA04,17.0769,-96.74016,645
BinniBusRA04,17.07701,-96.74022,646
BinniBusRA04,17.0773,-96.74035,647
BinniBusRA04,17.07778,-96.74056,648
BinniBusRA04,17.079963,-96.741594,649
BinniBusRA04,17.080053,-96.742498,650
BinniBusRA04,17.080234,-96.743085,651
BinniBusRA04,17.080166,-96.743528,652
BinniBusRA04,17.079386,-96.743098,653
BinniBusRA05,17.093915,-96.697934,1
BinniBusRA05,17.093889,-96.698614,2
BinniBusRA05,17.093961,-96.699161,3
BinniBusRA05,17.09392,-96.699387,4
BinniBusRA05,17.092982,-96.700299,5
BinniBusRA05,17.092792,-96.70053,6
BinniBusRA05,17.09273,-96.700615,7
BinniBusRA05,17.092684,-96.700892,8
BinniBusRA05,17.09262,-96.701195,9
BinniBusRA05,17.092618,-96.701358,10
BinniBusRA05,17.092707,-96.701621,11
BinniBusRA05,17.092797,-96.70183,12
BinniBusRA05,17.092885,-96.702202,13
BinniBusRA05,17.092964,-96.702473,14
BinniBusRA05,17.093002,-96.702704,15
BinniBusRA05,17.093018,-96.702817,16
BinniBusRA05,17.092982,-96.702994,17
BinniBusRA05,17.092872,-96.703122,18
BinniBusRA05,17.093056,-96.703533,19
BinniBusRA05,17.093546,-96.70452,20
BinniBusRA05,17.093925,-96.705341,21
BinniBusRA05,17.094422,-96.706413,22
BinniBusRA05,17.094741,-96.707022,23
BinniBusRA05,17.094815,-96.707159,24
BinniBusRA05,17.094566,-96.70731,25
BinniBusRA05,17.093179,-96.70802,26
BinniBusRA05,17.092302,-96.708508,27
BinniBusRA05,17.091049,-96.709142,28
BinniBusRA05,17.090711,-96.709324,29
BinniBusRA05,17.089972,-96.709651,30
BinniBusRA05,17.089506,-96.709898,31
BinniBusRA05,17.089336,-96.710096,32
BinniBusRA05,17.088875,-96.710526,33
BinniBusRA05,17.088475,-96.710751,34
BinniBusRA05,17.087639,-96.711239,35
BinniBusRA05,17.087214,-96.711497,36
BinniBusRA05,17.086696,-96.711808,37
BinniBusRA05,17.086526,-96.711896,38
BinniBusRA05,17.086485,-96.71203,39
BinniBusRA05,17.086434,-96.712148,40
BinniBusRA05,17.086306,-96.712218,41
BinniBusRA05,17.086116,-96.712148,42
BinniBusRA05,17.086075,-96.711992,43
BinniBusRA05,17.086106,-96.711858,44
BinniBusRA05,17.085942,-96.71167,45
BinniBusRA05,17.085593,-96.711477,46
BinniBusRA05,17.085173,-96.711337,47
BinniBusRA05,17.084901,-96.711337,48
BinniBusRA05,17.084532,-96.711386,49
BinniBusRA05,17.084214,-96.71153,50
BinniBusRA05,17.083962,-96.711681,51
BinniBusRA05,17.083655,-96.711895,52
BinniBusRA05,17.083316,-96.711981,53
BinniBusRA05,17.082747,-96.711997,54
BinniBusRA05,17.082317,-96.712035,55
BinniBusRA05,17.081912,-96.712131,56
BinniBusRA05,17.081799,-96.712153,57
BinniBusRA05,17.081379,-96.712164,58
BinniBusRA05,17.080697,-96.712265,59
BinniBusRA05,17.080454,-96.712322,60
BinniBusRA05,17.079896,-96.712359,61
BinniBusRA05,17.079466,-96.712419,62
BinniBusRA05,17.079205,-96.712472,63
BinniBusRA05,17.078543,-96.712542,64
BinniBusRA05,17.077031,-96.712757,65
BinniBusRA05,17.075672,-96.712958,66
BinniBusRA05,17.074969,-96.71307,67
BinniBusRA05,17.073224,-96.713296,68
BinniBusRA05,17.072783,-96.713355,69
BinniBusRA05,17.071511,-96.713511,70
BinniBusRA05,17.071014,-96.713602,71
BinniBusRA05,17.070547,-96.713688,72
BinniBusRA05,17.068992,-96.713889,73
BinniBusRA05,17.068197,-96.713969,74
BinniBusRA05,17.067192,-96.714119,75
BinniBusRA05,17.066279,-96.714244,76
BinniBusRA05,17.065746,-96.71426,77
BinniBusRA05,17.065587,-96.714281,78
BinniBusRA05,17.065407,-96.714378,79
BinniBusRA05,17.065284,-96.714362,80
BinniBusRA05,17.065146,-96.714319,81
BinniBusRA05,17.064674,-96.71427,82
BinniBusRA05,17.062824,-96.714161,83
BinniBusRA05,17.061696,-96.714086,84
BinniBusRA05,17.061204,-96.713989,85
BinniBusRA05,17.060353,-96.713646,86
BinniBusRA05,17.059614,-96.713335,87
BinniBusRA05,17.058992,-96.713125,88
BinniBusRA05,17.05851,-96.712932,89
BinniBusRA05,17.058161,-96.712932,90
BinniBusRA05,17.056951,-96.712985,91
BinniBusRA05,17.056456,-96.713041,92
BinniBusRA05,17.056138,-96.713095,93
BinniBusRA05,17.055594,-96.713165,94
BinniBusRA05,17.054979,-96.713192,95
BinniBusRA05,17.05462,-96.713245,96
BinniBusRA05,17.054456,-96.713261,97
BinniBusRA05,17.053953,-96.713143,98
BinniBusRA05,17.053599,-96.7131,99
BinniBusRA05,17.053163,-96.713133,100
BinniBusRA05,17.052702,-96.713218,101
BinniBusRA05,17.051107,-96.713476,102
BinniBusRA05,17.049763,-96.713674,103
BinniBusRA05,17.048583,-96.713857,104
BinniBusRA05,17.048121,-96.713938,105
BinniBusRA05,17.046844,-96.71412,106
BinniBusRA05,17.046342,-96.714168,107
BinniBusRA05,17.044421,-96.714512,108
BinniBusRA05,17.043913,-96.714523,109
BinniBusRA05,17.043293,-96.714255,110
BinniBusRA05,17.042795,-96.713815,111
BinniBusRA05,17.041939,-96.713214,112
BinniBusRA05,17.04157,-96.712833,113
BinniBusRA05,17.040318,-96.711884,114
BinniBusRA05,17.039203,-96.711002,115
BinniBusRA05,17.038875,-96.710863,116
BinniBusRA05,17.038372,-96.710766,117
BinniBusRA05,17.037983,-96.710874,118
BinniBusRA05,17.037213,-96.711356,119
BinniBusRA05,17.035131,-96.712826,120
BinniBusRA05,17.033982,-96.713642,121
BinniBusRA05,17.033549,-96.713973,122
BinniBusRA05,17.033251,-96.713844,123
BinniBusRA05,17.032836,-96.71356,124
BinniBusRA05,17.030966,-96.712224,125
BinniBusRA05,17.02954,-96.71122,126
BinniBusRA05,17.02877,-96.710598,127
BinniBusRA05,17.028116,-96.71018,128
BinniBusRA05,17.0278,-96.710003,129
BinniBusRA05,17.027512,-96.709874,130
BinniBusRA05,17.027246,-96.709786,131
BinniBusRA05,17.026832,-96.709681,132
BinniBusRA05,17.026552,-96.709654,133
BinniBusRA05,17.025957,-96.709703,134
BinniBusRA05,17.025552,-96.709788,135
BinniBusRA05,17.024957,-96.709939,136
BinniBusRA05,17.022931,-96.710397,137
BinniBusRA05,17.02174,-96.710708,138
BinniBusRA05,17.018482,-96.711489,139
BinniBusRA05,17.015804,-96.712058,140
BinniBusRA05,17.013984,-96.712441,141
BinniBusRA05,17.014087,-96.712956,142
BinniBusRA05,17.0142,-96.713761,143
BinniBusRA05,17.014353,-96.7142,144
BinniBusRA05,17.01462,-96.714501,145
BinniBusRA05,17.014795,-96.714694,146
BinniBusRA05,17.015339,-96.714809,147
BinniBusRA05,17.015647,-96.714991,148
BinniBusRA05,17.015842,-96.715688,149
BinniBusRA05,17.015885,-96.715868,150
BinniBusRA05,17.015947,-96.71593,151
BinniBusRA05,17.016098,-96.715954,152
BinniBusRA05,17.016406,-96.715871,153
BinniBusRA05,17.016555,-96.715831,154
BinniBusRA05,17.016734,-96.715844,155
BinniBusRA05,17.016832,-96.715916,156
BinniBusRA05,17.016939,-96.716123,157
BinniBusRA05,17.017044,-96.716458,158
BinniBusRA05,17.017582,-96.718474,159
BinniBusRA05,17.017705,-96.71878,160
BinniBusRA05,17.017864,-96.719038,161
BinniBusRA05,17.018116,-96.719424,162
BinniBusRA05,17.018254,-96.71966,163
BinniBusRA05,17.018318,-96.719842,164
BinniBusRA05,17.018487,-96.720476,165
BinniBusRA05,17.018549,-96.720803,166
BinniBusRA05,17.018664,-96.721382,167
BinniBusRA05,17.019546,-96.725744,168
BinniBusRA05,17.019564,-96.726041,169
BinniBusRA05,17.019494,-96.726334,170
BinniBusRA05,17.019466,-96.726462,171
BinniBusRA05,17.019417,-96.72658,172
BinniBusRA05,17.019499,-96.72709,173
BinniBusRA05,17.019694,-96.728082,174
BinniBusRA05,17.019707,-96.728195,175
BinniBusRA05,17.019792,-96.728313,176
BinniBusRA05,17.019817,-96.728375,177
BinniBusRA05,17.019971,-96.728394,178
BinniBusRA05,17.020294,-96.728522,179
BinniBusRA05,17.021719,-96.729273,180
BinniBusRA05,17.022339,-96.729558,181
BinniBusRA05,17.022668,-96.729778,182
BinniBusRA05,17.022878,-96.729912,183
BinniBusRA05,17.023096,-96.73,184
BinniBusRA05,17.023183,-96.729917,185
BinniBusRA05,17.023309,-96.729936,186
BinniBusRA05,17.023375,-96.730062,187
BinniBusRA05,17.023291,-96.730196,188
BinniBusRA05,17.023175,-96.730167,189
BinniBusRA05,17.02305,-96.730142,190
BinniBusRA05,17.022821,-96.730185,191
BinniBusRA05,17.022455,-96.730328,192
BinniBusRA05,17.021678,-96.730684,193
BinniBusRA05,17.018686,-96.732021,194
BinniBusRA05,17.017871,-96.732391,195
BinniBusRA05,17.015977,-96.73325,196
BinniBusRA05,17.014592,-96.733867,197
BinniBusRA05,17.012227,-96.734903,198
BinniBusRA05,17.011037,-96.735472,199
BinniBusRA05,17.009328,-96.736225,200
BinniBusRA05,17.008938,-96.736396,201
BinniBusRA05,17.008446,-96.736616,202
BinniBusRA05,17.006833,-96.73732,203
BinniBusRA05,17.006279,-96.737562,204
BinniBusRA05,17.005719,-96.737696,205
BinniBusRA05,17.001954,-96.739485,206
BinniBusRA05,17.000774,-96.740032,207
BinniBusRA05,16.998144,-96.741218,208
BinniBusRA05,16.997179,-96.741636,209
BinniBusRA05,16.996799,-96.741775,210
BinniBusRA05,16.996748,-96.741947,211
BinniBusRA05,16.996738,-96.742366,212
BinniBusRA05,16.996748,-96.742913,213
BinniBusRA05,16.99684,-96.746475,214
BinniBusRA05,16.996882,-96.747548,215
BinniBusRA05,16.996938,-96.749416,216
BinniBusRA05,16.99699,-96.750296,217
BinniBusRA05,16.997005,-96.752184,218
BinniBusRA05,16.997041,-96.753305,219
BinniBusRA05,16.997144,-96.756018,220
BinniBusRA05,16.997185,-96.756823,221
BinniBusRA05,16.997217,-96.757297,222
BinniBusRA05,16.997217,-96.757538,223
BinniBusRA05,16.997153,-96.757527,224
BinniBusRA05,16.997117,-96.757415,225
BinniBusRA05,16.997096,-96.757018,226
BinniBusRA05,16.997063,-96.75654,227
BinniBusRA05,16.997063,-96.75654,228
BinniBusRA05,16.997028,-96.755393,229
BinniBusRA05,16.996971,-96.754138,230
BinniBusRA05,16.996925,-96.752963,231
BinniBusRA05,16.996875,-96.750472,232
BinniBusRA05,16.99687,-96.749748,233
BinniBusRA05,16.996778,-96.747553,234
BinniBusRA05,16.996747,-96.746604,235
BinniBusRA05,16.996705,-96.745393,236
BinniBusRA05,16.996644,-96.743644,237
BinniBusRA05,16.996633,-96.742443,238
BinniBusRA05,16.996654,-96.741949,239
BinniBusRA05,16.996605,-96.741809,240
BinniBusRA05,16.996615,-96.741716,241
BinniBusRA05,16.996713,-96.741643,242
BinniBusRA05,16.996854,-96.741656,243
BinniBusRA05,16.998102,-96.741148,244
BinniBusRA05,16.999574,-96.740445,245
BinniBusRA05,17.001016,-96.739807,246
BinniBusRA05,17.002815,-96.73901,247
BinniBusRA05,17.003517,-96.738688,248
BinniBusRA05,17.004321,-96.738276,249
BinniBusRA05,17.005235,-96.737839,250
BinniBusRA05,17.00614,-96.737442,251
BinniBusRA05,17.006427,-96.737383,252
BinniBusRA05,17.007068,-96.737098,253
BinniBusRA05,17.009016,-96.736247,254
BinniBusRA05,17.010057,-96.735759,255
BinniBusRA05,17.011776,-96.734971,256
BinniBusRA05,17.012355,-96.734703,257
BinniBusRA05,17.014842,-96.733574,258
BinniBusRA05,17.015648,-96.733253,259
BinniBusRA05,17.016621,-96.732818,260
BinniBusRA05,17.017334,-96.73252,261
BinniBusRA05,17.018424,-96.732026,262
BinniBusRA05,17.020889,-96.730929,263
BinniBusRA05,17.021782,-96.7305,264
BinniBusRA05,17.022346,-96.730258,265
BinniBusRA05,17.022792,-96.730097,266
BinniBusRA05,17.023105,-96.730053,267
BinniBusRA05,17.022793,-96.729898,268
BinniBusRA05,17.022298,-96.729568,269
BinniBusRA05,17.021852,-96.729365,270
BinniBusRA05,17.02113,-96.728985,271
BinniBusRA05,17.020717,-96.728769,272
BinniBusRA05,17.020217,-96.728518,273
BinniBusRA05,17.019978,-96.728436,274
BinniBusRA05,17.019772,-96.728382,275
BinniBusRA05,17.019665,-96.728494,276
BinniBusRA05,17.019552,-96.728437,277
BinniBusRA05,17.019512,-96.728356,278
BinniBusRA05,17.01955,-96.728254,279
BinniBusRA05,17.019617,-96.728219,280
BinniBusRA05,17.01968,-96.728204,281
BinniBusRA05,17.019605,-96.727826,282
BinniBusRA05,17.019387,-96.726676,283
BinniBusRA05,17.019393,-96.726559,284
BinniBusRA05,17.019488,-96.726196,285
BinniBusRA05,17.019522,-96.726016,286
BinniBusRA05,17.01948,-96.72564,287
BinniBusRA05,17.01936,-96.725058,288
BinniBusRA05,17.019091,-96.723768,289
BinniBusRA05,17.018475,-96.72066,290
BinniBusRA05,17.018234,-96.719711,291
BinniBusRA05,17.017893,-96.719175,292
BinniBusRA05,17.017608,-96.718674,293
BinniBusRA05,17.017447,-96.718119,294
BinniBusRA05,17.01726,-96.71744,295
BinniBusRA05,17.016953,-96.716333,296
BinniBusRA05,17.016863,-96.716051,297
BinniBusRA05,17.016765,-96.71592,298
BinniBusRA05,17.016617,-96.715861,299
BinniBusRA05,17.016508,-96.715874,300
BinniBusRA05,17.016284,-96.715954,301
BinniBusRA05,17.016077,-96.716021,302
BinniBusRA05,17.016008,-96.716015,303
BinniBusRA05,17.015884,-96.715948,304
BinniBusRA05,17.015828,-96.715859,305
BinniBusRA05,17.015651,-96.715132,306
BinniBusRA05,17.015561,-96.714966,307
BinniBusRA05,17.015441,-96.714896,308
BinniBusRA05,17.01531,-96.714832,309
BinniBusRA05,17.014933,-96.714768,310
BinniBusRA05,17.01463,-96.71464,311
BinniBusRA05,17.014407,-96.714318,312
BinniBusRA05,17.014187,-96.713886,313
BinniBusRA05,17.01411,-96.713361,314
BinniBusRA05,17.013958,-96.712403,315
BinniBusRA05,17.013956,-96.712274,316
BinniBusRA05,17.017261,-96.711609,317
BinniBusRA05,17.021957,-96.710521,318
BinniBusRA05,17.024943,-96.709802,319
BinniBusRA05,17.026131,-96.70951,320
BinniBusRA05,17.026931,-96.709532,321
BinniBusRA05,17.027423,-96.709618,322
BinniBusRA05,17.027751,-96.709779,323
BinniBusRA05,17.028153,-96.709957,324
BinniBusRA05,17.028902,-96.710515,325
BinniBusRA05,17.029635,-96.71103,326
BinniBusRA05,17.031148,-96.712092,327
BinniBusRA05,17.032923,-96.713348,328
BinniBusRA05,17.033456,-96.71367,329
BinniBusRA05,17.033744,-96.713659,330
BinniBusRA05,17.034421,-96.713154,331
BinniBusRA05,17.035713,-96.712307,332
BinniBusRA05,17.036677,-96.711599,333
BinniBusRA05,17.037826,-96.710805,334
BinniBusRA05,17.038267,-96.710644,335
BinniBusRA05,17.038574,-96.710629,336
BinniBusRA05,17.038943,-96.710709,337
BinniBusRA05,17.039256,-96.710854,338
BinniBusRA05,17.039905,-96.711346,339
BinniBusRA05,17.040698,-96.711965,340
BinniBusRA05,17.041198,-96.71237,341
BinniBusRA05,17.041623,-96.712664,342
BinniBusRA05,17.04198,-96.712995,343
BinniBusRA05,17.042109,-96.713132,344
BinniBusRA05,17.042311,-96.713266,345
BinniBusRA05,17.042617,-96.713525,346
BinniBusRA05,17.043109,-96.713868,347
BinniBusRA05,17.043438,-96.71404,348
BinniBusRA05,17.043894,-96.714249,349
BinniBusRA05,17.044233,-96.714259,350
BinniBusRA05,17.04453,-96.714254,351
BinniBusRA05,17.044971,-96.714206,352
BinniBusRA05,17.045515,-96.714104,353
BinniBusRA05,17.045992,-96.714002,354
BinniBusRA05,17.046911,-96.71389,355
BinniBusRA05,17.049001,-96.713606,356
BinniBusRA05,17.051191,-96.713263,357
BinniBusRA05,17.052052,-96.713139,358
BinniBusRA05,17.052477,-96.713119,359
BinniBusRA05,17.052821,-96.71306,360
BinniBusRA05,17.05318,-96.71298,361
BinniBusRA05,17.05358,-96.712931,362
BinniBusRA05,17.053826,-96.712974,363
BinniBusRA05,17.054077,-96.713012,364
BinniBusRA05,17.054544,-96.713076,365
BinniBusRA05,17.054749,-96.713028,366
BinniBusRA05,17.055282,-96.712969,367
BinniBusRA05,17.055841,-96.712915,368
BinniBusRA05,17.056241,-96.712862,369
BinniBusRA05,17.056611,-96.712851,370
BinniBusRA05,17.058273,-96.712658,371
BinniBusRA05,17.058622,-96.712774,372
BinniBusRA05,17.060017,-96.713279,373
BinniBusRA05,17.06063,-96.713574,374
BinniBusRA05,17.060968,-96.713627,375
BinniBusRA05,17.061353,-96.713713,376
BinniBusRA05,17.061799,-96.714013,377
BinniBusRA05,17.06303,-96.714088,378
BinniBusRA05,17.065133,-96.714169,379
BinniBusRA05,17.065268,-96.714121,380
BinniBusRA05,17.065627,-96.714137,381
BinniBusRA05,17.066237,-96.714094,382
BinniBusRA05,17.066924,-96.71404,383
BinniBusRA05,17.070242,-96.713627,384
BinniBusRA05,17.070668,-96.713541,385
BinniBusRA05,17.071401,-96.713439,386
BinniBusRA05,17.07197,-96.713369,387
BinniBusRA05,17.072792,-96.713275,388
BinniBusRA05,17.073305,-96.7132,389
BinniBusRA05,17.074167,-96.713055,390
BinniBusRA05,17.074715,-96.71298,391
BinniBusRA05,17.075253,-96.712918,392
BinniBusRA05,17.076187,-96.712773,393
BinniBusRA05,17.078925,-96.712355,394
BinniBusRA05,17.079468,-96.712312,395
BinniBusRA05,17.07994,-96.712237,396
BinniBusRA05,17.080689,-96.712151,397
BinniBusRA05,17.081602,-96.712054,398
BinniBusRA05,17.082299,-96.711936,399
BinniBusRA05,17.082935,-96.711882,400
BinniBusRA05,17.083422,-96.71184,401
BinniBusRA05,17.083693,-96.711663,402
BinniBusRA05,17.084042,-96.711459,403
BinniBusRA05,17.084375,-96.711309,404
BinniBusRA05,17.084739,-96.711196,405
BinniBusRA05,17.085001,-96.711201,406
BinniBusRA05,17.085386,-96.711263,407
BinniBusRA05,17.085686,-96.711384,408
BinniBusRA05,17.08587,-96.71152,409
BinniBusRA05,17.086044,-96.711628,410
BinniBusRA05,17.086221,-96.711751,411
BinniBusRA05,17.08637,-96.71177,412
BinniBusRA05,17.086462,-96.711802,413
BinniBusRA05,17.087562,-96.711142,414
BinniBusRA05,17.088716,-96.710482,415
BinniBusRA05,17.088998,-96.71022,416
BinniBusRA05,17.089408,-96.709878,417
BinniBusRA05,17.091592,-96.708811,418
BinniBusRA05,17.092505,-96.708339,419
BinniBusRA05,17.093325,-96.707872,420
BinniBusRA05,17.094583,-96.707265,421
BinniBusRA05,17.094757,-96.707139,422
BinniBusRA05,17.094527,-96.706662,423
BinniBusRA05,17.09314,-96.7038,424
BinniBusRA05,17.092824,-96.703135,425
BinniBusRA05,17.09292,-96.702906,426
BinniBusRA05,17.092936,-96.702676,427
BinniBusRA05,17.092782,-96.702107,428
BinniBusRA05,17.092684,-96.701694,429
BinniBusRA05,17.092577,-96.701404,430
BinniBusRA05,17.092572,-96.701168,431
BinniBusRA05,17.092618,-96.700879,432
BinniBusRA05,17.092684,-96.700557,433
BinniBusRA05,17.09293,-96.70023,434
BinniBusRA05,17.093208,-96.699972,435
BinniBusRA05,17.093859,-96.699339,436
BinniBusRA05,17.093884,-96.699264,437
BinniBusRA05,17.093879,-96.699084,438
BinniBusRA05,17.093874,-96.698853,439
BinniBusRA05,17.093838,-96.698537,440
BinniBusRA05,17.093892,-96.697912,441
BinniBusRA06,17.05967,-96.75378,1
BinniBusRA06,17.06001,-96.75386,2
BinniBusRA06,17.06008,-96.75388,3
BinniBusRA06,17.06016,-96.75388,4
BinniBusRA06,17.06022,-96.75387,5
BinniBusRA06,17.06028,-96.75384,6
BinniBusRA06,17.06033,-96.75382,7
BinniBusRA06,17.0605,-96.75375,8
BinniBusRA06,17.0607,-96.75368,9
BinniBusRA06,17.06087,-96.75362,10
BinniBusRA06,17.06121,-96.75349,11
BinniBusRA06,17.06164,-96.75327,12
BinniBusRA06,17.06167,-96.75325,13
BinniBusRA06,17.06183,-96.75317,14
BinniBusRA06,17.06187,-96.75316,15
BinniBusRA06,17.06191,-96.75315,16
BinniBusRA06,17.06198,-96.75314,17
BinniBusRA06,17.06207,-96.75314,18
BinniBusRA06,17.0621,-96.75307,19
BinniBusRA06,17.06215,-96.75299,20
BinniBusRA06,17.06227,-96.75283,21
BinniBusRA06,17.06255,-96.7525,22
BinniBusRA06,17.06275,-96.7523,23
BinniBusRA06,17.06287,-96.75216,24
BinniBusRA06,17.06298,-96.75202,25
BinniBusRA06,17.06318,-96.75178,26
BinniBusRA06,17.06324,-96.75172,27
BinniBusRA06,17.06339,-96.7515,28
BinniBusRA06,17.06345,-96.75142,29
BinniBusRA06,17.06348,-96.75139,30
BinniBusRA06,17.06382,-96.75099,31
BinniBusRA06,17.06411,-96.7506,32
BinniBusRA06,17.06412,-96.75059,33
BinniBusRA06,17.06412,-96.75057,34
BinniBusRA06,17.06413,-96.75054,35
BinniBusRA06,17.06428,-96.74997,36
BinniBusRA06,17.06416,-96.74979,37
BinniBusRA06,17.06411,-96.74973,38
BinniBusRA06,17.06406,-96.74964,39
BinniBusRA06,17.06402,-96.74955,40
BinniBusRA06,17.06401,-96.74952,41
BinniBusRA06,17.064,-96.74946,42
BinniBusRA06,17.064,-96.74939,43
BinniBusRA06,17.06403,-96.74915,44
BinniBusRA06,17.06404,-96.74868,45
BinniBusRA06,17.06407,-96.74817,46
BinniBusRA06,17.06414,-96.74778,47
BinniBusRA06,17.06414,-96.74772,48
BinniBusRA06,17.06414,-96.74766,49
BinniBusRA06,17.0641,-96.74757,50
BinniBusRA06,17.06407,-96.74752,51
BinniBusRA06,17.06404,-96.74749,52
BinniBusRA06,17.06398,-96.74745,53
BinniBusRA06,17.06376,-96.74731,54
BinniBusRA06,17.06314,-96.74691,55
BinniBusRA06,17.06294,-96.74678,56
BinniBusRA06,17.06255,-96.74655,57
BinniBusRA06,17.06227,-96.7463,58
BinniBusRA06,17.06196,-96.74602,59
BinniBusRA06,17.06186,-96.74593,60
BinniBusRA06,17.06179,-96.74586,61
BinniBusRA06,17.06169,-96.74578,62
BinniBusRA06,17.06116,-96.74543,63
BinniBusRA06,17.06035,-96.74487,64
BinniBusRA06,17.06017,-96.74474,65
BinniBusRA06,17.06011,-96.7445,66
BinniBusRA06,17.06006,-96.74438,67
BinniBusRA06,17.05999,-96.74427,68
BinniBusRA06,17.05982,-96.74411,69
BinniBusRA06,17.05959,-96.74389,70
BinniBusRA06,17.05935,-96.74366,71
BinniBusRA06,17.05859,-96.74303,72
BinniBusRA06,17.05927,-96.74228,73
BinniBusRA06,17.05948,-96.74201,74
BinniBusRA06,17.06022,-96.74123,75
BinniBusRA06,17.06032,-96.74108,76
BinniBusRA06,17.06044,-96.74095,77
BinniBusRA06,17.06052,-96.74086,78
BinniBusRA06,17.06104,-96.74029,79
BinniBusRA06,17.06113,-96.7402,80
BinniBusRA06,17.06132,-96.73993,81
BinniBusRA06,17.06142,-96.73985,82
BinniBusRA06,17.06149,-96.73972,83
BinniBusRA06,17.06151,-96.73967,84
BinniBusRA06,17.06153,-96.73961,85
BinniBusRA06,17.06153,-96.7396,86
BinniBusRA06,17.06155,-96.73954,87
BinniBusRA06,17.06157,-96.73946,88
BinniBusRA06,17.0616,-96.73933,89
BinniBusRA06,17.06159,-96.73923,90
BinniBusRA06,17.06159,-96.73913,91
BinniBusRA06,17.06158,-96.73898,92
BinniBusRA06,17.06159,-96.73865,93
BinniBusRA06,17.06159,-96.73863,94
BinniBusRA06,17.06159,-96.73854,95
BinniBusRA06,17.06159,-96.73847,96
BinniBusRA06,17.06159,-96.73843,97
BinniBusRA06,17.0616,-96.73787,98
BinniBusRA06,17.0616,-96.73777,99
BinniBusRA06,17.0616,-96.7377,100
BinniBusRA06,17.0616,-96.73767,101
BinniBusRA06,17.0616,-96.73759,102
BinniBusRA06,17.06161,-96.73756,103
BinniBusRA06,17.06161,-96.73753,104
BinniBusRA06,17.0616,-96.73737,105
BinniBusRA06,17.06155,-96.73729,106
BinniBusRA06,17.0615,-96.73723,107
BinniBusRA06,17.06144,-96.73718,108
BinniBusRA06,17.06138,-96.73712,109
BinniBusRA06,17.06135,-96.7371,110
BinniBusRA06,17.06126,-96.7371,111
BinniBusRA06,17.0612,-96.7371,112
BinniBusRA06,17.06091,-96.73702,113
BinniBusRA06,17.06064,-96.73695,114
BinniBusRA06,17.06039,-96.73691,115
BinniBusRA06,17.06034,-96.73691,116
BinniBusRA06,17.05991,-96.73687,117
BinniBusRA06,17.05985,-96.73688,118
BinniBusRA06,17.0597,-96.73683,119
BinniBusRA06,17.05954,-96.73678,120
BinniBusRA06,17.05946,-96.73675,121
BinniBusRA06,17.05921,-96.73666,122
BinniBusRA06,17.05911,-96.73661,123
BinniBusRA06,17.05907,-96.73659,124
BinniBusRA06,17.05901,-96.73653,125
BinniBusRA06,17.05893,-96.73651,126
BinniBusRA06,17.05889,-96.73649,127
BinniBusRA06,17.05892,-96.73641,128
BinniBusRA06,17.05937,-96.7357,129
BinniBusRA06,17.05946,-96.73557,130
BinniBusRA06,17.05947,-96.73554,131
BinniBusRA06,17.05948,-96.73553,132
BinniBusRA06,17.05964,-96.73529,133
BinniBusRA06,17.05992,-96.73484,134
BinniBusRA06,17.05994,-96.73482,135
BinniBusRA06,17.05997,-96.73477,136
BinniBusRA06,17.06003,-96.73466,137
BinniBusRA06,17.06026,-96.73436,138
BinniBusRA06,17.06066,-96.73376,139
BinniBusRA06,17.06069,-96.7337,140
BinniBusRA06,17.06075,-96.73362,141
BinniBusRA06,17.06068,-96.73357,142
BinniBusRA06,17.06053,-96.73347,143
BinniBusRA06,17.06019,-96.73323,144
BinniBusRA06,17.06013,-96.73318,145
BinniBusRA06,17.06007,-96.73315,146
BinniBusRA06,17.06005,-96.73314,147
BinniBusRA06,17.05995,-96.73307,148
BinniBusRA06,17.05967,-96.73289,149
BinniBusRA06,17.05896,-96.73241,150
BinniBusRA06,17.05892,-96.73238,151
BinniBusRA06,17.05859,-96.73215,152
BinniBusRA06,17.05836,-96.73198,153
BinniBusRA06,17.05785,-96.73162,154
BinniBusRA06,17.05764,-96.73147,155
BinniBusRA06,17.05747,-96.73127,156
BinniBusRA06,17.05725,-96.73112,157
BinniBusRA06,17.05705,-96.73099,158
BinniBusRA06,17.05644,-96.73059,159
BinniBusRA06,17.0563,-96.73051,160
BinniBusRA06,17.05622,-96.73046,161
BinniBusRA06,17.05611,-96.73042,162
BinniBusRA06,17.05565,-96.73028,163
BinniBusRA06,17.05508,-96.73012,164
BinniBusRA06,17.05502,-96.73012,165
BinniBusRA06,17.05486,-96.73009,166
BinniBusRA06,17.05469,-96.73002,167
BinniBusRA06,17.05449,-96.72997,168
BinniBusRA06,17.05447,-96.72996,169
BinniBusRA06,17.0542,-96.72989,170
BinniBusRA06,17.054,-96.72983,171
BinniBusRA06,17.05375,-96.72976,172
BinniBusRA06,17.05299,-96.72952,173
BinniBusRA06,17.05263,-96.7294,174
BinniBusRA06,17.05242,-96.72937,175
BinniBusRA06,17.05238,-96.72936,176
BinniBusRA06,17.05221,-96.72934,177
BinniBusRA06,17.05203,-96.72933,178
BinniBusRA06,17.05176,-96.72931,179
BinniBusRA06,17.05164,-96.72925,180
BinniBusRA06,17.05156,-96.7292,181
BinniBusRA06,17.0514,-96.7291,182
BinniBusRA06,17.05125,-96.72901,183
BinniBusRA06,17.05114,-96.72891,184
BinniBusRA06,17.05105,-96.72881,185
BinniBusRA06,17.05081,-96.72852,186
BinniBusRA06,17.05064,-96.72824,187
BinniBusRA06,17.05055,-96.72805,188
BinniBusRA06,17.05051,-96.7279,189
BinniBusRA06,17.0505,-96.72775,190
BinniBusRA06,17.0505,-96.72772,191
BinniBusRA06,17.05049,-96.72763,192
BinniBusRA06,17.0505,-96.72739,193
BinniBusRA06,17.05049,-96.7272,194
BinniBusRA06,17.05051,-96.72713,195
BinniBusRA06,17.05056,-96.72696,196
BinniBusRA06,17.05058,-96.72689,197
BinniBusRA06,17.05068,-96.72655,198
BinniBusRA06,17.05074,-96.72624,199
BinniBusRA06,17.05081,-96.72592,200
BinniBusRA06,17.05086,-96.72571,201
BinniBusRA06,17.05103,-96.72515,202
BinniBusRA06,17.05121,-96.72451,203
BinniBusRA06,17.05132,-96.72407,204
BinniBusRA06,17.05143,-96.72362,205
BinniBusRA06,17.05145,-96.72355,206
BinniBusRA06,17.05147,-96.72348,207
BinniBusRA06,17.05149,-96.72339,208
BinniBusRA06,17.05155,-96.72315,209
BinniBusRA06,17.0516,-96.72297,210
BinniBusRA06,17.05164,-96.72278,211
BinniBusRA06,17.05166,-96.72269,212
BinniBusRA06,17.05169,-96.72259,213
BinniBusRA06,17.05214,-96.72082,214
BinniBusRA06,17.05215,-96.72078,215
BinniBusRA06,17.05218,-96.72066,216
BinniBusRA06,17.05222,-96.72052,217
BinniBusRA06,17.05224,-96.72043,218
BinniBusRA06,17.05227,-96.72031,219
BinniBusRA06,17.05246,-96.71958,220
BinniBusRA06,17.05247,-96.71953,221
BinniBusRA06,17.05271,-96.71852,222
BinniBusRA06,17.05282,-96.71818,223
BinniBusRA06,17.0529,-96.71783,224
BinniBusRA06,17.05291,-96.7178,225
BinniBusRA06,17.05324,-96.71631,226
BinniBusRA06,17.05326,-96.7162,227
BinniBusRA06,17.05328,-96.71614,228
BinniBusRA06,17.05341,-96.71557,229
BinniBusRA06,17.05342,-96.71554,230
BinniBusRA06,17.05376,-96.71412,231
BinniBusRA06,17.0538,-96.714,232
BinniBusRA06,17.05383,-96.71386,233
BinniBusRA06,17.05387,-96.71375,234
BinniBusRA06,17.05392,-96.7136,235
BinniBusRA06,17.05398,-96.71345,236
BinniBusRA06,17.05398,-96.71344,237
BinniBusRA06,17.05403,-96.71331,238
BinniBusRA06,17.05406,-96.71324,239
BinniBusRA06,17.05409,-96.71317,240
BinniBusRA06,17.05411,-96.71311,241
BinniBusRA06,17.05415,-96.71304,242
BinniBusRA06,17.05419,-96.71296,243
BinniBusRA06,17.05441,-96.713,244
BinniBusRA06,17.05446,-96.71301,245
BinniBusRA06,17.05453,-96.71301,246
BinniBusRA06,17.05459,-96.71301,247
BinniBusRA06,17.05471,-96.71301,248
BinniBusRA06,17.05501,-96.71298,249
BinniBusRA06,17.0557,-96.71292,250
BinniBusRA06,17.05589,-96.7129,251
BinniBusRA06,17.05612,-96.71288,252
BinniBusRA06,17.0565,-96.71287,253
BinniBusRA06,17.05655,-96.71286,254
BinniBusRA06,17.05666,-96.71286,255
BinniBusRA06,17.05702,-96.71283,256
BinniBusRA06,17.05717,-96.71282,257
BinniBusRA06,17.0572,-96.71281,258
BinniBusRA06,17.05749,-96.71278,259
BinniBusRA06,17.05776,-96.71276,260
BinniBusRA06,17.05819,-96.71272,261
BinniBusRA06,17.05832,-96.71272,262
BinniBusRA06,17.05838,-96.71272,263
BinniBusRA06,17.05841,-96.71273,264
BinniBusRA06,17.05849,-96.71274,265
BinniBusRA06,17.05859,-96.71276,266
BinniBusRA06,17.05869,-96.71279,267
BinniBusRA06,17.0588,-96.71284,268
BinniBusRA06,17.05888,-96.71287,269
BinniBusRA06,17.05924,-96.71301,270
BinniBusRA06,17.05951,-96.71312,271
BinniBusRA06,17.0597,-96.71319,272
BinniBusRA06,17.05994,-96.71328,273
BinniBusRA06,17.06005,-96.71333,274
BinniBusRA06,17.06032,-96.71346,275
BinniBusRA06,17.06056,-96.71354,276
BinniBusRA06,17.06066,-96.71357,277
BinniBusRA06,17.06079,-96.7136,278
BinniBusRA06,17.06108,-96.71363,279
BinniBusRA06,17.06125,-96.71367,280
BinniBusRA06,17.06135,-96.71373,281
BinniBusRA06,17.06141,-96.71377,282
BinniBusRA06,17.06146,-96.7138,283
BinniBusRA06,17.06152,-96.71386,284
BinniBusRA06,17.06154,-96.71388,285
BinniBusRA06,17.06165,-96.71395,286
BinniBusRA06,17.06174,-96.71399,287
BinniBusRA06,17.06182,-96.71401,288
BinniBusRA06,17.06192,-96.71401,289
BinniBusRA06,17.06213,-96.71403,290
BinniBusRA06,17.06266,-96.71405,291
BinniBusRA06,17.06303,-96.71408,292
BinniBusRA06,17.06316,-96.71409,293
BinniBusRA06,17.06343,-96.7141,294
BinniBusRA06,17.06375,-96.71412,295
BinniBusRA06,17.06396,-96.71414,296
BinniBusRA06,17.06451,-96.71417,297
BinniBusRA06,17.06499,-96.71417,298
BinniBusRA06,17.06519,-96.71417,299
BinniBusRA06,17.06521,-96.71415,300
BinniBusRA06,17.06522,-96.71415,301
BinniBusRA06,17.06524,-96.71414,302
BinniBusRA06,17.06526,-96.71414,303
BinniBusRA06,17.06528,-96.71413,304
BinniBusRA06,17.0654,-96.71413,305
BinniBusRA06,17.06544,-96.71414,306
BinniBusRA06,17.06547,-96.71414,307
BinniBusRA06,17.06555,-96.71415,308
BinniBusRA06,17.06559,-96.71415,309
BinniBusRA06,17.06621,-96.71411,310
BinniBusRA06,17.06678,-96.71404,311
BinniBusRA06,17.06684,-96.71403,312
BinniBusRA06,17.0669,-96.71402,313
BinniBusRA06,17.06698,-96.71401,314
BinniBusRA06,17.06818,-96.71385,315
BinniBusRA06,17.06822,-96.71385,316
BinniBusRA06,17.06826,-96.71385,317
BinniBusRA06,17.06902,-96.71377,318
BinniBusRA06,17.06906,-96.71377,319
BinniBusRA06,17.06913,-96.71376,320
BinniBusRA06,17.0697,-96.71369,321
BinniBusRA06,17.06985,-96.71367,322
BinniBusRA06,17.07006,-96.71365,323
BinniBusRA06,17.07029,-96.71361,324
BinniBusRA06,17.07037,-96.71361,325
BinniBusRA06,17.07044,-96.71358,326
BinniBusRA06,17.0705,-96.71358,327
BinniBusRA06,17.07074,-96.71354,328
BinniBusRA06,17.07133,-96.71345,329
BinniBusRA06,17.07152,-96.71342,330
BinniBusRA06,17.0719,-96.71338,331
BinniBusRA06,17.07242,-96.71332,332
BinniBusRA06,17.07261,-96.71329,333
BinniBusRA06,17.07283,-96.71325,334
BinniBusRA06,17.07332,-96.71321,335
BinniBusRA06,17.07388,-96.7131,336
BinniBusRA06,17.07472,-96.71299,337
BinniBusRA06,17.07491,-96.71297,338
BinniBusRA06,17.07496,-96.71296,339
BinniBusRA06,17.07503,-96.71295,340
BinniBusRA06,17.07555,-96.71287,341
BinniBusRA06,17.07598,-96.7128,342
BinniBusRA06,17.07603,-96.71279,343
BinniBusRA06,17.0761,-96.71278,344
BinniBusRA06,17.07647,-96.71274,345
BinniBusRA06,17.07704,-96.71267,346
BinniBusRA06,17.07709,-96.71267,347
BinniBusRA06,17.07716,-96.71266,348
BinniBusRA06,17.07771,-96.71256,349
BinniBusRA06,17.07818,-96.71249,350
BinniBusRA06,17.07822,-96.71248,351
BinniBusRA06,17.07826,-96.71247,352
BinniBusRA06,17.07833,-96.71246,353
BinniBusRA06,17.07871,-96.71242,354
BinniBusRA06,17.07929,-96.71237,355
BinniBusRA06,17.07934,-96.71237,356
BinniBusRA06,17.07939,-96.71236,357
BinniBusRA06,17.07981,-96.71227,358
BinniBusRA06,17.08011,-96.71224,359
BinniBusRA06,17.08036,-96.71223,360
BinniBusRA06,17.08041,-96.71223,361
BinniBusRA06,17.08047,-96.71222,362
BinniBusRA06,17.08095,-96.71216,363
BinniBusRA06,17.0814,-96.71209,364
BinniBusRA06,17.08147,-96.71208,365
BinniBusRA06,17.08141,-96.71154,366
BinniBusRA06,17.0814,-96.71137,367
BinniBusRA06,17.08139,-96.71125,368
BinniBusRA06,17.08133,-96.71108,369
BinniBusRA06,17.08133,-96.71096,370
BinniBusRA06,17.08129,-96.71065,371
BinniBusRA06,17.08125,-96.7104,372
BinniBusRA06,17.08125,-96.71037,373
BinniBusRA06,17.08123,-96.71023,374
BinniBusRA06,17.08122,-96.71008,375
BinniBusRA06,17.0812,-96.70996,376
BinniBusRA06,17.08109,-96.70915,377
BinniBusRA06,17.08109,-96.70913,378
BinniBusRA06,17.08106,-96.70888,379
BinniBusRA06,17.08105,-96.7088,380
BinniBusRA06,17.08102,-96.70857,381
BinniBusRA06,17.08101,-96.7085,382
BinniBusRA06,17.08096,-96.70812,383
BinniBusRA06,17.08093,-96.70775,384
BinniBusRA06,17.08085,-96.70699,385
BinniBusRA06,17.08082,-96.70675,386
BinniBusRA06,17.0808,-96.70648,387
BinniBusRA06,17.08079,-96.7064,388
BinniBusRA06,17.08078,-96.70638,389
BinniBusRA06,17.08077,-96.70635,390
BinniBusRA06,17.08076,-96.70634,391
BinniBusRA06,17.08074,-96.70632,392
BinniBusRA06,17.08072,-96.70628,393
BinniBusRA06,17.0802,-96.70623,394
BinniBusRA06,17.0797,-96.70621,395
BinniBusRA06,17.07963,-96.70621,396
BinniBusRA06,17.07956,-96.70565,397
BinniBusRA06,17.07948,-96.70498,398
BinniBusRA06,17.07943,-96.70461,399
BinniBusRA06,17.07943,-96.7046,400
BinniBusRA06,17.07941,-96.70443,401
BinniBusRA06,17.07941,-96.70442,402
BinniBusRA06,17.07936,-96.70404,403
BinniBusRA06,17.07929,-96.70351,404
BinniBusRA06,17.07924,-96.70318,405
BinniBusRA06,17.07931,-96.70317,406
BinniBusRA06,17.07984,-96.70308,407
BinniBusRA06,17.08041,-96.70299,408
BinniBusRA06,17.08108,-96.70289,409
BinniBusRA06,17.08153,-96.70283,410
BinniBusRA06,17.08203,-96.70276,411
BinniBusRA06,17.08198,-96.70159,412
BinniBusRA06,17.08193,-96.69986,413
BinniBusRA06,17.08252,-96.6999,414
BinniBusRA06,17.08261,-96.69991,415
BinniBusRA06,17.08316,-96.69992,416
BinniBusRA06,17.0835,-96.69994,417
BinniBusRA06,17.08359,-96.69994,418
BinniBusRA06,17.08357,-96.69956,419
BinniBusRA06,17.08355,-96.69927,420
BinniBusRA06,17.08354,-96.69912,421
BinniBusRA06,17.08354,-96.699,422
BinniBusRA06,17.08353,-96.69872,423
BinniBusRA06,17.08352,-96.69853,424
BinniBusRA06,17.08351,-96.69843,425
BinniBusRA06,17.08349,-96.69811,426
BinniBusRA06,17.08348,-96.69795,427
BinniBusRA06,17.08348,-96.69776,428
BinniBusRA06,17.0835,-96.69768,429
BinniBusRA06,17.08352,-96.69762,430
BinniBusRA06,17.08355,-96.69755,431
BinniBusRA06,17.08361,-96.69744,432
BinniBusRA06,17.08365,-96.69736,433
BinniBusRA06,17.08372,-96.69719,434
BinniBusRA06,17.08385,-96.69695,435
BinniBusRA06,17.08388,-96.69687,436
BinniBusRA06,17.08392,-96.6968,437
BinniBusRA06,17.08396,-96.69672,438
BinniBusRA06,17.08416,-96.69635,439
BinniBusRA06,17.08428,-96.69609,440
BinniBusRA06,17.08438,-96.6959,441
BinniBusRA06,17.0844,-96.69584,442
BinniBusRA06,17.08441,-96.69579,443
BinniBusRA06,17.08443,-96.69574,444
BinniBusRA06,17.08444,-96.69565,445
BinniBusRA06,17.08445,-96.69555,446
BinniBusRA06,17.08445,-96.69547,447
BinniBusRA06,17.08444,-96.69535,448
BinniBusRA06,17.08444,-96.69526,449
BinniBusRA06,17.08443,-96.6951,450
BinniBusRA06,17.08443,-96.69505,451
BinniBusRA06,17.08441,-96.69474,452
BinniBusRA06,17.08439,-96.6945,453
BinniBusRA06,17.08438,-96.69429,454
BinniBusRA06,17.08437,-96.6942,455
BinniBusRA06,17.08436,-96.69409,456
BinniBusRA06,17.08445,-96.69408,457
BinniBusRA06,17.08452,-96.69407,458
BinniBusRA06,17.08498,-96.69402,459
BinniBusRA06,17.08507,-96.69401,460
BinniBusRA06,17.08519,-96.69398,461
BinniBusRA06,17.08555,-96.69393,462
BinniBusRA06,17.08557,-96.69392,463
BinniBusRA06,17.08596,-96.69387,464
BinniBusRA06,17.0865,-96.6938,465
BinniBusRA06,17.08652,-96.69381,466
BinniBusRA06,17.08653,-96.69381,467
BinniBusRA06,17.08654,-96.69381,468
BinniBusRA06,17.08655,-96.69382,469
BinniBusRA06,17.08656,-96.69383,470
BinniBusRA06,17.08656,-96.69384,471
BinniBusRA06,17.08657,-96.69385,472
BinniBusRA06,17.08657,-96.69386,473
BinniBusRA06,17.08657,-96.69388,474
BinniBusRA06,17.08658,-96.69392,475
BinniBusRA06,17.08653,-96.69392,476
BinniBusRA06,17.08653,-96.69392,477
BinniBusRA06,17.08622,-96.69396,478
BinniBusRA06,17.08559,-96.69403,479
BinniBusRA06,17.08557,-96.69403,480
BinniBusRA06,17.08507,-96.69411,481
BinniBusRA06,17.08498,-96.69412,482
BinniBusRA06,17.08453,-96.69418,483
BinniBusRA06,17.08446,-96.69419,484
BinniBusRA06,17.08448,-96.69444,485
BinniBusRA06,17.08448,-96.69455,486
BinniBusRA06,17.08449,-96.69462,487
BinniBusRA06,17.0845,-96.69505,488
BinniBusRA06,17.08451,-96.6951,489
BinniBusRA06,17.08452,-96.69546,490
BinniBusRA06,17.08452,-96.69561,491
BinniBusRA06,17.08452,-96.69571,492
BinniBusRA06,17.08451,-96.69577,493
BinniBusRA06,17.0845,-96.69582,494
BinniBusRA06,17.08444,-96.69594,495
BinniBusRA06,17.08413,-96.69655,496
BinniBusRA06,17.08401,-96.69678,497
BinniBusRA06,17.08398,-96.69683,498
BinniBusRA06,17.08395,-96.69691,499
BinniBusRA06,17.08392,-96.69697,500
BinniBusRA06,17.0838,-96.69721,501
BinniBusRA06,17.08379,-96.69723,502
BinniBusRA06,17.08376,-96.69728,503
BinniBusRA06,17.08374,-96.69734,504
BinniBusRA06,17.08371,-96.69739,505
BinniBusRA06,17.08358,-96.69768,506
BinniBusRA06,17.08356,-96.69774,507
BinniBusRA06,17.08356,-96.69777,508
BinniBusRA06,17.08355,-96.69783,509
BinniBusRA06,17.08355,-96.69789,510
BinniBusRA06,17.08356,-96.69795,511
BinniBusRA06,17.08357,-96.69807,512
BinniBusRA06,17.08359,-96.69841,513
BinniBusRA06,17.0836,-96.69859,514
BinniBusRA06,17.08361,-96.69877,515
BinniBusRA06,17.08361,-96.69882,516
BinniBusRA06,17.08362,-96.69895,517
BinniBusRA06,17.08362,-96.69902,518
BinniBusRA06,17.08363,-96.69923,519
BinniBusRA06,17.08365,-96.69953,520
BinniBusRA06,17.08366,-96.69995,521
BinniBusRA06,17.08359,-96.69994,522
BinniBusRA06,17.0835,-96.69994,523
BinniBusRA06,17.08316,-96.69992,524
BinniBusRA06,17.08261,-96.69991,525
BinniBusRA06,17.08252,-96.6999,526
BinniBusRA06,17.08193,-96.69986,527
BinniBusRA06,17.08198,-96.70159,528
BinniBusRA06,17.08203,-96.70276,529
BinniBusRA06,17.08153,-96.70283,530
BinniBusRA06,17.08108,-96.70289,531
BinniBusRA06,17.08041,-96.70299,532
BinniBusRA06,17.07984,-96.70308,533
BinniBusRA06,17.07931,-96.70317,534
BinniBusRA06,17.07935,-96.7035,535
BinniBusRA06,17.07942,-96.70404,536
BinniBusRA06,17.07947,-96.70442,537
BinniBusRA06,17.07949,-96.7046,538
BinniBusRA06,17.07949,-96.70461,539
BinniBusRA06,17.07954,-96.70497,540
BinniBusRA06,17.07961,-96.70548,541
BinniBusRA06,17.07963,-96.70565,542
BinniBusRA06,17.07963,-96.70566,543
BinniBusRA06,17.07966,-96.70584,544
BinniBusRA06,17.07968,-96.70611,545
BinniBusRA06,17.0797,-96.70621,546
BinniBusRA06,17.07969,-96.70631,547
BinniBusRA06,17.07968,-96.70639,548
BinniBusRA06,17.07973,-96.70684,549
BinniBusRA06,17.07978,-96.70724,550
BinniBusRA06,17.07987,-96.70791,551
BinniBusRA06,17.08002,-96.70902,552
BinniBusRA06,17.08008,-96.70955,553
BinniBusRA06,17.08015,-96.71011,554
BinniBusRA06,17.08015,-96.71023,555
BinniBusRA06,17.08023,-96.71085,556
BinniBusRA06,17.08027,-96.71122,557
BinniBusRA06,17.08038,-96.71195,558
BinniBusRA06,17.08041,-96.71223,559
BinniBusRA06,17.08043,-96.71231,560
BinniBusRA06,17.08037,-96.71231,561
BinniBusRA06,17.08013,-96.71233,562
BinniBusRA06,17.07983,-96.71236,563
BinniBusRA06,17.0794,-96.71245,564
BinniBusRA06,17.07935,-96.71246,565
BinniBusRA06,17.0793,-96.71247,566
BinniBusRA06,17.07872,-96.71253,567
BinniBusRA06,17.07834,-96.71257,568
BinniBusRA06,17.07827,-96.71258,569
BinniBusRA06,17.07823,-96.71259,570
BinniBusRA06,17.07819,-96.71259,571
BinniBusRA06,17.07772,-96.71266,572
BinniBusRA06,17.07718,-96.71274,573
BinniBusRA06,17.0771,-96.71275,574
BinniBusRA06,17.07705,-96.71275,575
BinniBusRA06,17.07648,-96.71283,576
BinniBusRA06,17.07611,-96.71288,577
BinniBusRA06,17.07604,-96.71289,578
BinniBusRA06,17.07598,-96.7129,579
BinniBusRA06,17.07556,-96.71297,580
BinniBusRA06,17.07505,-96.71304,581
BinniBusRA06,17.07498,-96.71305,582
BinniBusRA06,17.07492,-96.71306,583
BinniBusRA06,17.07474,-96.71308,584
BinniBusRA06,17.07388,-96.71319,585
BinniBusRA06,17.07324,-96.71327,586
BinniBusRA06,17.073,-96.71331,587
BinniBusRA06,17.07286,-96.71333,588
BinniBusRA06,17.07246,-96.71339,589
BinniBusRA06,17.07193,-96.71344,590
BinniBusRA06,17.07153,-96.71349,591
BinniBusRA06,17.07134,-96.71352,592
BinniBusRA06,17.07074,-96.71364,593
BinniBusRA06,17.07051,-96.71367,594
BinniBusRA06,17.07045,-96.71368,595
BinniBusRA06,17.07037,-96.71369,596
BinniBusRA06,17.0703,-96.7137,597
BinniBusRA06,17.07009,-96.71373,598
BinniBusRA06,17.0697,-96.71378,599
BinniBusRA06,17.06915,-96.71385,600
BinniBusRA06,17.06907,-96.71386,601
BinniBusRA06,17.06903,-96.71387,602
BinniBusRA06,17.06828,-96.71394,603
BinniBusRA06,17.06823,-96.71394,604
BinniBusRA06,17.0682,-96.71394,605
BinniBusRA06,17.06691,-96.71414,606
BinniBusRA06,17.06627,-96.71421,607
BinniBusRA06,17.06561,-96.71429,608
BinniBusRA06,17.06555,-96.71431,609
BinniBusRA06,17.06542,-96.71436,610
BinniBusRA06,17.06538,-96.71436,611
BinniBusRA06,17.06533,-96.71436,612
BinniBusRA06,17.06529,-96.71436,613
BinniBusRA06,17.06525,-96.71435,614
BinniBusRA06,17.0652,-96.71433,615
BinniBusRA06,17.06498,-96.71431,616
BinniBusRA06,17.06452,-96.71426,617
BinniBusRA06,17.0641,-96.71423,618
BinniBusRA06,17.06345,-96.71419,619
BinniBusRA06,17.06304,-96.71417,620
BinniBusRA06,17.0627,-96.71414,621
BinniBusRA06,17.06208,-96.71412,622
BinniBusRA06,17.06187,-96.7141,623
BinniBusRA06,17.06158,-96.71407,624
BinniBusRA06,17.06149,-96.71405,625
BinniBusRA06,17.06134,-96.71403,626
BinniBusRA06,17.06118,-96.71397,627
BinniBusRA06,17.06102,-96.71391,628
BinniBusRA06,17.06073,-96.71378,629
BinniBusRA06,17.06048,-96.71367,630
BinniBusRA06,17.06033,-96.71361,631
BinniBusRA06,17.05971,-96.71338,632
BinniBusRA06,17.05956,-96.71332,633
BinniBusRA06,17.05941,-96.71326,634
BinniBusRA06,17.059,-96.7131,635
BinniBusRA06,17.05882,-96.71303,636
BinniBusRA06,17.05873,-96.71299,637
BinniBusRA06,17.05863,-96.71296,638
BinniBusRA06,17.0585,-96.71293,639
BinniBusRA06,17.05845,-96.71292,640
BinniBusRA06,17.0584,-96.71291,641
BinniBusRA06,17.05835,-96.71291,642
BinniBusRA06,17.05825,-96.71291,643
BinniBusRA06,17.05803,-96.71291,644
BinniBusRA06,17.05752,-96.71295,645
BinniBusRA06,17.0572,-96.71297,646
BinniBusRA06,17.05717,-96.71297,647
BinniBusRA06,17.05669,-96.71302,648
BinniBusRA06,17.05655,-96.71303,649
BinniBusRA06,17.05631,-96.71307,650
BinniBusRA06,17.05617,-96.71309,651
BinniBusRA06,17.05602,-96.71311,652
BinniBusRA06,17.05591,-96.71312,653
BinniBusRA06,17.05573,-96.71313,654
BinniBusRA06,17.05498,-96.7132,655
BinniBusRA06,17.05487,-96.71322,656
BinniBusRA06,17.05465,-96.71325,657
BinniBusRA06,17.05457,-96.71326,658
BinniBusRA06,17.05449,-96.71326,659
BinniBusRA06,17.05438,-96.71324,660
BinniBusRA06,17.05429,-96.71322,661
BinniBusRA06,17.05425,-96.71333,662
BinniBusRA06,17.05414,-96.7136,663
BinniBusRA06,17.0541,-96.71369,664
BinniBusRA06,17.05404,-96.71386,665
BinniBusRA06,17.054,-96.71397,666
BinniBusRA06,17.05398,-96.71404,667
BinniBusRA06,17.05396,-96.7141,668
BinniBusRA06,17.05393,-96.71422,669
BinniBusRA06,17.05392,-96.71427,670
BinniBusRA06,17.05382,-96.71464,671
BinniBusRA06,17.05379,-96.71477,672
BinniBusRA06,17.05358,-96.71558,673
BinniBusRA06,17.05341,-96.71625,674
BinniBusRA06,17.05338,-96.71636,675
BinniBusRA06,17.05338,-96.7164,676
BinniBusRA06,17.05305,-96.71785,677
BinniBusRA06,17.05296,-96.71821,678
BinniBusRA06,17.05263,-96.71949,679
BinniBusRA06,17.05262,-96.71955,680
BinniBusRA06,17.05243,-96.72029,681
BinniBusRA06,17.05238,-96.7205,682
BinniBusRA06,17.05228,-96.72094,683
BinniBusRA06,17.05209,-96.72162,684
BinniBusRA06,17.05197,-96.72211,685
BinniBusRA06,17.05186,-96.72252,686
BinniBusRA06,17.05185,-96.72256,687
BinniBusRA06,17.05174,-96.72292,688
BinniBusRA06,17.05173,-96.72293,689
BinniBusRA06,17.05169,-96.7231,690
BinniBusRA06,17.05162,-96.72337,691
BinniBusRA06,17.0516,-96.72346,692
BinniBusRA06,17.05158,-96.72354,693
BinniBusRA06,17.05145,-96.72406,694
BinniBusRA06,17.05134,-96.72451,695
BinniBusRA06,17.05123,-96.72496,696
BinniBusRA06,17.05116,-96.72533,697
BinniBusRA06,17.05107,-96.72583,698
BinniBusRA06,17.05099,-96.72617,699
BinniBusRA06,17.05092,-96.72636,700
BinniBusRA06,17.05077,-96.72681,701
BinniBusRA06,17.05074,-96.7269,702
BinniBusRA06,17.0507,-96.72703,703
BinniBusRA06,17.05068,-96.72708,704
BinniBusRA06,17.05067,-96.72721,705
BinniBusRA06,17.05066,-96.72733,706
BinniBusRA06,17.05065,-96.72747,707
BinniBusRA06,17.05066,-96.72764,708
BinniBusRA06,17.05067,-96.72778,709
BinniBusRA06,17.05071,-96.72796,710
BinniBusRA06,17.05078,-96.72819,711
BinniBusRA06,17.05079,-96.72823,712
BinniBusRA06,17.05081,-96.72828,713
BinniBusRA06,17.05085,-96.72834,714
BinniBusRA06,17.05098,-96.72848,715
BinniBusRA06,17.05123,-96.72872,716
BinniBusRA06,17.05128,-96.72876,717
BinniBusRA06,17.05135,-96.72881,718
BinniBusRA06,17.05142,-96.72885,719
BinniBusRA06,17.05176,-96.72898,720
BinniBusRA06,17.05198,-96.72908,721
BinniBusRA06,17.0521,-96.7291,722
BinniBusRA06,17.0523,-96.72915,723
BinniBusRA06,17.05358,-96.72953,724
BinniBusRA06,17.05403,-96.72967,725
BinniBusRA06,17.05506,-96.72999,726
BinniBusRA06,17.05509,-96.73,727
BinniBusRA06,17.05524,-96.73004,728
BinniBusRA06,17.05529,-96.73004,729
BinniBusRA06,17.05569,-96.73015,730
BinniBusRA06,17.05596,-96.73023,731
BinniBusRA06,17.05619,-96.73031,732
BinniBusRA06,17.05627,-96.73034,733
BinniBusRA06,17.05641,-96.73041,734
BinniBusRA06,17.05654,-96.73049,735
BinniBusRA06,17.05658,-96.73051,736
BinniBusRA06,17.05659,-96.73052,737
BinniBusRA06,17.05664,-96.73055,738
BinniBusRA06,17.056445,-96.730429,739
BinniBusRA06,17.05627,-96.73034,740
BinniBusRA06,17.056225,-96.730326,741
BinniBusRA06,17.05619,-96.73031,742
BinniBusRA06,17.05569,-96.73015,743
BinniBusRA06,17.055488,-96.730093,744
BinniBusRA06,17.05506,-96.72999,745
BinniBusRA06,17.05509,-96.73,746
BinniBusRA06,17.05524,-96.73004,747
BinniBusRA06,17.05529,-96.73004,748
BinniBusRA06,17.05569,-96.73015,749
BinniBusRA06,17.05596,-96.73023,750
BinniBusRA06,17.05619,-96.73031,751
BinniBusRA06,17.05627,-96.73034,752
BinniBusRA06,17.05641,-96.73041,753
BinniBusRA06,17.05654,-96.73049,754
BinniBusRA06,17.05658,-96.73051,755
BinniBusRA06,17.05659,-96.73052,756
BinniBusRA06,17.05664,-96.73055,757
BinniBusRA06,17.05705,-96.73084,758
BinniBusRA06,17.05726,-96.73101,759
BinniBusRA06,17.05764,-96.73129,760
BinniBusRA06,17.05773,-96.73135,761
BinniBusRA06,17.05789,-96.73145,762
BinniBusRA06,17.0581,-96.73163,763
BinniBusRA06,17.05841,-96.73183,764
BinniBusRA06,17.05865,-96.732,765
BinniBusRA06,17.05922,-96.7324,766
BinniBusRA06,17.05976,-96.73279,767
BinniBusRA06,17.05999,-96.73295,768
BinniBusRA06,17.06007,-96.73301,769
BinniBusRA06,17.06012,-96.73305,770
BinniBusRA06,17.06021,-96.73309,771
BinniBusRA06,17.06038,-96.73322,772
BinniBusRA06,17.06069,-96.73344,773
BinniBusRA06,17.06073,-96.73347,774
BinniBusRA06,17.0608,-96.73352,775
BinniBusRA06,17.06088,-96.73358,776
BinniBusRA06,17.06082,-96.73368,777
BinniBusRA06,17.06075,-96.7338,778
BinniBusRA06,17.0607,-96.73389,779
BinniBusRA06,17.06062,-96.73399,780
BinniBusRA06,17.06059,-96.73404,781
BinniBusRA06,17.06055,-96.7341,782
BinniBusRA06,17.06053,-96.73412,783
BinniBusRA06,17.06013,-96.73472,784
BinniBusRA06,17.0601,-96.73477,785
BinniBusRA06,17.06006,-96.73483,786
BinniBusRA06,17.06001,-96.7349,787
BinniBusRA06,17.05948,-96.73571,788
BinniBusRA06,17.05947,-96.73573,789
BinniBusRA06,17.05945,-96.73576,790
BinniBusRA06,17.0594,-96.73583,791
BinniBusRA06,17.05899,-96.73643,792
BinniBusRA06,17.05896,-96.73646,793
BinniBusRA06,17.05901,-96.73653,794
BinniBusRA06,17.05907,-96.73659,795
BinniBusRA06,17.05911,-96.73661,796
BinniBusRA06,17.05921,-96.73666,797
BinniBusRA06,17.05946,-96.73675,798
BinniBusRA06,17.05954,-96.73678,799
BinniBusRA06,17.0597,-96.73683,800
BinniBusRA06,17.05985,-96.73688,801
BinniBusRA06,17.05991,-96.73687,802
BinniBusRA06,17.06034,-96.73691,803
BinniBusRA06,17.06039,-96.73691,804
BinniBusRA06,17.06064,-96.73695,805
BinniBusRA06,17.06091,-96.73702,806
BinniBusRA06,17.0612,-96.7371,807
BinniBusRA06,17.06126,-96.7371,808
BinniBusRA06,17.06135,-96.7371,809
BinniBusRA06,17.06137,-96.7371,810
BinniBusRA06,17.06147,-96.73711,811
BinniBusRA06,17.0616,-96.73713,812
BinniBusRA06,17.0616,-96.73731,813
BinniBusRA06,17.0616,-96.73737,814
BinniBusRA06,17.06161,-96.73753,815
BinniBusRA06,17.06161,-96.73756,816
BinniBusRA06,17.0616,-96.73759,817
BinniBusRA06,17.0616,-96.73767,818
BinniBusRA06,17.0616,-96.7377,819
BinniBusRA06,17.0616,-96.73777,820
BinniBusRA06,17.0616,-96.73787,821
BinniBusRA06,17.06159,-96.73843,822
BinniBusRA06,17.06159,-96.73847,823
BinniBusRA06,17.06159,-96.73854,824
BinniBusRA06,17.06159,-96.73863,825
BinniBusRA06,17.06159,-96.73865,826
BinniBusRA06,17.06158,-96.73898,827
BinniBusRA06,17.06159,-96.73913,828
BinniBusRA06,17.06159,-96.73923,829
BinniBusRA06,17.0616,-96.73933,830
BinniBusRA06,17.06157,-96.73946,831
BinniBusRA06,17.06155,-96.73954,832
BinniBusRA06,17.06153,-96.7396,833
BinniBusRA06,17.06153,-96.73961,834
BinniBusRA06,17.06151,-96.73967,835
BinniBusRA06,17.06149,-96.73972,836
BinniBusRA06,17.06142,-96.73985,837
BinniBusRA06,17.06132,-96.73993,838
BinniBusRA06,17.06113,-96.7402,839
BinniBusRA06,17.06104,-96.74029,840
BinniBusRA06,17.06052,-96.74086,841
BinniBusRA06,17.06044,-96.74095,842
BinniBusRA06,17.06032,-96.74108,843
BinniBusRA06,17.06022,-96.74123,844
BinniBusRA06,17.05948,-96.74201,845
BinniBusRA06,17.05927,-96.74228,846
BinniBusRA06,17.05859,-96.74303,847
BinniBusRA06,17.05935,-96.74366,848
BinniBusRA06,17.05959,-96.74389,849
BinniBusRA06,17.05982,-96.74411,850
BinniBusRA06,17.05999,-96.74427,851
BinniBusRA06,17.06006,-96.74438,852
BinniBusRA06,17.06011,-96.7445,853
BinniBusRA06,17.06017,-96.74474,854
BinniBusRA06,17.06035,-96.74487,855
BinniBusRA06,17.06116,-96.74543,856
BinniBusRA06,17.06169,-96.74578,857
BinniBusRA06,17.06179,-96.74586,858
BinniBusRA06,17.06186,-96.74593,859
BinniBusRA06,17.06196,-96.74602,860
BinniBusRA06,17.06227,-96.7463,861
BinniBusRA06,17.06255,-96.74655,862
BinniBusRA06,17.06294,-96.74678,863
BinniBusRA06,17.06314,-96.74691,864
BinniBusRA06,17.06376,-96.74731,865
BinniBusRA06,17.06398,-96.74745,866
BinniBusRA06,17.06404,-96.74749,867
BinniBusRA06,17.06407,-96.74752,868
BinniBusRA06,17.0641,-96.74757,869
BinniBusRA06,17.06414,-96.74766,870
BinniBusRA06,17.06414,-96.74772,871
BinniBusRA06,17.06414,-96.74778,872
BinniBusRA06,17.06407,-96.74817,873
BinniBusRA06,17.06404,-96.74868,874
BinniBusRA06,17.06403,-96.74915,875
BinniBusRA06,17.064,-96.74939,876
BinniBusRA06,17.064,-96.74946,877
BinniBusRA06,17.06401,-96.74952,878
BinniBusRA06,17.06402,-96.74955,879
BinniBusRA06,17.06406,-96.74964,880
BinniBusRA06,17.06411,-96.74973,881
BinniBusRA06,17.06416,-96.74979,882
BinniBusRA06,17.06428,-96.74997,883
BinniBusRA06,17.06413,-96.75054,884
BinniBusRA06,17.06412,-96.75057,885
BinniBusRA06,17.06412,-96.75059,886
BinniBusRA06,17.06411,-96.7506,887
BinniBusRA06,17.06382,-96.75099,888
BinniBusRA06,17.06348,-96.75139,889
BinniBusRA06,17.06345,-96.75142,890
BinniBusRA06,17.06339,-96.7515,891
BinniBusRA06,17.06324,-96.75172,892
BinniBusRA06,17.06318,-96.75178,893
BinniBusRA06,17.06298,-96.75202,894
BinniBusRA06,17.06287,-96.75216,895
BinniBusRA06,17.06275,-96.7523,896
BinniBusRA06,17.06255,-96.7525,897
BinniBusRA06,17.06227,-96.75283,898
BinniBusRA06,17.06215,-96.75299,899
BinniBusRA06,17.0621,-96.75307,900
BinniBusRA06,17.06207,-96.75314,901
BinniBusRA06,17.06198,-96.75314,902
BinniBusRA06,17.06191,-96.75315,903
BinniBusRA06,17.06187,-96.75316,904
BinniBusRA06,17.06183,-96.75317,905
BinniBusRA06,17.06167,-96.75325,906
BinniBusRA06,17.06164,-96.75327,907
BinniBusRA06,17.06121,-96.75349,908
BinniBusRA06,17.06087,-96.75362,909
BinniBusRA06,17.0607,-96.75368,910
BinniBusRA06,17.0605,-96.75375,911
BinniBusRA06,17.06033,-96.75382,912
BinniBusRA06,17.06028,-96.75384,913
BinniBusRA06,17.06022,-96.75387,914
BinniBusRA06,17.06016,-96.75388,915
BinniBusRA06,17.06008,-96.75388,916
BinniBusRA06,17.06001,-96.75386,917
BinniBusRA06,17.05961,-96.75377,918
BinniBusRA06,17.0596,-96.75383,919
BinniBusRA07,17.103308,-96.735177,1
BinniBusRA07,17.103292,-96.735195,2
BinniBusRA07,17.1031,-96.735176,3
BinniBusRA07,17.103074,-96.735192,4
BinniBusRA07,17.102371,-96.735777,5
BinniBusRA07,17.10189,-96.736276,6
BinniBusRA07,17.101689,-96.736484,7
BinniBusRA07,17.101472,-96.736665,8
BinniBusRA07,17.101057,-96.737008,9
BinniBusRA07,17.100644,-96.737323,10
BinniBusRA07,17.100549,-96.737416,11
BinniBusRA07,17.100507,-96.737459,12
BinniBusRA07,17.100482,-96.737514,13
BinniBusRA07,17.100472,-96.737562,14
BinniBusRA07,17.100485,-96.737645,15
BinniBusRA07,17.100522,-96.737727,16
BinniBusRA07,17.100531,-96.737778,17
BinniBusRA07,17.100517,-96.737826,18
BinniBusRA07,17.100474,-96.737884,19
BinniBusRA07,17.100425,-96.737917,20
BinniBusRA07,17.100371,-96.737951,21
BinniBusRA07,17.100253,-96.738062,22
BinniBusRA07,17.100115,-96.7382,23
BinniBusRA07,17.099963,-96.738309,24
BinniBusRA07,17.099824,-96.738396,25
BinniBusRA07,17.099696,-96.738443,26
BinniBusRA07,17.099449,-96.738532,27
BinniBusRA07,17.099308,-96.73856,28
BinniBusRA07,17.099235,-96.738589,29
BinniBusRA07,17.099201,-96.738612,30
BinniBusRA07,17.099126,-96.738707,31
BinniBusRA07,17.098996,-96.738907,32
BinniBusRA07,17.09892,-96.739017,33
BinniBusRA07,17.098853,-96.739089,34
BinniBusRA07,17.098775,-96.739168,35
BinniBusRA07,17.09866,-96.739222,36
BinniBusRA07,17.098458,-96.739289,37
BinniBusRA07,17.09828,-96.739297,38
BinniBusRA07,17.098007,-96.739308,39
BinniBusRA07,17.097715,-96.739301,40
BinniBusRA07,17.097142,-96.739266,41
BinniBusRA07,17.096838,-96.739246,42
BinniBusRA07,17.096705,-96.739249,43
BinniBusRA07,17.09619,-96.739264,44
BinniBusRA07,17.095897,-96.739276,45
BinniBusRA07,17.095424,-96.739276,46
BinniBusRA07,17.095348,-96.739272,47
BinniBusRA07,17.095074,-96.739236,48
BinniBusRA07,17.094584,-96.739308,49
BinniBusRA07,17.09415,-96.739378,50
BinniBusRA07,17.093727,-96.739428,51
BinniBusRA07,17.093573,-96.739372,52
BinniBusRA07,17.093409,-96.739278,53
BinniBusRA07,17.093128,-96.739085,54
BinniBusRA07,17.092932,-96.738891,55
BinniBusRA07,17.092643,-96.738696,56
BinniBusRA07,17.0925,-96.738605,57
BinniBusRA07,17.092229,-96.738498,58
BinniBusRA07,17.092089,-96.738454,59
BinniBusRA07,17.092027,-96.738432,60
BinniBusRA07,17.091966,-96.738411,61
BinniBusRA07,17.091909,-96.738374,62
BinniBusRA07,17.091877,-96.738346,63
BinniBusRA07,17.091786,-96.738203,64
BinniBusRA07,17.091634,-96.737905,65
BinniBusRA07,17.091533,-96.737583,66
BinniBusRA07,17.091494,-96.737461,67
BinniBusRA07,17.091449,-96.737169,68
BinniBusRA07,17.091443,-96.737104,69
BinniBusRA07,17.091404,-96.73698,70
BinniBusRA07,17.091386,-96.736927,71
BinniBusRA07,17.091283,-96.736748,72
BinniBusRA07,17.091185,-96.736624,73
BinniBusRA07,17.091081,-96.736545,74
BinniBusRA07,17.090997,-96.73651,75
BinniBusRA07,17.090842,-96.736497,76
BinniBusRA07,17.090783,-96.736501,77
BinniBusRA07,17.090608,-96.736556,78
BinniBusRA07,17.090302,-96.736722,79
BinniBusRA07,17.090138,-96.736789,80
BinniBusRA07,17.090048,-96.736792,81
BinniBusRA07,17.089934,-96.736821,82
BinniBusRA07,17.089869,-96.736847,83
BinniBusRA07,17.089744,-96.736946,84
BinniBusRA07,17.089665,-96.737048,85
BinniBusRA07,17.089578,-96.737132,86
BinniBusRA07,17.08946,-96.737209,87
BinniBusRA07,17.08933,-96.737285,88
BinniBusRA07,17.089201,-96.737367,89
BinniBusRA07,17.08911,-96.737426,90
BinniBusRA07,17.088996,-96.737539,91
BinniBusRA07,17.088923,-96.737599,92
BinniBusRA07,17.088746,-96.737696,93
BinniBusRA07,17.088605,-96.737763,94
BinniBusRA07,17.088526,-96.737795,95
BinniBusRA07,17.088387,-96.737831,96
BinniBusRA07,17.088269,-96.737818,97
BinniBusRA07,17.088172,-96.737788,98
BinniBusRA07,17.088061,-96.737741,99
BinniBusRA07,17.08797,-96.73771,100
BinniBusRA07,17.087906,-96.737694,101
BinniBusRA07,17.087819,-96.737697,102
BinniBusRA07,17.087179,-96.737767,103
BinniBusRA07,17.086987,-96.737788,104
BinniBusRA07,17.086891,-96.737778,105
BinniBusRA07,17.086795,-96.73777,106
BinniBusRA07,17.08665,-96.737728,107
BinniBusRA07,17.086526,-96.737685,108
BinniBusRA07,17.086368,-96.737583,109
BinniBusRA07,17.086187,-96.737377,110
BinniBusRA07,17.08615,-96.737323,111
BinniBusRA07,17.086136,-96.737246,112
BinniBusRA07,17.086132,-96.737186,113
BinniBusRA07,17.086163,-96.737098,114
BinniBusRA07,17.086278,-96.736811,115
BinniBusRA07,17.086479,-96.736344,116
BinniBusRA07,17.086523,-96.736239,117
BinniBusRA07,17.086545,-96.736159,118
BinniBusRA07,17.086556,-96.736074,119
BinniBusRA07,17.086565,-96.735982,120
BinniBusRA07,17.086572,-96.735793,121
BinniBusRA07,17.086586,-96.7356,122
BinniBusRA07,17.086576,-96.735381,123
BinniBusRA07,17.086577,-96.735274,124
BinniBusRA07,17.086582,-96.735242,125
BinniBusRA07,17.086576,-96.735174,126
BinniBusRA07,17.086551,-96.735079,127
BinniBusRA07,17.086504,-96.735007,128
BinniBusRA07,17.086455,-96.734944,129
BinniBusRA07,17.086402,-96.734908,130
BinniBusRA07,17.086327,-96.734888,131
BinniBusRA07,17.086008,-96.734857,132
BinniBusRA07,17.085863,-96.734826,133
BinniBusRA07,17.085795,-96.734812,134
BinniBusRA07,17.085701,-96.734778,135
BinniBusRA07,17.085644,-96.734725,136
BinniBusRA07,17.085565,-96.734638,137
BinniBusRA07,17.085526,-96.734547,138
BinniBusRA07,17.085514,-96.734454,139
BinniBusRA07,17.085526,-96.734399,140
BinniBusRA07,17.085546,-96.734291,141
BinniBusRA07,17.085579,-96.734237,142
BinniBusRA07,17.085654,-96.734084,143
BinniBusRA07,17.0857,-96.733912,144
BinniBusRA07,17.085722,-96.733758,145
BinniBusRA07,17.085729,-96.733597,146
BinniBusRA07,17.085728,-96.73351,147
BinniBusRA07,17.085714,-96.73332,148
BinniBusRA07,17.085685,-96.733158,149
BinniBusRA07,17.085672,-96.733022,150
BinniBusRA07,17.085676,-96.732881,151
BinniBusRA07,17.085699,-96.732738,152
BinniBusRA07,17.085712,-96.732685,153
BinniBusRA07,17.085788,-96.732478,154
BinniBusRA07,17.085797,-96.732453,155
BinniBusRA07,17.085797,-96.732375,156
BinniBusRA07,17.085798,-96.732303,157
BinniBusRA07,17.085788,-96.732268,158
BinniBusRA07,17.085776,-96.73222,159
BinniBusRA07,17.085699,-96.732012,160
BinniBusRA07,17.08567,-96.731926,161
BinniBusRA07,17.085584,-96.731757,162
BinniBusRA07,17.085557,-96.731716,163
BinniBusRA07,17.085532,-96.731688,164
BinniBusRA07,17.085209,-96.731499,165
BinniBusRA07,17.08517,-96.731458,166
BinniBusRA07,17.085148,-96.731432,167
BinniBusRA07,17.08506,-96.731259,168
BinniBusRA07,17.084978,-96.731045,169
BinniBusRA07,17.084947,-96.730992,170
BinniBusRA07,17.084841,-96.730907,171
BinniBusRA07,17.084724,-96.730804,172
BinniBusRA07,17.084596,-96.730688,173
BinniBusRA07,17.084567,-96.730653,174
BinniBusRA07,17.08452,-96.730605,175
BinniBusRA07,17.08447,-96.730516,176
BinniBusRA07,17.084422,-96.730438,177
BinniBusRA07,17.084327,-96.73029,178
BinniBusRA07,17.084282,-96.730215,179
BinniBusRA07,17.084177,-96.730104,180
BinniBusRA07,17.084109,-96.73001,181
BinniBusRA07,17.08405,-96.729936,182
BinniBusRA07,17.083968,-96.729848,183
BinniBusRA07,17.083824,-96.729706,184
BinniBusRA07,17.083772,-96.729651,185
BinniBusRA07,17.083725,-96.729588,186
BinniBusRA07,17.083665,-96.729477,187
BinniBusRA07,17.083611,-96.729344,188
BinniBusRA07,17.083581,-96.72925,189
BinniBusRA07,17.083536,-96.729102,190
BinniBusRA07,17.083419,-96.728787,191
BinniBusRA07,17.083396,-96.728725,192
BinniBusRA07,17.083255,-96.728412,193
BinniBusRA07,17.08302,-96.72788,194
BinniBusRA07,17.082958,-96.727735,195
BinniBusRA07,17.082901,-96.727611,196
BinniBusRA07,17.082864,-96.727539,197
BinniBusRA07,17.082831,-96.727501,198
BinniBusRA07,17.082799,-96.727462,199
BinniBusRA07,17.082728,-96.727392,200
BinniBusRA07,17.082662,-96.727331,201
BinniBusRA07,17.08264,-96.72731,202
BinniBusRA07,17.082499,-96.727268,203
BinniBusRA07,17.082259,-96.727189,204
BinniBusRA07,17.081856,-96.727094,205
BinniBusRA07,17.08155,-96.727051,206
BinniBusRA07,17.081422,-96.727047,207
BinniBusRA07,17.080952,-96.727081,208
BinniBusRA07,17.080753,-96.727094,209
BinniBusRA07,17.080508,-96.727072,210
BinniBusRA07,17.080312,-96.727026,211
BinniBusRA07,17.080222,-96.726989,212
BinniBusRA07,17.080135,-96.726949,213
BinniBusRA07,17.079901,-96.726875,214
BinniBusRA07,17.079488,-96.726742,215
BinniBusRA07,17.079216,-96.726654,216
BinniBusRA07,17.079103,-96.726612,217
BinniBusRA07,17.07889,-96.726546,218
BinniBusRA07,17.07884,-96.726521,219
BinniBusRA07,17.078799,-96.726467,220
BinniBusRA07,17.078778,-96.726411,221
BinniBusRA07,17.078747,-96.726341,222
BinniBusRA07,17.078715,-96.726175,223
BinniBusRA07,17.078699,-96.726124,224
BinniBusRA07,17.078688,-96.726109,225
BinniBusRA07,17.078607,-96.726112,226
BinniBusRA07,17.078282,-96.726121,227
BinniBusRA07,17.07821,-96.726128,228
BinniBusRA07,17.077773,-96.72618,229
BinniBusRA07,17.077519,-96.726212,230
BinniBusRA07,17.077029,-96.726249,231
BinniBusRA07,17.076437,-96.7263,232
BinniBusRA07,17.076184,-96.726329,233
BinniBusRA07,17.075996,-96.726348,234
BinniBusRA07,17.075532,-96.726353,235
BinniBusRA07,17.07522,-96.726387,236
BinniBusRA07,17.074692,-96.726446,237
BinniBusRA07,17.074284,-96.726471,238
BinniBusRA07,17.073811,-96.72653,239
BinniBusRA07,17.073604,-96.726557,240
BinniBusRA07,17.07347,-96.726585,241
BinniBusRA07,17.073387,-96.726615,242
BinniBusRA07,17.073255,-96.726663,243
BinniBusRA07,17.073142,-96.726632,244
BinniBusRA07,17.073072,-96.726589,245
BinniBusRA07,17.073041,-96.726455,246
BinniBusRA07,17.072952,-96.726214,247
BinniBusRA07,17.072904,-96.726056,248
BinniBusRA07,17.072761,-96.725684,249
BinniBusRA07,17.070798,-96.726063,250
BinniBusRA07,17.070332,-96.726165,251
BinniBusRA07,17.070156,-96.7262,252
BinniBusRA07,17.069935,-96.726242,253
BinniBusRA07,17.069499,-96.726329,254
BinniBusRA07,17.069196,-96.726378,255
BinniBusRA07,17.068971,-96.726417,256
BinniBusRA07,17.068791,-96.726435,257
BinniBusRA07,17.068517,-96.726448,258
BinniBusRA07,17.068358,-96.726457,259
BinniBusRA07,17.067987,-96.726486,260
BinniBusRA07,17.067631,-96.72651,261
BinniBusRA07,17.067263,-96.726545,262
BinniBusRA07,17.067051,-96.72657,263
BinniBusRA07,17.066623,-96.726656,264
BinniBusRA07,17.065296,-96.726926,265
BinniBusRA07,17.063463,-96.727301,266
BinniBusRA07,17.06267,-96.727478,267
BinniBusRA07,17.06234,-96.727532,268
BinniBusRA07,17.061927,-96.727607,269
BinniBusRA07,17.061558,-96.727679,270
BinniBusRA07,17.060653,-96.727878,271
BinniBusRA07,17.059732,-96.728065,272
BinniBusRA07,17.059863,-96.728634,273
BinniBusRA07,17.060009,-96.729385,274
BinniBusRA07,17.06007,-96.729702,275
BinniBusRA07,17.060168,-96.730198,276
BinniBusRA07,17.06024,-96.730506,277
BinniBusRA07,17.06035,-96.731051,278
BinniBusRA07,17.060491,-96.73167,279
BinniBusRA07,17.060518,-96.73178,280
BinniBusRA07,17.06056,-96.732095,281
BinniBusRA07,17.060608,-96.732368,282
BinniBusRA07,17.060646,-96.732551,283
BinniBusRA07,17.060708,-96.732892,284
BinniBusRA07,17.060756,-96.733128,285
BinniBusRA07,17.060764,-96.733278,286
BinniBusRA07,17.060756,-96.733404,287
BinniBusRA07,17.060864,-96.733576,288
BinniBusRA07,17.060828,-96.733718,289
BinniBusRA07,17.06059,-96.734096,290
BinniBusRA07,17.060251,-96.734563,291
BinniBusRA07,17.059895,-96.735118,292
BinniBusRA07,17.059528,-96.735684,293
BinniBusRA07,17.059262,-96.736065,294
BinniBusRA07,17.059059,-96.736363,295
BinniBusRA07,17.059012,-96.736436,296
BinniBusRA07,17.058997,-96.736455,297
BinniBusRA07,17.059001,-96.736481,298
BinniBusRA07,17.059013,-96.736503,299
BinniBusRA07,17.059044,-96.736532,300
BinniBusRA07,17.059078,-96.736566,301
BinniBusRA07,17.059217,-96.736638,302
BinniBusRA07,17.059302,-96.736668,303
BinniBusRA07,17.059475,-96.736729,304
BinniBusRA07,17.059528,-96.736753,305
BinniBusRA07,17.059545,-96.73676,306
BinniBusRA07,17.059724,-96.736811,307
BinniBusRA07,17.059834,-96.736848,308
BinniBusRA07,17.059857,-96.736854,309
BinniBusRA07,17.059888,-96.736848,310
BinniBusRA07,17.059922,-96.736848,311
BinniBusRA07,17.060092,-96.736861,312
BinniBusRA07,17.060299,-96.736882,313
BinniBusRA07,17.060381,-96.736891,314
BinniBusRA07,17.060464,-96.736905,315
BinniBusRA07,17.060558,-96.736915,316
BinniBusRA07,17.060624,-96.736927,317
BinniBusRA07,17.060672,-96.736936,318
BinniBusRA07,17.060772,-96.73696,319
BinniBusRA07,17.060839,-96.736981,320
BinniBusRA07,17.061153,-96.737064,321
BinniBusRA07,17.061219,-96.737077,322
BinniBusRA07,17.061288,-96.737074,323
BinniBusRA07,17.061363,-96.737078,324
BinniBusRA07,17.061541,-96.737075,325
BinniBusRA07,17.061618,-96.737071,326
BinniBusRA07,17.061627,-96.737174,327
BinniBusRA07,17.061627,-96.737263,328
BinniBusRA07,17.061632,-96.737606,329
BinniBusRA07,17.061626,-96.738101,330
BinniBusRA07,17.061615,-96.738533,331
BinniBusRA07,17.061615,-96.738757,332
BinniBusRA07,17.061612,-96.738924,333
BinniBusRA07,17.061617,-96.739202,334
BinniBusRA07,17.06162,-96.739335,335
BinniBusRA07,17.061617,-96.739379,336
BinniBusRA07,17.061596,-96.739476,337
BinniBusRA07,17.061559,-96.73961,338
BinniBusRA07,17.061499,-96.73976,339
BinniBusRA07,17.061438,-96.739882,340
BinniBusRA07,17.06137,-96.739926,341
BinniBusRA07,17.061303,-96.740011,342
BinniBusRA07,17.061168,-96.740201,343
BinniBusRA07,17.061005,-96.740381,344
BinniBusRA07,17.060746,-96.740657,345
BinniBusRA07,17.060518,-96.740904,346
BinniBusRA07,17.060373,-96.741071,347
BinniBusRA07,17.060263,-96.741216,348
BinniBusRA07,17.059812,-96.741698,349
BinniBusRA07,17.059452,-96.742096,350
BinniBusRA07,17.059238,-96.742347,351
BinniBusRA07,17.058751,-96.742894,352
BinniBusRA07,17.058649,-96.743009,353
BinniBusRA07,17.058646,-96.743023,354
BinniBusRA07,17.058696,-96.743078,355
BinniBusRA07,17.058872,-96.743221,356
BinniBusRA07,17.059095,-96.743408,357
BinniBusRA07,17.059276,-96.743556,358
BinniBusRA07,17.059472,-96.743732,359
BinniBusRA07,17.059705,-96.743963,360
BinniBusRA07,17.059956,-96.744194,361
BinniBusRA07,17.060038,-96.744287,362
BinniBusRA07,17.060076,-96.744345,363
BinniBusRA07,17.060113,-96.744426,364
BinniBusRA07,17.060142,-96.744513,365
BinniBusRA07,17.060163,-96.74459,366
BinniBusRA07,17.060178,-96.744662,367
BinniBusRA07,17.060194,-96.744788,368
BinniBusRA07,17.060192,-96.744824,369
BinniBusRA07,17.060191,-96.744922,370
BinniBusRA07,17.060091,-96.74528,371
BinniBusRA07,17.060045,-96.74546,372
BinniBusRA07,17.05995,-96.745671,373
BinniBusRA07,17.059905,-96.745738,374
BinniBusRA07,17.059685,-96.746013,375
BinniBusRA07,17.059435,-96.746284,376
BinniBusRA07,17.059358,-96.746371,377
BinniBusRA07,17.059254,-96.74648,378
BinniBusRA07,17.059196,-96.746599,379
BinniBusRA07,17.058949,-96.747051,380
BinniBusRA07,17.058792,-96.747385,381
BinniBusRA07,17.058745,-96.747474,382
BinniBusRA07,17.058736,-96.747503,383
BinniBusRA07,17.058726,-96.747583,384
BinniBusRA07,17.058719,-96.747652,385
BinniBusRA07,17.058718,-96.747672,386
BinniBusRA07,17.058718,-96.747743,387
BinniBusRA07,17.058719,-96.747785,388
BinniBusRA07,17.058723,-96.747816,389
BinniBusRA07,17.058746,-96.747876,390
BinniBusRA07,17.058754,-96.747892,391
BinniBusRA07,17.058771,-96.747916,392
BinniBusRA07,17.058822,-96.747957,393
BinniBusRA07,17.05892,-96.748018,394
BinniBusRA07,17.058975,-96.748047,395
BinniBusRA07,17.059135,-96.748146,396
BinniBusRA07,17.059178,-96.74817,397
BinniBusRA07,17.059216,-96.748203,398
BinniBusRA07,17.059248,-96.748235,399
BinniBusRA07,17.059278,-96.748286,400
BinniBusRA07,17.059291,-96.748314,401
BinniBusRA07,17.059298,-96.748353,402
BinniBusRA07,17.059302,-96.748405,403
BinniBusRA07,17.059288,-96.748501,404
BinniBusRA07,17.059273,-96.748625,405
BinniBusRA07,17.059266,-96.748731,406
BinniBusRA07,17.059272,-96.748834,407
BinniBusRA07,17.059267,-96.74895,408
BinniBusRA07,17.059262,-96.749079,409
BinniBusRA07,17.059254,-96.749156,410
BinniBusRA07,17.059236,-96.749286,411
BinniBusRA07,17.059225,-96.749379,412
BinniBusRA07,17.059218,-96.749499,413
BinniBusRA07,17.059213,-96.749599,414
BinniBusRA07,17.059201,-96.749691,415
BinniBusRA07,17.059184,-96.749854,416
BinniBusRA07,17.059183,-96.749955,417
BinniBusRA07,17.059176,-96.750124,418
BinniBusRA07,17.059171,-96.750225,419
BinniBusRA07,17.05912,-96.750476,420
BinniBusRA07,17.059056,-96.750786,421
BinniBusRA07,17.059026,-96.75093,422
BinniBusRA07,17.059015,-96.751016,423
BinniBusRA07,17.058977,-96.751227,424
BinniBusRA07,17.058942,-96.751463,425
BinniBusRA07,17.058928,-96.751564,426
BinniBusRA07,17.058922,-96.751646,427
BinniBusRA07,17.058913,-96.751773,428
BinniBusRA07,17.058922,-96.75225,429
BinniBusRA07,17.058928,-96.752409,430
BinniBusRA07,17.058917,-96.752533,431
BinniBusRA07,17.058907,-96.752579,432
BinniBusRA07,17.058853,-96.752816,433
BinniBusRA07,17.058824,-96.752932,434
BinniBusRA07,17.05878,-96.753188,435
BinniBusRA07,17.058757,-96.753296,436
BinniBusRA07,17.058703,-96.753534,437
BinniBusRA07,17.058671,-96.753672,438
BinniBusRA07,17.058582,-96.754068,439
BinniBusRA07,17.058512,-96.754385,440
BinniBusRA07,17.058428,-96.754781,441
BinniBusRA07,17.058407,-96.754875,442
BinniBusRA07,17.058309,-96.755234,443
BinniBusRA07,17.058246,-96.755473,444
BinniBusRA07,17.058203,-96.755629,445
BinniBusRA07,17.058151,-96.755795,446
BinniBusRA07,17.058114,-96.755938,447
BinniBusRA07,17.058093,-96.756015,448
BinniBusRA07,17.058089,-96.756068,449
BinniBusRA07,17.058085,-96.756216,450
BinniBusRA07,17.058078,-96.75645,451
BinniBusRA07,17.058099,-96.756748,452
BinniBusRA07,17.058123,-96.757028,453
BinniBusRA07,17.058131,-96.757139,454
BinniBusRA07,17.058135,-96.757225,455
BinniBusRA07,17.058144,-96.75737,456
BinniBusRA07,17.058149,-96.757584,457
BinniBusRA07,17.058154,-96.757718,458
BinniBusRA07,17.058133,-96.757971,459
BinniBusRA07,17.058124,-96.758026,460
BinniBusRA07,17.058112,-96.758072,461
BinniBusRA07,17.058056,-96.758159,462
BinniBusRA07,17.058028,-96.758184,463
BinniBusRA07,17.057982,-96.758212,464
BinniBusRA07,17.057969,-96.758231,465
BinniBusRA07,17.057962,-96.758271,466
BinniBusRA07,17.05794,-96.758493,467
BinniBusRA07,17.057926,-96.758623,468
BinniBusRA07,17.057908,-96.758723,469
BinniBusRA07,17.057886,-96.758792,470
BinniBusRA07,17.057858,-96.758844,471
BinniBusRA07,17.057821,-96.758895,472
BinniBusRA07,17.057807,-96.758919,473
BinniBusRA07,17.057797,-96.758954,474
BinniBusRA07,17.057794,-96.759001,475
BinniBusRA07,17.057806,-96.759046,476
BinniBusRA07,17.057823,-96.759083,477
BinniBusRA07,17.057854,-96.759103,478
BinniBusRA07,17.057834,-96.759141,479
BinniBusRA07,17.057786,-96.759115,480
BinniBusRA07,17.057759,-96.759063,481
BinniBusRA07,17.057749,-96.758986,482
BinniBusRA07,17.057763,-96.758914,483
BinniBusRA07,17.057822,-96.758811,484
BinniBusRA07,17.057857,-96.758758,485
BinniBusRA07,17.057881,-96.758646,486
BinniBusRA07,17.057926,-96.75823,487
BinniBusRA07,17.05795,-96.758179,488
BinniBusRA07,17.058018,-96.758134,489
BinniBusRA07,17.058052,-96.758092,490
BinniBusRA07,17.058078,-96.758044,491
BinniBusRA07,17.058095,-96.757956,492
BinniBusRA07,17.058111,-96.75781,493
BinniBusRA07,17.058111,-96.757695,494
BinniBusRA07,17.0581,-96.757228,495
BinniBusRA07,17.05805,-96.756644,496
BinniBusRA07,17.05804,-96.756365,497
BinniBusRA07,17.058046,-96.756019,498
BinniBusRA07,17.05814,-96.755678,499
BinniBusRA07,17.058262,-96.755292,500
BinniBusRA07,17.058364,-96.754856,501
BinniBusRA07,17.058436,-96.754547,502
BinniBusRA07,17.058617,-96.753735,503
BinniBusRA07,17.058764,-96.753049,504
BinniBusRA07,17.058863,-96.75258,505
BinniBusRA07,17.058882,-96.752485,506
BinniBusRA07,17.058881,-96.752321,507
BinniBusRA07,17.058873,-96.751794,508
BinniBusRA07,17.058893,-96.751479,509
BinniBusRA07,17.058927,-96.75128,510
BinniBusRA07,17.058971,-96.751018,511
BinniBusRA07,17.059061,-96.75057,512
BinniBusRA07,17.059125,-96.750248,513
BinniBusRA07,17.059141,-96.750072,514
BinniBusRA07,17.059141,-96.749882,515
BinniBusRA07,17.059182,-96.74941,516
BinniBusRA07,17.059229,-96.749011,517
BinniBusRA07,17.059226,-96.748708,518
BinniBusRA07,17.059246,-96.748506,519
BinniBusRA07,17.059266,-96.748414,520
BinniBusRA07,17.059266,-96.748357,521
BinniBusRA07,17.059254,-96.7483,522
BinniBusRA07,17.059212,-96.748246,523
BinniBusRA07,17.059124,-96.748185,524
BinniBusRA07,17.058932,-96.748071,525
BinniBusRA07,17.058785,-96.747979,526
BinniBusRA07,17.058746,-96.747946,527
BinniBusRA07,17.058706,-96.747881,528
BinniBusRA07,17.058677,-96.747784,529
BinniBusRA07,17.058676,-96.747645,530
BinniBusRA07,17.058693,-96.747542,531
BinniBusRA07,17.058716,-96.747437,532
BinniBusRA07,17.058821,-96.747217,533
BinniBusRA07,17.058935,-96.746986,534
BinniBusRA07,17.059072,-96.746738,535
BinniBusRA07,17.059229,-96.746443,536
BinniBusRA07,17.059552,-96.746097,537
BinniBusRA07,17.059862,-96.745735,538
BinniBusRA07,17.059931,-96.745622,539
BinniBusRA07,17.060021,-96.745386,540
BinniBusRA07,17.060154,-96.744901,541
BinniBusRA07,17.060149,-96.74478,542
BinniBusRA07,17.060109,-96.744614,543
BinniBusRA07,17.060082,-96.744505,544
BinniBusRA07,17.06004,-96.744402,545
BinniBusRA07,17.059964,-96.744295,546
BinniBusRA07,17.059831,-96.744163,547
BinniBusRA07,17.059453,-96.743801,548
BinniBusRA07,17.058622,-96.743084,549
BinniBusRA07,17.058563,-96.743019,550
BinniBusRA07,17.05865,-96.742912,551
BinniBusRA07,17.058953,-96.742587,552
BinniBusRA07,17.05929,-96.7422,553
BinniBusRA07,17.05947,-96.741972,554
BinniBusRA07,17.059874,-96.741549,555
BinniBusRA07,17.060214,-96.741179,556
BinniBusRA07,17.060448,-96.740899,557
BinniBusRA07,17.060961,-96.740337,558
BinniBusRA07,17.061134,-96.740156,559
BinniBusRA07,17.061253,-96.739978,560
BinniBusRA07,17.0613,-96.739912,561
BinniBusRA07,17.061395,-96.739832,562
BinniBusRA07,17.061447,-96.73974,563
BinniBusRA07,17.061511,-96.739581,564
BinniBusRA07,17.061563,-96.739355,565
BinniBusRA07,17.061565,-96.73919,566
BinniBusRA07,17.061561,-96.73872,567
BinniBusRA07,17.061574,-96.737986,568
BinniBusRA07,17.061576,-96.737404,569
BinniBusRA07,17.061574,-96.737338,570
BinniBusRA07,17.061495,-96.73724,571
BinniBusRA07,17.061429,-96.737176,572
BinniBusRA07,17.06137,-96.737122,573
BinniBusRA07,17.061216,-96.737113,574
BinniBusRA07,17.06112,-96.737096,575
BinniBusRA07,17.060829,-96.737015,576
BinniBusRA07,17.060593,-96.736963,577
BinniBusRA07,17.059935,-96.736886,578
BinniBusRA07,17.059812,-96.736885,579
BinniBusRA07,17.059789,-96.736877,580
BinniBusRA07,17.059536,-96.736806,581
BinniBusRA07,17.059458,-96.736767,582
BinniBusRA07,17.059353,-96.736731,583
BinniBusRA07,17.059244,-96.736695,584
BinniBusRA07,17.059086,-96.73662,585
BinniBusRA07,17.059046,-96.736594,586
BinniBusRA07,17.059002,-96.736551,587
BinniBusRA07,17.058907,-96.736434,588
BinniBusRA07,17.058943,-96.736334,589
BinniBusRA07,17.059335,-96.735718,590
BinniBusRA07,17.060016,-96.734649,591
BinniBusRA07,17.060262,-96.734325,592
BinniBusRA07,17.060542,-96.733898,593
BinniBusRA07,17.060715,-96.733652,594
BinniBusRA07,17.060856,-96.733408,595
BinniBusRA07,17.061167,-96.733255,596
BinniBusRA07,17.061212,-96.73274,597
BinniBusRA07,17.061203,-96.732068,598
BinniBusRA07,17.061173,-96.730756,599
BinniBusRA07,17.061144,-96.730464,600
BinniBusRA07,17.061011,-96.729721,601
BinniBusRA07,17.060829,-96.728812,602
BinniBusRA07,17.06155,-96.728629,603
BinniBusRA07,17.062144,-96.728557,604
BinniBusRA07,17.062306,-96.728535,605
BinniBusRA07,17.062642,-96.728439,606
BinniBusRA07,17.062765,-96.728385,607
BinniBusRA07,17.063098,-96.728297,608
BinniBusRA07,17.063583,-96.728208,609
BinniBusRA07,17.063947,-96.728152,610
BinniBusRA07,17.064532,-96.728066,611
BinniBusRA07,17.065432,-96.727889,612
BinniBusRA07,17.066291,-96.727717,613
BinniBusRA07,17.067355,-96.727519,614
BinniBusRA07,17.067788,-96.727462,615
BinniBusRA07,17.068414,-96.727522,616
BinniBusRA07,17.068614,-96.72757,617
BinniBusRA07,17.069578,-96.727648,618
BinniBusRA07,17.070257,-96.727572,619
BinniBusRA07,17.070726,-96.72745,620
BinniBusRA07,17.070923,-96.727397,621
BinniBusRA07,17.07136,-96.72733,622
BinniBusRA07,17.072065,-96.72719,623
BinniBusRA07,17.072457,-96.727122,624
BinniBusRA07,17.072825,-96.727066,625
BinniBusRA07,17.072966,-96.727037,626
BinniBusRA07,17.073024,-96.727009,627
BinniBusRA07,17.073076,-96.726973,628
BinniBusRA07,17.073146,-96.726923,629
BinniBusRA07,17.073156,-96.726883,630
BinniBusRA07,17.073183,-96.726774,631
BinniBusRA07,17.073215,-96.726518,632
BinniBusRA07,17.073329,-96.726479,633
BinniBusRA07,17.073553,-96.726427,634
BinniBusRA07,17.074006,-96.726359,635
BinniBusRA07,17.074692,-96.726306,636
BinniBusRA07,17.075747,-96.726191,637
BinniBusRA07,17.076149,-96.726162,638
BinniBusRA07,17.076652,-96.726146,639
BinniBusRA07,17.076776,-96.726136,640
BinniBusRA07,17.077121,-96.726082,641
BinniBusRA07,17.077571,-96.726056,642
BinniBusRA07,17.077976,-96.726024,643
BinniBusRA07,17.078281,-96.725995,644
BinniBusRA07,17.078667,-96.725972,645
BinniBusRA07,17.078716,-96.725985,646
BinniBusRA07,17.078754,-96.726078,647
BinniBusRA07,17.078762,-96.72617,648
BinniBusRA07,17.078811,-96.726355,649
BinniBusRA07,17.078843,-96.726422,650
BinniBusRA07,17.078866,-96.726469,651
BinniBusRA07,17.078891,-96.726482,652
BinniBusRA07,17.079175,-96.726571,653
BinniBusRA07,17.079689,-96.726749,654
BinniBusRA07,17.080268,-96.72694,655
BinniBusRA07,17.080535,-96.727017,656
BinniBusRA07,17.080755,-96.727036,657
BinniBusRA07,17.08112,-96.727012,658
BinniBusRA07,17.081422,-96.726985,659
BinniBusRA07,17.081596,-96.726993,660
BinniBusRA07,17.081914,-96.727039,661
BinniBusRA07,17.08215,-96.7271,662
BinniBusRA07,17.082489,-96.727202,663
BinniBusRA07,17.082678,-96.727269,664
BinniBusRA07,17.08275,-96.727339,665
BinniBusRA07,17.082899,-96.727489,666
BinniBusRA07,17.082986,-96.727666,667
BinniBusRA07,17.083173,-96.728087,668
BinniBusRA07,17.083388,-96.728573,669
BinniBusRA07,17.083553,-96.728977,670
BinniBusRA07,17.083603,-96.729131,671
BinniBusRA07,17.083653,-96.729293,672
BinniBusRA07,17.083723,-96.729453,673
BinniBusRA07,17.083806,-96.729608,674
BinniBusRA07,17.083968,-96.729758,675
BinniBusRA07,17.084064,-96.729862,676
BinniBusRA07,17.08421,-96.730051,677
BinniBusRA07,17.084331,-96.730185,678
BinniBusRA07,17.084436,-96.730347,679
BinniBusRA07,17.084518,-96.730481,680
BinniBusRA07,17.084572,-96.730578,681
BinniBusRA07,17.084672,-96.730677,682
BinniBusRA07,17.084979,-96.730944,683
BinniBusRA07,17.085026,-96.731004,684
BinniBusRA07,17.085047,-96.731057,685
BinniBusRA07,17.085086,-96.731156,686
BinniBusRA07,17.085174,-96.731356,687
BinniBusRA07,17.085218,-96.731424,688
BinniBusRA07,17.085255,-96.731464,689
BinniBusRA07,17.085546,-96.731632,690
BinniBusRA07,17.085608,-96.731696,691
BinniBusRA07,17.085685,-96.731816,692
BinniBusRA07,17.085772,-96.732044,693
BinniBusRA07,17.085852,-96.732272,694
BinniBusRA07,17.085849,-96.73247,695
BinniBusRA07,17.085767,-96.732698,696
BinniBusRA07,17.085723,-96.732857,697
BinniBusRA07,17.085723,-96.733026,698
BinniBusRA07,17.085767,-96.733353,699
BinniBusRA07,17.085788,-96.733613,700
BinniBusRA07,17.085762,-96.733836,701
BinniBusRA07,17.085713,-96.734115,702
BinniBusRA07,17.085611,-96.7343,703
BinniBusRA07,17.085585,-96.734383,704
BinniBusRA07,17.085575,-96.734447,705
BinniBusRA07,17.085585,-96.734554,706
BinniBusRA07,17.085626,-96.734635,707
BinniBusRA07,17.085741,-96.734732,708
BinniBusRA07,17.086034,-96.734812,709
BinniBusRA07,17.086331,-96.734836,710
BinniBusRA07,17.086472,-96.734884,711
BinniBusRA07,17.086526,-96.734952,712
BinniBusRA07,17.086587,-96.73504,713
BinniBusRA07,17.086618,-96.735158,714
BinniBusRA07,17.086628,-96.7353,715
BinniBusRA07,17.086641,-96.735638,716
BinniBusRA07,17.086626,-96.735853,717
BinniBusRA07,17.086621,-96.73604,718
BinniBusRA07,17.0866,-96.736156,719
BinniBusRA07,17.086521,-96.736419,720
BinniBusRA07,17.0863,-96.736912,721
BinniBusRA07,17.086228,-96.7371,722
BinniBusRA07,17.086175,-96.737218,723
BinniBusRA07,17.086234,-96.737336,724
BinniBusRA07,17.086349,-96.737476,725
BinniBusRA07,17.086395,-96.737532,726
BinniBusRA07,17.086498,-96.737594,727
BinniBusRA07,17.086654,-96.737663,728
BinniBusRA07,17.086808,-96.737703,729
BinniBusRA07,17.086972,-96.737725,730
BinniBusRA07,17.087157,-96.737709,731
BinniBusRA07,17.087834,-96.737636,732
BinniBusRA07,17.087972,-96.737647,733
BinniBusRA07,17.088069,-96.737677,734
BinniBusRA07,17.088316,-96.737765,735
BinniBusRA07,17.088382,-96.73777,736
BinniBusRA07,17.088498,-96.737741,737
BinniBusRA07,17.088808,-96.737602,738
BinniBusRA07,17.088913,-96.737548,739
BinniBusRA07,17.08911,-96.737357,740
BinniBusRA07,17.089359,-96.737199,741
BinniBusRA07,17.089518,-96.737103,742
BinniBusRA07,17.089615,-96.737022,743
BinniBusRA07,17.08971,-96.736915,744
BinniBusRA07,17.089838,-96.736797,745
BinniBusRA07,17.090015,-96.73674,746
BinniBusRA07,17.090115,-96.736732,747
BinniBusRA07,17.090259,-96.736687,748
BinniBusRA07,17.0904,-96.736609,749
BinniBusRA07,17.090672,-96.73648,750
BinniBusRA07,17.090795,-96.736446,751
BinniBusRA07,17.090925,-96.736446,752
BinniBusRA07,17.091061,-96.736467,753
BinniBusRA07,17.091174,-96.736539,754
BinniBusRA07,17.091256,-96.736609,755
BinniBusRA07,17.091359,-96.736765,756
BinniBusRA07,17.091438,-96.736912,757
BinniBusRA07,17.091484,-96.737046,758
BinniBusRA07,17.09153,-96.737301,759
BinniBusRA07,17.091577,-96.73754,760
BinniBusRA07,17.091687,-96.737867,761
BinniBusRA07,17.091854,-96.738205,762
BinniBusRA07,17.091925,-96.738318,763
BinniBusRA07,17.092046,-96.738379,764
BinniBusRA07,17.092318,-96.738473,765
BinniBusRA07,17.092566,-96.738564,766
BinniBusRA07,17.092894,-96.738798,767
BinniBusRA07,17.093164,-96.739039,768
BinniBusRA07,17.093397,-96.739197,769
BinniBusRA07,17.093551,-96.73931,770
BinniBusRA07,17.093746,-96.739372,771
BinniBusRA07,17.094517,-96.739264,772
BinniBusRA07,17.095094,-96.739171,773
BinniBusRA07,17.095209,-96.739192,774
BinniBusRA07,17.095353,-96.739222,775
BinniBusRA07,17.095914,-96.739216,776
BinniBusRA07,17.096817,-96.739187,777
BinniBusRA07,17.097742,-96.739246,778
BinniBusRA07,17.098194,-96.739256,779
BinniBusRA07,17.098501,-96.739219,780
BinniBusRA07,17.098681,-96.739163,781
BinniBusRA07,17.098868,-96.738986,782
BinniBusRA07,17.09907,-96.738701,783
BinniBusRA07,17.099175,-96.738575,784
BinniBusRA07,17.099334,-96.738495,785
BinniBusRA07,17.099506,-96.738457,786
BinniBusRA07,17.099744,-96.738366,787
BinniBusRA07,17.099824,-96.738338,788
BinniBusRA07,17.100114,-96.738124,789
BinniBusRA07,17.100374,-96.737868,790
BinniBusRA07,17.100414,-96.73784,791
BinniBusRA07,17.100446,-96.73783,792
BinniBusRA07,17.100459,-96.737818,793
BinniBusRA07,17.100465,-96.737797,794
BinniBusRA07,17.10047,-96.737771,795
BinniBusRA07,17.100468,-96.73774,796
BinniBusRA07,17.100446,-96.737679,797
BinniBusRA07,17.100432,-96.737643,798
BinniBusRA07,17.100427,-96.737585,799
BinniBusRA07,17.100434,-96.737549,800
BinniBusRA07,17.100446,-96.73749,801
BinniBusRA07,17.100471,-96.73744,802
BinniBusRA07,17.100507,-96.737396,803
BinniBusRA07,17.10058,-96.737325,804
BinniBusRA07,17.1007,-96.737226,805
BinniBusRA07,17.100965,-96.737022,806
BinniBusRA07,17.101224,-96.736818,807
BinniBusRA07,17.101485,-96.736598,808
BinniBusRA07,17.10171,-96.736411,809
BinniBusRA07,17.101949,-96.736152,810
BinniBusRA07,17.102093,-96.735992,811
BinniBusRA07,17.102292,-96.735795,812
BinniBusRA07,17.10274,-96.735421,813
BinniBusRA07,17.103067,-96.735158,814
BinniBusRA07,17.103104,-96.735132,815
BinniBusRA07,17.103308,-96.735154,816
BinniBusRA08,17.108847,-96.700266,1
BinniBusRA08,17.108516,-96.700311,2
BinniBusRA08,17.108067,-96.700502,3
BinniBusRA08,17.1076,-96.700661,4
BinniBusRA08,17.107307,-96.700771,5
BinniBusRA08,17.106914,-96.700886,6
BinniBusRA08,17.106803,-96.700912,7
BinniBusRA08,17.106395,-96.700956,8
BinniBusRA08,17.105801,-96.70102,9
BinniBusRA08,17.105274,-96.701086,10
BinniBusRA08,17.10491,-96.701129,11
BinniBusRA08,17.104778,-96.701153,12
BinniBusRA08,17.104588,-96.701161,13
BinniBusRA08,17.104152,-96.70121,14
BinniBusRA08,17.103866,-96.701238,15
BinniBusRA08,17.103458,-96.701282,16
BinniBusRA08,17.103451,-96.701336,17
BinniBusRA08,17.103518,-96.702012,18
BinniBusRA08,17.103537,-96.702154,19
BinniBusRA08,17.103611,-96.702543,20
BinniBusRA08,17.103702,-96.702997,21
BinniBusRA08,17.103714,-96.703051,22
BinniBusRA08,17.103522,-96.703074,23
BinniBusRA08,17.103032,-96.703139,24
BinniBusRA08,17.102595,-96.703198,25
BinniBusRA08,17.102166,-96.703251,26
BinniBusRA08,17.101723,-96.703314,27
BinniBusRA08,17.101216,-96.703373,28
BinniBusRA08,17.101035,-96.703397,29
BinniBusRA08,17.100976,-96.703421,30
BinniBusRA08,17.10089,-96.703459,31
BinniBusRA08,17.100691,-96.703634,32
BinniBusRA08,17.100542,-96.703786,33
BinniBusRA08,17.100443,-96.703845,34
BinniBusRA08,17.100325,-96.703906,35
BinniBusRA08,17.100201,-96.703966,36
BinniBusRA08,17.099777,-96.704087,37
BinniBusRA08,17.099709,-96.704108,38
BinniBusRA08,17.099691,-96.704102,39
BinniBusRA08,17.099643,-96.70407,40
BinniBusRA08,17.099617,-96.704062,41
BinniBusRA08,17.09957,-96.704057,42
BinniBusRA08,17.099525,-96.704064,43
BinniBusRA08,17.099271,-96.70412,44
BinniBusRA08,17.098843,-96.704222,45
BinniBusRA08,17.098754,-96.70426,46
BinniBusRA08,17.098376,-96.704439,47
BinniBusRA08,17.097958,-96.704639,48
BinniBusRA08,17.097854,-96.704686,49
BinniBusRA08,17.097623,-96.70479,50
BinniBusRA08,17.097353,-96.704918,51
BinniBusRA08,17.097089,-96.705072,52
BinniBusRA08,17.096772,-96.705254,53
BinniBusRA08,17.096563,-96.705359,54
BinniBusRA08,17.096362,-96.705457,55
BinniBusRA08,17.096336,-96.705482,56
BinniBusRA08,17.096328,-96.705511,57
BinniBusRA08,17.096326,-96.705571,58
BinniBusRA08,17.096314,-96.705954,59
BinniBusRA08,17.096302,-96.706205,60
BinniBusRA08,17.096316,-96.706359,61
BinniBusRA08,17.096334,-96.706422,62
BinniBusRA08,17.096555,-96.706747,63
BinniBusRA08,17.09659,-96.706803,64
BinniBusRA08,17.096616,-96.706871,65
BinniBusRA08,17.096623,-96.706904,66
BinniBusRA08,17.096624,-96.706926,67
BinniBusRA08,17.096614,-96.706954,68
BinniBusRA08,17.096595,-96.706979,69
BinniBusRA08,17.096551,-96.707005,70
BinniBusRA08,17.096519,-96.707009,71
BinniBusRA08,17.09646,-96.706998,72
BinniBusRA08,17.096366,-96.706952,73
BinniBusRA08,17.096129,-96.706814,74
BinniBusRA08,17.095606,-96.706507,75
BinniBusRA08,17.095487,-96.706444,76
BinniBusRA08,17.095397,-96.706411,77
BinniBusRA08,17.095327,-96.706395,78
BinniBusRA08,17.095238,-96.706388,79
BinniBusRA08,17.095156,-96.706393,80
BinniBusRA08,17.095036,-96.706427,81
BinniBusRA08,17.094842,-96.706513,82
BinniBusRA08,17.094565,-96.70665,83
BinniBusRA08,17.09482,-96.707154,84
BinniBusRA08,17.094765,-96.707199,85
BinniBusRA08,17.094624,-96.707268,86
BinniBusRA08,17.094069,-96.70757,87
BinniBusRA08,17.093444,-96.707886,88
BinniBusRA08,17.093286,-96.707971,89
BinniBusRA08,17.093124,-96.708056,90
BinniBusRA08,17.092727,-96.708283,91
BinniBusRA08,17.092168,-96.708573,92
BinniBusRA08,17.09183,-96.70875,93
BinniBusRA08,17.091193,-96.709077,94
BinniBusRA08,17.090685,-96.709329,95
BinniBusRA08,17.090621,-96.709369,96
BinniBusRA08,17.090126,-96.709589,97
BinniBusRA08,17.089886,-96.709699,98
BinniBusRA08,17.089547,-96.709878,99
BinniBusRA08,17.089492,-96.709908,100
BinniBusRA08,17.089453,-96.709974,101
BinniBusRA08,17.089415,-96.710037,102
BinniBusRA08,17.089246,-96.710202,103
BinniBusRA08,17.08902,-96.71041,104
BinniBusRA08,17.088903,-96.710515,105
BinniBusRA08,17.088716,-96.71065,106
BinniBusRA08,17.088461,-96.710795,107
BinniBusRA08,17.088124,-96.710991,108
BinniBusRA08,17.087519,-96.711342,109
BinniBusRA08,17.087316,-96.711463,110
BinniBusRA08,17.086783,-96.711777,111
BinniBusRA08,17.086555,-96.71193,112
BinniBusRA08,17.086521,-96.711967,113
BinniBusRA08,17.086493,-96.712082,114
BinniBusRA08,17.086493,-96.71219,115
BinniBusRA08,17.086532,-96.712258,116
BinniBusRA08,17.086566,-96.712407,117
BinniBusRA08,17.086606,-96.712568,118
BinniBusRA08,17.086706,-96.712852,119
BinniBusRA08,17.086932,-96.713364,120
BinniBusRA08,17.08703,-96.713531,121
BinniBusRA08,17.0873,-96.71398,122
BinniBusRA08,17.087479,-96.714334,123
BinniBusRA08,17.08752,-96.714432,124
BinniBusRA08,17.087543,-96.714495,125
BinniBusRA08,17.087632,-96.714661,126
BinniBusRA08,17.087708,-96.714805,127
BinniBusRA08,17.087784,-96.71492,128
BinniBusRA08,17.087915,-96.715129,129
BinniBusRA08,17.088094,-96.715439,130
BinniBusRA08,17.088206,-96.715651,131
BinniBusRA08,17.088426,-96.716045,132
BinniBusRA08,17.088644,-96.716438,133
BinniBusRA08,17.088848,-96.716803,134
BinniBusRA08,17.088885,-96.716863,135
BinniBusRA08,17.088925,-96.716905,136
BinniBusRA08,17.088998,-96.716955,137
BinniBusRA08,17.08908,-96.717067,138
BinniBusRA08,17.089094,-96.717199,139
BinniBusRA08,17.089066,-96.717284,140
BinniBusRA08,17.088994,-96.71733,141
BinniBusRA08,17.088907,-96.717328,142
BinniBusRA08,17.088815,-96.717352,143
BinniBusRA08,17.088384,-96.717483,144
BinniBusRA08,17.088106,-96.717573,145
BinniBusRA08,17.0879,-96.71764,146
BinniBusRA08,17.087492,-96.717753,147
BinniBusRA08,17.087305,-96.71782,148
BinniBusRA08,17.086956,-96.717922,149
BinniBusRA08,17.086571,-96.718066,150
BinniBusRA08,17.086355,-96.71816,151
BinniBusRA08,17.086019,-96.718278,152
BinniBusRA08,17.08587,-96.718308,153
BinniBusRA08,17.085042,-96.718555,154
BinniBusRA08,17.084529,-96.718721,155
BinniBusRA08,17.08397,-96.718927,156
BinniBusRA08,17.083683,-96.719021,157
BinniBusRA08,17.083537,-96.719054,158
BinniBusRA08,17.083265,-96.719064,159
BinniBusRA08,17.083052,-96.719096,160
BinniBusRA08,17.082701,-96.719155,161
BinniBusRA08,17.082506,-96.719172,162
BinniBusRA08,17.082365,-96.719155,163
BinniBusRA08,17.082155,-96.719123,164
BinniBusRA08,17.082063,-96.719088,165
BinniBusRA08,17.081955,-96.718984,166
BinniBusRA08,17.081932,-96.718935,167
BinniBusRA08,17.081917,-96.718917,168
BinniBusRA08,17.081776,-96.718957,169
BinniBusRA08,17.081424,-96.719002,170
BinniBusRA08,17.081009,-96.719064,171
BinniBusRA08,17.080804,-96.719091,172
BinniBusRA08,17.079735,-96.719212,173
BinniBusRA08,17.079381,-96.719252,174
BinniBusRA08,17.07923,-96.719311,175
BinniBusRA08,17.07914,-96.719359,176
BinniBusRA08,17.079053,-96.719408,177
BinniBusRA08,17.078945,-96.719389,178
BinniBusRA08,17.078912,-96.719335,179
BinniBusRA08,17.078886,-96.719323,180
BinniBusRA08,17.078598,-96.719352,181
BinniBusRA08,17.077753,-96.719444,182
BinniBusRA08,17.076945,-96.719527,183
BinniBusRA08,17.076697,-96.719578,184
BinniBusRA08,17.076484,-96.719613,185
BinniBusRA08,17.07612,-96.719648,186
BinniBusRA08,17.075861,-96.719677,187
BinniBusRA08,17.075594,-96.719712,188
BinniBusRA08,17.07542,-96.719717,189
BinniBusRA08,17.075063,-96.71964,190
BinniBusRA08,17.074753,-96.719527,191
BinniBusRA08,17.074681,-96.719519,192
BinniBusRA08,17.074615,-96.719554,193
BinniBusRA08,17.074484,-96.71957,194
BinniBusRA08,17.074425,-96.71954,195
BinniBusRA08,17.074358,-96.719503,196
BinniBusRA08,17.074317,-96.719457,197
BinniBusRA08,17.07392,-96.719489,198
BinniBusRA08,17.073266,-96.719535,199
BinniBusRA08,17.072848,-96.719564,200
BinniBusRA08,17.072294,-96.719621,201
BinniBusRA08,17.071661,-96.719672,202
BinniBusRA08,17.071099,-96.719758,203
BinniBusRA08,17.07014,-96.719865,204
BinniBusRA08,17.069666,-96.719924,205
BinniBusRA08,17.068892,-96.720063,206
BinniBusRA08,17.06802,-96.72023,207
BinniBusRA08,17.067158,-96.720423,208
BinniBusRA08,17.066592,-96.720552,209
BinniBusRA08,17.065938,-96.720702,210
BinniBusRA08,17.065258,-96.720857,211
BinniBusRA08,17.064766,-96.720967,212
BinniBusRA08,17.064202,-96.721085,213
BinniBusRA08,17.063735,-96.721163,214
BinniBusRA08,17.06294,-96.721313,215
BinniBusRA08,17.062264,-96.721461,216
BinniBusRA08,17.061257,-96.721663,217
BinniBusRA08,17.060388,-96.721859,218
BinniBusRA08,17.059456,-96.722082,219
BinniBusRA08,17.05851,-96.722291,220
BinniBusRA08,17.057559,-96.722519,221
BinniBusRA08,17.056685,-96.722648,222
BinniBusRA08,17.056823,-96.723348,223
BinniBusRA08,17.056882,-96.723643,224
BinniBusRA08,17.057049,-96.724364,225
BinniBusRA08,17.057141,-96.72482,226
BinniBusRA08,17.057228,-96.725319,227
BinniBusRA08,17.057256,-96.725486,228
BinniBusRA08,17.057333,-96.7259,229
BinniBusRA08,17.057409,-96.726288,230
BinniBusRA08,17.057433,-96.726438,231
BinniBusRA08,17.057424,-96.726501,232
BinniBusRA08,17.057214,-96.726546,233
BinniBusRA08,17.056868,-96.72663,234
BinniBusRA08,17.056617,-96.726697,235
BinniBusRA08,17.05645,-96.726734,236
BinniBusRA08,17.056047,-96.72682,237
BinniBusRA08,17.055524,-96.726931,238
BinniBusRA08,17.054911,-96.72706,239
BinniBusRA08,17.054523,-96.727131,240
BinniBusRA08,17.053945,-96.727249,241
BinniBusRA08,17.053596,-96.727324,242
BinniBusRA08,17.052966,-96.727468,243
BinniBusRA08,17.05256,-96.727551,244
BinniBusRA08,17.052237,-96.727618,245
BinniBusRA08,17.051818,-96.727713,246
BinniBusRA08,17.051714,-96.727737,247
BinniBusRA08,17.051286,-96.727839,248
BinniBusRA08,17.051016,-96.727904,249
BinniBusRA08,17.050784,-96.727961,250
BinniBusRA08,17.050701,-96.727987,251
BinniBusRA08,17.050542,-96.728089,252
BinniBusRA08,17.050461,-96.728168,253
BinniBusRA08,17.050414,-96.728208,254
BinniBusRA08,17.050303,-96.728342,255
BinniBusRA08,17.050197,-96.728695,256
BinniBusRA08,17.050082,-96.729086,257
BinniBusRA08,17.049942,-96.729446,258
BinniBusRA08,17.049817,-96.729825,259
BinniBusRA08,17.049712,-96.730202,260
BinniBusRA08,17.049646,-96.73042,261
BinniBusRA08,17.049629,-96.730507,262
BinniBusRA08,17.049562,-96.73081,263
BinniBusRA08,17.049421,-96.731137,264
BinniBusRA08,17.049266,-96.731307,265
BinniBusRA08,17.049138,-96.731393,266
BinniBusRA08,17.049047,-96.731439,267
BinniBusRA08,17.048956,-96.731467,268
BinniBusRA08,17.04886,-96.731487,269
BinniBusRA08,17.048583,-96.731471,270
BinniBusRA08,17.048385,-96.731437,271
BinniBusRA08,17.048197,-96.731406,272
BinniBusRA08,17.047358,-96.731272,273
BinniBusRA08,17.046853,-96.731187,274
BinniBusRA08,17.04643,-96.73112,275
BinniBusRA08,17.046004,-96.731047,276
BinniBusRA08,17.045522,-96.730948,277
BinniBusRA08,17.045381,-96.730886,278
BinniBusRA08,17.044945,-96.73072,279
BinniBusRA08,17.044142,-96.730379,280
BinniBusRA08,17.042953,-96.729851,281
BinniBusRA08,17.042427,-96.729615,282
BinniBusRA08,17.041888,-96.729432,283
BinniBusRA08,17.041509,-96.729341,284
BinniBusRA08,17.041034,-96.729255,285
BinniBusRA08,17.039978,-96.729046,286
BinniBusRA08,17.039214,-96.728918,287
BinniBusRA08,17.038711,-96.728826,288
BinniBusRA08,17.037654,-96.728649,289
BinniBusRA08,17.037147,-96.728569,290
BinniBusRA08,17.036803,-96.728553,291
BinniBusRA08,17.036703,-96.728563,292
BinniBusRA08,17.036636,-96.728569,293
BinniBusRA08,17.036567,-96.728557,294
BinniBusRA08,17.036536,-96.728533,295
BinniBusRA08,17.036463,-96.728512,296
BinniBusRA08,17.035413,-96.728616,297
BinniBusRA08,17.035067,-96.728658,298
BinniBusRA08,17.034769,-96.72871,299
BinniBusRA08,17.034559,-96.728742,300
BinniBusRA08,17.03431,-96.728785,301
BinniBusRA08,17.032874,-96.728954,302
BinniBusRA08,17.032715,-96.728972,303
BinniBusRA08,17.031815,-96.729074,304
BinniBusRA08,17.031099,-96.729166,305
BinniBusRA08,17.030881,-96.729195,306
BinniBusRA08,17.030563,-96.729259,307
BinniBusRA08,17.029912,-96.729356,308
BinniBusRA08,17.029394,-96.729402,309
BinniBusRA08,17.028966,-96.729431,310
BinniBusRA08,17.028319,-96.729512,311
BinniBusRA08,17.027547,-96.729608,312
BinniBusRA08,17.026955,-96.729686,313
BinniBusRA08,17.026652,-96.729726,314
BinniBusRA08,17.02578,-96.729809,315
BinniBusRA08,17.025226,-96.729868,316
BinniBusRA08,17.023793,-96.730056,317
BinniBusRA08,17.023459,-96.730096,318
BinniBusRA08,17.023369,-96.73012,319
BinniBusRA08,17.023316,-96.730171,320
BinniBusRA08,17.023284,-96.730297,321
BinniBusRA08,17.023242,-96.730445,322
BinniBusRA08,17.023208,-96.73052,323
BinniBusRA08,17.023182,-96.730568,324
BinniBusRA08,17.023173,-96.730622,325
BinniBusRA08,17.023192,-96.730747,326
BinniBusRA08,17.023203,-96.730853,327
BinniBusRA08,17.023232,-96.730924,328
BinniBusRA08,17.023276,-96.731086,329
BinniBusRA08,17.023371,-96.731406,330
BinniBusRA08,17.023419,-96.731585,331
BinniBusRA08,17.023505,-96.731844,332
BinniBusRA08,17.023575,-96.732041,333
BinniBusRA08,17.02378,-96.732644,334
BinniBusRA08,17.023909,-96.733045,335
BinniBusRA08,17.023976,-96.733242,336
BinniBusRA08,17.024012,-96.733351,337
BinniBusRA08,17.024171,-96.733776,338
BinniBusRA08,17.024289,-96.734099,339
BinniBusRA08,17.02458,-96.734904,340
BinniBusRA08,17.024686,-96.735199,341
BinniBusRA08,17.024727,-96.735306,342
BinniBusRA08,17.024731,-96.73543,343
BinniBusRA08,17.024706,-96.735521,344
BinniBusRA08,17.024681,-96.735615,345
BinniBusRA08,17.024553,-96.735925,346
BinniBusRA08,17.02447,-96.736157,347
BinniBusRA08,17.024361,-96.736418,348
BinniBusRA08,17.024016,-96.737263,349
BinniBusRA08,17.023837,-96.737716,350
BinniBusRA08,17.023673,-96.738166,351
BinniBusRA08,17.023567,-96.738438,352
BinniBusRA08,17.023441,-96.738774,353
BinniBusRA08,17.02333,-96.739045,354
BinniBusRA08,17.023219,-96.739334,355
BinniBusRA08,17.023022,-96.739806,356
BinniBusRA08,17.022944,-96.739992,357
BinniBusRA08,17.022853,-96.74022,358
BinniBusRA08,17.022552,-96.741009,359
BinniBusRA08,17.022477,-96.741186,360
BinniBusRA08,17.022423,-96.741316,361
BinniBusRA08,17.022349,-96.741506,362
BinniBusRA08,17.022205,-96.741903,363
BinniBusRA08,17.021805,-96.742948,364
BinniBusRA08,17.021534,-96.743613,365
BinniBusRA08,17.021155,-96.744586,366
BinniBusRA08,17.020836,-96.745418,367
BinniBusRA08,17.020503,-96.746242,368
BinniBusRA08,17.020415,-96.746467,369
BinniBusRA08,17.02019,-96.747044,370
BinniBusRA08,17.020076,-96.747294,371
BinniBusRA08,17.019848,-96.747902,372
BinniBusRA08,17.019633,-96.748461,373
BinniBusRA08,17.01953,-96.748711,374
BinniBusRA08,17.019402,-96.749016,375
BinniBusRA08,17.019267,-96.749321,376
BinniBusRA08,17.019172,-96.749511,377
BinniBusRA08,17.018839,-96.750127,378
BinniBusRA08,17.018423,-96.750823,379
BinniBusRA08,17.018273,-96.751092,380
BinniBusRA08,17.017891,-96.751713,381
BinniBusRA08,17.017504,-96.752349,382
BinniBusRA08,17.017023,-96.753151,383
BinniBusRA08,17.016346,-96.754294,384
BinniBusRA08,17.015971,-96.754881,385
BinniBusRA08,17.015788,-96.755203,386
BinniBusRA08,17.015671,-96.755333,387
BinniBusRA08,17.015614,-96.755432,388
BinniBusRA08,17.015297,-96.755962,389
BinniBusRA08,17.015161,-96.756197,390
BinniBusRA08,17.015119,-96.756222,391
BinniBusRA08,17.015044,-96.756201,392
BinniBusRA08,17.014956,-96.756159,393
BinniBusRA08,17.014825,-96.756111,394
BinniBusRA08,17.014722,-96.756094,395
BinniBusRA08,17.014462,-96.756057,396
BinniBusRA08,17.014249,-96.756005,397
BinniBusRA08,17.014172,-96.755972,398
BinniBusRA08,17.014052,-96.755875,399
BinniBusRA08,17.013784,-96.755627,400
BinniBusRA08,17.0134,-96.755275,401
BinniBusRA08,17.013285,-96.755155,402
BinniBusRA08,17.013249,-96.755148,403
BinniBusRA08,17.012985,-96.755222,404
BinniBusRA08,17.012502,-96.755376,405
BinniBusRA08,17.012156,-96.755481,406
BinniBusRA08,17.011934,-96.755549,407
BinniBusRA08,17.011832,-96.755577,408
BinniBusRA08,17.011611,-96.755628,409
BinniBusRA08,17.01135,-96.755706,410
BinniBusRA08,17.011135,-96.755761,411
BinniBusRA08,17.010971,-96.755817,412
BinniBusRA08,17.010431,-96.755963,413
BinniBusRA08,17.009948,-96.756103,414
BinniBusRA08,17.009449,-96.756253,415
BinniBusRA08,17.009295,-96.7563,416
BinniBusRA08,17.00924,-96.756318,417
BinniBusRA08,17.009267,-96.756509,418
BinniBusRA08,17.009262,-96.756552,419
BinniBusRA08,17.009137,-96.756618,420
BinniBusRA08,17.009082,-96.756639,421
BinniBusRA08,17.008805,-96.75671,422
BinniBusRA08,17.008415,-96.756814,423
BinniBusRA08,17.008073,-96.756902,424
BinniBusRA08,17.007696,-96.756996,425
BinniBusRA08,17.007511,-96.757051,426
BinniBusRA08,17.007319,-96.757111,427
BinniBusRA08,17.007278,-96.757091,428
BinniBusRA08,17.007242,-96.756768,429
BinniBusRA08,17.007176,-96.756421,430
BinniBusRA08,17.007097,-96.756038,431
BinniBusRA08,17.006985,-96.755585,432
BinniBusRA08,17.006874,-96.75503,433
BinniBusRA08,17.006767,-96.754408,434
BinniBusRA08,17.006753,-96.754398,435
BinniBusRA08,17.00661,-96.754428,436
BinniBusRA08,17.0061,-96.754519,437
BinniBusRA08,17.005724,-96.754598,438
BinniBusRA08,17.005245,-96.754701,439
BinniBusRA08,17.004821,-96.754815,440
BinniBusRA08,17.004428,-96.754932,441
BinniBusRA08,17.004197,-96.755003,442
BinniBusRA08,17.003792,-96.755096,443
BinniBusRA08,17.003685,-96.754781,444
BinniBusRA08,17.00369,-96.754396,445
BinniBusRA08,17.003753,-96.754005,446
BinniBusRA08,17.003722,-96.753754,447
BinniBusRA08,17.003634,-96.753439,448
BinniBusRA08,17.003569,-96.753353,449
BinniBusRA08,17.003373,-96.753136,450
BinniBusRA08,17.00327,-96.752945,451
BinniBusRA08,17.004393,-96.752625,452
BinniBusRA08,17.004393,-96.752625,453
BinniBusRA08,17.00327,-96.752945,454
BinniBusRA08,17.00333,-96.753083,455
BinniBusRA08,17.003634,-96.753439,456
BinniBusRA08,17.003704,-96.753632,457
BinniBusRA08,17.003745,-96.753837,458
BinniBusRA08,17.003754,-96.753945,459
BinniBusRA08,17.003742,-96.754058,460
BinniBusRA08,17.003689,-96.754365,461
BinniBusRA08,17.003685,-96.754781,462
BinniBusRA08,17.003774,-96.755075,463
BinniBusRA08,17.004122,-96.754986,464
BinniBusRA08,17.004629,-96.754827,465
BinniBusRA08,17.004973,-96.754732,466
BinniBusRA08,17.005287,-96.75465,467
BinniBusRA08,17.005813,-96.754543,468
BinniBusRA08,17.006792,-96.754344,469
BinniBusRA08,17.006841,-96.75462,470
BinniBusRA08,17.006939,-96.755172,471
BinniBusRA08,17.006986,-96.755414,472
BinniBusRA08,17.007149,-96.756102,473
BinniBusRA08,17.007232,-96.756484,474
BinniBusRA08,17.007279,-96.756738,475
BinniBusRA08,17.007313,-96.757049,476
BinniBusRA08,17.007323,-96.757065,477
BinniBusRA08,17.007632,-96.756973,478
BinniBusRA08,17.007996,-96.75687,479
BinniBusRA08,17.008431,-96.756764,480
BinniBusRA08,17.008608,-96.756724,481
BinniBusRA08,17.008972,-96.756621,482
BinniBusRA08,17.009144,-96.756576,483
BinniBusRA08,17.009225,-96.756532,484
BinniBusRA08,17.009234,-96.756499,485
BinniBusRA08,17.009197,-96.756296,486
BinniBusRA08,17.009242,-96.756272,487
BinniBusRA08,17.010168,-96.755998,488
BinniBusRA08,17.010514,-96.755894,489
BinniBusRA08,17.01085,-96.755808,490
BinniBusRA08,17.010963,-96.755776,491
BinniBusRA08,17.011521,-96.755606,492
BinniBusRA08,17.011966,-96.755494,493
BinniBusRA08,17.012293,-96.755398,494
BinniBusRA08,17.012382,-96.755367,495
BinniBusRA08,17.012847,-96.755225,496
BinniBusRA08,17.013274,-96.755101,497
BinniBusRA08,17.013362,-96.755178,498
BinniBusRA08,17.013974,-96.755746,499
BinniBusRA08,17.014218,-96.755942,500
BinniBusRA08,17.014271,-96.755964,501
BinniBusRA08,17.014377,-96.755996,502
BinniBusRA08,17.014493,-96.756019,503
BinniBusRA08,17.014706,-96.756045,504
BinniBusRA08,17.014784,-96.756057,505
BinniBusRA08,17.01496,-96.756112,506
BinniBusRA08,17.015092,-96.756167,507
BinniBusRA08,17.015113,-96.756169,508
BinniBusRA08,17.015608,-96.755322,509
BinniBusRA08,17.015649,-96.755188,510
BinniBusRA08,17.015962,-96.754673,511
BinniBusRA08,17.016405,-96.753925,512
BinniBusRA08,17.016643,-96.75353,513
BinniBusRA08,17.017258,-96.752512,514
BinniBusRA08,17.017686,-96.751806,515
BinniBusRA08,17.018122,-96.751082,516
BinniBusRA08,17.018798,-96.749926,517
BinniBusRA08,17.019057,-96.749439,518
BinniBusRA08,17.019211,-96.749136,519
BinniBusRA08,17.019466,-96.748507,520
BinniBusRA08,17.019733,-96.747828,521
BinniBusRA08,17.019961,-96.747252,522
BinniBusRA08,17.020051,-96.74703,523
BinniBusRA08,17.020606,-96.745629,524
BinniBusRA08,17.021448,-96.743497,525
BinniBusRA08,17.021568,-96.743183,526
BinniBusRA08,17.02204,-96.741954,527
BinniBusRA08,17.022241,-96.741427,528
BinniBusRA08,17.022504,-96.74077,529
BinniBusRA08,17.02287,-96.739827,530
BinniBusRA08,17.023186,-96.739051,531
BinniBusRA08,17.023492,-96.738248,532
BinniBusRA08,17.023715,-96.737655,533
BinniBusRA08,17.023837,-96.737352,534
BinniBusRA08,17.024032,-96.736858,535
BinniBusRA08,17.024325,-96.736162,536
BinniBusRA08,17.02457,-96.735612,537
BinniBusRA08,17.024607,-96.735489,538
BinniBusRA08,17.024632,-96.735382,539
BinniBusRA08,17.024638,-96.735298,540
BinniBusRA08,17.024632,-96.735209,541
BinniBusRA08,17.024521,-96.734917,542
BinniBusRA08,17.024379,-96.734522,543
BinniBusRA08,17.024031,-96.733566,544
BinniBusRA08,17.023884,-96.733106,545
BinniBusRA08,17.023608,-96.732314,546
BinniBusRA08,17.02349,-96.732003,547
BinniBusRA08,17.023248,-96.731179,548
BinniBusRA08,17.023147,-96.730842,549
BinniBusRA08,17.023146,-96.730725,550
BinniBusRA08,17.02311,-96.730524,551
BinniBusRA08,17.023078,-96.730338,552
BinniBusRA08,17.023082,-96.730206,553
BinniBusRA08,17.023115,-96.730153,554
BinniBusRA08,17.02311,-96.73011,555
BinniBusRA08,17.023092,-96.730013,556
BinniBusRA08,17.023115,-96.729962,557
BinniBusRA08,17.023154,-96.729917,558
BinniBusRA08,17.023218,-96.729901,559
BinniBusRA08,17.023288,-96.729913,560
BinniBusRA08,17.023355,-96.729946,561
BinniBusRA08,17.023573,-96.729898,562
BinniBusRA08,17.024186,-96.729788,563
BinniBusRA08,17.025066,-96.729673,564
BinniBusRA08,17.026158,-96.729552,565
BinniBusRA08,17.027202,-96.729437,566
BinniBusRA08,17.028343,-96.729286,567
BinniBusRA08,17.028982,-96.72919,568
BinniBusRA08,17.029361,-96.729174,569
BinniBusRA08,17.030462,-96.729032,570
BinniBusRA08,17.031344,-96.728919,571
BinniBusRA08,17.032021,-96.728833,572
BinniBusRA08,17.032744,-96.728745,573
BinniBusRA08,17.033639,-96.728605,574
BinniBusRA08,17.034542,-96.728482,575
BinniBusRA08,17.035288,-96.728431,576
BinniBusRA08,17.035891,-96.728356,577
BinniBusRA08,17.036358,-96.72831,578
BinniBusRA08,17.036483,-96.728334,579
BinniBusRA08,17.036544,-96.728318,580
BinniBusRA08,17.036604,-96.728287,581
BinniBusRA08,17.036697,-96.728286,582
BinniBusRA08,17.036755,-96.728314,583
BinniBusRA08,17.036807,-96.728352,584
BinniBusRA08,17.0369,-96.728338,585
BinniBusRA08,17.037075,-96.728346,586
BinniBusRA08,17.037333,-96.728378,587
BinniBusRA08,17.037608,-96.72842,588
BinniBusRA08,17.038014,-96.728487,589
BinniBusRA08,17.038401,-96.728555,590
BinniBusRA08,17.038563,-96.728587,591
BinniBusRA08,17.038822,-96.728644,592
BinniBusRA08,17.038968,-96.728674,593
BinniBusRA08,17.040463,-96.728932,594
BinniBusRA08,17.041361,-96.729088,595
BinniBusRA08,17.041712,-96.729152,596
BinniBusRA08,17.042112,-96.729281,597
BinniBusRA08,17.042597,-96.729476,598
BinniBusRA08,17.043079,-96.729686,599
BinniBusRA08,17.044317,-96.730219,600
BinniBusRA08,17.045389,-96.730654,601
BinniBusRA08,17.045748,-96.730777,602
BinniBusRA08,17.046102,-96.730855,603
BinniBusRA08,17.046636,-96.730906,604
BinniBusRA08,17.04719,-96.731008,605
BinniBusRA08,17.048025,-96.731158,606
BinniBusRA08,17.048508,-96.731257,607
BinniBusRA08,17.048738,-96.731268,608
BinniBusRA08,17.048936,-96.731263,609
BinniBusRA08,17.049082,-96.73122,610
BinniBusRA08,17.049215,-96.731134,611
BinniBusRA08,17.049341,-96.731,612
BinniBusRA08,17.049451,-96.730826,613
BinniBusRA08,17.049526,-96.730434,614
BinniBusRA08,17.049718,-96.729841,615
BinniBusRA08,17.049905,-96.729169,616
BinniBusRA08,17.050017,-96.728772,617
BinniBusRA08,17.050139,-96.728728,618
BinniBusRA08,17.050226,-96.728669,619
BinniBusRA08,17.05039,-96.728597,620
BinniBusRA08,17.050751,-96.728514,621
BinniBusRA08,17.050972,-96.728462,622
BinniBusRA08,17.051013,-96.728462,623
BinniBusRA08,17.051151,-96.728594,624
BinniBusRA08,17.051223,-96.728673,625
BinniBusRA08,17.051291,-96.728733,626
BinniBusRA08,17.051352,-96.72878,627
BinniBusRA08,17.05148,-96.728838,628
BinniBusRA08,17.051742,-96.728946,629
BinniBusRA08,17.051943,-96.729039,630
BinniBusRA08,17.052079,-96.729072,631
BinniBusRA08,17.052279,-96.729113,632
BinniBusRA08,17.052546,-96.729196,633
BinniBusRA08,17.053323,-96.729434,634
BinniBusRA08,17.053977,-96.72963,635
BinniBusRA08,17.054384,-96.729746,636
BinniBusRA08,17.054827,-96.729889,637
BinniBusRA08,17.055056,-96.729962,638
BinniBusRA08,17.055237,-96.730011,639
BinniBusRA08,17.055355,-96.729958,640
BinniBusRA08,17.05556,-96.729896,641
BinniBusRA08,17.056099,-96.729786,642
BinniBusRA08,17.056627,-96.729666,643
BinniBusRA08,17.057028,-96.729577,644
BinniBusRA08,17.057409,-96.72951,645
BinniBusRA08,17.058012,-96.72941,646
BinniBusRA08,17.05836,-96.729338,647
BinniBusRA08,17.058927,-96.729209,648
BinniBusRA08,17.059597,-96.729075,649
BinniBusRA08,17.059904,-96.729008,650
BinniBusRA08,17.060822,-96.728812,651
BinniBusRA08,17.061423,-96.728657,652
BinniBusRA08,17.061738,-96.7286,653
BinniBusRA08,17.06221,-96.72856,654
BinniBusRA08,17.062654,-96.728437,655
BinniBusRA08,17.063118,-96.728284,656
BinniBusRA08,17.0636,-96.728198,657
BinniBusRA08,17.064516,-96.728061,658
BinniBusRA08,17.064864,-96.728013,659
BinniBusRA08,17.065423,-96.72789,660
BinniBusRA08,17.066316,-96.727715,661
BinniBusRA08,17.06718,-96.727554,662
BinniBusRA08,17.067741,-96.727474,663
BinniBusRA08,17.067813,-96.727474,664
BinniBusRA08,17.0684,-96.72753,665
BinniBusRA08,17.068564,-96.727572,666
BinniBusRA08,17.069019,-96.727608,667
BinniBusRA08,17.069304,-96.727635,668
BinniBusRA08,17.069569,-96.727667,669
BinniBusRA08,17.069958,-96.72761,670
BinniBusRA08,17.070285,-96.72757,671
BinniBusRA08,17.070365,-96.727548,672
BinniBusRA08,17.070928,-96.727396,673
BinniBusRA08,17.071441,-96.72732,674
BinniBusRA08,17.071931,-96.72722,675
BinniBusRA08,17.072531,-96.727113,676
BinniBusRA08,17.072894,-96.727058,677
BinniBusRA08,17.072978,-96.727035,678
BinniBusRA08,17.073068,-96.726983,679
BinniBusRA08,17.073136,-96.726927,680
BinniBusRA08,17.073154,-96.726894,681
BinniBusRA08,17.07316,-96.726873,682
BinniBusRA08,17.073045,-96.726476,683
BinniBusRA08,17.072874,-96.725985,684
BinniBusRA08,17.072781,-96.725733,685
BinniBusRA08,17.07266,-96.725375,686
BinniBusRA08,17.07258,-96.725138,687
BinniBusRA08,17.072449,-96.724471,688
BinniBusRA08,17.072358,-96.72376,689
BinniBusRA08,17.072306,-96.723452,690
BinniBusRA08,17.072142,-96.722501,691
BinniBusRA08,17.072043,-96.721922,692
BinniBusRA08,17.071984,-96.721651,693
BinniBusRA08,17.071863,-96.721147,694
BinniBusRA08,17.071727,-96.72057,695
BinniBusRA08,17.071758,-96.720278,696
BinniBusRA08,17.07173,-96.720155,697
BinniBusRA08,17.071609,-96.719693,698
BinniBusRA08,17.071576,-96.719414,699
BinniBusRA08,17.07145,-96.718835,700
BinniBusRA08,17.071386,-96.718564,701
BinniBusRA08,17.071668,-96.718478,702
BinniBusRA08,17.071758,-96.71843,703
BinniBusRA08,17.071873,-96.718317,704
BinniBusRA08,17.072158,-96.718041,705
BinniBusRA08,17.072657,-96.71773,706
BinniBusRA08,17.072948,-96.71757,707
BinniBusRA08,17.073028,-96.717534,708
BinniBusRA08,17.073152,-96.717494,709
BinniBusRA08,17.073563,-96.717443,710
BinniBusRA08,17.073959,-96.717407,711
BinniBusRA08,17.074192,-96.717386,712
BinniBusRA08,17.074658,-96.717337,713
BinniBusRA08,17.074832,-96.717322,714
BinniBusRA08,17.075664,-96.717189,715
BinniBusRA08,17.076194,-96.717104,716
BinniBusRA08,17.076701,-96.71702,717
BinniBusRA08,17.077046,-96.716971,718
BinniBusRA08,17.077626,-96.716885,719
BinniBusRA08,17.078815,-96.71674,720
BinniBusRA08,17.079761,-96.716654,721
BinniBusRA08,17.079902,-96.71663,722
BinniBusRA08,17.08099,-96.716469,723
BinniBusRA08,17.08202,-96.716378,724
BinniBusRA08,17.082143,-96.716431,725
BinniBusRA08,17.082433,-96.716383,726
BinniBusRA08,17.082489,-96.716874,727
BinniBusRA08,17.082594,-96.717633,728
BinniBusRA08,17.082761,-96.7188,729
BinniBusRA08,17.08281,-96.718888,730
BinniBusRA08,17.082933,-96.718931,731
BinniBusRA08,17.083074,-96.718977,732
BinniBusRA08,17.083328,-96.71888,733
BinniBusRA08,17.083494,-96.718867,734
BinniBusRA08,17.083876,-96.718754,735
BinniBusRA08,17.084451,-96.718556,736
BinniBusRA08,17.08453,-96.718578,737
BinniBusRA08,17.084807,-96.718483,738
BinniBusRA08,17.08548,-96.718266,739
BinniBusRA08,17.085879,-96.718137,740
BinniBusRA08,17.086593,-96.717913,741
BinniBusRA08,17.086623,-96.717905,742
BinniBusRA08,17.088005,-96.717457,743
BinniBusRA08,17.088872,-96.717173,744
BinniBusRA08,17.088862,-96.717007,745
BinniBusRA08,17.088872,-96.71691,746
BinniBusRA08,17.088605,-96.716454,747
BinniBusRA08,17.088005,-96.715389,748
BinniBusRA08,17.087826,-96.715092,749
BinniBusRA08,17.087687,-96.714856,750
BinniBusRA08,17.087541,-96.714595,751
BinniBusRA08,17.0875,-96.714539,752
BinniBusRA08,17.087415,-96.714494,753
BinniBusRA08,17.087336,-96.714461,754
BinniBusRA08,17.087149,-96.714056,755
BinniBusRA08,17.086924,-96.713639,756
BinniBusRA08,17.086737,-96.713291,757
BinniBusRA08,17.086552,-96.712898,758
BinniBusRA08,17.086462,-96.712589,759
BinniBusRA08,17.086373,-96.712298,760
BinniBusRA08,17.086336,-96.712236,761
BinniBusRA08,17.086294,-96.712216,762
BinniBusRA08,17.086241,-96.712203,763
BinniBusRA08,17.086178,-96.71218,764
BinniBusRA08,17.086117,-96.712129,765
BinniBusRA08,17.086067,-96.712057,766
BinniBusRA08,17.086059,-96.711964,767
BinniBusRA08,17.086073,-96.711892,768
BinniBusRA08,17.08611,-96.711821,769
BinniBusRA08,17.086194,-96.711763,770
BinniBusRA08,17.086265,-96.711746,771
BinniBusRA08,17.08632,-96.711747,772
BinniBusRA08,17.086396,-96.711774,773
BinniBusRA08,17.086449,-96.71179,774
BinniBusRA08,17.086809,-96.711566,775
BinniBusRA08,17.087233,-96.711304,776
BinniBusRA08,17.087824,-96.710974,777
BinniBusRA08,17.088402,-96.710635,778
BinniBusRA08,17.088663,-96.710485,779
BinniBusRA08,17.088732,-96.710435,780
BinniBusRA08,17.088973,-96.710221,781
BinniBusRA08,17.089029,-96.710159,782
BinniBusRA08,17.089277,-96.709942,783
BinniBusRA08,17.08938,-96.709879,784
BinniBusRA08,17.089478,-96.709861,785
BinniBusRA08,17.089936,-96.709619,786
BinniBusRA08,17.090632,-96.709293,787
BinniBusRA08,17.091276,-96.708974,788
BinniBusRA08,17.091632,-96.708799,789
BinniBusRA08,17.092437,-96.708362,790
BinniBusRA08,17.092758,-96.708209,791
BinniBusRA08,17.093291,-96.707901,792
BinniBusRA08,17.093604,-96.70775,793
BinniBusRA08,17.094083,-96.707493,794
BinniBusRA08,17.094757,-96.707136,795
BinniBusRA08,17.094501,-96.706643,796
BinniBusRA08,17.094665,-96.706536,797
BinniBusRA08,17.094944,-96.706401,798
BinniBusRA08,17.095221,-96.706334,799
BinniBusRA08,17.09538,-96.70634,800
BinniBusRA08,17.095552,-96.706409,801
BinniBusRA08,17.095801,-96.706562,802
BinniBusRA08,17.096083,-96.706723,803
BinniBusRA08,17.096465,-96.706935,804
BinniBusRA08,17.096534,-96.706951,805
BinniBusRA08,17.096567,-96.706919,806
BinniBusRA08,17.09656,-96.706868,807
BinniBusRA08,17.096416,-96.70664,808
BinniBusRA08,17.096275,-96.706426,809
BinniBusRA08,17.096252,-96.706297,810
BinniBusRA08,17.09627,-96.705835,811
BinniBusRA08,17.096285,-96.705449,812
BinniBusRA08,17.096467,-96.705363,813
BinniBusRA08,17.096893,-96.705146,814
BinniBusRA08,17.097282,-96.704915,815
BinniBusRA08,17.097595,-96.704768,816
BinniBusRA08,17.098049,-96.704553,817
BinniBusRA08,17.098457,-96.70436,818
BinniBusRA08,17.098742,-96.704221,819
BinniBusRA08,17.098841,-96.704174,820
BinniBusRA08,17.099142,-96.704114,821
BinniBusRA08,17.09948,-96.70403,822
BinniBusRA08,17.099563,-96.70402,823
BinniBusRA08,17.09962,-96.704017,824
BinniBusRA08,17.099685,-96.704045,825
BinniBusRA08,17.099717,-96.70406,826
BinniBusRA08,17.100021,-96.703975,827
BinniBusRA08,17.100222,-96.703916,828
BinniBusRA08,17.10048,-96.70378,829
BinniBusRA08,17.100567,-96.703704,830
BinniBusRA08,17.100769,-96.70351,831
BinniBusRA08,17.100869,-96.703424,832
BinniBusRA08,17.101013,-96.703349,833
BinniBusRA08,17.101085,-96.703346,834
BinniBusRA08,17.102254,-96.703199,835
BinniBusRA08,17.103662,-96.703018,836
BinniBusRA08,17.103648,-96.702888,837
BinniBusRA08,17.103502,-96.70221,838
BinniBusRA08,17.103498,-96.702122,839
BinniBusRA08,17.103417,-96.701256,840
BinniBusRA08,17.104606,-96.701128,841
BinniBusRA08,17.105346,-96.701043,842
BinniBusRA08,17.10616,-96.700938,843
BinniBusRA08,17.106818,-96.700883,844
BinniBusRA08,17.1072,-96.700761,845
BinniBusRA08,17.107607,-96.700616,846
BinniBusRA08,17.107886,-96.700524,847
BinniBusRA08,17.108224,-96.700403,848
BinniBusRA08,17.108491,-96.700301,849
BinniBusRA09,17.064344,-96.760926,1
BinniBusRA09,17.064459,-96.761055,2
BinniBusRA09,17.0647,-96.761074,3
BinniBusRA09,17.064744,-96.761125,4
BinniBusRA09,17.064959,-96.761211,5
BinniBusRA09,17.06521,-96.761291,6
BinniBusRA09,17.065583,-96.76141,7
BinniBusRA09,17.065764,-96.761461,8
BinniBusRA09,17.066005,-96.761534,9
BinniBusRA09,17.06609,-96.761567,10
BinniBusRA09,17.066151,-96.761599,11
BinniBusRA09,17.066688,-96.761507,12
BinniBusRA09,17.066842,-96.761488,13
BinniBusRA09,17.06716,-96.761442,14
BinniBusRA09,17.067476,-96.761399,15
BinniBusRA09,17.06765,-96.76136,16
BinniBusRA09,17.067831,-96.761327,17
BinniBusRA09,17.06786,-96.761387,18
BinniBusRA09,17.067881,-96.761457,19
BinniBusRA09,17.068135,-96.761673,20
BinniBusRA09,17.068899,-96.76233,21
BinniBusRA09,17.069337,-96.762712,22
BinniBusRA09,17.069778,-96.763088,23
BinniBusRA09,17.069919,-96.763203,24
BinniBusRA09,17.069973,-96.76323,25
BinniBusRA09,17.070022,-96.763224,26
BinniBusRA09,17.070935,-96.763055,27
BinniBusRA09,17.071883,-96.762857,28
BinniBusRA09,17.072827,-96.762685,29
BinniBusRA09,17.073242,-96.762605,30
BinniBusRA09,17.073401,-96.762538,31
BinniBusRA09,17.073559,-96.762496,32
BinniBusRA09,17.073498,-96.762111,33
BinniBusRA09,17.073415,-96.761536,34
BinniBusRA09,17.073345,-96.76104,35
BinniBusRA09,17.073288,-96.7605,36
BinniBusRA09,17.073212,-96.759888,37
BinniBusRA09,17.073176,-96.759456,38
BinniBusRA09,17.073184,-96.758777,39
BinniBusRA09,17.073284,-96.758014,40
BinniBusRA09,17.073316,-96.757856,41
BinniBusRA09,17.073368,-96.75768,42
BinniBusRA09,17.073439,-96.757545,43
BinniBusRA09,17.073597,-96.757357,44
BinniBusRA09,17.073727,-96.75721,45
BinniBusRA09,17.073892,-96.757026,46
BinniBusRA09,17.074114,-96.756851,47
BinniBusRA09,17.074493,-96.756535,48
BinniBusRA09,17.074622,-96.756392,49
BinniBusRA09,17.074752,-96.75621,50
BinniBusRA09,17.074827,-96.755969,51
BinniBusRA09,17.074905,-96.755307,52
BinniBusRA09,17.074951,-96.754939,53
BinniBusRA09,17.074987,-96.754727,54
BinniBusRA09,17.075009,-96.754603,55
BinniBusRA09,17.075096,-96.754311,56
BinniBusRA09,17.075139,-96.754189,57
BinniBusRA09,17.075237,-96.753934,58
BinniBusRA09,17.075404,-96.753583,59
BinniBusRA09,17.075811,-96.752711,60
BinniBusRA09,17.076243,-96.751825,61
BinniBusRA09,17.076978,-96.750197,62
BinniBusRA09,17.077321,-96.749475,63
BinniBusRA09,17.077921,-96.748183,64
BinniBusRA09,17.078421,-96.747102,65
BinniBusRA09,17.078511,-96.746876,66
BinniBusRA09,17.078573,-96.746664,67
BinniBusRA09,17.078801,-96.746187,68
BinniBusRA09,17.079298,-96.745107,69
BinniBusRA09,17.079716,-96.744246,70
BinniBusRA09,17.080039,-96.743565,71
BinniBusRA09,17.080077,-96.743458,72
BinniBusRA09,17.079859,-96.743358,73
BinniBusRA09,17.0794,-96.74312,74
BinniBusRA09,17.079052,-96.742913,75
BinniBusRA09,17.078936,-96.742921,76
BinniBusRA09,17.078364,-96.742567,77
BinniBusRA09,17.077352,-96.741998,78
BinniBusRA09,17.07619,-96.741334,79
BinniBusRA09,17.076072,-96.741264,80
BinniBusRA09,17.075872,-96.741237,81
BinniBusRA09,17.075718,-96.741135,82
BinniBusRA09,17.07552,-96.740918,83
BinniBusRA09,17.075462,-96.740827,84
BinniBusRA09,17.073421,-96.73937,85
BinniBusRA09,17.07235,-96.738553,86
BinniBusRA09,17.072132,-96.738416,87
BinniBusRA09,17.071732,-96.73821,88
BinniBusRA09,17.071126,-96.737927,89
BinniBusRA09,17.070505,-96.737686,90
BinniBusRA09,17.069998,-96.737503,91
BinniBusRA09,17.069362,-96.737224,92
BinniBusRA09,17.06888,-96.736935,93
BinniBusRA09,17.06771,-96.736243,94
BinniBusRA09,17.06709,-96.735846,95
BinniBusRA09,17.066294,-96.735348,96
BinniBusRA09,17.065771,-96.734999,97
BinniBusRA09,17.065186,-96.734624,98
BinniBusRA09,17.064489,-96.734034,99
BinniBusRA09,17.06435,-96.733871,100
BinniBusRA09,17.063827,-96.733276,101
BinniBusRA09,17.063565,-96.73283,102
BinniBusRA09,17.06337,-96.732106,103
BinniBusRA09,17.063298,-96.731489,104
BinniBusRA09,17.063057,-96.73032,105
BinniBusRA09,17.062668,-96.728421,106
BinniBusRA09,17.063587,-96.728208,107
BinniBusRA09,17.064506,-96.728077,108
BinniBusRA09,17.065455,-96.727873,109
BinniBusRA09,17.066629,-96.727661,110
BinniBusRA09,17.067014,-96.727583,111
BinniBusRA09,17.067463,-96.727511,112
BinniBusRA09,17.067783,-96.727476,113
BinniBusRA09,17.068236,-96.727518,114
BinniBusRA09,17.068446,-96.727528,115
BinniBusRA09,17.068623,-96.727585,116
BinniBusRA09,17.06918,-96.727622,117
BinniBusRA09,17.069336,-96.727641,118
BinniBusRA09,17.069562,-96.727665,119
BinniBusRA09,17.070175,-96.727596,120
BinniBusRA09,17.070313,-96.727561,121
BinniBusRA09,17.070844,-96.727421,122
BinniBusRA09,17.070928,-96.727408,123
BinniBusRA09,17.071305,-96.727349,124
BinniBusRA09,17.072149,-96.72718,125
BinniBusRA09,17.072487,-96.727121,126
BinniBusRA09,17.072977,-96.727038,127
BinniBusRA09,17.073169,-96.726904,128
BinniBusRA09,17.07311,-96.726643,129
BinniBusRA09,17.072908,-96.726056,130
BinniBusRA09,17.072782,-96.725726,131
BinniBusRA09,17.072593,-96.725177,132
BinniBusRA09,17.072512,-96.724796,133
BinniBusRA09,17.072362,-96.723745,134
BinniBusRA09,17.072121,-96.722426,135
BinniBusRA09,17.072008,-96.72183,136
BinniBusRA09,17.071856,-96.721101,137
BinniBusRA09,17.071741,-96.72058,138
BinniBusRA09,17.071736,-96.720336,139
BinniBusRA09,17.071759,-96.7202,140
BinniBusRA09,17.071623,-96.719711,141
BinniBusRA09,17.071497,-96.719017,142
BinniBusRA09,17.071377,-96.71852,143
BinniBusRA09,17.071277,-96.718062,144
BinniBusRA09,17.071082,-96.717697,145
BinniBusRA09,17.070785,-96.716415,146
BinniBusRA09,17.070641,-96.715951,147
BinniBusRA09,17.070538,-96.715465,148
BinniBusRA09,17.070444,-96.71493,149
BinniBusRA09,17.070593,-96.71469,150
BinniBusRA09,17.070566,-96.714424,151
BinniBusRA09,17.070498,-96.713668,152
BinniBusRA09,17.070415,-96.713578,153
BinniBusRA09,17.070365,-96.713474,154
BinniBusRA09,17.070364,-96.713193,155
BinniBusRA09,17.0703,-96.712532,156
BinniBusRA09,17.070195,-96.711964,157
BinniBusRA09,17.070154,-96.711755,158
BinniBusRA09,17.070149,-96.711568,159
BinniBusRA09,17.069921,-96.709092,160
BinniBusRA09,17.069741,-96.706758,161
BinniBusRA09,17.069567,-96.704838,162
BinniBusRA09,17.069449,-96.703524,163
BinniBusRA09,17.069244,-96.701397,164
BinniBusRA09,17.069118,-96.699848,165
BinniBusRA09,17.068811,-96.695939,166
BinniBusRA09,17.069772,-96.695765,167
BinniBusRA09,17.070827,-96.695585,168
BinniBusRA09,17.071063,-96.695558,169
BinniBusRA09,17.071319,-96.695461,170
BinniBusRA09,17.072042,-96.695343,171
BinniBusRA09,17.07286,-96.695267,172
BinniBusRA09,17.073347,-96.695245,173
BinniBusRA09,17.073819,-96.695202,174
BinniBusRA09,17.07426,-96.695132,175
BinniBusRA09,17.075039,-96.695074,176
BinniBusRA09,17.075443,-96.69502,177
BinniBusRA09,17.075935,-96.69494,178
BinniBusRA09,17.076271,-96.694905,179
BinniBusRA09,17.077264,-96.694779,180
BinniBusRA09,17.078051,-96.694693,181
BinniBusRA09,17.078328,-96.694594,182
BinniBusRA09,17.079002,-96.694183,183
BinniBusRA09,17.079832,-96.693438,184
BinniBusRA09,17.080874,-96.692547,185
BinniBusRA09,17.083622,-96.690273,186
BinniBusRA09,17.084647,-96.689426,187
BinniBusRA09,17.085806,-96.688473,188
BinniBusRA09,17.088163,-96.686501,189
BinniBusRA09,17.088625,-96.686126,190
BinniBusRA09,17.089117,-96.685846,191
BinniBusRA09,17.089476,-96.685745,192
BinniBusRA09,17.089834,-96.685744,193
BinniBusRA09,17.093532,-96.686437,194
BinniBusRA09,17.094609,-96.686758,195
BinniBusRA09,17.094855,-96.686774,196
BinniBusRA09,17.095044,-96.686855,197
BinniBusRA09,17.095275,-96.687096,198
BinniBusRA09,17.09566,-96.687531,199
BinniBusRA09,17.096315,-96.688429,200
BinniBusRA09,17.09659,-96.688788,201
BinniBusRA09,17.096777,-96.688959,202
BinniBusRA09,17.097367,-96.689196,203
BinniBusRA09,17.09759,-96.689289,204
BinniBusRA09,17.097864,-96.689509,205
BinniBusRA09,17.09801,-96.689847,206
BinniBusRA09,17.098262,-96.690577,207
BinniBusRA09,17.098203,-96.690604,208
BinniBusRA09,17.097921,-96.689794,209
BinniBusRA09,17.097768,-96.689504,210
BinniBusRA09,17.097644,-96.689408,211
BinniBusRA09,17.097137,-96.689166,212
BinniBusRA09,17.096742,-96.689,213
BinniBusRA09,17.096511,-96.688801,214
BinniBusRA09,17.096173,-96.688335,215
BinniBusRA09,17.095614,-96.687568,216
BinniBusRA09,17.095024,-96.686924,217
BinniBusRA09,17.094824,-96.686822,218
BinniBusRA09,17.094466,-96.686779,219
BinniBusRA09,17.093753,-96.686565,220
BinniBusRA09,17.093291,-96.686447,221
BinniBusRA09,17.092307,-96.686264,222
BinniBusRA09,17.090646,-96.685958,223
BinniBusRA09,17.09003,-96.685846,224
BinniBusRA09,17.089666,-96.685792,225
BinniBusRA09,17.08941,-96.685803,226
BinniBusRA09,17.089138,-96.685883,227
BinniBusRA09,17.088861,-96.686044,228
BinniBusRA09,17.08861,-96.6862,229
BinniBusRA09,17.087474,-96.687149,230
BinniBusRA09,17.08622,-96.688182,231
BinniBusRA09,17.085327,-96.688912,232
BinniBusRA09,17.084483,-96.689607,233
BinniBusRA09,17.083299,-96.690586,234
BinniBusRA09,17.082445,-96.691292,235
BinniBusRA09,17.081042,-96.692493,236
BinniBusRA09,17.08014,-96.69325,237
BinniBusRA09,17.078776,-96.694432,238
BinniBusRA09,17.078402,-96.694614,239
BinniBusRA09,17.078018,-96.694765,240
BinniBusRA09,17.077648,-96.694781,241
BinniBusRA09,17.07452,-96.69518,242
BinniBusRA09,17.073147,-96.695315,243
BinniBusRA09,17.072239,-96.695384,244
BinniBusRA09,17.071392,-96.695493,245
BinniBusRA09,17.070941,-96.695643,246
BinniBusRA09,17.069772,-96.695814,247
BinniBusRA09,17.069326,-96.69589,248
BinniBusRA09,17.069151,-96.695943,249
BinniBusRA09,17.0691,-96.696142,250
BinniBusRA09,17.069126,-96.696732,251
BinniBusRA09,17.06911,-96.697247,252
BinniBusRA09,17.069331,-96.699661,253
BinniBusRA09,17.069721,-96.704392,254
BinniBusRA09,17.070059,-96.708147,255
BinniBusRA09,17.070334,-96.711898,256
BinniBusRA09,17.070463,-96.713539,257
BinniBusRA09,17.070463,-96.71392,258
BinniBusRA09,17.070547,-96.714717,259
BinniBusRA09,17.070586,-96.714961,260
BinniBusRA09,17.070863,-96.716205,261
BinniBusRA09,17.07112,-96.71739,262
BinniBusRA09,17.071208,-96.717701,263
BinniBusRA09,17.071223,-96.718157,264
BinniBusRA09,17.071464,-96.719233,265
BinniBusRA09,17.071515,-96.719694,266
BinniBusRA09,17.071685,-96.720241,267
BinniBusRA09,17.07188,-96.720606,268
BinniBusRA09,17.07219,-96.721735,269
BinniBusRA09,17.0724,-96.723166,270
BinniBusRA09,17.072554,-96.724196,271
BinniBusRA09,17.072723,-96.725154,272
BinniBusRA09,17.0729,-96.725607,273
BinniBusRA09,17.072857,-96.725623,274
BinniBusRA09,17.072795,-96.725645,275
BinniBusRA09,17.071723,-96.725843,276
BinniBusRA09,17.069795,-96.726245,277
BinniBusRA09,17.06891,-96.726409,278
BinniBusRA09,17.067925,-96.726468,279
BinniBusRA09,17.066961,-96.72656,280
BinniBusRA09,17.066038,-96.726736,281
BinniBusRA09,17.065094,-96.72694,282
BinniBusRA09,17.063351,-96.72731,283
BinniBusRA09,17.063997,-96.729864,284
BinniBusRA09,17.064151,-96.73084,285
BinniBusRA09,17.064342,-96.73206,286
BinniBusRA09,17.064434,-96.732339,287
BinniBusRA09,17.065491,-96.733218,288
BinniBusRA09,17.065922,-96.733583,289
BinniBusRA09,17.066496,-96.734044,290
BinniBusRA09,17.066773,-96.734431,291
BinniBusRA09,17.067183,-96.734817,292
BinniBusRA09,17.067865,-96.735353,293
BinniBusRA09,17.06908,-96.736013,294
BinniBusRA09,17.069993,-96.736362,295
BinniBusRA09,17.070337,-96.736485,296
BinniBusRA09,17.07106,-96.7367,297
BinniBusRA09,17.072122,-96.737295,298
BinniBusRA09,17.072804,-96.737671,299
BinniBusRA09,17.073788,-96.73824,300
BinniBusRA09,17.074957,-96.73898,301
BinniBusRA09,17.075532,-96.739452,302
BinniBusRA09,17.075947,-96.739731,303
BinniBusRA09,17.076942,-96.740176,304
BinniBusRA09,17.078638,-96.74098,305
BinniBusRA09,17.079715,-96.741462,306
BinniBusRA09,17.080007,-96.741634,307
BinniBusRA09,17.080043,-96.742106,308
BinniBusRA09,17.080151,-96.742701,309
BinniBusRA09,17.080243,-96.743109,310
BinniBusRA09,17.080197,-96.743506,311
BinniBusRA09,17.080002,-96.743941,312
BinniBusRA09,17.079084,-96.745834,313
BinniBusRA09,17.078678,-96.746784,314
BinniBusRA09,17.078529,-96.747004,315
BinniBusRA09,17.078012,-96.748082,316
BinniBusRA09,17.076878,-96.750518,317
BinniBusRA09,17.075842,-96.752765,318
BinniBusRA09,17.075448,-96.753618,319
BinniBusRA09,17.075228,-96.754103,320
BinniBusRA09,17.07511,-96.754473,321
BinniBusRA09,17.075013,-96.754822,322
BinniBusRA09,17.074936,-96.755487,323
BinniBusRA09,17.074864,-96.755986,324
BinniBusRA09,17.07482,-96.756155,325
BinniBusRA09,17.074744,-96.7563,326
BinniBusRA09,17.074662,-96.756428,327
BinniBusRA09,17.074525,-96.756566,328
BinniBusRA09,17.074413,-96.75667,329
BinniBusRA09,17.07422,-96.756844,330
BinniBusRA09,17.073932,-96.757057,331
BinniBusRA09,17.073654,-96.757374,332
BinniBusRA09,17.073525,-96.757531,333
BinniBusRA09,17.073441,-96.757645,334
BinniBusRA09,17.073395,-96.757736,335
BinniBusRA09,17.073322,-96.758075,336
BinniBusRA09,17.073289,-96.758333,337
BinniBusRA09,17.073219,-96.758802,338
BinniBusRA09,17.073227,-96.759585,339
BinniBusRA09,17.073324,-96.76039,340
BinniBusRA09,17.07359,-96.762394,341
BinniBusRA09,17.07361,-96.762861,342
BinniBusRA09,17.0734,-96.762756,343
BinniBusRA09,17.0732,-96.762727,344
BinniBusRA09,17.072805,-96.762815,345
BinniBusRA09,17.070247,-96.763304,346
BinniBusRA09,17.069921,-96.763353,347
BinniBusRA09,17.069303,-96.762854,348
BinniBusRA09,17.068967,-96.762564,349
BinniBusRA09,17.068026,-96.761756,350
BinniBusRA09,17.067809,-96.76155,351
BinniBusRA09,17.067604,-96.761466,352
BinniBusRA09,17.067564,-96.761525,353
BinniBusRA09,17.067598,-96.761934,354
BinniBusRA09,17.067241,-96.762048,355
BinniBusRA09,17.067078,-96.762071,356
BinniBusRA09,17.066881,-96.762095,357
BinniBusRA09,17.066863,-96.762059,358
BinniBusRA09,17.066851,-96.76203,359
BinniBusRA09,17.066756,-96.761531,360
BinniBusRA09,17.066177,-96.761622,361
BinniBusRA09,17.065669,-96.761472,362
BinniBusRA09,17.064738,-96.761166,363
BinniBusRA09,17.064651,-96.761107,364
BinniBusRA09,17.064421,-96.761091,365
BinniBusRA09,17.064298,-96.76094,366
BinniBusRA10,17.036849,-96.690426,1
BinniBusRA10,17.036856,-96.690496,2
BinniBusRA10,17.03689,-96.690591,3
BinniBusRA10,17.036948,-96.690698,4
BinniBusRA10,17.037016,-96.690774,5
BinniBusRA10,17.037128,-96.690856,6
BinniBusRA10,17.037299,-96.690956,7
BinniBusRA10,17.037359,-96.690982,8
BinniBusRA10,17.037406,-96.69101,9
BinniBusRA10,17.037538,-96.691078,10
BinniBusRA10,17.037847,-96.691237,11
BinniBusRA10,17.03809,-96.691365,12
BinniBusRA10,17.038159,-96.691401,13
BinniBusRA10,17.038489,-96.691577,14
BinniBusRA10,17.038808,-96.691734,15
BinniBusRA10,17.039234,-96.691962,16
BinniBusRA10,17.039281,-96.69198,17
BinniBusRA10,17.039286,-96.692035,18
BinniBusRA10,17.038948,-96.692625,19
BinniBusRA10,17.038945,-96.692636,20
BinniBusRA10,17.039067,-96.692697,21
BinniBusRA10,17.039282,-96.692803,22
BinniBusRA10,17.039419,-96.69287,23
BinniBusRA10,17.039574,-96.692884,24
BinniBusRA10,17.039827,-96.69287,25
BinniBusRA10,17.040173,-96.692843,26
BinniBusRA10,17.040519,-96.692792,27
BinniBusRA10,17.040981,-96.692727,28
BinniBusRA10,17.041532,-96.692635,29
BinniBusRA10,17.042086,-96.692549,30
BinniBusRA10,17.042286,-96.692512,31
BinniBusRA10,17.042776,-96.692445,32
BinniBusRA10,17.043224,-96.692386,33
BinniBusRA10,17.04275,-96.691492,34
BinniBusRA10,17.042137,-96.690328,35
BinniBusRA10,17.041878,-96.689864,36
BinniBusRA10,17.041622,-96.68939,37
BinniBusRA10,17.041547,-96.689237,38
BinniBusRA10,17.041583,-96.689164,39
BinniBusRA10,17.041914,-96.688958,40
BinniBusRA10,17.042178,-96.688826,41
BinniBusRA10,17.042412,-96.6887,42
BinniBusRA10,17.042506,-96.688673,43
BinniBusRA10,17.042639,-96.68865,44
BinniBusRA10,17.042867,-96.688695,45
BinniBusRA10,17.042985,-96.688744,46
BinniBusRA10,17.043077,-96.688804,47
BinniBusRA10,17.043176,-96.688882,48
BinniBusRA10,17.043261,-96.688945,49
BinniBusRA10,17.04354,-96.689116,50
BinniBusRA10,17.043852,-96.689304,51
BinniBusRA10,17.044088,-96.68947,52
BinniBusRA10,17.044258,-96.689598,53
BinniBusRA10,17.044376,-96.68966,54
BinniBusRA10,17.044517,-96.6897,55
BinniBusRA10,17.044866,-96.689735,56
BinniBusRA10,17.045365,-96.689783,57
BinniBusRA10,17.045974,-96.689856,58
BinniBusRA10,17.046415,-96.689899,59
BinniBusRA10,17.046942,-96.689925,60
BinniBusRA10,17.047086,-96.689928,61
BinniBusRA10,17.047116,-96.689974,62
BinniBusRA10,17.047204,-96.69035,63
BinniBusRA10,17.047588,-96.691969,64
BinniBusRA10,17.047909,-96.69345,65
BinniBusRA10,17.047947,-96.693571,66
BinniBusRA10,17.048083,-96.694089,67
BinniBusRA10,17.048224,-96.694718,68
BinniBusRA10,17.048265,-96.694891,69
BinniBusRA10,17.050499,-96.694301,70
BinniBusRA10,17.051109,-96.694166,71
BinniBusRA10,17.052808,-96.693737,72
BinniBusRA10,17.05448,-96.693305,73
BinniBusRA10,17.055067,-96.693125,74
BinniBusRA10,17.055444,-96.69301,75
BinniBusRA10,17.055589,-96.692922,76
BinniBusRA10,17.05612,-96.692814,77
BinniBusRA10,17.056583,-96.692709,78
BinniBusRA10,17.057024,-96.692597,79
BinniBusRA10,17.057454,-96.6925,80
BinniBusRA10,17.058306,-96.692326,81
BinniBusRA10,17.059003,-96.6922,82
BinniBusRA10,17.059613,-96.692109,83
BinniBusRA10,17.059767,-96.69209,84
BinniBusRA10,17.05988,-96.69206,85
BinniBusRA10,17.060024,-96.692082,86
BinniBusRA10,17.060165,-96.692082,87
BinniBusRA10,17.060652,-96.691961,88
BinniBusRA10,17.060775,-96.691875,89
BinniBusRA10,17.060867,-96.691744,90
BinniBusRA10,17.060998,-96.691653,91
BinniBusRA10,17.06118,-96.691588,92
BinniBusRA10,17.061575,-96.691468,93
BinniBusRA10,17.062099,-96.691291,94
BinniBusRA10,17.062548,-96.691132,95
BinniBusRA10,17.062924,-96.690974,96
BinniBusRA10,17.063142,-96.690888,97
BinniBusRA10,17.06366,-96.690615,98
BinniBusRA10,17.064583,-96.690357,99
BinniBusRA10,17.064696,-96.691446,100
BinniBusRA10,17.064813,-96.69243,101
BinniBusRA10,17.064915,-96.693229,102
BinniBusRA10,17.064884,-96.693486,103
BinniBusRA10,17.065141,-96.693422,104
BinniBusRA10,17.066474,-96.693036,105
BinniBusRA10,17.066564,-96.693012,106
BinniBusRA10,17.067079,-96.692309,107
BinniBusRA10,17.067743,-96.691453,108
BinniBusRA10,17.067874,-96.691285,109
BinniBusRA10,17.068026,-96.691035,110
BinniBusRA10,17.068162,-96.690826,111
BinniBusRA10,17.06823,-96.690716,112
BinniBusRA10,17.068292,-96.690667,113
BinniBusRA10,17.068321,-96.690652,114
BinniBusRA10,17.068323,-96.690488,115
BinniBusRA10,17.068285,-96.690081,116
BinniBusRA10,17.068254,-96.689737,117
BinniBusRA10,17.068182,-96.689354,118
BinniBusRA10,17.068385,-96.68933,119
BinniBusRA10,17.0685,-96.689963,120
BinniBusRA10,17.06858,-96.690655,121
BinniBusRA10,17.068603,-96.691017,122
BinniBusRA10,17.068633,-96.691532,123
BinniBusRA10,17.068644,-96.69173,124
BinniBusRA10,17.068644,-96.691891,125
BinniBusRA10,17.068692,-96.692414,126
BinniBusRA10,17.068731,-96.6929,127
BinniBusRA10,17.068764,-96.693235,128
BinniBusRA10,17.068836,-96.694096,129
BinniBusRA10,17.068869,-96.694541,130
BinniBusRA10,17.068898,-96.694855,131
BinniBusRA10,17.068968,-96.695085,132
BinniBusRA10,17.068945,-96.695945,133
BinniBusRA10,17.069012,-96.69691,134
BinniBusRA10,17.069135,-96.697366,135
BinniBusRA10,17.069347,-96.699663,136
BinniBusRA10,17.069401,-96.700294,137
BinniBusRA10,17.06953,-96.701754,138
BinniBusRA10,17.069617,-96.702703,139
BinniBusRA10,17.069694,-96.703588,140
BinniBusRA10,17.069777,-96.704589,141
BinniBusRA10,17.069801,-96.705165,142
BinniBusRA10,17.069878,-96.706099,143
BinniBusRA10,17.069935,-96.706742,144
BinniBusRA10,17.070027,-96.707499,145
BinniBusRA10,17.070063,-96.708008,146
BinniBusRA10,17.07016,-96.709312,147
BinniBusRA10,17.070237,-96.710192,148
BinniBusRA10,17.070342,-96.711165,149
BinniBusRA10,17.07034,-96.71156,150
BinniBusRA10,17.070458,-96.712869,151
BinniBusRA10,17.070494,-96.713357,152
BinniBusRA10,17.070463,-96.713544,153
BinniBusRA10,17.070478,-96.714124,154
BinniBusRA10,17.070535,-96.714666,155
BinniBusRA10,17.070624,-96.714996,156
BinniBusRA10,17.070732,-96.715583,157
BinniBusRA10,17.070791,-96.715843,158
BinniBusRA10,17.070886,-96.716229,159
BinniBusRA10,17.070955,-96.71646,160
BinniBusRA10,17.071107,-96.717166,161
BinniBusRA10,17.07122,-96.71759,162
BinniBusRA10,17.071221,-96.717825,163
BinniBusRA10,17.071252,-96.71815,164
BinniBusRA10,17.071349,-96.718611,165
BinniBusRA10,17.071418,-96.718968,166
BinniBusRA10,17.071508,-96.719217,167
BinniBusRA10,17.071536,-96.719627,168
BinniBusRA10,17.071593,-96.719853,169
BinniBusRA10,17.071731,-96.720312,170
BinniBusRA10,17.071913,-96.720545,171
BinniBusRA10,17.072075,-96.721282,172
BinniBusRA10,17.072211,-96.72173,173
BinniBusRA10,17.072441,-96.72323,174
BinniBusRA10,17.072524,-96.723798,175
BinniBusRA10,17.072606,-96.724394,176
BinniBusRA10,17.072677,-96.724726,177
BinniBusRA10,17.072749,-96.72515,178
BinniBusRA10,17.072908,-96.725612,179
BinniBusRA10,17.071631,-96.72589,180
BinniBusRA10,17.070062,-96.726202,181
BinniBusRA10,17.069231,-96.726336,182
BinniBusRA10,17.06896,-96.7264,183
BinniBusRA10,17.067888,-96.72647,184
BinniBusRA10,17.067406,-96.726502,185
BinniBusRA10,17.067103,-96.726545,186
BinniBusRA10,17.066508,-96.726658,187
BinniBusRA10,17.065782,-96.7268,188
BinniBusRA10,17.064952,-96.726977,189
BinniBusRA10,17.064208,-96.727133,190
BinniBusRA10,17.063711,-96.727235,191
BinniBusRA10,17.062856,-96.727413,192
BinniBusRA10,17.06243,-96.727512,193
BinniBusRA10,17.061564,-96.727669,194
BinniBusRA10,17.060569,-96.727873,195
BinniBusRA10,17.059719,-96.728046,196
BinniBusRA10,17.059906,-96.728936,197
BinniBusRA10,17.060117,-96.730079,198
BinniBusRA10,17.060435,-96.731506,199
BinniBusRA10,17.060558,-96.732134,200
BinniBusRA10,17.060703,-96.732956,201
BinniBusRA10,17.060749,-96.73332,202
BinniBusRA10,17.060775,-96.733471,203
BinniBusRA10,17.060831,-96.733653,204
BinniBusRA10,17.060539,-96.73412,205
BinniBusRA10,17.06,-96.73493,206
BinniBusRA10,17.0596,-96.735536,207
BinniBusRA10,17.059298,-96.73596,208
BinniBusRA10,17.059046,-96.736351,209
BinniBusRA10,17.058964,-96.736491,210
BinniBusRA10,17.059175,-96.736625,211
BinniBusRA10,17.059872,-96.736866,212
BinniBusRA10,17.060682,-96.736936,213
BinniBusRA10,17.061211,-96.737092,214
BinniBusRA10,17.061611,-96.73714,215
BinniBusRA10,17.061621,-96.73784,216
BinniBusRA10,17.061621,-96.73928,217
BinniBusRA10,17.061603,-96.739454,218
BinniBusRA10,17.061549,-96.73965,219
BinniBusRA10,17.061449,-96.739852,220
BinniBusRA10,17.061344,-96.739937,221
BinniBusRA10,17.061139,-96.740232,222
BinniBusRA10,17.060675,-96.740745,223
BinniBusRA10,17.058626,-96.743024,224
BinniBusRA10,17.05659,-96.745331,225
BinniBusRA10,17.056367,-96.745608,226
BinniBusRA10,17.056108,-96.745905,227
BinniBusRA10,17.05598,-96.745964,228
BinniBusRA10,17.055836,-96.745969,229
BinniBusRA10,17.055462,-96.745862,230
BinniBusRA10,17.054856,-96.745669,231
BinniBusRA10,17.054133,-96.745438,232
BinniBusRA10,17.053441,-96.745256,233
BinniBusRA10,17.053082,-96.745154,234
BinniBusRA10,17.052666,-96.74502,235
BinniBusRA10,17.05242,-96.744931,236
BinniBusRA10,17.052246,-96.744853,237
BinniBusRA10,17.051984,-96.744679,238
BinniBusRA10,17.051554,-96.744405,239
BinniBusRA10,17.051343,-96.74426,240
BinniBusRA10,17.051208,-96.744211,241
BinniBusRA10,17.051116,-96.744158,242
BinniBusRA10,17.051057,-96.744037,243
BinniBusRA10,17.051039,-96.7436,244
BinniBusRA10,17.051046,-96.743393,245
BinniBusRA10,17.050982,-96.743179,246
BinniBusRA10,17.050874,-96.742977,247
BinniBusRA10,17.050792,-96.742857,248
BinniBusRA10,17.050587,-96.742696,249
BinniBusRA10,17.050418,-96.742599,250
BinniBusRA10,17.050213,-96.742642,251
BinniBusRA10,17.049977,-96.742739,252
BinniBusRA10,17.049913,-96.742725,253
BinniBusRA10,17.049692,-96.742551,254
BinniBusRA10,17.049564,-96.742438,255
BinniBusRA10,17.049522,-96.742378,256
BinniBusRA10,17.049511,-96.742316,257
BinniBusRA10,17.049547,-96.742225,258
BinniBusRA10,17.049668,-96.742016,259
BinniBusRA10,17.049683,-96.74182,260
BinniBusRA10,17.04964,-96.741158,261
BinniBusRA10,17.04957,-96.740777,262
BinniBusRA10,17.049491,-96.740533,263
BinniBusRA10,17.049388,-96.740345,264
BinniBusRA10,17.049311,-96.740122,265
BinniBusRA10,17.049091,-96.739259,266
BinniBusRA10,17.049019,-96.738952,267
BinniBusRA10,17.048988,-96.738826,268
BinniBusRA10,17.04901,-96.738752,269
BinniBusRA10,17.049077,-96.738612,270
BinniBusRA10,17.049172,-96.738285,271
BinniBusRA10,17.049198,-96.738008,272
BinniBusRA10,17.0492,-96.737439,273
BinniBusRA10,17.049183,-96.736793,274
BinniBusRA10,17.049187,-96.736344,275
BinniBusRA10,17.049186,-96.736072,276
BinniBusRA10,17.049208,-96.736096,277
BinniBusRA10,17.04922,-96.736549,278
BinniBusRA10,17.04923,-96.737346,279
BinniBusRA10,17.049235,-96.737741,280
BinniBusRA10,17.049232,-96.738033,281
BinniBusRA10,17.049206,-96.738303,282
BinniBusRA10,17.049172,-96.73845,283
BinniBusRA10,17.049132,-96.738568,284
BinniBusRA10,17.049095,-96.738681,285
BinniBusRA10,17.049039,-96.738786,286
BinniBusRA10,17.049026,-96.738818,287
BinniBusRA10,17.049093,-96.739123,288
BinniBusRA10,17.049159,-96.739379,289
BinniBusRA10,17.049223,-96.739607,290
BinniBusRA10,17.049316,-96.739978,291
BinniBusRA10,17.049419,-96.7403,292
BinniBusRA10,17.049454,-96.740394,293
BinniBusRA10,17.049524,-96.740532,294
BinniBusRA10,17.049598,-96.740705,295
BinniBusRA10,17.049633,-96.740909,296
BinniBusRA10,17.049697,-96.741341,297
BinniBusRA10,17.049718,-96.741817,298
BinniBusRA10,17.049718,-96.741962,299
BinniBusRA10,17.049697,-96.74203,300
BinniBusRA10,17.04965,-96.74212,301
BinniBusRA10,17.049548,-96.742298,302
BinniBusRA10,17.049572,-96.742374,303
BinniBusRA10,17.049738,-96.742538,304
BinniBusRA10,17.049954,-96.742706,305
BinniBusRA10,17.049981,-96.742703,306
BinniBusRA10,17.05026,-96.742593,307
BinniBusRA10,17.05036,-96.742574,308
BinniBusRA10,17.05043,-96.742573,309
BinniBusRA10,17.050509,-96.742613,310
BinniBusRA10,17.050612,-96.742677,311
BinniBusRA10,17.050728,-96.742764,312
BinniBusRA10,17.050832,-96.742858,313
BinniBusRA10,17.050924,-96.742971,314
BinniBusRA10,17.051008,-96.743153,315
BinniBusRA10,17.051047,-96.743259,316
BinniBusRA10,17.051082,-96.743374,317
BinniBusRA10,17.051078,-96.743623,318
BinniBusRA10,17.051105,-96.744033,319
BinniBusRA10,17.051136,-96.744108,320
BinniBusRA10,17.051174,-96.744146,321
BinniBusRA10,17.051884,-96.744568,322
BinniBusRA10,17.052095,-96.744717,323
BinniBusRA10,17.052277,-96.744813,324
BinniBusRA10,17.052517,-96.74492,325
BinniBusRA10,17.053058,-96.745097,326
BinniBusRA10,17.053398,-96.745198,327
BinniBusRA10,17.0541,-96.745389,328
BinniBusRA10,17.054976,-96.745652,329
BinniBusRA10,17.055685,-96.745881,330
BinniBusRA10,17.055846,-96.745927,331
BinniBusRA10,17.055965,-96.745914,332
BinniBusRA10,17.05602,-96.745901,333
BinniBusRA10,17.056114,-96.745834,334
BinniBusRA10,17.05635,-96.745542,335
BinniBusRA10,17.056688,-96.745141,336
BinniBusRA10,17.05704,-96.744734,337
BinniBusRA10,17.057424,-96.744291,338
BinniBusRA10,17.058012,-96.743639,339
BinniBusRA10,17.058883,-96.742664,340
BinniBusRA10,17.059947,-96.741473,341
BinniBusRA10,17.060557,-96.740783,342
BinniBusRA10,17.061094,-96.740201,343
BinniBusRA10,17.061222,-96.740026,344
BinniBusRA10,17.061311,-96.739909,345
BinniBusRA10,17.061406,-96.739822,346
BinniBusRA10,17.06147,-96.739684,347
BinniBusRA10,17.061533,-96.739513,348
BinniBusRA10,17.061569,-96.73935,349
BinniBusRA10,17.061562,-96.738989,350
BinniBusRA10,17.061563,-96.738157,351
BinniBusRA10,17.061578,-96.737397,352
BinniBusRA10,17.061506,-96.737253,353
BinniBusRA10,17.061416,-96.737172,354
BinniBusRA10,17.06136,-96.737128,355
BinniBusRA10,17.061324,-96.737125,356
BinniBusRA10,17.0612,-96.737119,357
BinniBusRA10,17.060687,-96.736975,358
BinniBusRA10,17.060509,-96.736942,359
BinniBusRA10,17.059882,-96.736888,360
BinniBusRA10,17.059786,-96.736883,361
BinniBusRA10,17.059264,-96.736692,362
BinniBusRA10,17.059074,-96.73661,363
BinniBusRA10,17.058918,-96.7365,364
BinniBusRA10,17.058912,-96.736398,365
BinniBusRA10,17.059246,-96.735891,366
BinniBusRA10,17.059796,-96.735015,367
BinniBusRA10,17.060018,-96.73467,368
BinniBusRA10,17.060349,-96.7342,369
BinniBusRA10,17.060716,-96.733672,370
BinniBusRA10,17.060751,-96.733615,371
BinniBusRA10,17.060681,-96.733549,372
BinniBusRA10,17.060732,-96.733463,373
BinniBusRA10,17.060822,-96.733495,374
BinniBusRA10,17.060932,-96.733361,375
BinniBusRA10,17.061188,-96.733248,376
BinniBusRA10,17.061219,-96.732578,377
BinniBusRA10,17.061217,-96.731926,378
BinniBusRA10,17.061207,-96.731116,379
BinniBusRA10,17.061181,-96.730695,380
BinniBusRA10,17.061128,-96.730392,381
BinniBusRA10,17.061038,-96.729783,382
BinniBusRA10,17.060846,-96.72882,383
BinniBusRA10,17.061391,-96.728683,384
BinniBusRA10,17.061786,-96.728613,385
BinniBusRA10,17.06233,-96.728559,386
BinniBusRA10,17.062714,-96.72843,387
BinniBusRA10,17.063726,-96.72822,388
BinniBusRA10,17.064534,-96.728088,389
BinniBusRA10,17.065216,-96.727955,390
BinniBusRA10,17.066236,-96.727741,391
BinniBusRA10,17.06662,-96.727681,392
BinniBusRA10,17.067215,-96.727558,393
BinniBusRA10,17.067512,-96.727504,394
BinniBusRA10,17.067836,-96.727475,395
BinniBusRA10,17.068377,-96.727534,396
BinniBusRA10,17.068595,-96.727585,397
BinniBusRA10,17.068899,-96.727616,398
BinniBusRA10,17.069366,-96.727664,399
BinniBusRA10,17.069605,-96.727679,400
BinniBusRA10,17.069954,-96.727636,401
BinniBusRA10,17.070297,-96.727582,402
BinniBusRA10,17.070474,-96.727537,403
BinniBusRA10,17.07089,-96.727427,404
BinniBusRA10,17.071297,-96.727362,405
BinniBusRA10,17.072106,-96.727198,406
BinniBusRA10,17.072598,-96.727123,407
BinniBusRA10,17.072885,-96.727064,408
BinniBusRA10,17.07309,-96.727005,409
BinniBusRA10,17.073177,-96.726903,410
BinniBusRA10,17.07315,-96.726739,411
BinniBusRA10,17.072978,-96.726232,412
BinniBusRA10,17.072852,-96.725892,413
BinniBusRA10,17.072729,-96.725551,414
BinniBusRA10,17.072607,-96.725196,415
BinniBusRA10,17.072479,-96.724577,416
BinniBusRA10,17.072422,-96.724164,417
BinniBusRA10,17.072317,-96.723383,418
BinniBusRA10,17.072174,-96.722652,419
BinniBusRA10,17.072104,-96.722247,420
BinniBusRA10,17.072015,-96.721799,421
BinniBusRA10,17.071933,-96.721408,422
BinniBusRA10,17.071812,-96.720896,423
BinniBusRA10,17.071727,-96.72055,424
BinniBusRA10,17.071773,-96.720255,425
BinniBusRA10,17.071638,-96.719646,426
BinniBusRA10,17.071558,-96.719198,427
BinniBusRA10,17.071406,-96.718581,428
BinniBusRA10,17.07133,-96.718074,429
BinniBusRA10,17.071286,-96.717981,430
BinniBusRA10,17.071076,-96.717608,431
BinniBusRA10,17.07101,-96.717395,432
BinniBusRA10,17.070848,-96.716609,433
BinniBusRA10,17.070735,-96.716226,434
BinniBusRA10,17.070615,-96.715858,435
BinniBusRA10,17.070571,-96.715652,436
BinniBusRA10,17.070476,-96.715062,437
BinniBusRA10,17.070425,-96.714772,438
BinniBusRA10,17.070384,-96.714196,439
BinniBusRA10,17.070358,-96.71375,440
BinniBusRA10,17.070348,-96.713606,441
BinniBusRA10,17.070379,-96.71352,442
BinniBusRA10,17.070397,-96.713405,443
BinniBusRA10,17.070338,-96.712823,444
BinniBusRA10,17.070313,-96.712501,445
BinniBusRA10,17.070292,-96.712324,446
BinniBusRA10,17.070259,-96.712149,447
BinniBusRA10,17.070182,-96.711884,448
BinniBusRA10,17.070154,-96.711551,449
BinniBusRA10,17.069984,-96.709532,450
BinniBusRA10,17.069803,-96.708144,451
BinniBusRA10,17.069782,-96.707093,452
BinniBusRA10,17.06969,-96.705907,453
BinniBusRA10,17.069582,-96.704941,454
BinniBusRA10,17.069485,-96.703713,455
BinniBusRA10,17.069352,-96.702104,456
BinniBusRA10,17.069131,-96.699658,457
BinniBusRA10,17.069009,-96.697966,458
BinniBusRA10,17.068952,-96.697381,459
BinniBusRA10,17.068845,-96.69627,460
BinniBusRA10,17.068765,-96.695495,461
BinniBusRA10,17.068691,-96.69472,462
BinniBusRA10,17.068652,-96.694103,463
BinniBusRA10,17.068609,-96.693172,464
BinniBusRA10,17.06857,-96.692537,465
BinniBusRA10,17.068519,-96.691968,466
BinniBusRA10,17.06845,-96.691469,467
BinniBusRA10,17.068381,-96.690773,468
BinniBusRA10,17.068339,-96.690676,469
BinniBusRA10,17.068284,-96.6907,470
BinniBusRA10,17.068221,-96.690788,471
BinniBusRA10,17.068097,-96.690991,472
BinniBusRA10,17.067928,-96.691264,473
BinniBusRA10,17.067862,-96.691356,474
BinniBusRA10,17.067703,-96.691566,475
BinniBusRA10,17.067082,-96.692378,476
BinniBusRA10,17.066824,-96.692718,477
BinniBusRA10,17.066642,-96.692954,478
BinniBusRA10,17.066482,-96.693196,479
BinniBusRA10,17.066262,-96.693567,480
BinniBusRA10,17.06607,-96.693813,481
BinniBusRA10,17.065182,-96.694044,482
BinniBusRA10,17.064652,-96.69421,483
BinniBusRA10,17.064755,-96.693793,484
BinniBusRA10,17.064809,-96.693594,485
BinniBusRA10,17.064842,-96.693208,486
BinniBusRA10,17.064793,-96.692846,487
BinniBusRA10,17.064678,-96.691861,488
BinniBusRA10,17.064534,-96.690695,489
BinniBusRA10,17.064519,-96.690418,490
BinniBusRA10,17.064075,-96.690548,491
BinniBusRA10,17.063603,-96.690725,492
BinniBusRA10,17.063146,-96.690934,493
BinniBusRA10,17.062721,-96.691122,494
BinniBusRA10,17.061911,-96.691405,495
BinniBusRA10,17.061115,-96.691662,496
BinniBusRA10,17.0609,-96.691764,497
BinniBusRA10,17.060777,-96.691941,498
BinniBusRA10,17.060679,-96.692009,499
BinniBusRA10,17.060225,-96.692124,500
BinniBusRA10,17.058667,-96.6924,501
BinniBusRA10,17.057759,-96.692571,502
BinniBusRA10,17.05706,-96.692726,503
BinniBusRA10,17.056475,-96.692878,504
BinniBusRA10,17.055767,-96.693015,505
BinniBusRA10,17.05559,-96.693068,506
BinniBusRA10,17.055439,-96.693063,507
BinniBusRA10,17.054637,-96.693312,508
BinniBusRA10,17.054078,-96.693471,509
BinniBusRA10,17.053749,-96.693562,510
BinniBusRA10,17.053431,-96.693637,511
BinniBusRA10,17.052926,-96.693761,512
BinniBusRA10,17.052408,-96.693887,513
BinniBusRA10,17.051978,-96.69401,514
BinniBusRA10,17.051526,-96.694124,515
BinniBusRA10,17.051065,-96.694237,516
BinniBusRA10,17.050518,-96.694354,517
BinniBusRA10,17.050082,-96.694477,518
BinniBusRA10,17.049384,-96.694648,519
BinniBusRA10,17.048191,-96.694966,520
BinniBusRA10,17.048063,-96.69443,521
BinniBusRA10,17.047879,-96.69377,522
BinniBusRA10,17.04775,-96.693131,523
BinniBusRA10,17.047556,-96.69238,524
BinniBusRA10,17.047094,-96.690476,525
BinniBusRA10,17.047007,-96.690004,526
BinniBusRA10,17.046951,-96.689977,527
BinniBusRA10,17.045625,-96.689855,528
BinniBusRA10,17.045105,-96.689801,529
BinniBusRA10,17.044499,-96.689749,530
BinniBusRA10,17.044281,-96.689653,531
BinniBusRA10,17.044158,-96.689578,532
BinniBusRA10,17.04358,-96.689189,533
BinniBusRA10,17.043242,-96.688969,534
BinniBusRA10,17.043011,-96.688813,535
BinniBusRA10,17.042809,-96.688722,536
BinniBusRA10,17.04267,-96.688692,537
BinniBusRA10,17.042511,-96.688719,538
BinniBusRA10,17.041737,-96.689119,539
BinniBusRA10,17.041582,-96.68922,540
BinniBusRA10,17.041636,-96.68933,541
BinniBusRA10,17.04189,-96.689813,542
BinniBusRA10,17.041778,-96.690683,543
BinniBusRA10,17.041699,-96.691233,544
BinniBusRA10,17.041578,-96.692598,545
BinniBusRA10,17.04156,-96.692678,546
BinniBusRA10,17.040952,-96.692775,547
BinniBusRA10,17.040178,-96.692901,548
BinniBusRA10,17.039435,-96.692926,549
BinniBusRA10,17.03904,-96.692744,550
BinniBusRA10,17.038881,-96.692642,551
BinniBusRA10,17.03922,-96.69202,552
BinniBusRA10,17.03885,-96.6918,553
BinniBusRA10,17.038034,-96.691379,554
BinniBusRA10,17.037351,-96.69102,555
BinniBusRA10,17.037028,-96.690832,556
BinniBusRA10,17.036918,-96.690714,557
BinniBusRA10,17.03686,-96.690598,558
BinniBusRA10,17.036823,-96.690475,559
BinniBusRA10,17.03681,-96.69043,560
BinniBusRA11,17.067579,-96.760482,1
BinniBusRA11,17.067437,-96.76069,2
BinniBusRA11,17.067462,-96.760967,3
BinniBusRA11,17.067819,-96.760907,4
BinniBusRA11,17.067881,-96.760871,5
BinniBusRA11,17.068113,-96.760437,6
BinniBusRA11,17.068637,-96.76039,7
BinniBusRA11,17.068688,-96.760576,8
BinniBusRA11,17.06874,-96.760667,9
BinniBusRA11,17.069579,-96.760334,10
BinniBusRA11,17.069856,-96.760237,11
BinniBusRA11,17.070124,-96.760128,12
BinniBusRA11,17.070659,-96.759793,13
BinniBusRA11,17.071176,-96.759459,14
BinniBusRA11,17.071886,-96.758984,15
BinniBusRA11,17.071762,-96.758209,16
BinniBusRA11,17.071772,-96.758113,17
BinniBusRA11,17.072149,-96.757336,18
BinniBusRA11,17.0729,-96.757795,19
BinniBusRA11,17.073141,-96.75795,20
BinniBusRA11,17.073276,-96.757982,21
BinniBusRA11,17.073426,-96.757616,22
BinniBusRA11,17.073867,-96.757065,23
BinniBusRA11,17.073919,-96.756999,24
BinniBusRA11,17.073934,-96.756815,25
BinniBusRA11,17.073916,-96.756659,26
BinniBusRA11,17.073097,-96.756195,27
BinniBusRA11,17.072098,-96.755575,28
BinniBusRA11,17.071845,-96.755436,29
BinniBusRA11,17.071516,-96.755206,30
BinniBusRA11,17.070576,-96.754526,31
BinniBusRA11,17.070035,-96.754118,32
BinniBusRA11,17.068948,-96.75334,33
BinniBusRA11,17.068571,-96.753177,34
BinniBusRA11,17.067291,-96.752812,35
BinniBusRA11,17.067053,-96.752686,36
BinniBusRA11,17.066884,-96.752547,37
BinniBusRA11,17.066524,-96.751911,38
BinniBusRA11,17.066271,-96.751447,39
BinniBusRA11,17.066135,-96.751388,40
BinniBusRA11,17.065281,-96.75109,41
BinniBusRA11,17.065007,-96.750991,42
BinniBusRA11,17.064881,-96.750905,43
BinniBusRA11,17.064776,-96.750779,44
BinniBusRA11,17.064604,-96.750449,45
BinniBusRA11,17.064266,-96.749969,46
BinniBusRA11,17.064012,-96.749594,47
BinniBusRA11,17.063986,-96.749446,48
BinniBusRA11,17.064014,-96.749119,49
BinniBusRA11,17.06405,-96.748166,50
BinniBusRA11,17.064132,-96.747719,51
BinniBusRA11,17.064084,-96.747547,52
BinniBusRA11,17.064007,-96.747477,53
BinniBusRA11,17.063309,-96.747035,54
BinniBusRA11,17.062563,-96.746568,55
BinniBusRA11,17.061858,-96.74594,56
BinniBusRA11,17.06163,-96.745761,57
BinniBusRA11,17.061058,-96.745374,58
BinniBusRA11,17.060312,-96.744841,59
BinniBusRA11,17.06016,-96.744749,60
BinniBusRA11,17.060089,-96.744486,61
BinniBusRA11,17.059991,-96.744264,62
BinniBusRA11,17.059783,-96.744076,63
BinniBusRA11,17.058601,-96.743025,64
BinniBusRA11,17.059304,-96.742234,65
BinniBusRA11,17.060232,-96.741204,66
BinniBusRA11,17.060396,-96.740989,67
BinniBusRA11,17.061199,-96.74012,68
BinniBusRA11,17.061414,-96.73983,69
BinniBusRA11,17.061532,-96.739575,70
BinniBusRA11,17.061589,-96.739342,71
BinniBusRA11,17.061586,-96.738041,72
BinniBusRA11,17.061601,-96.737325,73
BinniBusRA11,17.061396,-96.737121,74
BinniBusRA11,17.061322,-96.737092,75
BinniBusRA11,17.061206,-96.737102,76
BinniBusRA11,17.060645,-96.736958,77
BinniBusRA11,17.05993,-96.736858,78
BinniBusRA11,17.059737,-96.736845,79
BinniBusRA11,17.059268,-96.736687,80
BinniBusRA11,17.059083,-96.736604,81
BinniBusRA11,17.058904,-96.736472,82
BinniBusRA11,17.058953,-96.736357,83
BinniBusRA11,17.059432,-96.735619,84
BinniBusRA11,17.060148,-96.734506,85
BinniBusRA11,17.060566,-96.7339,86
BinniBusRA11,17.060817,-96.733514,87
BinniBusRA11,17.060868,-96.73343,88
BinniBusRA11,17.061199,-96.733248,89
BinniBusRA11,17.061217,-96.732065,90
BinniBusRA11,17.061191,-96.730738,91
BinniBusRA11,17.060999,-96.729568,92
BinniBusRA11,17.060845,-96.728822,93
BinniBusRA11,17.061717,-96.728616,94
BinniBusRA11,17.062132,-96.728576,95
BinniBusRA11,17.062307,-96.728554,96
BinniBusRA11,17.062694,-96.728444,97
BinniBusRA11,17.062791,-96.728393,98
BinniBusRA11,17.06324,-96.728294,99
BinniBusRA11,17.063668,-96.728211,100
BinniBusRA11,17.064712,-96.728058,101
BinniBusRA11,17.065858,-96.727809,102
BinniBusRA11,17.067414,-96.727535,103
BinniBusRA11,17.067742,-96.727489,104
BinniBusRA11,17.068345,-96.727532,105
BinniBusRA11,17.068599,-96.727591,106
BinniBusRA11,17.069224,-96.727637,107
BinniBusRA11,17.069599,-96.72768,108
BinniBusRA11,17.070296,-96.727583,109
BinniBusRA11,17.070924,-96.727425,110
BinniBusRA11,17.071327,-96.727358,111
BinniBusRA11,17.071896,-96.727248,112
BinniBusRA11,17.072971,-96.727052,113
BinniBusRA11,17.073188,-96.726905,114
BinniBusRA11,17.072822,-96.725711,115
BinniBusRA11,17.072609,-96.725153,116
BinniBusRA11,17.072471,-96.724408,117
BinniBusRA11,17.07235,-96.723568,118
BinniBusRA11,17.072145,-96.722291,119
BinniBusRA11,17.07183,-96.720859,120
BinniBusRA11,17.071753,-96.720532,121
BinniBusRA11,17.071766,-96.72025,122
BinniBusRA11,17.071648,-96.719732,123
BinniBusRA11,17.071578,-96.719298,124
BinniBusRA11,17.071509,-96.719006,125
BinniBusRA11,17.071396,-96.718576,126
BinniBusRA11,17.071732,-96.718482,127
BinniBusRA11,17.072196,-96.718072,128
BinniBusRA11,17.072558,-96.717817,129
BinniBusRA11,17.07303,-96.717549,130
BinniBusRA11,17.073494,-96.717474,131
BinniBusRA11,17.07453,-96.717377,132
BinniBusRA11,17.074988,-96.717334,133
BinniBusRA11,17.075486,-96.717241,134
BinniBusRA11,17.076632,-96.717064,135
BinniBusRA11,17.077793,-96.716889,136
BinniBusRA11,17.078673,-96.716798,137
BinniBusRA11,17.079834,-96.716664,138
BinniBusRA11,17.081175,-96.716463,139
BinniBusRA11,17.081226,-96.716495,140
BinniBusRA11,17.081352,-96.717498,141
BinniBusRA11,17.082121,-96.717386,142
BinniBusRA11,17.082524,-96.71731,143
BinniBusRA11,17.082706,-96.718633,144
BinniBusRA11,17.08277,-96.718888,145
BinniBusRA11,17.083006,-96.718987,146
BinniBusRA11,17.083254,-96.718938,147
BinniBusRA11,17.083478,-96.71889,148
BinniBusRA11,17.083711,-96.718828,149
BinniBusRA11,17.084431,-96.718584,150
BinniBusRA11,17.084549,-96.718595,151
BinniBusRA11,17.085639,-96.718249,152
BinniBusRA11,17.086288,-96.718045,153
BinniBusRA11,17.086677,-96.717914,154
BinniBusRA11,17.087608,-96.717608,155
BinniBusRA11,17.088257,-96.717407,156
BinniBusRA11,17.088874,-96.717211,157
BinniBusRA11,17.088892,-96.716927,158
BinniBusRA11,17.087987,-96.71532,159
BinniBusRA11,17.087518,-96.714542,160
BinniBusRA11,17.087359,-96.714443,161
BinniBusRA11,17.086839,-96.713427,162
BinniBusRA11,17.086549,-96.712828,163
BinniBusRA11,17.086441,-96.712383,164
BinniBusRA11,17.086336,-96.712212,165
BinniBusRA11,17.086162,-96.71215,166
BinniBusRA11,17.086082,-96.712053,167
BinniBusRA11,17.086082,-96.71189,168
BinniBusRA11,17.08619,-96.711782,169
BinniBusRA11,17.086321,-96.711739,170
BinniBusRA11,17.086444,-96.71182,171
BinniBusRA11,17.086506,-96.71179,172
BinniBusRA11,17.087344,-96.711275,173
BinniBusRA11,17.088174,-96.710809,174
BinniBusRA11,17.08871,-96.71049,175
BinniBusRA11,17.088962,-96.710267,176
BinniBusRA11,17.089354,-96.709916,177
BinniBusRA11,17.08948,-96.709881,178
BinniBusRA11,17.090038,-96.709594,179
BinniBusRA11,17.090626,-96.709323,180
BinniBusRA11,17.091695,-96.708778,181
BinniBusRA11,17.092456,-96.708381,182
BinniBusRA11,17.09333,-96.707898,183
BinniBusRA11,17.094066,-96.70752,184
BinniBusRA11,17.094781,-96.707134,185
BinniBusRA11,17.094712,-96.707011,186
BinniBusRA11,17.094294,-96.706198,187
BinniBusRA11,17.093928,-96.705431,188
BinniBusRA11,17.09351,-96.704522,189
BinniBusRA11,17.092879,-96.70321,190
BinniBusRA11,17.09282,-96.703116,191
BinniBusRA11,17.092915,-96.703033,192
BinniBusRA11,17.092971,-96.702875,193
BinniBusRA11,17.092976,-96.70273,194
BinniBusRA11,17.092797,-96.701971,195
BinniBusRA11,17.0926,-96.701437,196
BinniBusRA11,17.092579,-96.701222,197
BinniBusRA11,17.092666,-96.700761,198
BinniBusRA11,17.092707,-96.700592,199
BinniBusRA11,17.09341,-96.699809,200
BinniBusRA11,17.093894,-96.699329,201
BinniBusRA11,17.093897,-96.698994,202
BinniBusRA11,17.093866,-96.698444,203
BinniBusRA11,17.093871,-96.69806,204
BinniBusRA11,17.093912,-96.697886,205
BinniBusRA11,17.093932,-96.697873,206
BinniBusRA11,17.093882,-96.698102,207
BinniBusRA11,17.093902,-96.699002,208
BinniBusRA11,17.093894,-96.699329,209
BinniBusRA11,17.093799,-96.699446,210
BinniBusRA11,17.093167,-96.700078,211
BinniBusRA11,17.092799,-96.700467,212
BinniBusRA11,17.092716,-96.700582,213
BinniBusRA11,17.092665,-96.700805,214
BinniBusRA11,17.092579,-96.701222,215
BinniBusRA11,17.092612,-96.701455,216
BinniBusRA11,17.092784,-96.70189,217
BinniBusRA11,17.092916,-96.702433,218
BinniBusRA11,17.092997,-96.702838,219
BinniBusRA11,17.092892,-96.70308,220
BinniBusRA11,17.092848,-96.703122,221
BinniBusRA11,17.09313,-96.703744,222
BinniBusRA11,17.093531,-96.704502,223
BinniBusRA11,17.09387,-96.705327,224
BinniBusRA11,17.09415,-96.705892,225
BinniBusRA11,17.094413,-96.706431,226
BinniBusRA11,17.094786,-96.707145,227
BinniBusRA11,17.094022,-96.707576,228
BinniBusRA11,17.093516,-96.707854,229
BinniBusRA11,17.093226,-96.707962,230
BinniBusRA11,17.092745,-96.708241,231
BinniBusRA11,17.092313,-96.70848,232
BinniBusRA11,17.091662,-96.70881,233
BinniBusRA11,17.091039,-96.709136,234
BinniBusRA11,17.090373,-96.709466,235
BinniBusRA11,17.089664,-96.709782,236
BinniBusRA11,17.089452,-96.709904,237
BinniBusRA11,17.089411,-96.710015,238
BinniBusRA11,17.089001,-96.710386,239
BinniBusRA11,17.088762,-96.710579,240
BinniBusRA11,17.088513,-96.71073,241
BinniBusRA11,17.087822,-96.711135,242
BinniBusRA11,17.086494,-96.711936,243
BinniBusRA11,17.08646,-96.712132,244
BinniBusRA11,17.086599,-96.712655,245
BinniBusRA11,17.086849,-96.713238,246
BinniBusRA11,17.086949,-96.713475,247
BinniBusRA11,17.087136,-96.713761,248
BinniBusRA11,17.087338,-96.714119,249
BinniBusRA11,17.087497,-96.71444,250
BinniBusRA11,17.087682,-96.714798,251
BinniBusRA11,17.087969,-96.715251,252
BinniBusRA11,17.088379,-96.715999,253
BinniBusRA11,17.088678,-96.716534,254
BinniBusRA11,17.088877,-96.716891,255
BinniBusRA11,17.089034,-96.717019,256
BinniBusRA11,17.089101,-96.717247,257
BinniBusRA11,17.088724,-96.717354,258
BinniBusRA11,17.087633,-96.717686,259
BinniBusRA11,17.086924,-96.717897,260
BinniBusRA11,17.086312,-96.718149,261
BinniBusRA11,17.08585,-96.718302,262
BinniBusRA11,17.085178,-96.718482,263
BinniBusRA11,17.084563,-96.718687,264
BinniBusRA11,17.083827,-96.718938,265
BinniBusRA11,17.083453,-96.719056,266
BinniBusRA11,17.083132,-96.71905,267
BinniBusRA11,17.082585,-96.719143,268
BinniBusRA11,17.082176,-96.719103,269
BinniBusRA11,17.082035,-96.719036,270
BinniBusRA11,17.08192,-96.718922,271
BinniBusRA11,17.081636,-96.718948,272
BinniBusRA11,17.08071,-96.71908,273
BinniBusRA11,17.080006,-96.719163,274
BinniBusRA11,17.07926,-96.719253,275
BinniBusRA11,17.079049,-96.719396,276
BinniBusRA11,17.078951,-96.719383,277
BinniBusRA11,17.078885,-96.719296,278
BinniBusRA11,17.078094,-96.719386,279
BinniBusRA11,17.077193,-96.719488,280
BinniBusRA11,17.076802,-96.71953,281
BinniBusRA11,17.076607,-96.719571,282
BinniBusRA11,17.076042,-96.719639,283
BinniBusRA11,17.075505,-96.719695,284
BinniBusRA11,17.075239,-96.719667,285
BinniBusRA11,17.074787,-96.719529,286
BinniBusRA11,17.074702,-96.719504,287
BinniBusRA11,17.074532,-96.719553,288
BinniBusRA11,17.074455,-96.71954,289
BinniBusRA11,17.074338,-96.719461,290
BinniBusRA11,17.074296,-96.719451,291
BinniBusRA11,17.073298,-96.719521,292
BinniBusRA11,17.072446,-96.719584,293
BinniBusRA11,17.071814,-96.719643,294
BinniBusRA11,17.071737,-96.719878,295
BinniBusRA11,17.071891,-96.720503,296
BinniBusRA11,17.071961,-96.720953,297
BinniBusRA11,17.072191,-96.721883,298
BinniBusRA11,17.072352,-96.722852,299
BinniBusRA11,17.072469,-96.723582,300
BinniBusRA11,17.072541,-96.7242,301
BinniBusRA11,17.072596,-96.72455,302
BinniBusRA11,17.072732,-96.725191,303
BinniBusRA11,17.072812,-96.72543,304
BinniBusRA11,17.072881,-96.725608,305
BinniBusRA11,17.072647,-96.725684,306
BinniBusRA11,17.072147,-96.725775,307
BinniBusRA11,17.071491,-96.725921,308
BinniBusRA11,17.071073,-96.726001,309
BinniBusRA11,17.070642,-96.726088,310
BinniBusRA11,17.070038,-96.726205,311
BinniBusRA11,17.069419,-96.726312,312
BinniBusRA11,17.069022,-96.726394,313
BinniBusRA11,17.06889,-96.726406,314
BinniBusRA11,17.068372,-96.726437,315
BinniBusRA11,17.067619,-96.72649,316
BinniBusRA11,17.067028,-96.726551,317
BinniBusRA11,17.066304,-96.726703,318
BinniBusRA11,17.065928,-96.726772,319
BinniBusRA11,17.065402,-96.726881,320
BinniBusRA11,17.064891,-96.726978,321
BinniBusRA11,17.064369,-96.727101,322
BinniBusRA11,17.06359,-96.727259,323
BinniBusRA11,17.06342,-96.727296,324
BinniBusRA11,17.06287,-96.727414,325
BinniBusRA11,17.062482,-96.727499,326
BinniBusRA11,17.06215,-96.727537,327
BinniBusRA11,17.061597,-96.727659,328
BinniBusRA11,17.060984,-96.727773,329
BinniBusRA11,17.06065,-96.72787,330
BinniBusRA11,17.059946,-96.728,331
BinniBusRA11,17.059715,-96.728048,332
BinniBusRA11,17.059796,-96.728391,333
BinniBusRA11,17.059945,-96.72914,334
BinniBusRA11,17.060136,-96.73011,335
BinniBusRA11,17.060246,-96.730659,336
BinniBusRA11,17.060361,-96.731202,337
BinniBusRA11,17.060456,-96.731588,338
BinniBusRA11,17.060542,-96.732161,339
BinniBusRA11,17.060606,-96.732437,340
BinniBusRA11,17.060722,-96.733077,341
BinniBusRA11,17.060745,-96.733312,342
BinniBusRA11,17.06075,-96.733475,343
BinniBusRA11,17.060797,-96.733729,344
BinniBusRA11,17.0606,-96.734024,345
BinniBusRA11,17.060105,-96.734761,346
BinniBusRA11,17.0597,-96.735384,347
BinniBusRA11,17.059247,-96.736057,348
BinniBusRA11,17.058969,-96.73645,349
BinniBusRA11,17.058992,-96.736516,350
BinniBusRA11,17.059056,-96.736575,351
BinniBusRA11,17.059351,-96.736703,352
BinniBusRA11,17.059534,-96.736774,353
BinniBusRA11,17.059834,-96.736868,354
BinniBusRA11,17.059912,-96.736864,355
BinniBusRA11,17.060387,-96.736904,356
BinniBusRA11,17.060696,-96.736962,357
BinniBusRA11,17.061234,-96.737107,358
BinniBusRA11,17.061555,-96.737098,359
BinniBusRA11,17.061604,-96.737253,360
BinniBusRA11,17.061598,-96.737859,361
BinniBusRA11,17.06158,-96.738869,362
BinniBusRA11,17.061577,-96.739404,363
BinniBusRA11,17.061442,-96.739827,364
BinniBusRA11,17.06132,-96.739939,365
BinniBusRA11,17.060977,-96.740378,366
BinniBusRA11,17.060584,-96.740804,367
BinniBusRA11,17.060187,-96.741262,368
BinniBusRA11,17.059705,-96.741785,369
BinniBusRA11,17.059096,-96.742475,370
BinniBusRA11,17.0587,-96.742918,371
BinniBusRA11,17.058601,-96.743025,372
BinniBusRA11,17.05928,-96.743598,373
BinniBusRA11,17.059606,-96.743918,374
BinniBusRA11,17.059996,-96.744277,375
BinniBusRA11,17.060196,-96.744765,376
BinniBusRA11,17.060725,-96.745139,377
BinniBusRA11,17.061246,-96.745493,378
BinniBusRA11,17.061719,-96.745815,379
BinniBusRA11,17.061988,-96.746029,380
BinniBusRA11,17.062264,-96.74629,381
BinniBusRA11,17.062542,-96.746542,382
BinniBusRA11,17.063106,-96.746904,383
BinniBusRA11,17.064037,-96.747488,384
BinniBusRA11,17.064142,-96.747666,385
BinniBusRA11,17.06405,-96.748427,386
BinniBusRA11,17.064032,-96.748773,387
BinniBusRA11,17.063986,-96.749446,388
BinniBusRA11,17.064086,-96.749704,389
BinniBusRA11,17.064334,-96.750069,390
BinniBusRA11,17.064568,-96.750356,391
BinniBusRA11,17.064811,-96.75083,392
BinniBusRA11,17.064988,-96.750967,393
BinniBusRA11,17.065478,-96.751128,394
BinniBusRA11,17.066214,-96.751415,395
BinniBusRA11,17.066352,-96.751539,396
BinniBusRA11,17.066673,-96.752164,397
BinniBusRA11,17.066822,-96.752464,398
BinniBusRA11,17.067065,-96.752713,399
BinniBusRA11,17.067391,-96.752845,400
BinniBusRA11,17.068268,-96.753078,401
BinniBusRA11,17.068834,-96.753277,402
BinniBusRA11,17.068948,-96.75334,403
BinniBusRA11,17.069196,-96.753518,404
BinniBusRA11,17.069783,-96.753945,405
BinniBusRA11,17.070483,-96.754444,406
BinniBusRA11,17.071029,-96.754875,407
BinniBusRA11,17.071519,-96.755202,408
BinniBusRA11,17.071434,-96.755307,409
BinniBusRA11,17.071145,-96.755824,410
BinniBusRA11,17.070891,-96.756289,411
BinniBusRA11,17.070883,-96.756506,412
BinniBusRA11,17.070985,-96.75658,413
BinniBusRA11,17.070352,-96.757936,414
BinniBusRA11,17.070511,-96.759135,415
BinniBusRA11,17.07008,-96.75921,416
BinniBusRA11,17.069716,-96.759242,417
BinniBusRA11,17.069627,-96.759414,418
BinniBusRA11,17.069386,-96.759862,419
BinniBusRA11,17.069237,-96.759805,420
BinniBusRA11,17.068976,-96.759678,421
BinniBusRA11,17.068561,-96.759486,422
BinniBusRA11,17.068189,-96.759309,423
BinniBusRA11,17.067697,-96.760227,424
BinniBusRA11,17.067579,-96.760482,425
BinniBusRA12,17.105585,-96.739049,1
BinniBusRA12,17.105439,-96.739143,2
BinniBusRA12,17.105292,-96.739246,3
BinniBusRA12,17.10517,-96.73938,4
BinniBusRA12,17.10505,-96.73956,5
BinniBusRA12,17.10501,-96.73963,6
BinniBusRA12,17.105,-96.73964,7
BinniBusRA12,17.10492,-96.73981,8
BinniBusRA12,17.10472,-96.74024,9
BinniBusRA12,17.10461,-96.74046,10
BinniBusRA12,17.10453,-96.74065,11
BinniBusRA12,17.10451,-96.74079,12
BinniBusRA12,17.10451,-96.74087,13
BinniBusRA12,17.10451,-96.74092,14
BinniBusRA12,17.10452,-96.74095,15
BinniBusRA12,17.10454,-96.74098,16
BinniBusRA12,17.10457,-96.74103,17
BinniBusRA12,17.10467,-96.74118,18
BinniBusRA12,17.10464,-96.7413,19
BinniBusRA12,17.10462,-96.74135,20
BinniBusRA12,17.1046,-96.7414,21
BinniBusRA12,17.10453,-96.74153,22
BinniBusRA12,17.1045,-96.74158,23
BinniBusRA12,17.10447,-96.74162,24
BinniBusRA12,17.10442,-96.7417,25
BinniBusRA12,17.1044,-96.74174,26
BinniBusRA12,17.10437,-96.74178,27
BinniBusRA12,17.10436,-96.7418,28
BinniBusRA12,17.10429,-96.74195,29
BinniBusRA12,17.10414,-96.74225,30
BinniBusRA12,17.1041,-96.74232,31
BinniBusRA12,17.10407,-96.74237,32
BinniBusRA12,17.10399,-96.74254,33
BinniBusRA12,17.10397,-96.74257,34
BinniBusRA12,17.10391,-96.74271,35
BinniBusRA12,17.10372,-96.74305,36
BinniBusRA12,17.10371,-96.74308,37
BinniBusRA12,17.1037,-96.7431,38
BinniBusRA12,17.10351,-96.74344,39
BinniBusRA12,17.1033,-96.74381,40
BinniBusRA12,17.10313,-96.74412,41
BinniBusRA12,17.10309,-96.74419,42
BinniBusRA12,17.10304,-96.74427,43
BinniBusRA12,17.10286,-96.74459,44
BinniBusRA12,17.10293,-96.74462,45
BinniBusRA12,17.10296,-96.74463,46
BinniBusRA12,17.1034,-96.74484,47
BinniBusRA12,17.10321,-96.74533,48
BinniBusRA12,17.10306,-96.7457,49
BinniBusRA12,17.10297,-96.74595,50
BinniBusRA12,17.10298,-96.74595,51
BinniBusRA12,17.10299,-96.74596,52
BinniBusRA12,17.103,-96.74596,53
BinniBusRA12,17.10301,-96.74597,54
BinniBusRA12,17.10302,-96.74598,55
BinniBusRA12,17.10303,-96.74599,56
BinniBusRA12,17.10304,-96.74599,57
BinniBusRA12,17.10304,-96.746,58
BinniBusRA12,17.10305,-96.74601,59
BinniBusRA12,17.10305,-96.74602,60
BinniBusRA12,17.10306,-96.74603,61
BinniBusRA12,17.10306,-96.74604,62
BinniBusRA12,17.10306,-96.74605,63
BinniBusRA12,17.10307,-96.74606,64
BinniBusRA12,17.10307,-96.74607,65
BinniBusRA12,17.10307,-96.74608,66
BinniBusRA12,17.10307,-96.74609,67
BinniBusRA12,17.10307,-96.7461,68
BinniBusRA12,17.10307,-96.74611,69
BinniBusRA12,17.10306,-96.74612,70
BinniBusRA12,17.10306,-96.74613,71
BinniBusRA12,17.10306,-96.74614,72
BinniBusRA12,17.10306,-96.74615,73
BinniBusRA12,17.10305,-96.74615,74
BinniBusRA12,17.10305,-96.74616,75
BinniBusRA12,17.10304,-96.74617,76
BinniBusRA12,17.10303,-96.74618,77
BinniBusRA12,17.10303,-96.74619,78
BinniBusRA12,17.10302,-96.74619,79
BinniBusRA12,17.10301,-96.7462,80
BinniBusRA12,17.103,-96.74621,81
BinniBusRA12,17.10299,-96.74621,82
BinniBusRA12,17.10299,-96.74622,83
BinniBusRA12,17.10298,-96.74622,84
BinniBusRA12,17.10297,-96.74622,85
BinniBusRA12,17.10296,-96.74622,86
BinniBusRA12,17.10295,-96.74623,87
BinniBusRA12,17.10291,-96.74652,88
BinniBusRA12,17.10288,-96.74677,89
BinniBusRA12,17.10284,-96.74709,90
BinniBusRA12,17.10281,-96.7472,91
BinniBusRA12,17.1028,-96.74728,92
BinniBusRA12,17.10278,-96.74736,93
BinniBusRA12,17.10271,-96.74764,94
BinniBusRA12,17.10268,-96.74778,95
BinniBusRA12,17.10264,-96.74792,96
BinniBusRA12,17.10255,-96.7482,97
BinniBusRA12,17.10246,-96.74852,98
BinniBusRA12,17.1024,-96.74874,99
BinniBusRA12,17.10222,-96.74927,100
BinniBusRA12,17.10207,-96.74974,101
BinniBusRA12,17.10207,-96.74975,102
BinniBusRA12,17.10208,-96.74975,103
BinniBusRA12,17.10208,-96.74976,104
BinniBusRA12,17.10209,-96.74977,105
BinniBusRA12,17.10209,-96.74978,106
BinniBusRA12,17.10209,-96.74979,107
BinniBusRA12,17.1021,-96.74979,108
BinniBusRA12,17.1021,-96.7498,109
BinniBusRA12,17.1021,-96.74981,110
BinniBusRA12,17.1021,-96.74982,111
BinniBusRA12,17.1021,-96.74983,112
BinniBusRA12,17.1021,-96.74984,113
BinniBusRA12,17.10209,-96.74984,114
BinniBusRA12,17.10209,-96.74985,115
BinniBusRA12,17.10209,-96.74986,116
BinniBusRA12,17.10208,-96.74987,117
BinniBusRA12,17.10208,-96.74988,118
BinniBusRA12,17.10207,-96.74988,119
BinniBusRA12,17.10207,-96.74989,120
BinniBusRA12,17.10206,-96.74989,121
BinniBusRA12,17.10206,-96.7499,122
BinniBusRA12,17.10205,-96.7499,123
BinniBusRA12,17.10204,-96.74991,124
BinniBusRA12,17.10203,-96.74991,125
BinniBusRA12,17.10202,-96.74991,126
BinniBusRA12,17.10192,-96.75017,127
BinniBusRA12,17.10185,-96.75034,128
BinniBusRA12,17.10182,-96.75041,129
BinniBusRA12,17.10168,-96.75073,130
BinniBusRA12,17.10163,-96.75086,131
BinniBusRA12,17.10149,-96.75119,132
BinniBusRA12,17.10147,-96.75123,133
BinniBusRA12,17.10144,-96.75131,134
BinniBusRA12,17.1014,-96.75141,135
BinniBusRA12,17.10132,-96.75164,136
BinniBusRA12,17.1013,-96.75173,137
BinniBusRA12,17.10127,-96.75172,138
BinniBusRA12,17.10122,-96.7517,139
BinniBusRA12,17.10084,-96.75155,140
BinniBusRA12,17.09998,-96.7512,141
BinniBusRA12,17.09941,-96.75095,142
BinniBusRA12,17.09915,-96.75084,143
BinniBusRA12,17.09892,-96.75074,144
BinniBusRA12,17.09731,-96.75009,145
BinniBusRA12,17.09721,-96.74999,146
BinniBusRA12,17.09704,-96.74989,147
BinniBusRA12,17.096,-96.74946,148
BinniBusRA12,17.09543,-96.74924,149
BinniBusRA12,17.09432,-96.74878,150
BinniBusRA12,17.09356,-96.74843,151
BinniBusRA12,17.09338,-96.74832,152
BinniBusRA12,17.09328,-96.74826,153
BinniBusRA12,17.09316,-96.74821,154
BinniBusRA12,17.09278,-96.74805,155
BinniBusRA12,17.09255,-96.748,156
BinniBusRA12,17.09245,-96.74797,157
BinniBusRA12,17.09211,-96.7478,158
BinniBusRA12,17.09192,-96.74774,159
BinniBusRA12,17.09184,-96.74771,160
BinniBusRA12,17.09171,-96.74765,161
BinniBusRA12,17.09124,-96.74745,162
BinniBusRA12,17.09111,-96.74739,163
BinniBusRA12,17.09105,-96.74737,164
BinniBusRA12,17.09099,-96.74733,165
BinniBusRA12,17.09094,-96.74732,166
BinniBusRA12,17.09082,-96.74726,167
BinniBusRA12,17.09019,-96.74699,168
BinniBusRA12,17.08943,-96.74667,169
BinniBusRA12,17.08936,-96.74664,170
BinniBusRA12,17.0889,-96.74641,171
BinniBusRA12,17.08768,-96.74587,172
BinniBusRA12,17.08603,-96.74514,173
BinniBusRA12,17.08592,-96.74511,174
BinniBusRA12,17.08511,-96.74475,175
BinniBusRA12,17.08377,-96.74421,176
BinniBusRA12,17.08372,-96.74419,177
BinniBusRA12,17.08362,-96.74414,178
BinniBusRA12,17.08321,-96.74395,179
BinniBusRA12,17.08283,-96.7438,180
BinniBusRA12,17.08274,-96.74376,181
BinniBusRA12,17.08245,-96.74359,182
BinniBusRA12,17.08243,-96.7436,183
BinniBusRA12,17.08241,-96.74362,184
BinniBusRA12,17.0824,-96.74362,185
BinniBusRA12,17.08237,-96.74362,186
BinniBusRA12,17.08234,-96.74362,187
BinniBusRA12,17.08231,-96.74361,188
BinniBusRA12,17.08222,-96.74359,189
BinniBusRA12,17.08206,-96.74358,190
BinniBusRA12,17.08175,-96.74358,191
BinniBusRA12,17.08165,-96.74358,192
BinniBusRA12,17.08149,-96.74358,193
BinniBusRA12,17.08133,-96.74358,194
BinniBusRA12,17.08096,-96.74357,195
BinniBusRA12,17.08077,-96.74355,196
BinniBusRA12,17.08075,-96.74355,197
BinniBusRA12,17.08061,-96.74354,198
BinniBusRA12,17.08056,-96.74353,199
BinniBusRA12,17.08045,-96.74352,200
BinniBusRA12,17.08018,-96.74348,201
BinniBusRA12,17.08015,-96.74359,202
BinniBusRA12,17.07973,-96.74448,203
BinniBusRA12,17.07968,-96.74457,204
BinniBusRA12,17.07965,-96.74465,205
BinniBusRA12,17.0796,-96.74473,206
BinniBusRA12,17.07952,-96.7449,207
BinniBusRA12,17.07944,-96.74504,208
BinniBusRA12,17.07938,-96.74517,209
BinniBusRA12,17.07935,-96.74523,210
BinniBusRA12,17.07917,-96.74564,211
BinniBusRA12,17.0791,-96.7458,212
BinniBusRA12,17.07907,-96.74587,213
BinniBusRA12,17.07879,-96.74649,214
BinniBusRA12,17.07875,-96.74656,215
BinniBusRA12,17.07865,-96.7468,216
BinniBusRA12,17.07858,-96.74692,217
BinniBusRA12,17.07857,-96.74693,218
BinniBusRA12,17.07851,-96.74701,219
BinniBusRA12,17.07847,-96.74707,220
BinniBusRA12,17.07847,-96.74708,221
BinniBusRA12,17.07835,-96.74734,222
BinniBusRA12,17.07825,-96.74756,223
BinniBusRA12,17.07821,-96.74764,224
BinniBusRA12,17.07819,-96.74768,225
BinniBusRA12,17.07814,-96.74781,226
BinniBusRA12,17.07782,-96.7476,227
BinniBusRA12,17.07743,-96.74739,228
BinniBusRA12,17.07672,-96.74697,229
BinniBusRA12,17.07669,-96.74692,230
BinniBusRA12,17.07663,-96.74685,231
BinniBusRA12,17.07657,-96.74681,232
BinniBusRA12,17.07504,-96.74599,233
BinniBusRA12,17.07467,-96.74578,234
BinniBusRA12,17.07401,-96.74537,235
BinniBusRA12,17.07385,-96.74528,236
BinniBusRA12,17.07351,-96.74507,237
BinniBusRA12,17.07319,-96.74487,238
BinniBusRA12,17.07275,-96.74463,239
BinniBusRA12,17.07234,-96.74442,240
BinniBusRA12,17.07199,-96.74424,241
BinniBusRA12,17.07174,-96.74411,242
BinniBusRA12,17.07165,-96.74406,243
BinniBusRA12,17.07148,-96.74394,244
BinniBusRA12,17.07124,-96.74382,245
BinniBusRA12,17.07043,-96.74342,246
BinniBusRA12,17.07036,-96.74339,247
BinniBusRA12,17.06994,-96.74318,248
BinniBusRA12,17.06909,-96.74276,249
BinniBusRA12,17.069,-96.74271,250
BinniBusRA12,17.06889,-96.74265,251
BinniBusRA12,17.06867,-96.74253,252
BinniBusRA12,17.06693,-96.74156,253
BinniBusRA12,17.06648,-96.74133,254
BinniBusRA12,17.06587,-96.74103,255
BinniBusRA12,17.0657,-96.74095,256
BinniBusRA12,17.06524,-96.7407,257
BinniBusRA12,17.06519,-96.74066,258
BinniBusRA12,17.06522,-96.7406,259
BinniBusRA12,17.06535,-96.74041,260
BinniBusRA12,17.06543,-96.74029,261
BinniBusRA12,17.06551,-96.74016,262
BinniBusRA12,17.06562,-96.74001,263
BinniBusRA12,17.06566,-96.73995,264
BinniBusRA12,17.0658,-96.73974,265
BinniBusRA12,17.06547,-96.73957,266
BinniBusRA12,17.06413,-96.73888,267
BinniBusRA12,17.06405,-96.73883,268
BinniBusRA12,17.06396,-96.73878,269
BinniBusRA12,17.06337,-96.73846,270
BinniBusRA12,17.06315,-96.73836,271
BinniBusRA12,17.06287,-96.73824,272
BinniBusRA12,17.06279,-96.73821,273
BinniBusRA12,17.06257,-96.73816,274
BinniBusRA12,17.06237,-96.73809,275
BinniBusRA12,17.06233,-96.73809,276
BinniBusRA12,17.06227,-96.73809,277
BinniBusRA12,17.06205,-96.73803,278
BinniBusRA12,17.06188,-96.73798,279
BinniBusRA12,17.06175,-96.73794,280
BinniBusRA12,17.06142,-96.73781,281
BinniBusRA12,17.0609,-96.73756,282
BinniBusRA12,17.0605,-96.73737,283
BinniBusRA12,17.06042,-96.737327,284
BinniBusRA12,17.060379,-96.737293,285
BinniBusRA12,17.060358,-96.73725,286
BinniBusRA12,17.060365,-96.73717,287
BinniBusRA12,17.060365,-96.7371,288
BinniBusRA12,17.060355,-96.737057,289
BinniBusRA12,17.060336,-96.737026,290
BinniBusRA12,17.060305,-96.736975,291
BinniBusRA12,17.060261,-96.736952,292
BinniBusRA12,17.060195,-96.736938,293
BinniBusRA12,17.05991,-96.73687,294
BinniBusRA12,17.05985,-96.73688,295
BinniBusRA12,17.0597,-96.73683,296
BinniBusRA12,17.05954,-96.73678,297
BinniBusRA12,17.05946,-96.73675,298
BinniBusRA12,17.05921,-96.73666,299
BinniBusRA12,17.05911,-96.73661,300
BinniBusRA12,17.05907,-96.73659,301
BinniBusRA12,17.05901,-96.73653,302
BinniBusRA12,17.05893,-96.73651,303
BinniBusRA12,17.05889,-96.73649,304
BinniBusRA12,17.05892,-96.73641,305
BinniBusRA12,17.05937,-96.7357,306
BinniBusRA12,17.05946,-96.73557,307
BinniBusRA12,17.05947,-96.73554,308
BinniBusRA12,17.05948,-96.73553,309
BinniBusRA12,17.05964,-96.73529,310
BinniBusRA12,17.05992,-96.73484,311
BinniBusRA12,17.05994,-96.73482,312
BinniBusRA12,17.05997,-96.73477,313
BinniBusRA12,17.06003,-96.73466,314
BinniBusRA12,17.06026,-96.73436,315
BinniBusRA12,17.06066,-96.73376,316
BinniBusRA12,17.06069,-96.7337,317
BinniBusRA12,17.06075,-96.73362,318
BinniBusRA12,17.0608,-96.73352,319
BinniBusRA12,17.06085,-96.73344,320
BinniBusRA12,17.0609,-96.7334,321
BinniBusRA12,17.06094,-96.73337,322
BinniBusRA12,17.0612,-96.73323,323
BinniBusRA12,17.06121,-96.73293,324
BinniBusRA12,17.06122,-96.73202,325
BinniBusRA12,17.06122,-96.7319,326
BinniBusRA12,17.06119,-96.7307,327
BinniBusRA12,17.06117,-96.73054,328
BinniBusRA12,17.06104,-96.72978,329
BinniBusRA12,17.06085,-96.72883,330
BinniBusRA12,17.06064,-96.72786,331
BinniBusRA12,17.06058,-96.72757,332
BinniBusRA12,17.06045,-96.72689,333
BinniBusRA12,17.06137,-96.72669,334
BinniBusRA12,17.0623,-96.72649,335
BinniBusRA12,17.06219,-96.72595,336
BinniBusRA12,17.06209,-96.72554,337
BinniBusRA12,17.06199,-96.72505,338
BinniBusRA12,17.0619,-96.72459,339
BinniBusRA12,17.06171,-96.72362,340
BinniBusRA12,17.0616,-96.72307,341
BinniBusRA12,17.06159,-96.723,342
BinniBusRA12,17.06157,-96.72288,343
BinniBusRA12,17.06152,-96.72262,344
BinniBusRA12,17.06143,-96.72225,345
BinniBusRA12,17.06138,-96.72198,346
BinniBusRA12,17.0613,-96.72162,347
BinniBusRA12,17.06109,-96.72062,348
BinniBusRA12,17.06206,-96.7204,349
BinniBusRA12,17.06217,-96.72037,350
BinniBusRA12,17.06302,-96.7202,351
BinniBusRA12,17.06354,-96.72008,352
BinniBusRA12,17.06404,-96.71997,353
BinniBusRA12,17.06495,-96.71977,354
BinniBusRA12,17.06514,-96.71972,355
BinniBusRA12,17.06584,-96.71955,356
BinniBusRA12,17.06602,-96.71951,357
BinniBusRA12,17.06702,-96.71932,358
BinniBusRA12,17.06703,-96.71932,359
BinniBusRA12,17.06743,-96.71924,360
BinniBusRA12,17.06805,-96.71908,361
BinniBusRA12,17.06829,-96.71901,362
BinniBusRA12,17.06908,-96.71884,363
BinniBusRA12,17.06936,-96.71877,364
BinniBusRA12,17.06962,-96.7187,365
BinniBusRA12,17.06981,-96.71866,366
BinniBusRA12,17.07028,-96.71857,367
BinniBusRA12,17.07054,-96.71853,368
BinniBusRA12,17.07059,-96.71849,369
BinniBusRA12,17.07066,-96.71847,370
BinniBusRA12,17.07085,-96.71846,371
BinniBusRA12,17.07103,-96.71839,372
BinniBusRA12,17.07107,-96.71837,373
BinniBusRA12,17.07109,-96.71835,374
BinniBusRA12,17.0711,-96.71834,375
BinniBusRA12,17.07112,-96.71833,376
BinniBusRA12,17.07112,-96.71832,377
BinniBusRA12,17.07113,-96.71831,378
BinniBusRA12,17.07114,-96.71829,379
BinniBusRA12,17.07115,-96.71828,380
BinniBusRA12,17.07115,-96.71826,381
BinniBusRA12,17.07115,-96.71825,382
BinniBusRA12,17.07115,-96.71821,383
BinniBusRA12,17.07113,-96.71813,384
BinniBusRA12,17.07111,-96.71804,385
BinniBusRA12,17.0711,-96.71797,386
BinniBusRA12,17.07104,-96.71774,387
BinniBusRA12,17.07104,-96.71773,388
BinniBusRA12,17.07103,-96.71771,389
BinniBusRA12,17.07104,-96.71768,390
BinniBusRA12,17.07104,-96.71767,391
BinniBusRA12,17.07105,-96.71767,392
BinniBusRA12,17.07106,-96.71766,393
BinniBusRA12,17.07106,-96.71765,394
BinniBusRA12,17.07107,-96.71765,395
BinniBusRA12,17.07107,-96.71764,396
BinniBusRA12,17.07108,-96.71764,397
BinniBusRA12,17.07098,-96.71721,398
BinniBusRA12,17.07088,-96.71671,399
BinniBusRA12,17.07088,-96.71668,400
BinniBusRA12,17.07075,-96.71622,401
BinniBusRA12,17.07066,-96.71596,402
BinniBusRA12,17.07064,-96.71588,403
BinniBusRA12,17.07061,-96.7157,404
BinniBusRA12,17.0706,-96.71566,405
BinniBusRA12,17.07059,-96.71561,406
BinniBusRA12,17.07057,-96.71549,407
BinniBusRA12,17.07048,-96.71497,408
BinniBusRA12,17.07047,-96.71488,409
BinniBusRA12,17.07045,-96.71469,410
BinniBusRA12,17.07043,-96.71453,411
BinniBusRA12,17.07043,-96.71449,412
BinniBusRA12,17.0704,-96.71404,413
BinniBusRA12,17.07037,-96.71369,414
BinniBusRA12,17.07037,-96.71361,415
BinniBusRA12,17.07044,-96.71358,416
BinniBusRA12,17.0705,-96.71358,417
BinniBusRA12,17.07074,-96.71354,418
BinniBusRA12,17.07133,-96.71345,419
BinniBusRA12,17.07152,-96.71342,420
BinniBusRA12,17.0719,-96.71338,421
BinniBusRA12,17.07242,-96.71332,422
BinniBusRA12,17.07261,-96.71329,423
BinniBusRA12,17.07283,-96.71325,424
BinniBusRA12,17.07332,-96.71321,425
BinniBusRA12,17.07388,-96.7131,426
BinniBusRA12,17.07472,-96.71299,427
BinniBusRA12,17.07491,-96.71297,428
BinniBusRA12,17.07496,-96.71296,429
BinniBusRA12,17.07503,-96.71295,430
BinniBusRA12,17.07555,-96.71287,431
BinniBusRA12,17.07598,-96.7128,432
BinniBusRA12,17.07603,-96.71279,433
BinniBusRA12,17.0761,-96.71278,434
BinniBusRA12,17.07647,-96.71274,435
BinniBusRA12,17.07704,-96.71267,436
BinniBusRA12,17.07709,-96.71267,437
BinniBusRA12,17.07716,-96.71266,438
BinniBusRA12,17.07771,-96.71256,439
BinniBusRA12,17.07818,-96.71249,440
BinniBusRA12,17.07822,-96.71248,441
BinniBusRA12,17.07826,-96.71247,442
BinniBusRA12,17.07833,-96.71246,443
BinniBusRA12,17.07871,-96.71242,444
BinniBusRA12,17.07929,-96.71237,445
BinniBusRA12,17.07934,-96.71237,446
BinniBusRA12,17.07939,-96.71236,447
BinniBusRA12,17.07981,-96.71227,448
BinniBusRA12,17.08011,-96.71224,449
BinniBusRA12,17.08036,-96.71223,450
BinniBusRA12,17.08041,-96.71223,451
BinniBusRA12,17.08047,-96.71222,452
BinniBusRA12,17.08095,-96.71216,453
BinniBusRA12,17.0814,-96.71209,454
BinniBusRA12,17.08147,-96.71208,455
BinniBusRA12,17.08141,-96.71154,456
BinniBusRA12,17.0814,-96.71137,457
BinniBusRA12,17.08139,-96.71125,458
BinniBusRA12,17.08133,-96.71108,459
BinniBusRA12,17.08133,-96.71096,460
BinniBusRA12,17.08129,-96.71065,461
BinniBusRA12,17.08125,-96.7104,462
BinniBusRA12,17.08125,-96.71037,463
BinniBusRA12,17.08123,-96.71023,464
BinniBusRA12,17.08122,-96.71008,465
BinniBusRA12,17.0812,-96.70996,466
BinniBusRA12,17.08109,-96.70915,467
BinniBusRA12,17.08109,-96.70913,468
BinniBusRA12,17.08106,-96.70888,469
BinniBusRA12,17.08105,-96.7088,470
BinniBusRA12,17.08102,-96.70857,471
BinniBusRA12,17.08101,-96.7085,472
BinniBusRA12,17.08096,-96.70812,473
BinniBusRA12,17.08093,-96.70775,474
BinniBusRA12,17.08085,-96.70699,475
BinniBusRA12,17.08082,-96.70675,476
BinniBusRA12,17.0808,-96.70648,477
BinniBusRA12,17.08079,-96.7064,478
BinniBusRA12,17.08078,-96.70638,479
BinniBusRA12,17.08077,-96.70635,480
BinniBusRA12,17.08076,-96.70634,481
BinniBusRA12,17.08074,-96.70632,482
BinniBusRA12,17.08072,-96.70628,483
BinniBusRA12,17.0802,-96.70623,484
BinniBusRA12,17.0797,-96.70621,485
BinniBusRA12,17.07963,-96.70621,486
BinniBusRA12,17.07956,-96.70565,487
BinniBusRA12,17.07948,-96.70498,488
BinniBusRA12,17.07943,-96.70461,489
BinniBusRA12,17.07943,-96.7046,490
BinniBusRA12,17.07941,-96.70443,491
BinniBusRA12,17.07941,-96.70442,492
BinniBusRA12,17.07936,-96.70404,493
BinniBusRA12,17.07929,-96.70351,494
BinniBusRA12,17.07924,-96.70318,495
BinniBusRA12,17.07931,-96.70317,496
BinniBusRA12,17.07984,-96.70308,497
BinniBusRA12,17.08041,-96.70299,498
BinniBusRA12,17.08108,-96.70289,499
BinniBusRA12,17.08153,-96.70283,500
BinniBusRA12,17.08203,-96.70276,501
BinniBusRA12,17.08198,-96.70159,502
BinniBusRA12,17.08193,-96.69986,503
BinniBusRA12,17.08252,-96.6999,504
BinniBusRA12,17.08261,-96.69991,505
BinniBusRA12,17.08316,-96.69992,506
BinniBusRA12,17.0835,-96.69994,507
BinniBusRA12,17.08359,-96.69994,508
BinniBusRA12,17.08357,-96.69956,509
BinniBusRA12,17.08355,-96.69927,510
BinniBusRA12,17.08354,-96.69912,511
BinniBusRA12,17.08354,-96.699,512
BinniBusRA12,17.08353,-96.69872,513
BinniBusRA12,17.08352,-96.69853,514
BinniBusRA12,17.08351,-96.69843,515
BinniBusRA12,17.08349,-96.69811,516
BinniBusRA12,17.08348,-96.69795,517
BinniBusRA12,17.08348,-96.69776,518
BinniBusRA12,17.0835,-96.69768,519
BinniBusRA12,17.08352,-96.69762,520
BinniBusRA12,17.08355,-96.69755,521
BinniBusRA12,17.08361,-96.69744,522
BinniBusRA12,17.08365,-96.69736,523
BinniBusRA12,17.08372,-96.69719,524
BinniBusRA12,17.08385,-96.69695,525
BinniBusRA12,17.08388,-96.69687,526
BinniBusRA12,17.08392,-96.6968,527
BinniBusRA12,17.08396,-96.69672,528
BinniBusRA12,17.08416,-96.69635,529
BinniBusRA12,17.08428,-96.69609,530
BinniBusRA12,17.08438,-96.6959,531
BinniBusRA12,17.0844,-96.69584,532
BinniBusRA12,17.08441,-96.69579,533
BinniBusRA12,17.08443,-96.69574,534
BinniBusRA12,17.08444,-96.69565,535
BinniBusRA12,17.08445,-96.69555,536
BinniBusRA12,17.08445,-96.69547,537
BinniBusRA12,17.08444,-96.69535,538
BinniBusRA12,17.08444,-96.69526,539
BinniBusRA12,17.08443,-96.6951,540
BinniBusRA12,17.08443,-96.69505,541
BinniBusRA12,17.08441,-96.69474,542
BinniBusRA12,17.08439,-96.6945,543
BinniBusRA12,17.08438,-96.69429,544
BinniBusRA12,17.08437,-96.6942,545
BinniBusRA12,17.08436,-96.69409,546
BinniBusRA12,17.08445,-96.69408,547
BinniBusRA12,17.08452,-96.69407,548
BinniBusRA12,17.08498,-96.69402,549
BinniBusRA12,17.08507,-96.69401,550
BinniBusRA12,17.08519,-96.69398,551
BinniBusRA12,17.08555,-96.69393,552
BinniBusRA12,17.08557,-96.69392,553
BinniBusRA12,17.08596,-96.69387,554
BinniBusRA12,17.08643,-96.69381,555
BinniBusRA12,17.086602,-96.69387,556
BinniBusRA12,17.086581,-96.69392,557
BinniBusRA12,17.086561,-96.693922,558
BinniBusRA12,17.086221,-96.69396,559
BinniBusRA12,17.085591,-96.69403,560
BinniBusRA12,17.085571,-96.69403,561
BinniBusRA12,17.085071,-96.69411,562
BinniBusRA12,17.084981,-96.69412,563
BinniBusRA12,17.084531,-96.69418,564
BinniBusRA12,17.084461,-96.69419,565
BinniBusRA12,17.084481,-96.69444,566
BinniBusRA12,17.084481,-96.69455,567
BinniBusRA12,17.084491,-96.69462,568
BinniBusRA12,17.084501,-96.69505,569
BinniBusRA12,17.084511,-96.6951,570
BinniBusRA12,17.084521,-96.69546,571
BinniBusRA12,17.084521,-96.69561,572
BinniBusRA12,17.084521,-96.69571,573
BinniBusRA12,17.084511,-96.69577,574
BinniBusRA12,17.084501,-96.69582,575
BinniBusRA12,17.084441,-96.69594,576
BinniBusRA12,17.084131,-96.69655,577
BinniBusRA12,17.084011,-96.69678,578
BinniBusRA12,17.083981,-96.69683,579
BinniBusRA12,17.083951,-96.69691,580
BinniBusRA12,17.083921,-96.69697,581
BinniBusRA12,17.083801,-96.69721,582
BinniBusRA12,17.083791,-96.69723,583
BinniBusRA12,17.083761,-96.69728,584
BinniBusRA12,17.083741,-96.69734,585
BinniBusRA12,17.083711,-96.69739,586
BinniBusRA12,17.083581,-96.69768,587
BinniBusRA12,17.083561,-96.69774,588
BinniBusRA12,17.083561,-96.69777,589
BinniBusRA12,17.083551,-96.69783,590
BinniBusRA12,17.083551,-96.69789,591
BinniBusRA12,17.083561,-96.69795,592
BinniBusRA12,17.083571,-96.69807,593
BinniBusRA12,17.083591,-96.69841,594
BinniBusRA12,17.083601,-96.69859,595
BinniBusRA12,17.083611,-96.69877,596
BinniBusRA12,17.083611,-96.69882,597
BinniBusRA12,17.083621,-96.69895,598
BinniBusRA12,17.083621,-96.69902,599
BinniBusRA12,17.083631,-96.69923,600
BinniBusRA12,17.083651,-96.69953,601
BinniBusRA12,17.083661,-96.69995,602
BinniBusRA12,17.083591,-96.69994,603
BinniBusRA12,17.083501,-96.69994,604
BinniBusRA12,17.083161,-96.69992,605
BinniBusRA12,17.082611,-96.69991,606
BinniBusRA12,17.082521,-96.6999,607
BinniBusRA12,17.081931,-96.69986,608
BinniBusRA12,17.081981,-96.70159,609
BinniBusRA12,17.082031,-96.70276,610
BinniBusRA12,17.081531,-96.70283,611
BinniBusRA12,17.081081,-96.70289,612
BinniBusRA12,17.080411,-96.70299,613
BinniBusRA12,17.079841,-96.70308,614
BinniBusRA12,17.079311,-96.70317,615
BinniBusRA12,17.079351,-96.7035,616
BinniBusRA12,17.079421,-96.70404,617
BinniBusRA12,17.079471,-96.70442,618
BinniBusRA12,17.079491,-96.7046,619
BinniBusRA12,17.079491,-96.70461,620
BinniBusRA12,17.079541,-96.70497,621
BinniBusRA12,17.079611,-96.70548,622
BinniBusRA12,17.079631,-96.70565,623
BinniBusRA12,17.079631,-96.70566,624
BinniBusRA12,17.079661,-96.70584,625
BinniBusRA12,17.079681,-96.70611,626
BinniBusRA12,17.079701,-96.70621,627
BinniBusRA12,17.079691,-96.70631,628
BinniBusRA12,17.079681,-96.70639,629
BinniBusRA12,17.079731,-96.70684,630
BinniBusRA12,17.079781,-96.70724,631
BinniBusRA12,17.079871,-96.70791,632
BinniBusRA12,17.080021,-96.70902,633
BinniBusRA12,17.080081,-96.70955,634
BinniBusRA12,17.080151,-96.71011,635
BinniBusRA12,17.080151,-96.71023,636
BinniBusRA12,17.080231,-96.71085,637
BinniBusRA12,17.080271,-96.71122,638
BinniBusRA12,17.080381,-96.71195,639
BinniBusRA12,17.080411,-96.71223,640
BinniBusRA12,17.080431,-96.71231,641
BinniBusRA12,17.080371,-96.71231,642
BinniBusRA12,17.080131,-96.71233,643
BinniBusRA12,17.079831,-96.71236,644
BinniBusRA12,17.079401,-96.71245,645
BinniBusRA12,17.079351,-96.71246,646
BinniBusRA12,17.079301,-96.71247,647
BinniBusRA12,17.078721,-96.71253,648
BinniBusRA12,17.078341,-96.71257,649
BinniBusRA12,17.078271,-96.71258,650
BinniBusRA12,17.078231,-96.71259,651
BinniBusRA12,17.078191,-96.71259,652
BinniBusRA12,17.077721,-96.71266,653
BinniBusRA12,17.077181,-96.71274,654
BinniBusRA12,17.077101,-96.71275,655
BinniBusRA12,17.077051,-96.71275,656
BinniBusRA12,17.076481,-96.71283,657
BinniBusRA12,17.076111,-96.71288,658
BinniBusRA12,17.076041,-96.71289,659
BinniBusRA12,17.075981,-96.7129,660
BinniBusRA12,17.075561,-96.71297,661
BinniBusRA12,17.075051,-96.71304,662
BinniBusRA12,17.074981,-96.71305,663
BinniBusRA12,17.074921,-96.71306,664
BinniBusRA12,17.074741,-96.71308,665
BinniBusRA12,17.073881,-96.71319,666
BinniBusRA12,17.073241,-96.71327,667
BinniBusRA12,17.073001,-96.71331,668
BinniBusRA12,17.072861,-96.71333,669
BinniBusRA12,17.072461,-96.71339,670
BinniBusRA12,17.071931,-96.71344,671
BinniBusRA12,17.071531,-96.71349,672
BinniBusRA12,17.071341,-96.71352,673
BinniBusRA12,17.070741,-96.71364,674
BinniBusRA12,17.070511,-96.71367,675
BinniBusRA12,17.070451,-96.71368,676
BinniBusRA12,17.070461,-96.71386,677
BinniBusRA12,17.070511,-96.7145,678
BinniBusRA12,17.070521,-96.71455,679
BinniBusRA12,17.070541,-96.71472,680
BinniBusRA12,17.070571,-96.71488,681
BinniBusRA12,17.070681,-96.71548,682
BinniBusRA12,17.070701,-96.7156,683
BinniBusRA12,17.070721,-96.71568,684
BinniBusRA12,17.070761,-96.71583,685
BinniBusRA12,17.070861,-96.7162,686
BinniBusRA12,17.070911,-96.71637,687
BinniBusRA12,17.070981,-96.71667,688
BinniBusRA12,17.070991,-96.71671,689
BinniBusRA12,17.071061,-96.71707,690
BinniBusRA12,17.071081,-96.71718,691
BinniBusRA12,17.071091,-96.71723,692
BinniBusRA12,17.071171,-96.71762,693
BinniBusRA12,17.071181,-96.71784,694
BinniBusRA12,17.071221,-96.71806,695
BinniBusRA12,17.071241,-96.71817,696
BinniBusRA12,17.071251,-96.7182,697
BinniBusRA12,17.071281,-96.71834,698
BinniBusRA12,17.071321,-96.71861,699
BinniBusRA12,17.071391,-96.71892,700
BinniBusRA12,17.071441,-96.71909,701
BinniBusRA12,17.071481,-96.71922,702
BinniBusRA12,17.071481,-96.71927,703
BinniBusRA12,17.071511,-96.71954,704
BinniBusRA12,17.071511,-96.71967,705
BinniBusRA12,17.071131,-96.71972,706
BinniBusRA12,17.071101,-96.71973,707
BinniBusRA12,17.070951,-96.71975,708
BinniBusRA12,17.070791,-96.71977,709
BinniBusRA12,17.070041,-96.71985,710
BinniBusRA12,17.069961,-96.71986,711
BinniBusRA12,17.069551,-96.71991,712
BinniBusRA12,17.069141,-96.71998,713
BinniBusRA12,17.068441,-96.72011,714
BinniBusRA12,17.067991,-96.7202,715
BinniBusRA12,17.067111,-96.72041,716
BinniBusRA12,17.065261,-96.72083,717
BinniBusRA12,17.064761,-96.72093,718
BinniBusRA12,17.064231,-96.72105,719
BinniBusRA12,17.063201,-96.72123,720
BinniBusRA12,17.063121,-96.72124,721
BinniBusRA12,17.062391,-96.72141,722
BinniBusRA12,17.062271,-96.72144,723
BinniBusRA12,17.061301,-96.72162,724
BinniBusRA12,17.060621,-96.72178,725
BinniBusRA12,17.060361,-96.72184,726
BinniBusRA12,17.059441,-96.72206,727
BinniBusRA12,17.058521,-96.72226,728
BinniBusRA12,17.058241,-96.72233,729
BinniBusRA12,17.057581,-96.72248,730
BinniBusRA12,17.056661,-96.72262,731
BinniBusRA12,17.056721,-96.7229,732
BinniBusRA12,17.056721,-96.72293,733
BinniBusRA12,17.056731,-96.72298,734
BinniBusRA12,17.056751,-96.72309,735
BinniBusRA12,17.056761,-96.72312,736
BinniBusRA12,17.056871,-96.72367,737
BinniBusRA12,17.057071,-96.72455,738
BinniBusRA12,17.057241,-96.72556,739
BinniBusRA12,17.057421,-96.72647,740
BinniBusRA12,17.057631,-96.72749,741
BinniBusRA12,17.057821,-96.72846,742
BinniBusRA12,17.057881,-96.72873,743
BinniBusRA12,17.058011,-96.72942,744
BinniBusRA12,17.058161,-96.73029,745
BinniBusRA12,17.058241,-96.73083,746
BinniBusRA12,17.058261,-96.73108,747
BinniBusRA12,17.058321,-96.73137,748
BinniBusRA12,17.058871,-96.73117,749
BinniBusRA12,17.058991,-96.73115,750
BinniBusRA12,17.059051,-96.73114,751
BinniBusRA12,17.059601,-96.73102,752
BinniBusRA12,17.060291,-96.73083,753
BinniBusRA12,17.060491,-96.73176,754
BinniBusRA12,17.060541,-96.73214,755
BinniBusRA12,17.060047,-96.732236,756
BinniBusRA12,17.060112,-96.733032,757
BinniBusRA12,17.060393,-96.733239,758
BinniBusRA12,17.060564,-96.733348,759
BinniBusRA12,17.060604,-96.733373,760
BinniBusRA12,17.060731,-96.73347,761
BinniBusRA12,17.060801,-96.73352,762
BinniBusRA12,17.060881,-96.73358,763
BinniBusRA12,17.060821,-96.73368,764
BinniBusRA12,17.060751,-96.7338,765
BinniBusRA12,17.060701,-96.73389,766
BinniBusRA12,17.060621,-96.73399,767
BinniBusRA12,17.060591,-96.73404,768
BinniBusRA12,17.060551,-96.7341,769
BinniBusRA12,17.060531,-96.73412,770
BinniBusRA12,17.060131,-96.73472,771
BinniBusRA12,17.060101,-96.73477,772
BinniBusRA12,17.060061,-96.73483,773
BinniBusRA12,17.060011,-96.7349,774
BinniBusRA12,17.059481,-96.73571,775
BinniBusRA12,17.059471,-96.73573,776
BinniBusRA12,17.059451,-96.73576,777
BinniBusRA12,17.059401,-96.73583,778
BinniBusRA12,17.058991,-96.73643,779
BinniBusRA12,17.058961,-96.73646,780
BinniBusRA12,17.059011,-96.73653,781
BinniBusRA12,17.059071,-96.73659,782
BinniBusRA12,17.059111,-96.73661,783
BinniBusRA12,17.059211,-96.73666,784
BinniBusRA12,17.059461,-96.73675,785
BinniBusRA12,17.059541,-96.73678,786
BinniBusRA12,17.059701,-96.73683,787
BinniBusRA12,17.059851,-96.73688,788
BinniBusRA12,17.059911,-96.73687,789
BinniBusRA12,17.060327,-96.73695,790
BinniBusRA12,17.060413,-96.736976,791
BinniBusRA12,17.060448,-96.737024,792
BinniBusRA12,17.06049,-96.737065,793
BinniBusRA12,17.060581,-96.73713,794
BinniBusRA12,17.060751,-96.7372,795
BinniBusRA12,17.060841,-96.73725,796
BinniBusRA12,17.061211,-96.73749,797
BinniBusRA12,17.061361,-96.73758,798
BinniBusRA12,17.061751,-96.73782,799
BinniBusRA12,17.061951,-96.73791,800
BinniBusRA12,17.062331,-96.73805,801
BinniBusRA12,17.062351,-96.73807,802
BinniBusRA12,17.062371,-96.73809,803
BinniBusRA12,17.062571,-96.73816,804
BinniBusRA12,17.062791,-96.73821,805
BinniBusRA12,17.062871,-96.73824,806
BinniBusRA12,17.063151,-96.73836,807
BinniBusRA12,17.063371,-96.73846,808
BinniBusRA12,17.063961,-96.73878,809
BinniBusRA12,17.064051,-96.73883,810
BinniBusRA12,17.064131,-96.73888,811
BinniBusRA12,17.065471,-96.73957,812
BinniBusRA12,17.065801,-96.73974,813
BinniBusRA12,17.065661,-96.73995,814
BinniBusRA12,17.065621,-96.74001,815
BinniBusRA12,17.065511,-96.74016,816
BinniBusRA12,17.065431,-96.74029,817
BinniBusRA12,17.065351,-96.74041,818
BinniBusRA12,17.065221,-96.7406,819
BinniBusRA12,17.065191,-96.74066,820
BinniBusRA12,17.065241,-96.7407,821
BinniBusRA12,17.065701,-96.74095,822
BinniBusRA12,17.065871,-96.74103,823
BinniBusRA12,17.066481,-96.74133,824
BinniBusRA12,17.066931,-96.74156,825
BinniBusRA12,17.068671,-96.74253,826
BinniBusRA12,17.068891,-96.74265,827
BinniBusRA12,17.069001,-96.74271,828
BinniBusRA12,17.069091,-96.74276,829
BinniBusRA12,17.069941,-96.74318,830
BinniBusRA12,17.070361,-96.74339,831
BinniBusRA12,17.070431,-96.74342,832
BinniBusRA12,17.071241,-96.74382,833
BinniBusRA12,17.071481,-96.74394,834
BinniBusRA12,17.071651,-96.74406,835
BinniBusRA12,17.071741,-96.74411,836
BinniBusRA12,17.071991,-96.74424,837
BinniBusRA12,17.072341,-96.74442,838
BinniBusRA12,17.072751,-96.74463,839
BinniBusRA12,17.073191,-96.74487,840
BinniBusRA12,17.073511,-96.74507,841
BinniBusRA12,17.073851,-96.74528,842
BinniBusRA12,17.074011,-96.74537,843
BinniBusRA12,17.074671,-96.74578,844
BinniBusRA12,17.075041,-96.74599,845
BinniBusRA12,17.076571,-96.74681,846
BinniBusRA12,17.076631,-96.74685,847
BinniBusRA12,17.076691,-96.74692,848
BinniBusRA12,17.076721,-96.74697,849
BinniBusRA12,17.077431,-96.74739,850
BinniBusRA12,17.077821,-96.7476,851
BinniBusRA12,17.078141,-96.74781,852
BinniBusRA12,17.078191,-96.74768,853
BinniBusRA12,17.078211,-96.74764,854
BinniBusRA12,17.078251,-96.74756,855
BinniBusRA12,17.078351,-96.74734,856
BinniBusRA12,17.078471,-96.74708,857
BinniBusRA12,17.078471,-96.74707,858
BinniBusRA12,17.078481,-96.74699,859
BinniBusRA12,17.078501,-96.74689,860
BinniBusRA12,17.078501,-96.74688,861
BinniBusRA12,17.078551,-96.74675,862
BinniBusRA12,17.078641,-96.74657,863
BinniBusRA12,17.078681,-96.74649,864
BinniBusRA12,17.078691,-96.74648,865
BinniBusRA12,17.078981,-96.74582,866
BinniBusRA12,17.079001,-96.74578,867
BinniBusRA12,17.079041,-96.74569,868
BinniBusRA12,17.079091,-96.74559,869
BinniBusRA12,17.079281,-96.74519,870
BinniBusRA12,17.079441,-96.74486,871
BinniBusRA12,17.079521,-96.74469,872
BinniBusRA12,17.079561,-96.7446,873
BinniBusRA12,17.079671,-96.74436,874
BinniBusRA12,17.080021,-96.74361,875
BinniBusRA12,17.080051,-96.74355,876
BinniBusRA12,17.080101,-96.74345,877
BinniBusRA12,17.080131,-96.74332,878
BinniBusRA12,17.080141,-96.7433,879
BinniBusRA12,17.080141,-96.74325,880
BinniBusRA12,17.080151,-96.74318,881
BinniBusRA12,17.080151,-96.74311,882
BinniBusRA12,17.080151,-96.7431,883
BinniBusRA12,17.080151,-96.743,884
BinniBusRA12,17.080131,-96.74291,885
BinniBusRA12,17.080051,-96.74264,886
BinniBusRA12,17.080011,-96.74252,887
BinniBusRA12,17.080001,-96.74243,888
BinniBusRA12,17.079991,-96.7423,889
BinniBusRA12,17.079971,-96.7422,890
BinniBusRA12,17.079961,-96.74209,891
BinniBusRA12,17.079941,-96.74193,892
BinniBusRA12,17.079931,-96.74183,893
BinniBusRA12,17.079931,-96.74176,894
BinniBusRA12,17.079911,-96.74169,895
BinniBusRA12,17.079911,-96.74164,896
BinniBusRA12,17.079901,-96.74161,897
BinniBusRA12,17.079901,-96.74158,898
BinniBusRA12,17.079901,-96.74155,899
BinniBusRA12,17.079911,-96.74152,900
BinniBusRA12,17.079921,-96.74148,901
BinniBusRA12,17.079931,-96.74145,902
BinniBusRA12,17.079941,-96.74143,903
BinniBusRA12,17.079961,-96.7414,904
BinniBusRA12,17.080051,-96.74132,905
BinniBusRA12,17.080091,-96.74141,906
BinniBusRA12,17.080351,-96.74188,907
BinniBusRA12,17.080591,-96.74227,908
BinniBusRA12,17.080681,-96.7424,909
BinniBusRA12,17.080771,-96.74252,910
BinniBusRA12,17.080981,-96.74274,911
BinniBusRA12,17.081101,-96.74286,912
BinniBusRA12,17.081191,-96.74292,913
BinniBusRA12,17.081301,-96.74299,914
BinniBusRA12,17.081401,-96.74305,915
BinniBusRA12,17.081561,-96.74313,916
BinniBusRA12,17.081641,-96.74316,917
BinniBusRA12,17.081741,-96.7432,918
BinniBusRA12,17.082131,-96.74337,919
BinniBusRA12,17.082801,-96.74365,920
BinniBusRA12,17.083031,-96.74375,921
BinniBusRA12,17.083321,-96.74389,922
BinniBusRA12,17.083891,-96.74411,923
BinniBusRA12,17.085151,-96.74465,924
BinniBusRA12,17.086001,-96.74501,925
BinniBusRA12,17.086101,-96.74503,926
BinniBusRA12,17.087001,-96.74546,927
BinniBusRA12,17.087711,-96.74574,928
BinniBusRA12,17.088091,-96.74593,929
BinniBusRA12,17.088871,-96.74627,930
BinniBusRA12,17.089031,-96.74634,931
BinniBusRA12,17.089371,-96.74649,932
BinniBusRA12,17.089441,-96.74652,933
BinniBusRA12,17.090121,-96.74679,934
BinniBusRA12,17.090491,-96.74694,935
BinniBusRA12,17.090891,-96.74712,936
BinniBusRA12,17.091061,-96.74719,937
BinniBusRA12,17.092001,-96.74762,938
BinniBusRA12,17.092691,-96.74794,939
BinniBusRA12,17.092941,-96.74802,940
BinniBusRA12,17.093001,-96.74805,941
BinniBusRA12,17.093081,-96.74808,942
BinniBusRA12,17.093231,-96.74815,943
BinniBusRA12,17.093621,-96.74831,944
BinniBusRA12,17.094141,-96.74854,945
BinniBusRA12,17.094811,-96.74881,946
BinniBusRA12,17.094971,-96.74889,947
BinniBusRA12,17.094981,-96.74889,948
BinniBusRA12,17.095641,-96.74921,949
BinniBusRA12,17.096361,-96.74952,950
BinniBusRA12,17.096471,-96.74957,951
BinniBusRA12,17.096501,-96.74958,952
BinniBusRA12,17.097191,-96.74983,953
BinniBusRA12,17.097381,-96.74989,954
BinniBusRA12,17.097921,-96.7502,955
BinniBusRA12,17.098531,-96.75043,956
BinniBusRA12,17.098981,-96.75062,957
BinniBusRA12,17.099391,-96.7508,958
BinniBusRA12,17.099751,-96.75097,959
BinniBusRA12,17.100711,-96.75138,960
BinniBusRA12,17.101071,-96.75155,961
BinniBusRA12,17.101251,-96.75162,962
BinniBusRA12,17.101291,-96.75153,963
BinniBusRA12,17.101351,-96.75136,964
BinniBusRA12,17.101381,-96.75129,965
BinniBusRA12,17.101411,-96.7512,966
BinniBusRA12,17.101561,-96.75083,967
BinniBusRA12,17.101941,-96.7499,968
BinniBusRA12,17.101941,-96.74989,969
BinniBusRA12,17.101931,-96.74989,970
BinniBusRA12,17.101931,-96.74988,971
BinniBusRA12,17.101921,-96.74988,972
BinniBusRA12,17.101921,-96.74987,973
BinniBusRA12,17.101911,-96.74986,974
BinniBusRA12,17.101911,-96.74985,975
BinniBusRA12,17.101911,-96.74984,976
BinniBusRA12,17.101901,-96.74984,977
BinniBusRA12,17.101901,-96.74983,978
BinniBusRA12,17.101901,-96.74982,979
BinniBusRA12,17.101901,-96.74981,980
BinniBusRA12,17.101901,-96.7498,981
BinniBusRA12,17.101901,-96.74979,982
BinniBusRA12,17.101911,-96.74979,983
BinniBusRA12,17.101911,-96.74978,984
BinniBusRA12,17.101911,-96.74977,985
BinniBusRA12,17.101921,-96.74976,986
BinniBusRA12,17.101921,-96.74975,987
BinniBusRA12,17.101931,-96.74975,988
BinniBusRA12,17.101931,-96.74974,989
BinniBusRA12,17.101941,-96.74974,990
BinniBusRA12,17.101941,-96.74973,991
BinniBusRA12,17.101951,-96.74973,992
BinniBusRA12,17.101961,-96.74972,993
BinniBusRA12,17.101971,-96.74972,994
BinniBusRA12,17.101981,-96.74972,995
BinniBusRA12,17.101981,-96.74971,996
BinniBusRA12,17.101991,-96.74971,997
BinniBusRA12,17.102001,-96.74971,998
BinniBusRA12,17.102131,-96.74934,999
BinniBusRA12,17.102161,-96.74925,1000
BinniBusRA12,17.102331,-96.7487,1001
BinniBusRA12,17.102471,-96.74826,1002
BinniBusRA12,17.102501,-96.74816,1003
BinniBusRA12,17.102521,-96.74807,1004
BinniBusRA12,17.102571,-96.74789,1005
BinniBusRA12,17.102601,-96.74777,1006
BinniBusRA12,17.102631,-96.74766,1007
BinniBusRA12,17.102641,-96.74762,1008
BinniBusRA12,17.102731,-96.74725,1009
BinniBusRA12,17.102771,-96.74705,1010
BinniBusRA12,17.102841,-96.74648,1011
BinniBusRA12,17.102881,-96.74622,1012
BinniBusRA12,17.102861,-96.74621,1013
BinniBusRA12,17.102861,-96.7462,1014
BinniBusRA12,17.102851,-96.7462,1015
BinniBusRA12,17.102841,-96.74619,1016
BinniBusRA12,17.102831,-96.74618,1017
BinniBusRA12,17.102831,-96.74617,1018
BinniBusRA12,17.102821,-96.74617,1019
BinniBusRA12,17.102821,-96.74616,1020
BinniBusRA12,17.102811,-96.74615,1021
BinniBusRA12,17.102811,-96.74614,1022
BinniBusRA12,17.102801,-96.74613,1023
BinniBusRA12,17.102801,-96.74612,1024
BinniBusRA12,17.102801,-96.74611,1025
BinniBusRA12,17.102801,-96.7461,1026
BinniBusRA12,17.102801,-96.74609,1027
BinniBusRA12,17.102801,-96.74608,1028
BinniBusRA12,17.102801,-96.74607,1029
BinniBusRA12,17.102801,-96.74606,1030
BinniBusRA12,17.102801,-96.74605,1031
BinniBusRA12,17.102801,-96.74604,1032
BinniBusRA12,17.102811,-96.74604,1033
BinniBusRA12,17.102811,-96.74603,1034
BinniBusRA12,17.102811,-96.74602,1035
BinniBusRA12,17.102821,-96.74601,1036
BinniBusRA12,17.102821,-96.746,1037
BinniBusRA12,17.102831,-96.74599,1038
BinniBusRA12,17.102841,-96.74598,1039
BinniBusRA12,17.102851,-96.74598,1040
BinniBusRA12,17.102851,-96.74597,1041
BinniBusRA12,17.102861,-96.74597,1042
BinniBusRA12,17.102871,-96.74596,1043
BinniBusRA12,17.102881,-96.74595,1044
BinniBusRA12,17.102891,-96.74595,1045
BinniBusRA12,17.102901,-96.74595,1046
BinniBusRA12,17.102911,-96.74595,1047
BinniBusRA12,17.102921,-96.74594,1048
BinniBusRA12,17.102931,-96.74594,1049
BinniBusRA12,17.102941,-96.74594,1050
BinniBusRA12,17.102951,-96.74595,1051
BinniBusRA12,17.102961,-96.74595,1052
BinniBusRA12,17.102971,-96.74595,1053
BinniBusRA12,17.103061,-96.7457,1054
BinniBusRA12,17.103211,-96.74533,1055
BinniBusRA12,17.103401,-96.74484,1056
BinniBusRA12,17.102961,-96.74463,1057
BinniBusRA12,17.102931,-96.74462,1058
BinniBusRA12,17.102861,-96.74459,1059
BinniBusRA12,17.103041,-96.74427,1060
BinniBusRA12,17.103091,-96.74419,1061
BinniBusRA12,17.103131,-96.74412,1062
BinniBusRA12,17.103301,-96.74381,1063
BinniBusRA12,17.103511,-96.74344,1064
BinniBusRA12,17.103701,-96.7431,1065
BinniBusRA12,17.103711,-96.74308,1066
BinniBusRA12,17.103721,-96.74305,1067
BinniBusRA12,17.103911,-96.74271,1068
BinniBusRA12,17.103971,-96.74257,1069
BinniBusRA12,17.103991,-96.74254,1070
BinniBusRA12,17.104071,-96.74237,1071
BinniBusRA12,17.104101,-96.74232,1072
BinniBusRA12,17.104141,-96.74225,1073
BinniBusRA12,17.104291,-96.74195,1074
BinniBusRA12,17.104361,-96.7418,1075
BinniBusRA12,17.104371,-96.74178,1076
BinniBusRA12,17.104401,-96.74174,1077
BinniBusRA12,17.104421,-96.7417,1078
BinniBusRA12,17.104471,-96.74162,1079
BinniBusRA12,17.104501,-96.74158,1080
BinniBusRA12,17.104531,-96.74153,1081
BinniBusRA12,17.104601,-96.7414,1082
BinniBusRA12,17.104621,-96.74135,1083
BinniBusRA12,17.104641,-96.7413,1084
BinniBusRA12,17.104671,-96.74118,1085
BinniBusRA12,17.104571,-96.74103,1086
BinniBusRA12,17.104541,-96.74098,1087
BinniBusRA12,17.104521,-96.74095,1088
BinniBusRA12,17.104511,-96.74092,1089
BinniBusRA12,17.104511,-96.74087,1090
BinniBusRA12,17.104511,-96.74079,1091
BinniBusRA12,17.104531,-96.74065,1092
BinniBusRA12,17.104611,-96.74046,1093
BinniBusRA12,17.104721,-96.74024,1094
BinniBusRA12,17.104921,-96.73981,1095
BinniBusRA12,17.105001,-96.73964,1096
BinniBusRA12,17.105011,-96.73963,1097
BinniBusRA12,17.105051,-96.73956,1098
BinniBusRA12,17.105151,-96.7394,1099
BinniBusRA12,17.105191,-96.73935,1100
BinniBusRA12,17.105277,-96.739253,1101
BinniBusRA12,17.105321,-96.739208,1102
BinniBusRA12,17.105373,-96.739173,1103
BinniBusRA12,17.105477,-96.739113,1104
BinniBusRA12,17.105586,-96.739049,1105
BinniBusRA14,17.067608,-96.760418,1
BinniBusRA14,17.067434,-96.760715,2
BinniBusRA14,17.067462,-96.760986,3
BinniBusRA14,17.067876,-96.760884,4
BinniBusRA14,17.067986,-96.760681,5
BinniBusRA14,17.068102,-96.760467,6
BinniBusRA14,17.068632,-96.760399,7
BinniBusRA14,17.068747,-96.760665,8
BinniBusRA14,17.069064,-96.760545,9
BinniBusRA14,17.069449,-96.760385,10
BinniBusRA14,17.070198,-96.760067,11
BinniBusRA14,17.070616,-96.75982,12
BinniBusRA14,17.0711,-96.75949,13
BinniBusRA14,17.071888,-96.758969,14
BinniBusRA14,17.071867,-96.758898,15
BinniBusRA14,17.071782,-96.75834,16
BinniBusRA14,17.071762,-96.75812,17
BinniBusRA14,17.072062,-96.757498,18
BinniBusRA14,17.072162,-96.757318,19
BinniBusRA14,17.071813,-96.757101,20
BinniBusRA14,17.07148,-96.756856,21
BinniBusRA14,17.071382,-96.756838,22
BinniBusRA14,17.070952,-96.756551,23
BinniBusRA14,17.070867,-96.756462,24
BinniBusRA14,17.070877,-96.756285,25
BinniBusRA14,17.071139,-96.755818,26
BinniBusRA14,17.071507,-96.755204,27
BinniBusRA14,17.071092,-96.754906,28
BinniBusRA14,17.07075,-96.754674,29
BinniBusRA14,17.069771,-96.753924,30
BinniBusRA14,17.068976,-96.753387,31
BinniBusRA14,17.068689,-96.753223,32
BinniBusRA14,17.06792,-96.753004,33
BinniBusRA14,17.067299,-96.752816,34
BinniBusRA14,17.067086,-96.752719,35
BinniBusRA14,17.066912,-96.752572,36
BinniBusRA14,17.066784,-96.752435,37
BinniBusRA14,17.066366,-96.751638,38
BinniBusRA14,17.066276,-96.751467,39
BinniBusRA14,17.06616,-96.751402,40
BinniBusRA14,17.065309,-96.751107,41
BinniBusRA14,17.065058,-96.751019,42
BinniBusRA14,17.064922,-96.750941,43
BinniBusRA14,17.064814,-96.750839,44
BinniBusRA14,17.06463,-96.750488,45
BinniBusRA14,17.06425,-96.74997,46
BinniBusRA14,17.064043,-96.749613,47
BinniBusRA14,17.063986,-96.749439,48
BinniBusRA14,17.064027,-96.749031,49
BinniBusRA14,17.064055,-96.748189,50
BinniBusRA14,17.064127,-96.74776,51
BinniBusRA14,17.064107,-96.747599,52
BinniBusRA14,17.064032,-96.747492,53
BinniBusRA14,17.063007,-96.746834,54
BinniBusRA14,17.062555,-96.746566,55
BinniBusRA14,17.061945,-96.746024,56
BinniBusRA14,17.06165,-96.745759,57
BinniBusRA14,17.060855,-96.745228,58
BinniBusRA14,17.060196,-96.74478,59
BinniBusRA14,17.060145,-96.744707,60
BinniBusRA14,17.060071,-96.744458,61
BinniBusRA14,17.060004,-96.744308,62
BinniBusRA14,17.059809,-96.744109,63
BinniBusRA14,17.059335,-96.743651,64
BinniBusRA14,17.058599,-96.743028,65
BinniBusRA14,17.059248,-96.742291,66
BinniBusRA14,17.060168,-96.741264,67
BinniBusRA14,17.061094,-96.740217,68
BinniBusRA14,17.061304,-96.739914,69
BinniBusRA14,17.061412,-96.739836,70
BinniBusRA14,17.061566,-96.739424,71
BinniBusRA14,17.061576,-96.738466,72
BinniBusRA14,17.061596,-96.73735,73
BinniBusRA14,17.061407,-96.737128,74
BinniBusRA14,17.06135,-96.737103,75
BinniBusRA14,17.061186,-96.737106,76
BinniBusRA14,17.060681,-96.736964,77
BinniBusRA14,17.059963,-96.736875,78
BinniBusRA14,17.059796,-96.736862,79
BinniBusRA14,17.059117,-96.736618,80
BinniBusRA14,17.058884,-96.736481,81
BinniBusRA14,17.058955,-96.736342,82
BinniBusRA14,17.059414,-96.735626,83
BinniBusRA14,17.060022,-96.734676,84
BinniBusRA14,17.06035,-96.734223,85
BinniBusRA14,17.060742,-96.733643,86
BinniBusRA14,17.060804,-96.733517,87
BinniBusRA14,17.060889,-96.733397,88
BinniBusRA14,17.061181,-96.733238,89
BinniBusRA14,17.061194,-96.733177,90
BinniBusRA14,17.061225,-96.732066,91
BinniBusRA14,17.061189,-96.730741,92
BinniBusRA14,17.06104,-96.729802,93
BinniBusRA14,17.06085,-96.728831,94
BinniBusRA14,17.060635,-96.727871,95
BinniBusRA14,17.059581,-96.728075,96
BinniBusRA14,17.058227,-96.728384,97
BinniBusRA14,17.057399,-96.728547,98
BinniBusRA14,17.056724,-96.728689,99
BinniBusRA14,17.05553,-96.728928,100
BinniBusRA14,17.054978,-96.729046,101
BinniBusRA14,17.054796,-96.728091,102
BinniBusRA14,17.05456,-96.727088,103
BinniBusRA14,17.054396,-96.726125,104
BinniBusRA14,17.054229,-96.725138,105
BinniBusRA14,17.054094,-96.724323,106
BinniBusRA14,17.054099,-96.72428,107
BinniBusRA14,17.054919,-96.724087,108
BinniBusRA14,17.055706,-96.72392,109
BinniBusRA14,17.056036,-96.723846,110
BinniBusRA14,17.055873,-96.722815,111
BinniBusRA14,17.05572,-96.721832,112
BinniBusRA14,17.056838,-96.721588,113
BinniBusRA14,17.05739,-96.721478,114
BinniBusRA14,17.057282,-96.720893,115
BinniBusRA14,17.057128,-96.720158,116
BinniBusRA14,17.056846,-96.718799,117
BinniBusRA14,17.056656,-96.717889,118
BinniBusRA14,17.056469,-96.716897,119
BinniBusRA14,17.0563,-96.715953,120
BinniBusRA14,17.05609,-96.715,121
BinniBusRA14,17.056082,-96.714939,122
BinniBusRA14,17.05602,-96.714609,123
BinniBusRA14,17.055838,-96.713745,124
BinniBusRA14,17.055728,-96.713158,125
BinniBusRA14,17.054613,-96.713249,126
BinniBusRA14,17.054359,-96.713246,127
BinniBusRA14,17.054204,-96.71305,128
BinniBusRA14,17.05422,-96.712827,129
BinniBusRA14,17.054125,-96.712712,130
BinniBusRA14,17.054071,-96.712395,131
BinniBusRA14,17.053866,-96.711175,132
BinniBusRA14,17.053745,-96.710448,133
BinniBusRA14,17.053679,-96.709721,134
BinniBusRA14,17.053525,-96.708769,135
BinniBusRA14,17.053343,-96.707712,136
BinniBusRA14,17.053217,-96.70669,137
BinniBusRA14,17.05212,-96.705996,138
BinniBusRA14,17.051284,-96.705454,139
BinniBusRA14,17.051053,-96.705242,140
BinniBusRA14,17.050799,-96.70478,141
BinniBusRA14,17.050573,-96.704362,142
BinniBusRA14,17.050419,-96.704003,143
BinniBusRA14,17.050268,-96.703276,144
BinniBusRA14,17.050071,-96.702286,145
BinniBusRA14,17.04993,-96.701559,146
BinniBusRA14,17.049676,-96.700245,147
BinniBusRA14,17.049499,-96.699228,148
BinniBusRA14,17.049201,-96.697772,149
BinniBusRA14,17.049117,-96.69742,150
BinniBusRA14,17.04873,-96.696903,151
BinniBusRA14,17.048671,-96.696817,152
BinniBusRA14,17.048512,-96.696163,153
BinniBusRA14,17.048412,-96.695744,154
BinniBusRA14,17.048373,-96.69568,155
BinniBusRA14,17.048219,-96.694958,156
BinniBusRA14,17.048176,-96.694899,157
BinniBusRA14,17.047942,-96.693947,158
BinniBusRA14,17.04785,-96.69358,159
BinniBusRA14,17.046876,-96.693845,160
BinniBusRA14,17.045322,-96.694248,161
BinniBusRA14,17.045093,-96.694285,162
BinniBusRA14,17.044757,-96.69439,163
BinniBusRA14,17.04456,-96.694435,164
BinniBusRA14,17.044375,-96.694406,165
BinniBusRA14,17.044309,-96.694347,166
BinniBusRA14,17.043847,-96.693483,167
BinniBusRA14,17.043614,-96.693062,168
BinniBusRA14,17.043257,-96.692424,169
BinniBusRA14,17.042396,-96.692499,170
BinniBusRA14,17.04156,-96.692657,171
BinniBusRA14,17.040944,-96.69277,172
BinniBusRA14,17.040918,-96.692987,173
BinniBusRA14,17.040885,-96.693325,174
BinniBusRA14,17.040817,-96.693809,175
BinniBusRA14,17.040318,-96.693855,176
BinniBusRA14,17.039441,-96.693958,177
BinniBusRA14,17.038977,-96.694006,178
BinniBusRA14,17.038425,-96.6941,179
BinniBusRA14,17.038256,-96.694076,180
BinniBusRA14,17.038176,-96.694015,181
BinniBusRA14,17.037861,-96.69332,182
BinniBusRA14,17.037705,-96.693017,183
BinniBusRA14,17.037828,-96.69295,184
BinniBusRA14,17.037828,-96.69295,185
BinniBusRA14,17.038504,-96.692587,186
BinniBusRA14,17.038715,-96.692556,187
BinniBusRA14,17.039104,-96.692728,188
BinniBusRA14,17.039399,-96.692895,189
BinniBusRA14,17.040113,-96.692887,190
BinniBusRA14,17.040966,-96.69275,191
BinniBusRA14,17.041489,-96.692667,192
BinniBusRA14,17.04156,-96.692657,193
BinniBusRA14,17.041592,-96.692305,194
BinniBusRA14,17.041756,-96.690768,195
BinniBusRA14,17.041871,-96.689837,196
BinniBusRA14,17.041561,-96.68922,197
BinniBusRA14,17.041928,-96.688963,198
BinniBusRA14,17.042266,-96.688802,199
BinniBusRA14,17.042628,-96.688657,200
BinniBusRA14,17.042936,-96.688746,201
BinniBusRA14,17.043215,-96.688939,202
BinniBusRA14,17.043687,-96.689234,203
BinniBusRA14,17.044182,-96.689561,204
BinniBusRA14,17.044366,-96.689682,205
BinniBusRA14,17.044584,-96.68973,206
BinniBusRA14,17.045292,-96.689811,207
BinniBusRA14,17.045936,-96.689875,208
BinniBusRA14,17.046982,-96.68995,209
BinniBusRA14,17.047082,-96.689937,210
BinniBusRA14,17.047372,-96.691122,211
BinniBusRA14,17.047662,-96.692402,212
BinniBusRA14,17.048075,-96.694129,213
BinniBusRA14,17.048336,-96.695371,214
BinniBusRA14,17.04839,-96.695687,215
BinniBusRA14,17.048439,-96.695784,216
BinniBusRA14,17.048649,-96.696666,217
BinniBusRA14,17.048713,-96.69687,218
BinniBusRA14,17.049057,-96.697326,219
BinniBusRA14,17.049172,-96.697535,220
BinniBusRA14,17.049282,-96.698082,221
BinniBusRA14,17.049475,-96.699201,222
BinniBusRA14,17.049676,-96.700245,223
BinniBusRA14,17.049967,-96.70165,224
BinniBusRA14,17.050118,-96.70254,225
BinniBusRA14,17.050298,-96.703356,226
BinniBusRA14,17.050416,-96.703916,227
BinniBusRA14,17.050534,-96.7043,228
BinniBusRA14,17.050798,-96.704748,229
BinniBusRA14,17.05099,-96.705113,230
BinniBusRA14,17.051111,-96.705287,231
BinniBusRA14,17.05138,-96.705515,232
BinniBusRA14,17.05212,-96.705996,233
BinniBusRA14,17.052965,-96.706532,234
BinniBusRA14,17.053539,-96.706896,235
BinniBusRA14,17.054475,-96.707583,236
BinniBusRA14,17.055121,-96.708074,237
BinniBusRA14,17.056139,-96.708736,238
BinniBusRA14,17.056983,-96.70927,239
BinniBusRA14,17.057304,-96.709479,240
BinniBusRA14,17.057537,-96.70964,241
BinniBusRA14,17.057597,-96.70976,242
BinniBusRA14,17.057182,-96.710106,243
BinniBusRA14,17.056615,-96.710588,244
BinniBusRA14,17.056209,-96.710934,245
BinniBusRA14,17.055628,-96.711434,246
BinniBusRA14,17.055282,-96.711752,247
BinniBusRA14,17.054974,-96.712137,248
BinniBusRA14,17.054583,-96.712705,249
BinniBusRA14,17.054342,-96.713091,250
BinniBusRA14,17.054205,-96.713488,251
BinniBusRA14,17.054239,-96.713626,252
BinniBusRA14,17.054308,-96.714248,253
BinniBusRA14,17.054461,-96.715186,254
BinniBusRA14,17.05456,-96.715929,255
BinniBusRA14,17.054621,-96.716461,256
BinniBusRA14,17.054689,-96.716806,257
BinniBusRA14,17.054752,-96.717291,258
BinniBusRA14,17.054808,-96.717632,259
BinniBusRA14,17.054874,-96.71795,260
BinniBusRA14,17.055195,-96.719079,261
BinniBusRA14,17.055646,-96.718968,262
BinniBusRA14,17.055964,-96.718886,263
BinniBusRA14,17.056015,-96.719178,264
BinniBusRA14,17.056181,-96.719989,265
BinniBusRA14,17.056324,-96.720739,266
BinniBusRA14,17.056519,-96.721691,267
BinniBusRA14,17.056685,-96.722748,268
BinniBusRA14,17.056864,-96.723668,269
BinniBusRA14,17.05708,-96.724583,270
BinniBusRA14,17.057254,-96.725586,271
BinniBusRA14,17.057595,-96.727327,272
BinniBusRA14,17.057864,-96.728689,273
BinniBusRA14,17.05801,-96.729421,274
BinniBusRA14,17.058157,-96.73029,275
BinniBusRA14,17.058305,-96.731323,276
BinniBusRA14,17.058326,-96.731355,277
BinniBusRA14,17.058444,-96.731328,278
BinniBusRA14,17.058823,-96.731178,279
BinniBusRA14,17.059041,-96.731135,280
BinniBusRA14,17.059195,-96.731111,281
BinniBusRA14,17.0597,-96.731004,282
BinniBusRA14,17.060287,-96.730838,283
BinniBusRA14,17.060367,-96.73121,284
BinniBusRA14,17.060526,-96.731967,285
BinniBusRA14,17.060677,-96.73282,286
BinniBusRA14,17.060728,-96.733166,287
BinniBusRA14,17.060734,-96.73345,288
BinniBusRA14,17.060785,-96.733541,289
BinniBusRA14,17.060792,-96.733724,290
BinniBusRA14,17.0603,-96.734477,291
BinniBusRA14,17.059831,-96.735164,292
BinniBusRA14,17.059018,-96.736395,293
BinniBusRA14,17.058959,-96.736481,294
BinniBusRA14,17.05908,-96.736596,295
BinniBusRA14,17.059257,-96.736677,296
BinniBusRA14,17.059836,-96.73687,297
BinniBusRA14,17.060149,-96.736891,298
BinniBusRA14,17.060654,-96.73695,299
BinniBusRA14,17.061195,-96.737087,300
BinniBusRA14,17.061575,-96.737092,301
BinniBusRA14,17.061605,-96.7375,302
BinniBusRA14,17.061585,-96.738777,303
BinniBusRA14,17.061585,-96.739351,304
BinniBusRA14,17.061554,-96.739544,305
BinniBusRA14,17.061412,-96.739836,306
BinniBusRA14,17.061305,-96.739946,307
BinniBusRA14,17.060328,-96.741089,308
BinniBusRA14,17.059277,-96.742253,309
BinniBusRA14,17.058599,-96.743028,310
BinniBusRA14,17.059169,-96.743487,311
BinniBusRA14,17.059595,-96.743903,312
BinniBusRA14,17.060004,-96.744308,313
BinniBusRA14,17.06011,-96.744514,314
BinniBusRA14,17.06018,-96.744748,315
BinniBusRA14,17.061203,-96.745461,316
BinniBusRA14,17.061839,-96.745893,317
BinniBusRA14,17.062021,-96.74607,318
BinniBusRA14,17.062555,-96.746566,319
BinniBusRA14,17.063023,-96.746816,320
BinniBusRA14,17.063498,-96.747132,321
BinniBusRA14,17.064003,-96.747462,322
BinniBusRA14,17.064131,-96.74765,323
BinniBusRA14,17.064072,-96.748151,324
BinniBusRA14,17.064031,-96.74891,325
BinniBusRA14,17.064011,-96.749337,326
BinniBusRA14,17.063998,-96.749471,327
BinniBusRA14,17.064067,-96.749672,328
BinniBusRA14,17.064375,-96.750085,329
BinniBusRA14,17.064544,-96.750318,330
BinniBusRA14,17.064813,-96.750809,331
BinniBusRA14,17.065,-96.750978,332
BinniBusRA14,17.065362,-96.75108,333
BinniBusRA14,17.06628,-96.751448,334
BinniBusRA14,17.066767,-96.752368,335
BinniBusRA14,17.067031,-96.75266,336
BinniBusRA14,17.067462,-96.752872,337
BinniBusRA14,17.068213,-96.75306,338
BinniBusRA14,17.068826,-96.753261,339
BinniBusRA14,17.069321,-96.753591,340
BinniBusRA14,17.070064,-96.754154,341
BinniBusRA14,17.071018,-96.754819,342
BinniBusRA14,17.071503,-96.755184,343
BinniBusRA14,17.071487,-96.755238,344
BinniBusRA14,17.070995,-96.756091,345
BinniBusRA14,17.0709,-96.756262,346
BinniBusRA14,17.07089,-96.756496,347
BinniBusRA14,17.070998,-96.756595,348
BinniBusRA14,17.071382,-96.756838,349
BinniBusRA14,17.071228,-96.757134,350
BinniBusRA14,17.071059,-96.757493,351
BinniBusRA14,17.070821,-96.757982,352
BinniBusRA14,17.070831,-96.758043,353
BinniBusRA14,17.070885,-96.758491,354
BinniBusRA14,17.070977,-96.759052,355
BinniBusRA14,17.070521,-96.759116,356
BinniBusRA14,17.069714,-96.759264,357
BinniBusRA14,17.06938,-96.759862,358
BinniBusRA14,17.068171,-96.759332,359
BinniBusRA14,17.067931,-96.759752,360
BinniBusRA14,17.067621,-96.760384,361
BinniBusRA15,17.056493,-96.758398,1
BinniBusRA15,17.056488,-96.758331,2
BinniBusRA15,17.056421,-96.758199,3
BinniBusRA15,17.056352,-96.758129,4
BinniBusRA15,17.056275,-96.758084,5
BinniBusRA15,17.056139,-96.758019,6
BinniBusRA15,17.055975,-96.757963,7
BinniBusRA15,17.055908,-96.75792,8
BinniBusRA15,17.055831,-96.757858,9
BinniBusRA15,17.055795,-96.757765,10
BinniBusRA15,17.055795,-96.75762,11
BinniBusRA15,17.0557,-96.757416,12
BinniBusRA15,17.05561,-96.757153,13
BinniBusRA15,17.055518,-96.756853,14
BinniBusRA15,17.055359,-96.756684,15
BinniBusRA15,17.055223,-96.756488,16
BinniBusRA15,17.0551,-96.756383,17
BinniBusRA15,17.055026,-96.756356,18
BinniBusRA15,17.054813,-96.756378,19
BinniBusRA15,17.054682,-96.756389,20
BinniBusRA15,17.054603,-96.756338,21
BinniBusRA15,17.054564,-96.756252,22
BinniBusRA15,17.054546,-96.755917,23
BinniBusRA15,17.054528,-96.755724,24
BinniBusRA15,17.05448,-96.755562,25
BinniBusRA15,17.054408,-96.755404,26
BinniBusRA15,17.054389,-96.755279,27
BinniBusRA15,17.054412,-96.755217,28
BinniBusRA15,17.054459,-96.75513,29
BinniBusRA15,17.054538,-96.755083,30
BinniBusRA15,17.05467,-96.755027,31
BinniBusRA15,17.054915,-96.754957,32
BinniBusRA15,17.055094,-96.754887,33
BinniBusRA15,17.05525,-96.754811,34
BinniBusRA15,17.055353,-96.754724,35
BinniBusRA15,17.055425,-96.754635,36
BinniBusRA15,17.055465,-96.754488,37
BinniBusRA15,17.05545,-96.754358,38
BinniBusRA15,17.055397,-96.754214,39
BinniBusRA15,17.055316,-96.754061,40
BinniBusRA15,17.055229,-96.75395,41
BinniBusRA15,17.055163,-96.753894,42
BinniBusRA15,17.055112,-96.753855,43
BinniBusRA15,17.054978,-96.753796,44
BinniBusRA15,17.054817,-96.753747,45
BinniBusRA15,17.054684,-96.753697,46
BinniBusRA15,17.054548,-96.753646,47
BinniBusRA15,17.054394,-96.753562,48
BinniBusRA15,17.05426,-96.753481,49
BinniBusRA15,17.054162,-96.753422,50
BinniBusRA15,17.054052,-96.753381,51
BinniBusRA15,17.053965,-96.753365,52
BinniBusRA15,17.053829,-96.753397,53
BinniBusRA15,17.053639,-96.753384,54
BinniBusRA15,17.053511,-96.753384,55
BinniBusRA15,17.053324,-96.753459,56
BinniBusRA15,17.053182,-96.753477,57
BinniBusRA15,17.053039,-96.753464,58
BinniBusRA15,17.052936,-96.753479,59
BinniBusRA15,17.05286,-96.753525,60
BinniBusRA15,17.052741,-96.753608,61
BinniBusRA15,17.052631,-96.753624,62
BinniBusRA15,17.052546,-96.753558,63
BinniBusRA15,17.052515,-96.753459,64
BinniBusRA15,17.052541,-96.753335,65
BinniBusRA15,17.052587,-96.7532,66
BinniBusRA15,17.052596,-96.753098,67
BinniBusRA15,17.052611,-96.753056,68
BinniBusRA15,17.052612,-96.752934,69
BinniBusRA15,17.052604,-96.752823,70
BinniBusRA15,17.05256,-96.752714,71
BinniBusRA15,17.052498,-96.752666,72
BinniBusRA15,17.05242,-96.752628,73
BinniBusRA15,17.052234,-96.752517,74
BinniBusRA15,17.05217,-96.752475,75
BinniBusRA15,17.052116,-96.752428,76
BinniBusRA15,17.05199,-96.752308,77
BinniBusRA15,17.051936,-96.752216,78
BinniBusRA15,17.051894,-96.75209,79
BinniBusRA15,17.051908,-96.752005,80
BinniBusRA15,17.051971,-96.751951,81
BinniBusRA15,17.052053,-96.751921,82
BinniBusRA15,17.052271,-96.751983,83
BinniBusRA15,17.052524,-96.752073,84
BinniBusRA15,17.052699,-96.752113,85
BinniBusRA15,17.052842,-96.752105,86
BinniBusRA15,17.052922,-96.752076,87
BinniBusRA15,17.052981,-96.752033,88
BinniBusRA15,17.053065,-96.751963,89
BinniBusRA15,17.053132,-96.751881,90
BinniBusRA15,17.053174,-96.75181,91
BinniBusRA15,17.053247,-96.751709,92
BinniBusRA15,17.053315,-96.75161,93
BinniBusRA15,17.05336,-96.751536,94
BinniBusRA15,17.05341,-96.75148,95
BinniBusRA15,17.053451,-96.75145,96
BinniBusRA15,17.053546,-96.75138,97
BinniBusRA15,17.053609,-96.751301,98
BinniBusRA15,17.053674,-96.751214,99
BinniBusRA15,17.053721,-96.751022,100
BinniBusRA15,17.053716,-96.750907,101
BinniBusRA15,17.053664,-96.750743,102
BinniBusRA15,17.053612,-96.750684,103
BinniBusRA15,17.053372,-96.750559,104
BinniBusRA15,17.053241,-96.750464,105
BinniBusRA15,17.053146,-96.750353,106
BinniBusRA15,17.053167,-96.750245,107
BinniBusRA15,17.053244,-96.750175,108
BinniBusRA15,17.053562,-96.750033,109
BinniBusRA15,17.053993,-96.749778,110
BinniBusRA15,17.054347,-96.749534,111
BinniBusRA15,17.054514,-96.749392,112
BinniBusRA15,17.054614,-96.749196,113
BinniBusRA15,17.054658,-96.749086,114
BinniBusRA15,17.054689,-96.749047,115
BinniBusRA15,17.054799,-96.748975,116
BinniBusRA15,17.054936,-96.7489,117
BinniBusRA15,17.05509,-96.748818,118
BinniBusRA15,17.055257,-96.748707,119
BinniBusRA15,17.055399,-96.74862,120
BinniBusRA15,17.055464,-96.748579,121
BinniBusRA15,17.055575,-96.748516,122
BinniBusRA15,17.055645,-96.748483,123
BinniBusRA15,17.055799,-96.74838,124
BinniBusRA15,17.055948,-96.748269,125
BinniBusRA15,17.05624,-96.747988,126
BinniBusRA15,17.056384,-96.747838,127
BinniBusRA15,17.056543,-96.747564,128
BinniBusRA15,17.056635,-96.747215,129
BinniBusRA15,17.05664,-96.746974,130
BinniBusRA15,17.056594,-96.746719,131
BinniBusRA15,17.056489,-96.74651,132
BinniBusRA15,17.056427,-96.746384,133
BinniBusRA15,17.056314,-96.746226,134
BinniBusRA15,17.056163,-96.746041,135
BinniBusRA15,17.056099,-96.745968,136
BinniBusRA15,17.056071,-96.745912,137
BinniBusRA15,17.05615,-96.74578,138
BinniBusRA15,17.056894,-96.744887,139
BinniBusRA15,17.058576,-96.742991,140
BinniBusRA15,17.06016,-96.741247,141
BinniBusRA15,17.06108,-96.740212,142
BinniBusRA15,17.061189,-96.740064,143
BinniBusRA15,17.06132,-96.739898,144
BinniBusRA15,17.061412,-96.73982,145
BinniBusRA15,17.061499,-96.73963,146
BinniBusRA15,17.061571,-96.739316,147
BinniBusRA15,17.061561,-96.738677,148
BinniBusRA15,17.061584,-96.737519,149
BinniBusRA15,17.061574,-96.737344,150
BinniBusRA15,17.061476,-96.737218,151
BinniBusRA15,17.061332,-96.737119,152
BinniBusRA15,17.061206,-96.737121,153
BinniBusRA15,17.061052,-96.737086,154
BinniBusRA15,17.060646,-96.736977,155
BinniBusRA15,17.060251,-96.736902,156
BinniBusRA15,17.059892,-96.736886,157
BinniBusRA15,17.05975,-96.736871,158
BinniBusRA15,17.059494,-96.736785,159
BinniBusRA15,17.059152,-96.736659,160
BinniBusRA15,17.058976,-96.736525,161
BinniBusRA15,17.058899,-96.736455,162
BinniBusRA15,17.059022,-96.7362,163
BinniBusRA15,17.05935,-96.735704,164
BinniBusRA15,17.060229,-96.734355,165
BinniBusRA15,17.060585,-96.733826,166
BinniBusRA15,17.060705,-96.733651,167
BinniBusRA15,17.060818,-96.733464,168
BinniBusRA15,17.06091,-96.733362,169
BinniBusRA15,17.061174,-96.733236,170
BinniBusRA15,17.061197,-96.732792,171
BinniBusRA15,17.061201,-96.732527,172
BinniBusRA15,17.061199,-96.732222,173
BinniBusRA15,17.061201,-96.731975,174
BinniBusRA15,17.061177,-96.730771,175
BinniBusRA15,17.061154,-96.730548,176
BinniBusRA15,17.061018,-96.729776,177
BinniBusRA15,17.060826,-96.728821,178
BinniBusRA15,17.061252,-96.728708,179
BinniBusRA15,17.061736,-96.728598,180
BinniBusRA15,17.061824,-96.728596,181
BinniBusRA15,17.06207,-96.728569,182
BinniBusRA15,17.062331,-96.728534,183
BinniBusRA15,17.062713,-96.728435,184
BinniBusRA15,17.062234,-96.726299,185
BinniBusRA15,17.06218,-96.726017,186
BinniBusRA15,17.061852,-96.724527,187
BinniBusRA15,17.061713,-96.723758,188
BinniBusRA15,17.061608,-96.723283,189
BinniBusRA15,17.06149,-96.722645,190
BinniBusRA15,17.060818,-96.719466,191
BinniBusRA15,17.060754,-96.71915,192
BinniBusRA15,17.06011,-96.715937,193
BinniBusRA15,17.060099,-96.715872,194
BinniBusRA15,17.06024,-96.715615,195
BinniBusRA15,17.06061,-96.714775,196
BinniBusRA15,17.060779,-96.714416,197
BinniBusRA15,17.060828,-96.714318,198
BinniBusRA15,17.060836,-96.7142,199
BinniBusRA15,17.060803,-96.714079,200
BinniBusRA15,17.060701,-96.713907,201
BinniBusRA15,17.060465,-96.713696,202
BinniBusRA15,17.060169,-96.713545,203
BinniBusRA15,17.059805,-96.713406,204
BinniBusRA15,17.059331,-96.713229,205
BinniBusRA15,17.058923,-96.713055,206
BinniBusRA15,17.05849,-96.712928,207
BinniBusRA15,17.056402,-96.713062,208
BinniBusRA15,17.054932,-96.713221,209
BinniBusRA15,17.054625,-96.713235,210
BinniBusRA15,17.054282,-96.713229,211
BinniBusRA15,17.054069,-96.713155,212
BinniBusRA15,17.054355,-96.712657,213
BinniBusRA15,17.055157,-96.711609,214
BinniBusRA15,17.056963,-96.710066,215
BinniBusRA15,17.058081,-96.709154,216
BinniBusRA15,17.058907,-96.708355,217
BinniBusRA15,17.05943,-96.707524,218
BinniBusRA15,17.05967,-96.706987,219
BinniBusRA15,17.059928,-96.706342,220
BinniBusRA15,17.060093,-96.705682,221
BinniBusRA15,17.060319,-96.704821,222
BinniBusRA15,17.060524,-96.704099,223
BinniBusRA15,17.06083,-96.702892,224
BinniBusRA15,17.061112,-96.70183,225
BinniBusRA15,17.06134,-96.701047,226
BinniBusRA15,17.061588,-96.70017,227
BinniBusRA15,17.061788,-96.699408,228
BinniBusRA15,17.061968,-96.698502,229
BinniBusRA15,17.06196,-96.69804,230
BinniBusRA15,17.061914,-96.697697,231
BinniBusRA15,17.061783,-96.697254,232
BinniBusRA15,17.061594,-96.696672,233
BinniBusRA15,17.061338,-96.695995,234
BinniBusRA15,17.061158,-96.695474,235
BinniBusRA15,17.060753,-96.694492,236
BinniBusRA15,17.06054,-96.693857,237
BinniBusRA15,17.060353,-96.693299,238
BinniBusRA15,17.060186,-96.692915,239
BinniBusRA15,17.060013,-96.692491,240
BinniBusRA15,17.059877,-96.692024,241
BinniBusRA15,17.059651,-96.691501,242
BinniBusRA15,17.05931,-96.690718,243
BinniBusRA15,17.059159,-96.690262,244
BinniBusRA15,17.058904,-96.689561,245
BinniBusRA15,17.05864,-96.688856,246
BinniBusRA15,17.058445,-96.688266,247
BinniBusRA15,17.058181,-96.687587,248
BinniBusRA15,17.057987,-96.687078,249
BinniBusRA15,17.057782,-96.686574,250
BinniBusRA15,17.057608,-96.685979,251
BinniBusRA15,17.057464,-96.685578,252
BinniBusRA15,17.057374,-96.685201,253
BinniBusRA15,17.057318,-96.684957,254
BinniBusRA15,17.057272,-96.68471,255
BinniBusRA15,17.05724,-96.68453,256
BinniBusRA15,17.057214,-96.684333,257
BinniBusRA15,17.057209,-96.68429,258
BinniBusRA15,17.057214,-96.684333,259
BinniBusRA15,17.057209,-96.68429,260
BinniBusRA15,17.057214,-96.684333,261
BinniBusRA15,17.057209,-96.68429,262
BinniBusRA15,17.057199,-96.684208,263
BinniBusRA15,17.057184,-96.684081,264
BinniBusRA15,17.05718,-96.684033,265
BinniBusRA15,17.057171,-96.683979,266
BinniBusRA15,17.05715,-96.683916,267
BinniBusRA15,17.057146,-96.683871,268
BinniBusRA15,17.057144,-96.683826,269
BinniBusRA15,17.057137,-96.683758,270
BinniBusRA15,17.057135,-96.683708,271
BinniBusRA15,17.05713,-96.683652,272
BinniBusRA15,17.057123,-96.683536,273
BinniBusRA15,17.057115,-96.68326,274
BinniBusRA15,17.0571,-96.682999,275
BinniBusRA15,17.057088,-96.68267,276
BinniBusRA15,17.057089,-96.682278,277
BinniBusRA15,17.057083,-96.682125,278
BinniBusRA15,17.057071,-96.681808,279
BinniBusRA15,17.057079,-96.681479,280
BinniBusRA15,17.057074,-96.681371,281
BinniBusRA15,17.057074,-96.681261,282
BinniBusRA15,17.057071,-96.681143,283
BinniBusRA15,17.057061,-96.681046,284
BinniBusRA15,17.057064,-96.680984,285
BinniBusRA15,17.057059,-96.680917,286
BinniBusRA15,17.057063,-96.680071,287
BinniBusRA15,17.05706,-96.678931,288
BinniBusRA15,17.057063,-96.678636,289
BinniBusRA15,17.057036,-96.675676,290
BinniBusRA15,17.057057,-96.673509,291
BinniBusRA15,17.057129,-96.672854,292
BinniBusRA15,17.057229,-96.672279,293
BinniBusRA15,17.057796,-96.67017,294
BinniBusRA15,17.057845,-96.669975,295
BinniBusRA15,17.05822,-96.668604,296
BinniBusRA15,17.05823,-96.668226,297
BinniBusRA15,17.05822,-96.667819,298
BinniBusRA15,17.058214,-96.667569,299
BinniBusRA15,17.058145,-96.667276,300
BinniBusRA15,17.058014,-96.666782,301
BinniBusRA15,17.057936,-96.666557,302
BinniBusRA15,17.057759,-96.666031,303
BinniBusRA15,17.057652,-96.665763,304
BinniBusRA15,17.056578,-96.662495,305
BinniBusRA15,17.056191,-96.661331,306
BinniBusRA15,17.055955,-96.660408,307
BinniBusRA15,17.055807,-96.660081,308
BinniBusRA15,17.056017,-96.659786,309
BinniBusRA15,17.056176,-96.65955,310
BinniBusRA15,17.057191,-96.65889,311
BinniBusRA15,17.058012,-96.658391,312
BinniBusRA15,17.057289,-96.657157,313
BinniBusRA15,17.05613,-96.655012,314
BinniBusRA15,17.055596,-96.654073,315
BinniBusRA15,17.055094,-96.653209,316
BinniBusRA15,17.053365,-96.649984,317
BinniBusRA15,17.05214,-96.647902,318
BinniBusRA15,17.051478,-96.646738,319
BinniBusRA15,17.048122,-96.640766,320
BinniBusRA15,17.047481,-96.639494,321
BinniBusRA15,17.047291,-96.639135,322
BinniBusRA15,17.047403,-96.63908,323
BinniBusRA15,17.048306,-96.639182,324
BinniBusRA15,17.048716,-96.639284,325
BinniBusRA15,17.050101,-96.639633,326
BinniBusRA15,17.050421,-96.639668,327
BinniBusRA15,17.051195,-96.639651,328
BinniBusRA15,17.051477,-96.63957,329
BinniBusRA15,17.052567,-96.639053,330
BinniBusRA15,17.051346,-96.636654,331
BinniBusRA15,17.050556,-96.635217,332
BinniBusRA15,17.049678,-96.633646,333
BinniBusRA15,17.049278,-96.632879,334
BinniBusRA15,17.04899,-96.632241,335
BinniBusRA15,17.048447,-96.630841,336
BinniBusRA15,17.048037,-96.629822,337
BinniBusRA15,17.047182,-96.627802,338
BinniBusRA15,17.047068,-96.627573,339
BinniBusRA15,17.047411,-96.627386,340
BinniBusRA15,17.047618,-96.627325,341
BinniBusRA15,17.048095,-96.627105,342
BinniBusRA15,17.048557,-96.626955,343
BinniBusRA15,17.04889,-96.626821,344
BinniBusRA15,17.049347,-96.626638,345
BinniBusRA15,17.049565,-96.626515,346
BinniBusRA15,17.049736,-96.626456,347
BinniBusRA15,17.049942,-96.626368,348
BinniBusRA15,17.050334,-96.626219,349
BinniBusRA15,17.050552,-96.626195,350
BinniBusRA15,17.050749,-96.626264,351
BinniBusRA15,17.050948,-96.626372,352
BinniBusRA15,17.051092,-96.626444,353
BinniBusRA15,17.051412,-96.626393,354
BinniBusRA15,17.051869,-96.626256,355
BinniBusRA15,17.052373,-96.626121,356
BinniBusRA15,17.052804,-96.625966,357
BinniBusRA15,17.053193,-96.625875,358
BinniBusRA15,17.053422,-96.625824,359
BinniBusRA15,17.053537,-96.625765,360
BinniBusRA15,17.053555,-96.625633,361
BinniBusRA15,17.053534,-96.625475,362
BinniBusRA15,17.053384,-96.625008,363
BinniBusRA15,17.053483,-96.624963,364
BinniBusRA15,17.053788,-96.624877,365
BinniBusRA15,17.054134,-96.624818,366
BinniBusRA15,17.054447,-96.624759,367
BinniBusRA15,17.055029,-96.624584,368
BinniBusRA15,17.057017,-96.624024,369
BinniBusRA15,17.05776,-96.623823,370
BinniBusRA15,17.057894,-96.623796,371
BinniBusRA15,17.058504,-96.623651,372
BinniBusRA15,17.058876,-96.623437,373
BinniBusRA15,17.059028,-96.62338,374
BinniBusRA15,17.059225,-96.623362,375
BinniBusRA15,17.059677,-96.623341,376
BinniBusRA15,17.060005,-96.623303,377
BinniBusRA15,17.060547,-96.623254,378
BinniBusRA15,17.060575,-96.623302,379
BinniBusRA15,17.060554,-96.623916,380
BinniBusRA15,17.060531,-96.6246,381
BinniBusRA15,17.060507,-96.624569,382
BinniBusRA15,17.060533,-96.624659,383
BinniBusRA15,17.061145,-96.624578,384
BinniBusRA15,17.061904,-96.624485,385
BinniBusRA15,17.062594,-96.624363,386
BinniBusRA15,17.06292,-96.624285,387
BinniBusRA15,17.06372,-96.624062,388
BinniBusRA15,17.063717,-96.623971,389
BinniBusRA15,17.063673,-96.623689,390
BinniBusRA15,17.063632,-96.623373,391
BinniBusRA15,17.063632,-96.623051,392
BinniBusRA15,17.063617,-96.622882,393
BinniBusRA15,17.06333,-96.62296,394
BinniBusRA15,17.06296,-96.62304,395
BinniBusRA15,17.062663,-96.623099,396
BinniBusRA15,17.062335,-96.62315,397
BinniBusRA15,17.061907,-96.623201,398
BinniBusRA15,17.061208,-96.623251,399
BinniBusRA15,17.060582,-96.623285,400
BinniBusRA15,17.059949,-96.623357,401
BinniBusRA15,17.059405,-96.623407,402
BinniBusRA15,17.05928,-96.623403,403
BinniBusRA15,17.059021,-96.623417,404
BinniBusRA15,17.058531,-96.623663,405
BinniBusRA15,17.058395,-96.623709,406
BinniBusRA15,17.057833,-96.623849,407
BinniBusRA15,17.057142,-96.624015,408
BinniBusRA15,17.056362,-96.62424,409
BinniBusRA15,17.055556,-96.62447,410
BinniBusRA15,17.055046,-96.624625,411
BinniBusRA15,17.054351,-96.624818,412
BinniBusRA15,17.054074,-96.62485,413
BinniBusRA15,17.05349,-96.624995,414
BinniBusRA15,17.053331,-96.624985,415
BinniBusRA15,17.053136,-96.62426,416
BinniBusRA15,17.052961,-96.623665,417
BinniBusRA15,17.052908,-96.623521,418
BinniBusRA15,17.052826,-96.623452,419
BinniBusRA15,17.052693,-96.623449,420
BinniBusRA15,17.052498,-96.623513,421
BinniBusRA15,17.051813,-96.623716,422
BinniBusRA15,17.05159,-96.623803,423
BinniBusRA15,17.051416,-96.623849,424
BinniBusRA15,17.050924,-96.623979,425
BinniBusRA15,17.050324,-96.624148,426
BinniBusRA15,17.049662,-96.624328,427
BinniBusRA15,17.049457,-96.624374,428
BinniBusRA15,17.049388,-96.624436,429
BinniBusRA15,17.049418,-96.624613,430
BinniBusRA15,17.049546,-96.625058,431
BinniBusRA15,17.049649,-96.625383,432
BinniBusRA15,17.0497,-96.625683,433
BinniBusRA15,17.049659,-96.625887,434
BinniBusRA15,17.049544,-96.625989,435
BinniBusRA15,17.049331,-96.626034,436
BinniBusRA15,17.049118,-96.626005,437
BinniBusRA15,17.048775,-96.625747,438
BinniBusRA15,17.047931,-96.625062,439
BinniBusRA15,17.047864,-96.625041,440
BinniBusRA15,17.04748,-96.625148,441
BinniBusRA15,17.046674,-96.625384,442
BinniBusRA15,17.046206,-96.625565,443
BinniBusRA15,17.046214,-96.625632,444
BinniBusRA15,17.046609,-96.626571,445
BinniBusRA15,17.047083,-96.627539,446
BinniBusRA15,17.047316,-96.628043,447
BinniBusRA15,17.04785,-96.62928,448
BinniBusRA15,17.046799,-96.629604,449
BinniBusRA15,17.045642,-96.630071,450
BinniBusRA15,17.043819,-96.630704,451
BinniBusRA15,17.044198,-96.631638,452
BinniBusRA15,17.044584,-96.632678,453
BinniBusRA15,17.044636,-96.632842,454
BinniBusRA15,17.044646,-96.633092,455
BinniBusRA15,17.044551,-96.633303,456
BinniBusRA15,17.0444,-96.633639,457
BinniBusRA15,17.044369,-96.633859,458
BinniBusRA15,17.045159,-96.635822,459
BinniBusRA15,17.045762,-96.637497,460
BinniBusRA15,17.045964,-96.638034,461
BinniBusRA15,17.046244,-96.638712,462
BinniBusRA15,17.046449,-96.638948,463
BinniBusRA15,17.046777,-96.639045,464
BinniBusRA15,17.04728,-96.639056,465
BinniBusRA15,17.047444,-96.639093,466
BinniBusRA15,17.048944,-96.641855,467
BinniBusRA15,17.051417,-96.646201,468
BinniBusRA15,17.054502,-96.651702,469
BinniBusRA15,17.054846,-96.652319,470
BinniBusRA15,17.055984,-96.654379,471
BinniBusRA15,17.058178,-96.658406,472
BinniBusRA15,17.057091,-96.659114,473
BinniBusRA15,17.056198,-96.659693,474
BinniBusRA15,17.055973,-96.660047,475
BinniBusRA15,17.056024,-96.660401,476
BinniBusRA15,17.056434,-96.661538,477
BinniBusRA15,17.056691,-96.662311,478
BinniBusRA15,17.058198,-96.666721,479
BinniBusRA15,17.058424,-96.667643,480
BinniBusRA15,17.058444,-96.668598,481
BinniBusRA15,17.05788,-96.670562,482
BinniBusRA15,17.057357,-96.672654,483
BinniBusRA15,17.057296,-96.673094,484
BinniBusRA15,17.057244,-96.680829,485
BinniBusRA15,17.05725,-96.680982,486
BinniBusRA15,17.057264,-96.681435,487
BinniBusRA15,17.057258,-96.682453,488
BinniBusRA15,17.057263,-96.682898,489
BinniBusRA15,17.057259,-96.683195,490
BinniBusRA15,17.057263,-96.68334,491
BinniBusRA15,17.057265,-96.68348,492
BinniBusRA15,17.057277,-96.683706,493
BinniBusRA15,17.057278,-96.6838,494
BinniBusRA15,17.057282,-96.68388,495
BinniBusRA15,17.057357,-96.68438,496
BinniBusRA15,17.057469,-96.684919,497
BinniBusRA15,17.057633,-96.685509,498
BinniBusRA15,17.057702,-96.685791,499
BinniBusRA15,17.057833,-96.686134,500
BinniBusRA15,17.058084,-96.686831,501
BinniBusRA15,17.058313,-96.687388,502
BinniBusRA15,17.058441,-96.68779,503
BinniBusRA15,17.05861,-96.688273,504
BinniBusRA15,17.058825,-96.688858,505
BinniBusRA15,17.059141,-96.689683,506
BinniBusRA15,17.059331,-96.690166,507
BinniBusRA15,17.059529,-96.69063,508
BinniBusRA15,17.059636,-96.690879,509
BinniBusRA15,17.059718,-96.691118,510
BinniBusRA15,17.059777,-96.691378,511
BinniBusRA15,17.059903,-96.691662,512
BinniBusRA15,17.060057,-96.692019,513
BinniBusRA15,17.06016,-96.692376,514
BinniBusRA15,17.060249,-96.692641,515
BinniBusRA15,17.060363,-96.692954,516
BinniBusRA15,17.060472,-96.693229,517
BinniBusRA15,17.060632,-96.693714,518
BinniBusRA15,17.060639,-96.693732,519
BinniBusRA15,17.060656,-96.693775,520
BinniBusRA15,17.060738,-96.693985,521
BinniBusRA15,17.060838,-96.694197,522
BinniBusRA15,17.06094,-96.694492,523
BinniBusRA15,17.061102,-96.694942,524
BinniBusRA15,17.06121,-96.69527,525
BinniBusRA15,17.061386,-96.695739,526
BinniBusRA15,17.061522,-96.696155,527
BinniBusRA15,17.061743,-96.696713,528
BinniBusRA15,17.061838,-96.696928,529
BinniBusRA15,17.06192,-96.697153,530
BinniBusRA15,17.061989,-96.697385,531
BinniBusRA15,17.062014,-96.697559,532
BinniBusRA15,17.062043,-96.697805,533
BinniBusRA15,17.062072,-96.697999,534
BinniBusRA15,17.06209,-96.698284,535
BinniBusRA15,17.062093,-96.698573,536
BinniBusRA15,17.062085,-96.698713,537
BinniBusRA15,17.062057,-96.698917,538
BinniBusRA15,17.061911,-96.699507,539
BinniBusRA15,17.061706,-96.700239,540
BinniBusRA15,17.061611,-96.700656,541
BinniBusRA15,17.061493,-96.701069,542
BinniBusRA15,17.061311,-96.701704,543
BinniBusRA15,17.061092,-96.702554,544
BinniBusRA15,17.060887,-96.703353,545
BinniBusRA15,17.060527,-96.70457,546
BinniBusRA15,17.060513,-96.704785,547
BinniBusRA15,17.060326,-96.705424,548
BinniBusRA15,17.060069,-96.706461,549
BinniBusRA15,17.05969,-96.707423,550
BinniBusRA15,17.058746,-96.708778,551
BinniBusRA15,17.057481,-96.70984,552
BinniBusRA15,17.055355,-96.711698,553
BinniBusRA15,17.055022,-96.712042,554
BinniBusRA15,17.054783,-96.712388,555
BinniBusRA15,17.05441,-96.713014,556
BinniBusRA15,17.056451,-96.712864,557
BinniBusRA15,17.057464,-96.71276,558
BinniBusRA15,17.057991,-96.712715,559
BinniBusRA15,17.058305,-96.712699,560
BinniBusRA15,17.058543,-96.712725,561
BinniBusRA15,17.059802,-96.71321,562
BinniBusRA15,17.060391,-96.713461,563
BinniBusRA15,17.060708,-96.713574,564
BinniBusRA15,17.061077,-96.713634,565
BinniBusRA15,17.061019,-96.713866,566
BinniBusRA15,17.060961,-96.714055,567
BinniBusRA15,17.060972,-96.714224,568
BinniBusRA15,17.060911,-96.7143,569
BinniBusRA15,17.060897,-96.714447,570
BinniBusRA15,17.061302,-96.716458,571
BinniBusRA15,17.062119,-96.720482,572
BinniBusRA15,17.062304,-96.721512,573
BinniBusRA15,17.058543,-96.722263,574
BinniBusRA15,17.05934,-96.726136,575
BinniBusRA15,17.06054,-96.732155,576
BinniBusRA15,17.060746,-96.733141,577
BinniBusRA15,17.060771,-96.733474,578
BinniBusRA15,17.060792,-96.733629,579
BinniBusRA15,17.060751,-96.733844,580
BinniBusRA15,17.059597,-96.735555,581
BinniBusRA15,17.059055,-96.736304,582
BinniBusRA15,17.058973,-96.736465,583
BinniBusRA15,17.059101,-96.736609,584
BinniBusRA15,17.059829,-96.736856,585
BinniBusRA15,17.060332,-96.736872,586
BinniBusRA15,17.060763,-96.736942,587
BinniBusRA15,17.061199,-96.737065,588
BinniBusRA15,17.061393,-96.737065,589
BinniBusRA15,17.061614,-96.737253,590
BinniBusRA15,17.061614,-96.738943,591
BinniBusRA15,17.061634,-96.739324,592
BinniBusRA15,17.06147,-96.739844,593
BinniBusRA15,17.061327,-96.739984,594
BinniBusRA15,17.059558,-96.741974,595
BinniBusRA15,17.058629,-96.743047,596
BinniBusRA15,17.056324,-96.74565,597
BinniBusRA15,17.056145,-96.74586,598
BinniBusRA15,17.056071,-96.745912,599
BinniBusRA15,17.056422,-96.7463,600
BinniBusRA15,17.056653,-96.746772,601
BinniBusRA15,17.056668,-96.747282,602
BinniBusRA15,17.056489,-96.747813,603
BinniBusRA15,17.056017,-96.748269,604
BinniBusRA15,17.055488,-96.748649,605
BinniBusRA15,17.055263,-96.748773,606
BinniBusRA15,17.054988,-96.748941,607
BinniBusRA15,17.054721,-96.749059,608
BinniBusRA15,17.054568,-96.749418,609
BinniBusRA15,17.054388,-96.749579,610
BinniBusRA15,17.053583,-96.750084,611
BinniBusRA15,17.053316,-96.750186,612
BinniBusRA15,17.053208,-96.750325,613
BinniBusRA15,17.053316,-96.750454,614
BinniBusRA15,17.053716,-96.750684,615
BinniBusRA15,17.053752,-96.750832,616
BinniBusRA15,17.053768,-96.750974,617
BinniBusRA15,17.05376,-96.751192,618
BinniBusRA15,17.053608,-96.751374,619
BinniBusRA15,17.053475,-96.751492,620
BinniBusRA15,17.053342,-96.75165,621
BinniBusRA15,17.053162,-96.75191,622
BinniBusRA15,17.053032,-96.752063,623
BinniBusRA15,17.052883,-96.752152,624
BinniBusRA15,17.052675,-96.75217,625
BinniBusRA15,17.052347,-96.752068,626
BinniBusRA15,17.052147,-96.751988,627
BinniBusRA15,17.052003,-96.751961,628
BinniBusRA15,17.051942,-96.752085,629
BinniBusRA15,17.051998,-96.752208,630
BinniBusRA15,17.052178,-96.752412,631
BinniBusRA15,17.052352,-96.752519,632
BinniBusRA15,17.052521,-96.7526,633
BinniBusRA15,17.052634,-96.752702,634
BinniBusRA15,17.05267,-96.752879,635
BinniBusRA15,17.05267,-96.753136,636
BinniBusRA15,17.052583,-96.753361,637
BinniBusRA15,17.052583,-96.753538,638
BinniBusRA15,17.05272,-96.753549,639
BinniBusRA15,17.052864,-96.753453,640
BinniBusRA15,17.053043,-96.75342,641
BinniBusRA15,17.05333,-96.753404,642
BinniBusRA15,17.053592,-96.753337,643
BinniBusRA15,17.053807,-96.753351,644
BinniBusRA15,17.053979,-96.753324,645
BinniBusRA15,17.05407,-96.753331,646
BinniBusRA15,17.05423,-96.753398,647
BinniBusRA15,17.054406,-96.753513,648
BinniBusRA15,17.054515,-96.75358,649
BinniBusRA15,17.054658,-96.753646,650
BinniBusRA15,17.054932,-96.753745,651
BinniBusRA15,17.054986,-96.753766,652
BinniBusRA15,17.055149,-96.753828,653
BinniBusRA15,17.055263,-96.75392,654
BinniBusRA15,17.055378,-96.754089,655
BinniBusRA15,17.05546,-96.754257,656
BinniBusRA15,17.055503,-96.754443,657
BinniBusRA15,17.055461,-96.754647,658
BinniBusRA15,17.055369,-96.75476,659
BinniBusRA15,17.055241,-96.75487,660
BinniBusRA15,17.054944,-96.755011,661
BinniBusRA15,17.054652,-96.75507,662
BinniBusRA15,17.054518,-96.75515,663
BinniBusRA15,17.054436,-96.7553,664
BinniBusRA15,17.054518,-96.755534,665
BinniBusRA15,17.054585,-96.755804,666
BinniBusRA15,17.054616,-96.756121,667
BinniBusRA15,17.054657,-96.75632,668
BinniBusRA15,17.054841,-96.756325,669
BinniBusRA15,17.055108,-96.756341,670
BinniBusRA15,17.055231,-96.756432,671
BinniBusRA15,17.055359,-96.756684,672
BinniBusRA15,17.05558,-96.756867,673
BinniBusRA15,17.055729,-96.757307,674
BinniBusRA15,17.055862,-96.757644,675
BinniBusRA15,17.055882,-96.757827,676
BinniBusRA15,17.056072,-96.757961,677
BinniBusRA15,17.056334,-96.758031,678
BinniBusRA15,17.056498,-96.758176,679
BinniBusRA15,17.056539,-96.758326,680
BinniBusRA15,17.056526,-96.758449,681
BinniBusRA16,17.083344,-96.76945,1
BinniBusRA16,17.083936,-96.769608,2
BinniBusRA16,17.083945,-96.769368,3
BinniBusRA16,17.083946,-96.769202,4
BinniBusRA16,17.08391,-96.769036,5
BinniBusRA16,17.08388,-96.768941,6
BinniBusRA16,17.083878,-96.76886,7
BinniBusRA16,17.084019,-96.768882,8
BinniBusRA16,17.084768,-96.769075,9
BinniBusRA16,17.085227,-96.769201,10
BinniBusRA16,17.085476,-96.769279,11
BinniBusRA16,17.085796,-96.768247,12
BinniBusRA16,17.087268,-96.768598,13
BinniBusRA16,17.087311,-96.768571,14
BinniBusRA16,17.087468,-96.768236,15
BinniBusRA16,17.087793,-96.767544,16
BinniBusRA16,17.088139,-96.766656,17
BinniBusRA16,17.088847,-96.764996,18
BinniBusRA16,17.086642,-96.763748,19
BinniBusRA16,17.084947,-96.762796,20
BinniBusRA16,17.083148,-96.761799,21
BinniBusRA16,17.081389,-96.76083,22
BinniBusRA16,17.08014,-96.760152,23
BinniBusRA16,17.078156,-96.75902,24
BinniBusRA16,17.076189,-96.757928,25
BinniBusRA16,17.074802,-96.757169,26
BinniBusRA16,17.074012,-96.75671,27
BinniBusRA16,17.073335,-96.756327,28
BinniBusRA16,17.072197,-96.755632,29
BinniBusRA16,17.071218,-96.754991,30
BinniBusRA16,17.069451,-96.753701,31
BinniBusRA16,17.068876,-96.753312,32
BinniBusRA16,17.06863,-96.753189,33
BinniBusRA16,17.067984,-96.753009,34
BinniBusRA16,17.06721,-96.752786,35
BinniBusRA16,17.067061,-96.752709,36
BinniBusRA16,17.066902,-96.75255,37
BinniBusRA16,17.066684,-96.752247,38
BinniBusRA16,17.066323,-96.751542,39
BinniBusRA16,17.066228,-96.751434,40
BinniBusRA16,17.065356,-96.75111,41
BinniBusRA16,17.065046,-96.751008,42
BinniBusRA16,17.064923,-96.750941,43
BinniBusRA16,17.06481,-96.750812,44
BinniBusRA16,17.064597,-96.750415,45
BinniBusRA16,17.064266,-96.749983,46
BinniBusRA16,17.064092,-96.749729,47
BinniBusRA16,17.063989,-96.749479,48
BinniBusRA16,17.064012,-96.749171,49
BinniBusRA16,17.064051,-96.748141,50
BinniBusRA16,17.064128,-96.74773,51
BinniBusRA16,17.064097,-96.74758,52
BinniBusRA16,17.063989,-96.747473,53
BinniBusRA16,17.062541,-96.746553,54
BinniBusRA16,17.06241,-96.746432,55
BinniBusRA16,17.061946,-96.746016,56
BinniBusRA16,17.061671,-96.745778,57
BinniBusRA16,17.060358,-96.744884,58
BinniBusRA16,17.060158,-96.744748,59
BinniBusRA16,17.060074,-96.744423,60
BinniBusRA16,17.059961,-96.744238,61
BinniBusRA16,17.059584,-96.743892,62
BinniBusRA16,17.058582,-96.743023,63
BinniBusRA16,17.058805,-96.742774,64
BinniBusRA16,17.059264,-96.742267,65
BinniBusRA16,17.060182,-96.741234,66
BinniBusRA16,17.061097,-96.740207,67
BinniBusRA16,17.06133,-96.739912,68
BinniBusRA16,17.06142,-96.739845,69
BinniBusRA16,17.061528,-96.739603,70
BinniBusRA16,17.061602,-96.739335,71
BinniBusRA16,17.061589,-96.737315,72
BinniBusRA16,17.061382,-96.737106,73
BinniBusRA16,17.061251,-96.737101,74
BinniBusRA16,17.061056,-96.737066,75
BinniBusRA16,17.060646,-96.736959,76
BinniBusRA16,17.0599,-96.736873,77
BinniBusRA16,17.059671,-96.736824,78
BinniBusRA16,17.059071,-96.736602,79
BinniBusRA16,17.058984,-96.736521,80
BinniBusRA16,17.058882,-96.736489,81
BinniBusRA16,17.059007,-96.736272,82
BinniBusRA16,17.059412,-96.735636,83
BinniBusRA16,17.060035,-96.734636,84
BinniBusRA16,17.060418,-96.734129,85
BinniBusRA16,17.060737,-96.733634,86
BinniBusRA16,17.060066,-96.733158,87
BinniBusRA16,17.059374,-96.73271,88
BinniBusRA16,17.058522,-96.732112,89
BinniBusRA16,17.05762,-96.73146,90
BinniBusRA16,17.057476,-96.731272,91
BinniBusRA16,17.056425,-96.730599,92
BinniBusRA16,17.056171,-96.730438,93
BinniBusRA16,17.055145,-96.730132,94
BinniBusRA16,17.05485,-96.730095,95
BinniBusRA16,17.05441,-96.729939,96
BinniBusRA16,17.053876,-96.729794,97
BinniBusRA16,17.052897,-96.729483,98
BinniBusRA16,17.052517,-96.729381,99
BinniBusRA16,17.05175,-96.729298,100
BinniBusRA16,17.051594,-96.729215,101
BinniBusRA16,17.05125,-96.72903,102
BinniBusRA16,17.050994,-96.728738,103
BinniBusRA16,17.050784,-96.728499,104
BinniBusRA16,17.05054,-96.727987,105
BinniBusRA16,17.050491,-96.727608,106
BinniBusRA16,17.050478,-96.727201,107
BinniBusRA16,17.050671,-96.726509,108
BinniBusRA16,17.050599,-96.726367,109
BinniBusRA16,17.050458,-96.726176,110
BinniBusRA16,17.050325,-96.726064,111
BinniBusRA16,17.049578,-96.725613,112
BinniBusRA16,17.048906,-96.725095,113
BinniBusRA16,17.048148,-96.72454,114
BinniBusRA16,17.04777,-96.724285,115
BinniBusRA16,17.047265,-96.723944,116
BinniBusRA16,17.046493,-96.723985,117
BinniBusRA16,17.046416,-96.723322,118
BinniBusRA16,17.046413,-96.723187,119
BinniBusRA16,17.046417,-96.723116,120
BinniBusRA16,17.046465,-96.723106,121
BinniBusRA16,17.046552,-96.723179,122
BinniBusRA16,17.04662,-96.72317,123
BinniBusRA16,17.046628,-96.723073,124
BinniBusRA16,17.046623,-96.722875,125
BinniBusRA16,17.046556,-96.722316,126
BinniBusRA16,17.046438,-96.721448,127
BinniBusRA16,17.046363,-96.720883,128
BinniBusRA16,17.046301,-96.720403,129
BinniBusRA16,17.04619,-96.719658,130
BinniBusRA16,17.046109,-96.719002,131
BinniBusRA16,17.046083,-96.718803,132
BinniBusRA16,17.046073,-96.718545,133
BinniBusRA16,17.046063,-96.718149,134
BinniBusRA16,17.045914,-96.717171,135
BinniBusRA16,17.045878,-96.71714,136
BinniBusRA16,17.04575,-96.717095,137
BinniBusRA16,17.045602,-96.717,138
BinniBusRA16,17.045275,-96.71666,139
BinniBusRA16,17.044897,-96.716231,140
BinniBusRA16,17.044405,-96.715672,141
BinniBusRA16,17.043876,-96.715063,142
BinniBusRA16,17.043594,-96.714768,143
BinniBusRA16,17.043174,-96.71434,144
BinniBusRA16,17.04308,-96.714224,145
BinniBusRA16,17.043056,-96.71403,146
BinniBusRA16,17.042786,-96.713813,147
BinniBusRA16,17.041911,-96.713176,148
BinniBusRA16,17.041236,-96.712582,149
BinniBusRA16,17.040239,-96.711815,150
BinniBusRA16,17.039372,-96.711154,151
BinniBusRA16,17.03918,-96.711004,152
BinniBusRA16,17.038946,-96.710882,153
BinniBusRA16,17.038664,-96.7108,154
BinniBusRA16,17.038285,-96.710796,155
BinniBusRA16,17.038187,-96.710836,156
BinniBusRA16,17.038077,-96.710859,157
BinniBusRA16,17.037986,-96.710883,158
BinniBusRA16,17.037873,-96.710898,159
BinniBusRA16,17.037803,-96.71077,160
BinniBusRA16,17.037649,-96.710204,161
BinniBusRA16,17.037296,-96.708594,162
BinniBusRA16,17.03705,-96.70763,163
BinniBusRA16,17.036758,-96.706397,164
BinniBusRA16,17.036903,-96.706386,165
BinniBusRA16,17.037826,-96.710431,166
BinniBusRA16,17.037916,-96.710726,167
BinniBusRA16,17.037975,-96.710736,168
BinniBusRA16,17.038288,-96.710632,169
BinniBusRA16,17.038688,-96.710651,170
BinniBusRA16,17.039039,-96.710761,171
BinniBusRA16,17.039342,-96.710916,172
BinniBusRA16,17.039957,-96.711391,173
BinniBusRA16,17.040319,-96.711691,174
BinniBusRA16,17.041163,-96.712327,175
BinniBusRA16,17.041716,-96.712756,176
BinniBusRA16,17.04205,-96.71307,177
BinniBusRA16,17.043024,-96.7138,178
BinniBusRA16,17.043056,-96.71403,179
BinniBusRA16,17.043252,-96.714188,180
BinniBusRA16,17.043335,-96.714357,181
BinniBusRA16,17.043473,-96.714524,182
BinniBusRA16,17.043648,-96.714733,183
BinniBusRA16,17.043781,-96.714872,184
BinniBusRA16,17.04426,-96.715366,185
BinniBusRA16,17.044458,-96.715621,186
BinniBusRA16,17.044427,-96.715739,187
BinniBusRA16,17.044545,-96.716602,188
BinniBusRA16,17.044689,-96.717394,189
BinniBusRA16,17.044753,-96.717748,190
BinniBusRA16,17.044873,-96.7187,191
BinniBusRA16,17.045232,-96.720612,192
BinniBusRA16,17.045584,-96.722412,193
BinniBusRA16,17.046871,-96.723327,194
BinniBusRA16,17.04783,-96.724016,195
BinniBusRA16,17.048507,-96.72448,196
BinniBusRA16,17.048594,-96.724598,197
BinniBusRA16,17.049122,-96.725016,198
BinniBusRA16,17.049815,-96.725612,199
BinniBusRA16,17.05072,-96.72624,200
BinniBusRA16,17.050912,-96.726355,201
BinniBusRA16,17.05073,-96.726974,202
BinniBusRA16,17.050664,-96.727272,203
BinniBusRA16,17.050646,-96.727613,204
BinniBusRA16,17.050712,-96.727983,205
BinniBusRA16,17.050805,-96.728259,206
BinniBusRA16,17.050989,-96.728487,207
BinniBusRA16,17.051264,-96.728761,208
BinniBusRA16,17.051712,-96.728954,209
BinniBusRA16,17.051982,-96.729077,210
BinniBusRA16,17.052633,-96.729238,211
BinniBusRA16,17.054074,-96.729678,212
BinniBusRA16,17.055174,-96.73003,213
BinniBusRA16,17.055797,-96.729866,214
BinniBusRA16,17.056349,-96.729734,215
BinniBusRA16,17.057046,-96.729595,216
BinniBusRA16,17.058008,-96.729423,217
BinniBusRA16,17.05818,-96.73036,218
BinniBusRA16,17.05832,-96.73136,219
BinniBusRA16,17.060298,-96.730829,220
BinniBusRA16,17.060559,-96.732132,221
BinniBusRA16,17.060795,-96.733511,222
BinniBusRA16,17.06081,-96.733696,223
BinniBusRA16,17.06011,-96.73474,224
BinniBusRA16,17.059003,-96.736424,225
BinniBusRA16,17.058973,-96.736478,226
BinniBusRA16,17.059072,-96.736585,227
BinniBusRA16,17.059523,-96.736762,228
BinniBusRA16,17.059864,-96.736875,229
BinniBusRA16,17.060406,-96.736908,230
BinniBusRA16,17.060694,-96.736958,231
BinniBusRA16,17.061196,-96.737089,232
BinniBusRA16,17.061576,-96.737105,233
BinniBusRA16,17.061609,-96.737151,234
BinniBusRA16,17.061618,-96.737782,235
BinniBusRA16,17.0616,-96.739069,236
BinniBusRA16,17.061587,-96.739448,237
BinniBusRA16,17.061439,-96.739844,238
BinniBusRA16,17.061323,-96.739958,239
BinniBusRA16,17.061068,-96.740281,240
BinniBusRA16,17.060551,-96.74085,241
BinniBusRA16,17.060308,-96.741116,242
BinniBusRA16,17.059995,-96.741477,243
BinniBusRA16,17.05929,-96.742264,244
BinniBusRA16,17.05862,-96.743017,245
BinniBusRA16,17.05903,-96.743383,246
BinniBusRA16,17.059385,-96.743678,247
BinniBusRA16,17.060009,-96.744282,248
BinniBusRA16,17.060187,-96.744744,249
BinniBusRA16,17.060989,-96.745287,250
BinniBusRA16,17.061471,-96.745628,251
BinniBusRA16,17.061709,-96.745792,252
BinniBusRA16,17.062467,-96.746458,253
BinniBusRA16,17.062619,-96.746584,254
BinniBusRA16,17.063134,-96.746895,255
BinniBusRA16,17.06391,-96.747386,256
BinniBusRA16,17.064103,-96.747552,257
BinniBusRA16,17.064146,-96.7477,258
BinniBusRA16,17.064078,-96.748142,259
BinniBusRA16,17.064053,-96.748759,260
BinniBusRA16,17.064014,-96.74947,261
BinniBusRA16,17.06408,-96.749669,262
BinniBusRA16,17.064198,-96.749854,263
BinniBusRA16,17.06458,-96.750362,264
BinniBusRA16,17.06483,-96.750814,265
BinniBusRA16,17.064962,-96.750925,266
BinniBusRA16,17.065027,-96.75098,267
BinniBusRA16,17.0654,-96.751101,268
BinniBusRA16,17.066234,-96.75141,269
BinniBusRA16,17.066324,-96.751501,270
BinniBusRA16,17.066437,-96.751725,271
BinniBusRA16,17.066786,-96.752366,272
BinniBusRA16,17.067019,-96.752646,273
BinniBusRA16,17.067154,-96.752742,274
BinniBusRA16,17.067607,-96.752886,275
BinniBusRA16,17.068519,-96.753142,276
BinniBusRA16,17.068731,-96.753217,277
BinniBusRA16,17.069292,-96.753561,278
BinniBusRA16,17.069627,-96.753822,279
BinniBusRA16,17.070085,-96.754143,280
BinniBusRA16,17.071056,-96.754856,281
BinniBusRA16,17.07163,-96.755257,282
BinniBusRA16,17.072542,-96.755834,283
BinniBusRA16,17.073345,-96.756311,284
BinniBusRA16,17.074531,-96.756994,285
BinniBusRA16,17.075614,-96.757596,286
BinniBusRA16,17.076279,-96.757962,287
BinniBusRA16,17.076966,-96.75835,288
BinniBusRA16,17.078697,-96.759314,289
BinniBusRA16,17.079725,-96.759888,290
BinniBusRA16,17.081125,-96.760666,291
BinniBusRA16,17.083648,-96.76209,292
BinniBusRA16,17.085458,-96.763115,293
BinniBusRA16,17.087581,-96.764265,294
BinniBusRA16,17.088847,-96.764996,295
BinniBusRA16,17.088027,-96.766929,296
BinniBusRA16,17.087468,-96.768236,297
BinniBusRA16,17.087286,-96.768616,298
BinniBusRA16,17.085827,-96.768246,299
BinniBusRA16,17.085656,-96.768736,300
BinniBusRA16,17.085476,-96.769279,301
BinniBusRA16,17.084374,-96.768989,302
BinniBusRA16,17.084112,-96.768882,303
BinniBusRA16,17.083815,-96.768801,304
BinniBusRA16,17.083104,-96.768616,305
BinniBusRA16,17.081849,-96.768282,306
BinniBusRA16,17.081509,-96.768859,307
BinniBusRA16,17.081692,-96.768914,308
BinniBusRA16,17.083133,-96.769373,309
BinniBusRA17,17.031681,-96.712783,1
BinniBusRA17,17.031681,-96.712756,2
BinniBusRA17,17.031701,-96.712726,3
BinniBusRA17,17.030952,-96.712179,4
BinniBusRA17,17.030975,-96.711989,5
BinniBusRA17,17.031986,-96.712659,6
BinniBusRA17,17.03305,-96.713453,7
BinniBusRA17,17.033376,-96.713668,8
BinniBusRA17,17.033508,-96.713673,9
BinniBusRA17,17.033672,-96.71365,10
BinniBusRA17,17.034079,-96.713375,11
BinniBusRA17,17.034447,-96.713112,12
BinniBusRA17,17.034906,-96.712851,13
BinniBusRA17,17.035346,-96.712541,14
BinniBusRA17,17.035984,-96.712112,15
BinniBusRA17,17.03634,-96.711838,16
BinniBusRA17,17.036684,-96.711605,17
BinniBusRA17,17.037143,-96.711251,18
BinniBusRA17,17.037605,-96.71094,19
BinniBusRA17,17.037859,-96.710776,20
BinniBusRA17,17.038184,-96.710666,21
BinniBusRA17,17.038613,-96.710645,22
BinniBusRA17,17.038908,-96.710688,23
BinniBusRA17,17.039341,-96.710913,24
BinniBusRA17,17.040118,-96.711492,25
BinniBusRA17,17.04051,-96.711846,26
BinniBusRA17,17.040995,-96.7122,27
BinniBusRA17,17.041385,-96.712474,28
BinniBusRA17,17.042023,-96.713032,29
BinniBusRA17,17.042416,-96.713322,30
BinniBusRA17,17.043162,-96.713888,31
BinniBusRA17,17.043636,-96.714148,32
BinniBusRA17,17.044121,-96.714279,33
BinniBusRA17,17.045172,-96.714185,34
BinniBusRA17,17.046412,-96.713956,35
BinniBusRA17,17.046939,-96.713885,36
BinniBusRA17,17.047837,-96.713762,37
BinniBusRA17,17.05051,-96.713381,38
BinniBusRA17,17.052713,-96.712992,39
BinniBusRA17,17.053364,-96.712883,40
BinniBusRA17,17.053457,-96.712857,41
BinniBusRA17,17.053761,-96.712833,42
BinniBusRA17,17.054162,-96.71297,43
BinniBusRA17,17.054305,-96.713128,44
BinniBusRA17,17.054178,-96.713483,45
BinniBusRA17,17.053901,-96.71434,46
BinniBusRA17,17.053669,-96.715254,47
BinniBusRA17,17.053373,-96.716401,48
BinniBusRA17,17.053039,-96.717965,49
BinniBusRA17,17.052636,-96.719506,50
BinniBusRA17,17.052023,-96.721938,51
BinniBusRA17,17.051627,-96.723415,52
BinniBusRA17,17.051318,-96.724555,53
BinniBusRA17,17.050932,-96.726332,54
BinniBusRA17,17.050687,-96.727061,55
BinniBusRA17,17.050504,-96.72741,56
BinniBusRA17,17.050037,-96.729101,57
BinniBusRA17,17.049484,-96.730948,58
BinniBusRA17,17.049468,-96.731026,59
BinniBusRA17,17.049545,-96.731168,60
BinniBusRA17,17.049581,-96.73135,61
BinniBusRA17,17.049883,-96.732243,62
BinniBusRA17,17.0501,-96.73256,63
BinniBusRA17,17.050609,-96.73345,64
BinniBusRA17,17.051264,-96.734538,65
BinniBusRA17,17.051359,-96.73519,66
BinniBusRA17,17.05132,-96.736019,67
BinniBusRA17,17.05122,-96.736829,68
BinniBusRA17,17.051181,-96.737326,69
BinniBusRA17,17.05121,-96.737771,70
BinniBusRA17,17.051412,-96.738443,71
BinniBusRA17,17.051723,-96.739141,72
BinniBusRA17,17.052105,-96.73996,73
BinniBusRA17,17.05224,-96.74034,74
BinniBusRA17,17.052269,-96.740582,75
BinniBusRA17,17.052218,-96.741358,76
BinniBusRA17,17.05218,-96.741836,77
BinniBusRA17,17.05225,-96.742184,78
BinniBusRA17,17.052346,-96.742347,79
BinniBusRA17,17.052555,-96.742556,80
BinniBusRA17,17.052795,-96.742697,81
BinniBusRA17,17.053237,-96.742944,82
BinniBusRA17,17.053534,-96.743246,83
BinniBusRA17,17.053812,-96.74369,84
BinniBusRA17,17.054101,-96.744041,85
BinniBusRA17,17.054382,-96.7443,86
BinniBusRA17,17.054966,-96.744819,87
BinniBusRA17,17.055681,-96.745536,88
BinniBusRA17,17.056116,-96.745917,89
BinniBusRA17,17.056455,-96.746348,90
BinniBusRA17,17.056631,-96.746702,91
BinniBusRA17,17.056677,-96.747067,92
BinniBusRA17,17.056625,-96.74745,93
BinniBusRA17,17.056458,-96.747784,94
BinniBusRA17,17.056103,-96.7482,95
BinniBusRA17,17.055867,-96.74838,96
BinniBusRA17,17.055226,-96.748799,97
BinniBusRA17,17.054736,-96.749069,98
BinniBusRA17,17.054544,-96.74943,99
BinniBusRA17,17.054407,-96.749558,100
BinniBusRA17,17.05395,-96.749845,101
BinniBusRA17,17.053599,-96.750065,102
BinniBusRA17,17.053326,-96.750183,103
BinniBusRA17,17.053205,-96.750287,104
BinniBusRA17,17.053206,-96.750344,105
BinniBusRA17,17.053254,-96.750421,106
BinniBusRA17,17.053663,-96.75067,107
BinniBusRA17,17.053744,-96.750818,108
BinniBusRA17,17.053777,-96.750953,109
BinniBusRA17,17.053753,-96.751127,110
BinniBusRA17,17.053709,-96.751241,111
BinniBusRA17,17.053612,-96.751385,112
BinniBusRA17,17.053468,-96.751499,113
BinniBusRA17,17.053178,-96.75189,114
BinniBusRA17,17.053021,-96.752073,115
BinniBusRA17,17.052895,-96.752148,116
BinniBusRA17,17.052759,-96.752169,117
BinniBusRA17,17.05261,-96.752149,118
BinniBusRA17,17.052245,-96.752026,119
BinniBusRA17,17.052091,-96.751968,120
BinniBusRA17,17.051996,-96.751972,121
BinniBusRA17,17.051942,-96.752034,122
BinniBusRA17,17.051956,-96.752163,123
BinniBusRA17,17.052072,-96.752336,124
BinniBusRA17,17.052265,-96.752487,125
BinniBusRA17,17.052545,-96.752655,126
BinniBusRA17,17.052623,-96.752744,127
BinniBusRA17,17.052659,-96.752953,128
BinniBusRA17,17.052635,-96.75315,129
BinniBusRA17,17.052564,-96.753458,130
BinniBusRA17,17.052595,-96.753568,131
BinniBusRA17,17.052659,-96.753578,132
BinniBusRA17,17.052817,-96.753504,133
BinniBusRA17,17.052913,-96.753449,134
BinniBusRA17,17.053008,-96.753429,135
BinniBusRA17,17.053227,-96.753429,136
BinniBusRA17,17.053544,-96.753338,137
BinniBusRA17,17.053808,-96.753351,138
BinniBusRA17,17.054072,-96.753327,139
BinniBusRA17,17.054232,-96.753388,140
BinniBusRA17,17.054485,-96.753578,141
BinniBusRA17,17.054672,-96.753655,142
BinniBusRA17,17.054917,-96.753735,143
BinniBusRA17,17.055187,-96.753836,144
BinniBusRA17,17.055307,-96.753981,145
BinniBusRA17,17.055391,-96.754122,146
BinniBusRA17,17.055521,-96.754455,147
BinniBusRA17,17.055481,-96.754632,148
BinniBusRA17,17.05542,-96.754724,149
BinniBusRA17,17.055307,-96.754838,150
BinniBusRA17,17.055012,-96.75499,151
BinniBusRA17,17.054596,-96.755092,152
BinniBusRA17,17.054468,-96.755194,153
BinniBusRA17,17.054437,-96.755332,154
BinniBusRA17,17.054585,-96.75576,155
BinniBusRA17,17.05463,-96.756281,156
BinniBusRA17,17.054696,-96.756334,157
BinniBusRA17,17.055087,-96.756328,158
BinniBusRA17,17.055214,-96.756399,159
BinniBusRA17,17.055564,-96.756834,160
BinniBusRA17,17.055699,-96.75727,161
BinniBusRA17,17.055846,-96.757621,162
BinniBusRA17,17.055859,-96.757785,163
BinniBusRA17,17.055938,-96.757872,164
BinniBusRA17,17.05633,-96.758049,165
BinniBusRA17,17.056446,-96.75815,166
BinniBusRA17,17.056549,-96.75833,167
BinniBusRA17,17.056544,-96.758529,168
BinniBusRA17,17.056538,-96.758552,169
BinniBusRA17,17.056445,-96.758544,170
BinniBusRA17,17.05651,-96.7585,171
BinniBusRA17,17.05657,-96.758511,172
BinniBusRA17,17.05658,-96.758334,173
BinniBusRA17,17.056479,-96.758147,174
BinniBusRA17,17.056355,-96.758059,175
BinniBusRA17,17.056129,-96.757963,176
BinniBusRA17,17.05598,-96.757899,177
BinniBusRA17,17.055892,-96.757807,178
BinniBusRA17,17.055881,-96.757764,179
BinniBusRA17,17.055873,-96.757617,180
BinniBusRA17,17.055712,-96.75722,181
BinniBusRA17,17.055666,-96.757078,182
BinniBusRA17,17.055608,-96.75688,183
BinniBusRA17,17.055582,-96.756826,184
BinniBusRA17,17.055354,-96.75655,185
BinniBusRA17,17.055262,-96.756426,186
BinniBusRA17,17.055143,-96.756336,187
BinniBusRA17,17.05479,-96.756356,188
BinniBusRA17,17.054716,-96.756342,189
BinniBusRA17,17.054666,-96.756299,190
BinniBusRA17,17.054655,-96.75626,191
BinniBusRA17,17.054611,-96.755768,192
BinniBusRA17,17.054569,-96.755621,193
BinniBusRA17,17.054485,-96.755394,194
BinniBusRA17,17.054465,-96.755322,195
BinniBusRA17,17.05448,-96.755219,196
BinniBusRA17,17.054536,-96.755131,197
BinniBusRA17,17.054676,-96.755045,198
BinniBusRA17,17.054939,-96.754967,199
BinniBusRA17,17.055115,-96.754914,200
BinniBusRA17,17.055339,-96.754797,201
BinniBusRA17,17.055478,-96.754666,202
BinniBusRA17,17.05551,-96.754596,203
BinniBusRA17,17.055534,-96.754498,204
BinniBusRA17,17.055543,-96.754415,205
BinniBusRA17,17.055469,-96.754195,206
BinniBusRA17,17.055382,-96.754044,207
BinniBusRA17,17.055305,-96.753943,208
BinniBusRA17,17.055233,-96.753879,209
BinniBusRA17,17.055107,-96.753798,210
BinniBusRA17,17.054843,-96.753723,211
BinniBusRA17,17.054574,-96.753631,212
BinniBusRA17,17.054267,-96.753433,213
BinniBusRA17,17.054112,-96.753359,214
BinniBusRA17,17.054037,-96.753362,215
BinniBusRA17,17.053846,-96.753384,216
BinniBusRA17,17.053544,-96.753372,217
BinniBusRA17,17.053279,-96.75346,218
BinniBusRA17,17.053066,-96.753454,219
BinniBusRA17,17.052881,-96.753514,220
BinniBusRA17,17.052738,-96.753604,221
BinniBusRA17,17.052617,-96.753582,222
BinniBusRA17,17.052564,-96.753476,223
BinniBusRA17,17.052649,-96.753122,224
BinniBusRA17,17.052676,-96.752899,225
BinniBusRA17,17.052639,-96.752734,226
BinniBusRA17,17.052566,-96.752651,227
BinniBusRA17,17.052294,-96.752507,228
BinniBusRA17,17.052081,-96.752333,229
BinniBusRA17,17.05197,-96.752169,230
BinniBusRA17,17.051952,-96.752014,231
BinniBusRA17,17.05201,-96.751948,232
BinniBusRA17,17.052131,-96.751902,233
BinniBusRA17,17.052774,-96.752131,234
BinniBusRA17,17.052979,-96.752062,235
BinniBusRA17,17.053185,-96.75187,236
BinniBusRA17,17.053338,-96.751648,237
BinniBusRA17,17.053447,-96.75153,238
BinniBusRA17,17.053474,-96.751455,239
BinniBusRA17,17.053643,-96.751328,240
BinniBusRA17,17.053753,-96.751129,241
BinniBusRA17,17.053783,-96.750911,242
BinniBusRA17,17.053697,-96.750697,243
BinniBusRA17,17.053407,-96.750533,244
BinniBusRA17,17.053243,-96.750395,245
BinniBusRA17,17.053211,-96.750276,246
BinniBusRA17,17.053376,-96.750138,247
BinniBusRA17,17.053956,-96.749837,248
BinniBusRA17,17.054523,-96.749424,249
BinniBusRA17,17.054634,-96.749283,250
BinniBusRA17,17.0547,-96.749151,251
BinniBusRA17,17.054764,-96.749028,252
BinniBusRA17,17.055338,-96.748691,253
BinniBusRA17,17.055602,-96.748534,254
BinniBusRA17,17.056079,-96.748208,255
BinniBusRA17,17.056166,-96.748133,256
BinniBusRA17,17.056404,-96.747882,257
BinniBusRA17,17.056638,-96.747454,258
BinniBusRA17,17.056693,-96.747146,259
BinniBusRA17,17.056688,-96.746884,260
BinniBusRA17,17.056638,-96.74666,261
BinniBusRA17,17.056492,-96.746388,262
BinniBusRA17,17.056123,-96.745912,263
BinniBusRA17,17.05586,-96.745717,264
BinniBusRA17,17.055221,-96.745059,265
BinniBusRA17,17.054538,-96.744426,266
BinniBusRA17,17.054132,-96.744078,267
BinniBusRA17,17.053833,-96.743719,268
BinniBusRA17,17.053742,-96.743557,269
BinniBusRA17,17.05356,-96.743267,270
BinniBusRA17,17.053324,-96.743014,271
BinniBusRA17,17.052665,-96.742627,272
BinniBusRA17,17.05251,-96.74252,273
BinniBusRA17,17.05236,-96.742363,274
BinniBusRA17,17.05229,-96.742213,275
BinniBusRA17,17.052201,-96.741855,276
BinniBusRA17,17.052229,-96.74143,277
BinniBusRA17,17.052292,-96.740604,278
BinniBusRA17,17.052239,-96.74029,279
BinniBusRA17,17.05213,-96.739957,280
BinniBusRA17,17.051846,-96.739356,281
BinniBusRA17,17.051612,-96.738896,282
BinniBusRA17,17.051406,-96.738404,283
BinniBusRA17,17.051231,-96.737798,284
BinniBusRA17,17.05121,-96.73755,285
BinniBusRA17,17.05121,-96.737083,286
BinniBusRA17,17.051276,-96.736457,287
BinniBusRA17,17.051342,-96.735817,288
BinniBusRA17,17.051375,-96.735208,289
BinniBusRA17,17.051342,-96.734955,290
BinniBusRA17,17.051295,-96.734577,291
BinniBusRA17,17.05117,-96.734363,292
BinniBusRA17,17.050894,-96.733914,293
BinniBusRA17,17.050745,-96.733662,294
BinniBusRA17,17.050074,-96.73253,295
BinniBusRA17,17.04984,-96.732026,296
BinniBusRA17,17.04965,-96.731559,297
BinniBusRA17,17.049366,-96.731031,298
BinniBusRA17,17.049497,-96.730741,299
BinniBusRA17,17.050084,-96.728786,300
BinniBusRA17,17.050556,-96.727142,301
BinniBusRA17,17.050722,-96.726479,302
BinniBusRA17,17.05084,-96.725811,303
BinniBusRA17,17.051171,-96.724663,304
BinniBusRA17,17.051504,-96.72343,305
BinniBusRA17,17.051774,-96.722327,306
BinniBusRA17,17.052317,-96.720173,307
BinniBusRA17,17.052713,-96.71852,308
BinniBusRA17,17.053048,-96.717189,309
BinniBusRA17,17.053413,-96.715593,310
BinniBusRA17,17.053575,-96.714668,311
BinniBusRA17,17.053275,-96.713143,312
BinniBusRA17,17.043896,-96.714482,313
BinniBusRA17,17.038713,-96.710861,314
BinniBusRA17,17.038071,-96.71081,315
BinniBusRA17,17.03747,-96.711145,316
BinniBusRA17,17.036964,-96.71152,317
BinniBusRA17,17.036218,-96.712076,318
BinniBusRA17,17.035265,-96.712722,319
BinniBusRA17,17.034913,-96.712982,320
BinniBusRA17,17.034691,-96.713082,321
BinniBusRA17,17.033807,-96.713639,322
BinniBusRA17,17.033524,-96.713771,323
BinniBusRA17,17.033282,-96.713849,324
BinniBusRA17,17.032594,-96.713336,325
BinniBusRA17,17.031766,-96.712736,326
BinniBusRA17,17.031753,-96.7128,327
BinniBusRA18,17.126439,-96.768124,1
BinniBusRA18,17.126562,-96.767746,2
BinniBusRA18,17.124386,-96.766003,3
BinniBusRA18,17.122458,-96.764528,4
BinniBusRA18,17.121872,-96.764023,5
BinniBusRA18,17.120339,-96.762698,6
BinniBusRA18,17.118839,-96.761435,7
BinniBusRA18,17.117703,-96.760523,8
BinniBusRA18,17.115924,-96.759104,9
BinniBusRA18,17.115096,-96.758337,10
BinniBusRA18,17.113507,-96.757186,11
BinniBusRA18,17.112623,-96.756652,12
BinniBusRA18,17.111769,-96.756231,13
BinniBusRA18,17.110798,-96.755818,14
BinniBusRA18,17.108308,-96.754788,15
BinniBusRA18,17.106645,-96.754056,16
BinniBusRA18,17.104427,-96.753139,17
BinniBusRA18,17.103479,-96.75275,18
BinniBusRA18,17.102707,-96.75504,19
BinniBusRA18,17.102261,-96.756358,20
BinniBusRA18,17.101361,-96.759533,21
BinniBusRA18,17.100982,-96.76078,22
BinniBusRA18,17.100177,-96.760424,23
BinniBusRA18,17.0989,-96.75975,24
BinniBusRA18,17.095752,-96.757964,25
BinniBusRA18,17.09396,-96.756878,26
BinniBusRA18,17.091276,-96.755301,27
BinniBusRA18,17.089666,-96.754332,28
BinniBusRA18,17.087304,-96.752946,29
BinniBusRA18,17.085904,-96.752104,30
BinniBusRA18,17.084466,-96.751318,31
BinniBusRA18,17.082866,-96.750424,32
BinniBusRA18,17.081605,-96.749762,33
BinniBusRA18,17.079728,-96.748724,34
BinniBusRA18,17.079674,-96.748617,35
BinniBusRA18,17.078884,-96.748037,36
BinniBusRA18,17.077833,-96.747458,37
BinniBusRA18,17.076785,-96.746924,38
BinniBusRA18,17.0766,-96.746854,39
BinniBusRA18,17.075062,-96.746023,40
BinniBusRA18,17.073818,-96.745288,41
BinniBusRA18,17.072785,-96.744666,42
BinniBusRA18,17.071972,-96.74425,43
BinniBusRA18,17.071652,-96.744076,44
BinniBusRA18,17.071264,-96.743853,45
BinniBusRA18,17.068852,-96.742649,46
BinniBusRA18,17.066939,-96.741581,47
BinniBusRA18,17.065198,-96.740677,48
BinniBusRA18,17.064108,-96.740138,49
BinniBusRA18,17.062905,-96.739392,50
BinniBusRA18,17.062805,-96.73936,51
BinniBusRA18,17.061949,-96.738867,52
BinniBusRA18,17.061875,-96.738837,53
BinniBusRA18,17.061821,-96.738875,54
BinniBusRA18,17.061654,-96.739317,55
BinniBusRA18,17.061446,-96.739878,56
BinniBusRA18,17.061057,-96.740331,57
BinniBusRA18,17.06011,-96.741388,58
BinniBusRA18,17.058595,-96.743078,59
BinniBusRA18,17.057803,-96.742308,60
BinniBusRA18,17.056754,-96.741198,61
BinniBusRA18,17.055644,-96.739798,62
BinniBusRA18,17.05498,-96.739189,63
BinniBusRA18,17.053436,-96.73752,64
BinniBusRA18,17.052318,-96.736249,65
BinniBusRA18,17.052178,-96.736128,66
BinniBusRA18,17.051879,-96.735745,67
BinniBusRA18,17.05157,-96.73521,68
BinniBusRA18,17.051309,-96.734674,69
BinniBusRA18,17.051245,-96.734587,70
BinniBusRA18,17.05086,-96.733996,71
BinniBusRA18,17.050551,-96.733422,72
BinniBusRA18,17.050098,-96.732639,73
BinniBusRA18,17.049942,-96.732369,74
BinniBusRA18,17.049589,-96.731511,75
BinniBusRA18,17.049373,-96.731162,76
BinniBusRA18,17.049326,-96.731056,77
BinniBusRA18,17.049247,-96.731002,78
BinniBusRA18,17.049296,-96.730858,79
BinniBusRA18,17.049618,-96.729754,80
BinniBusRA18,17.049842,-96.729031,81
BinniBusRA18,17.050055,-96.728142,82
BinniBusRA18,17.050333,-96.727167,83
BinniBusRA18,17.050352,-96.72697,84
BinniBusRA18,17.046922,-96.727836,85
BinniBusRA18,17.046735,-96.726491,86
BinniBusRA18,17.046671,-96.72593,87
BinniBusRA18,17.046618,-96.725357,88
BinniBusRA18,17.046553,-96.724416,89
BinniBusRA18,17.046418,-96.723365,90
BinniBusRA18,17.045177,-96.722458,91
BinniBusRA18,17.044216,-96.721793,92
BinniBusRA18,17.043225,-96.721077,93
BinniBusRA18,17.04228,-96.720413,94
BinniBusRA18,17.041662,-96.719934,95
BinniBusRA18,17.041442,-96.719788,96
BinniBusRA18,17.040894,-96.719324,97
BinniBusRA18,17.04059,-96.719094,98
BinniBusRA18,17.039668,-96.718463,99
BinniBusRA18,17.038906,-96.717946,100
BinniBusRA18,17.03824,-96.717461,101
BinniBusRA18,17.037185,-96.716705,102
BinniBusRA18,17.036429,-96.716147,103
BinniBusRA18,17.035674,-96.715615,104
BinniBusRA18,17.03497,-96.715121,105
BinniBusRA18,17.033546,-96.714095,106
BinniBusRA18,17.033208,-96.713843,107
BinniBusRA18,17.032191,-96.713108,108
BinniBusRA18,17.031032,-96.712297,109
BinniBusRA18,17.031041,-96.712742,110
BinniBusRA18,17.030589,-96.712806,111
BinniBusRA18,17.029415,-96.712895,112
BinniBusRA18,17.028666,-96.713017,113
BinniBusRA18,17.028236,-96.71327,114
BinniBusRA18,17.027722,-96.713638,115
BinniBusRA18,17.027032,-96.714196,116
BinniBusRA18,17.026864,-96.714337,117
BinniBusRA18,17.02676,-96.71441,118
BinniBusRA18,17.026385,-96.714782,119
BinniBusRA18,17.025457,-96.715568,120
BinniBusRA18,17.025161,-96.715907,121
BinniBusRA18,17.025042,-96.716122,122
BinniBusRA18,17.024979,-96.716139,123
BinniBusRA18,17.023698,-96.716143,124
BinniBusRA18,17.023521,-96.716147,125
BinniBusRA18,17.023525,-96.716206,126
BinniBusRA18,17.023472,-96.716191,127
BinniBusRA18,17.02347,-96.716106,128
BinniBusRA18,17.024071,-96.716097,129
BinniBusRA18,17.024751,-96.716101,130
BinniBusRA18,17.025019,-96.71609,131
BinniBusRA18,17.02512,-96.715893,132
BinniBusRA18,17.025254,-96.715727,133
BinniBusRA18,17.02575,-96.715258,134
BinniBusRA18,17.026442,-96.714674,135
BinniBusRA18,17.026794,-96.714324,136
BinniBusRA18,17.02723,-96.713997,137
BinniBusRA18,17.027572,-96.713718,138
BinniBusRA18,17.028057,-96.71334,139
BinniBusRA18,17.028625,-96.712984,140
BinniBusRA18,17.02951,-96.712856,141
BinniBusRA18,17.030594,-96.712762,142
BinniBusRA18,17.031017,-96.712724,143
BinniBusRA18,17.031047,-96.712685,144
BinniBusRA18,17.031046,-96.712335,145
BinniBusRA18,17.030973,-96.711964,146
BinniBusRA18,17.03222,-96.712846,147
BinniBusRA18,17.033299,-96.713613,148
BinniBusRA18,17.03367,-96.713953,149
BinniBusRA18,17.033774,-96.714,150
BinniBusRA18,17.034641,-96.71459,151
BinniBusRA18,17.03512,-96.714916,152
BinniBusRA18,17.035998,-96.715569,153
BinniBusRA18,17.036414,-96.715889,154
BinniBusRA18,17.037138,-96.716394,155
BinniBusRA18,17.038052,-96.717043,156
BinniBusRA18,17.038839,-96.717576,157
BinniBusRA18,17.039416,-96.717976,158
BinniBusRA18,17.039801,-96.718274,159
BinniBusRA18,17.040646,-96.718841,160
BinniBusRA18,17.040927,-96.719067,161
BinniBusRA18,17.040998,-96.719043,162
BinniBusRA18,17.041233,-96.719215,163
BinniBusRA18,17.041901,-96.719701,164
BinniBusRA18,17.042565,-96.72021,165
BinniBusRA18,17.044111,-96.721327,166
BinniBusRA18,17.044899,-96.721874,167
BinniBusRA18,17.045641,-96.722448,168
BinniBusRA18,17.0468,-96.723272,169
BinniBusRA18,17.047382,-96.723688,170
BinniBusRA18,17.047968,-96.724107,171
BinniBusRA18,17.050913,-96.726376,172
BinniBusRA18,17.050693,-96.727106,173
BinniBusRA18,17.050427,-96.727703,174
BinniBusRA18,17.049984,-96.72935,175
BinniBusRA18,17.049762,-96.730182,176
BinniBusRA18,17.049486,-96.731016,177
BinniBusRA18,17.049566,-96.731184,178
BinniBusRA18,17.04959,-96.731376,179
BinniBusRA18,17.049967,-96.732309,180
BinniBusRA18,17.05076,-96.733693,181
BinniBusRA18,17.051367,-96.734707,182
BinniBusRA18,17.051708,-96.735397,183
BinniBusRA18,17.051878,-96.735692,184
BinniBusRA18,17.05228,-96.736177,185
BinniBusRA18,17.053832,-96.737875,186
BinniBusRA18,17.054347,-96.738452,187
BinniBusRA18,17.055116,-96.739251,188
BinniBusRA18,17.055683,-96.739782,189
BinniBusRA18,17.056714,-96.741072,190
BinniBusRA18,17.057598,-96.742038,191
BinniBusRA18,17.059751,-96.744069,192
BinniBusRA18,17.060068,-96.744404,193
BinniBusRA18,17.060196,-96.744764,194
BinniBusRA18,17.061968,-96.74601,195
BinniBusRA18,17.062546,-96.746498,196
BinniBusRA18,17.063539,-96.747154,197
BinniBusRA18,17.064173,-96.747622,198
BinniBusRA18,17.064368,-96.747416,199
BinniBusRA18,17.064765,-96.746552,200
BinniBusRA18,17.064973,-96.745632,201
BinniBusRA18,17.064968,-96.745289,202
BinniBusRA18,17.06457,-96.744417,203
BinniBusRA18,17.064205,-96.743251,204
BinniBusRA18,17.064247,-96.742963,205
BinniBusRA18,17.064554,-96.742325,206
BinniBusRA18,17.064723,-96.741877,207
BinniBusRA18,17.064815,-96.741638,208
BinniBusRA18,17.064922,-96.74136,209
BinniBusRA18,17.065174,-96.740642,210
BinniBusRA18,17.065656,-96.740886,211
BinniBusRA18,17.066078,-96.741111,212
BinniBusRA18,17.066583,-96.741374,213
BinniBusRA18,17.067001,-96.741584,214
BinniBusRA18,17.067609,-96.741922,215
BinniBusRA18,17.068038,-96.742168,216
BinniBusRA18,17.068666,-96.742518,217
BinniBusRA18,17.069144,-96.742766,218
BinniBusRA18,17.069769,-96.74308,219
BinniBusRA18,17.071198,-96.743785,220
BinniBusRA18,17.071656,-96.744053,221
BinniBusRA18,17.072336,-96.744401,222
BinniBusRA18,17.072888,-96.744689,223
BinniBusRA18,17.073538,-96.745085,224
BinniBusRA18,17.074043,-96.745389,225
BinniBusRA18,17.074656,-96.745763,226
BinniBusRA18,17.075189,-96.74605,227
BinniBusRA18,17.075889,-96.74644,228
BinniBusRA18,17.07648,-96.746761,229
BinniBusRA18,17.07666,-96.746851,230
BinniBusRA18,17.076807,-96.746899,231
BinniBusRA18,17.07727,-96.747135,232
BinniBusRA18,17.077721,-96.747378,233
BinniBusRA18,17.077857,-96.747417,234
BinniBusRA18,17.078166,-96.747636,235
BinniBusRA18,17.078634,-96.74676,236
BinniBusRA18,17.079535,-96.747267,237
BinniBusRA18,17.080176,-96.747632,238
BinniBusRA18,17.080513,-96.747835,239
BinniBusRA18,17.08083,-96.748028,240
BinniBusRA18,17.081656,-96.748442,241
BinniBusRA18,17.082543,-96.748944,242
BinniBusRA18,17.083156,-96.749248,243
BinniBusRA18,17.083991,-96.749705,244
BinniBusRA18,17.084834,-96.750161,245
BinniBusRA18,17.085733,-96.750625,246
BinniBusRA18,17.086533,-96.751116,247
BinniBusRA18,17.087782,-96.751844,248
BinniBusRA18,17.088996,-96.752549,249
BinniBusRA18,17.089741,-96.752942,250
BinniBusRA18,17.090557,-96.753434,251
BinniBusRA18,17.091496,-96.754035,252
BinniBusRA18,17.09196,-96.754322,253
BinniBusRA18,17.093154,-96.755006,254
BinniBusRA18,17.093549,-96.755261,255
BinniBusRA18,17.093976,-96.755472,256
BinniBusRA18,17.09458,-96.755847,257
BinniBusRA18,17.094885,-96.75604,258
BinniBusRA18,17.095359,-96.756336,259
BinniBusRA18,17.095853,-96.75664,260
BinniBusRA18,17.096298,-96.756905,261
BinniBusRA18,17.096779,-96.757224,262
BinniBusRA18,17.097383,-96.757564,263
BinniBusRA18,17.097907,-96.757847,264
BinniBusRA18,17.098837,-96.75836,265
BinniBusRA18,17.099573,-96.758757,266
BinniBusRA18,17.100306,-96.759126,267
BinniBusRA18,17.100986,-96.759443,268
BinniBusRA18,17.101203,-96.759575,269
BinniBusRA18,17.101403,-96.759594,270
BinniBusRA18,17.101681,-96.759637,271
BinniBusRA18,17.10206,-96.759688,272
BinniBusRA18,17.102453,-96.759936,273
BinniBusRA18,17.102923,-96.760198,274
BinniBusRA18,17.103341,-96.760348,275
BinniBusRA18,17.10379,-96.760487,276
BinniBusRA18,17.104074,-96.76066,277
BinniBusRA18,17.104373,-96.760776,278
BinniBusRA18,17.104647,-96.760896,279
BinniBusRA18,17.104911,-96.760986,280
BinniBusRA18,17.105156,-96.761131,281
BinniBusRA18,17.105447,-96.761201,282
BinniBusRA18,17.105724,-96.761374,283
BinniBusRA18,17.105935,-96.76144,284
BinniBusRA18,17.106167,-96.761525,285
BinniBusRA18,17.107211,-96.761909,286
BinniBusRA18,17.107485,-96.762009,287
BinniBusRA18,17.107871,-96.762177,288
BinniBusRA18,17.108177,-96.76228,289
BinniBusRA18,17.108452,-96.762392,290
BinniBusRA18,17.108694,-96.762516,291
BinniBusRA18,17.109151,-96.7627,292
BinniBusRA18,17.109444,-96.76284,293
BinniBusRA18,17.109662,-96.762921,294
BinniBusRA18,17.109831,-96.763022,295
BinniBusRA18,17.110073,-96.76316,296
BinniBusRA18,17.110323,-96.763385,297
BinniBusRA18,17.110597,-96.763557,298
BinniBusRA18,17.110833,-96.763786,299
BinniBusRA18,17.111038,-96.763989,300
BinniBusRA18,17.111238,-96.764181,301
BinniBusRA18,17.111438,-96.764331,302
BinniBusRA18,17.111611,-96.764512,303
BinniBusRA18,17.111814,-96.764625,304
BinniBusRA18,17.112052,-96.76472,305
BinniBusRA18,17.112307,-96.764912,306
BinniBusRA18,17.112481,-96.765097,307
BinniBusRA18,17.112774,-96.765345,308
BinniBusRA18,17.113066,-96.765676,309
BinniBusRA18,17.113478,-96.766214,310
BinniBusRA18,17.113919,-96.766714,311
BinniBusRA18,17.114326,-96.767139,312
BinniBusRA18,17.1147,-96.767558,313
BinniBusRA18,17.115127,-96.768069,314
BinniBusRA18,17.115729,-96.768727,315
BinniBusRA18,17.116133,-96.769085,316
BinniBusRA18,17.116928,-96.769204,317
BinniBusRA18,17.117731,-96.769371,318
BinniBusRA18,17.118303,-96.769179,319
BinniBusRA18,17.118713,-96.768699,320
BinniBusRA18,17.119177,-96.768158,321
BinniBusRA18,17.119691,-96.76758,322
BinniBusRA18,17.119943,-96.767272,323
BinniBusRA18,17.120132,-96.767086,324
BinniBusRA18,17.12195,-96.768777,325
BinniBusRA18,17.123842,-96.770622,326
BinniBusRA18,17.125652,-96.772344,327
BinniBusRA18,17.126984,-96.77354,328
BinniBusRA18,17.128054,-96.774503,329
BinniBusRA18,17.128952,-96.775359,330
BinniBusRA18,17.130126,-96.776534,331
BinniBusRA18,17.131174,-96.777482,332
BinniBusRA18,17.131993,-96.778282,333
BinniBusRA18,17.133039,-96.779146,334
BinniBusRA18,17.1337,-96.779736,335
BinniBusRA18,17.133927,-96.779902,336
BinniBusRA18,17.134336,-96.780129,337
BinniBusRA18,17.134682,-96.780288,338
BinniBusRA18,17.135128,-96.780496,339
BinniBusRA18,17.136119,-96.776324,340
BinniBusRA18,17.136422,-96.775217,341
BinniBusRA18,17.135825,-96.774955,342
BinniBusRA18,17.135222,-96.774676,343
BinniBusRA18,17.134786,-96.774428,344
BinniBusRA18,17.134326,-96.774069,345
BinniBusRA18,17.13359,-96.773473,346
BinniBusRA18,17.132874,-96.772884,347
BinniBusRA18,17.131683,-96.771901,348
BinniBusRA18,17.130876,-96.771247,349
BinniBusRA18,17.13009,-96.770629,350
BinniBusRA18,17.129894,-96.770492,351
BinniBusRA18,17.129354,-96.769974,352
BinniBusRA18,17.12921,-96.769856,353
BinniBusRA18,17.128694,-96.769528,354
BinniBusRA18,17.127776,-96.768732,355
BinniBusRA18,17.127058,-96.768156,356
BinniBusRA18,17.12657,-96.767739,357
BinniBusRA18,17.126522,-96.767722,358
BinniBusRA18,17.126402,-96.768093,359
BinniBusRA19,17.126657,-96.767851,1
BinniBusRA19,17.126083,-96.767368,2
BinniBusRA19,17.125037,-96.76652,3
BinniBusRA19,17.123796,-96.765565,4
BinniBusRA19,17.122709,-96.764686,5
BinniBusRA19,17.122463,-96.764503,6
BinniBusRA19,17.122289,-96.764428,7
BinniBusRA19,17.122238,-96.764267,8
BinniBusRA19,17.12234,-96.764106,9
BinniBusRA19,17.122474,-96.764096,10
BinniBusRA19,17.12272,-96.764353,11
BinniBusRA19,17.124124,-96.765555,12
BinniBusRA19,17.125222,-96.766445,13
BinniBusRA19,17.126442,-96.767475,14
BinniBusRA19,17.127211,-96.768108,15
BinniBusRA19,17.127846,-96.768645,16
BinniBusRA19,17.128346,-96.769038,17
BinniBusRA19,17.128695,-96.769338,18
BinniBusRA19,17.128761,-96.76944,19
BinniBusRA19,17.128997,-96.76958,20
BinniBusRA19,17.129336,-96.7698,21
BinniBusRA19,17.129679,-96.770116,22
BinniBusRA19,17.130156,-96.770556,23
BinniBusRA19,17.131452,-96.77157,24
BinniBusRA19,17.132123,-96.772106,25
BinniBusRA19,17.132851,-96.772713,26
BinniBusRA19,17.13339,-96.773131,27
BinniBusRA19,17.133902,-96.773571,28
BinniBusRA19,17.13452,-96.774037,29
BinniBusRA19,17.13515,-96.774488,30
BinniBusRA19,17.13593,-96.774837,31
BinniBusRA19,17.136627,-96.775105,32
BinniBusRA19,17.137329,-96.7754,33
BinniBusRA19,17.138529,-96.775899,34
BinniBusRA19,17.139738,-96.776398,35
BinniBusRA19,17.140754,-96.776795,36
BinniBusRA19,17.141392,-96.77706,37
BinniBusRA19,17.141845,-96.777272,38
BinniBusRA19,17.142309,-96.777479,39
BinniBusRA19,17.142834,-96.777712,40
BinniBusRA19,17.143336,-96.777926,41
BinniBusRA19,17.143884,-96.778104,42
BinniBusRA19,17.14433,-96.778212,43
BinniBusRA19,17.145237,-96.778356,44
BinniBusRA19,17.14605,-96.778421,45
BinniBusRA19,17.146506,-96.778485,46
BinniBusRA19,17.147147,-96.778748,47
BinniBusRA19,17.147617,-96.779033,48
BinniBusRA19,17.148473,-96.779639,49
BinniBusRA19,17.149451,-96.780334,50
BinniBusRA19,17.149662,-96.780474,51
BinniBusRA19,17.151353,-96.781203,52
BinniBusRA19,17.153045,-96.781911,53
BinniBusRA19,17.155966,-96.783068,54
BinniBusRA19,17.157999,-96.783972,55
BinniBusRA19,17.159624,-96.784626,56
BinniBusRA19,17.161151,-96.785259,57
BinniBusRA19,17.162755,-96.785935,58
BinniBusRA19,17.165213,-96.786972,59
BinniBusRA19,17.165992,-96.787283,60
BinniBusRA19,17.167243,-96.787798,61
BinniBusRA19,17.169078,-96.78856,62
BinniBusRA19,17.172096,-96.789811,63
BinniBusRA19,17.173389,-96.79036,64
BinniBusRA19,17.174363,-96.790645,65
BinniBusRA19,17.175101,-96.790763,66
BinniBusRA19,17.175896,-96.790709,67
BinniBusRA19,17.177009,-96.79058,68
BinniBusRA19,17.178382,-96.790365,69
BinniBusRA19,17.180681,-96.790064,70
BinniBusRA19,17.181824,-96.789882,71
BinniBusRA19,17.182739,-96.789772,72
BinniBusRA19,17.183206,-96.789729,73
BinniBusRA19,17.18358,-96.789724,74
BinniBusRA19,17.184069,-96.78971,75
BinniBusRA19,17.185173,-96.789804,76
BinniBusRA19,17.185776,-96.789928,77
BinniBusRA19,17.186355,-96.79003,78
BinniBusRA19,17.18742,-96.790272,79
BinniBusRA19,17.188876,-96.79062,80
BinniBusRA19,17.190906,-96.791074,81
BinniBusRA19,17.192484,-96.791386,82
BinniBusRA19,17.195322,-96.792114,83
BinniBusRA19,17.197372,-96.792586,84
BinniBusRA19,17.199975,-96.793175,85
BinniBusRA19,17.200666,-96.793336,86
BinniBusRA19,17.201358,-96.793494,87
BinniBusRA19,17.202589,-96.7938,88
BinniBusRA19,17.203355,-96.793982,89
BinniBusRA19,17.204308,-96.794194,90
BinniBusRA19,17.205051,-96.794347,91
BinniBusRA19,17.206896,-96.794819,92
BinniBusRA19,17.208138,-96.795118,93
BinniBusRA19,17.208661,-96.795316,94
BinniBusRA19,17.209876,-96.795817,95
BinniBusRA19,17.210253,-96.795986,96
BinniBusRA19,17.21118,-96.796464,97
BinniBusRA19,17.211754,-96.796761,98
BinniBusRA19,17.213371,-96.797559,99
BinniBusRA19,17.214084,-96.797902,100
BinniBusRA19,17.214438,-96.798099,101
BinniBusRA19,17.218211,-96.799969,102
BinniBusRA19,17.221921,-96.801835,103
BinniBusRA19,17.225884,-96.803745,104
BinniBusRA19,17.226919,-96.804356,105
BinniBusRA19,17.22777,-96.804957,106
BinniBusRA19,17.228416,-96.805625,107
BinniBusRA19,17.228764,-96.806129,108
BinniBusRA19,17.229041,-96.806633,109
BinniBusRA19,17.229666,-96.807765,110
BinniBusRA19,17.230421,-96.809102,111
BinniBusRA19,17.231387,-96.810786,112
BinniBusRA19,17.232044,-96.811918,113
BinniBusRA19,17.232582,-96.812865,114
BinniBusRA19,17.233171,-96.813922,115
BinniBusRA19,17.235145,-96.817405,116
BinniBusRA19,17.23601,-96.818945,117
BinniBusRA19,17.23737,-96.821321,118
BinniBusRA19,17.237884,-96.822201,119
BinniBusRA19,17.238411,-96.823102,120
BinniBusRA19,17.238729,-96.823705,121
BinniBusRA19,17.239013,-96.824212,122
BinniBusRA19,17.23964,-96.825336,123
BinniBusRA19,17.239761,-96.82557,124
BinniBusRA19,17.239873,-96.825859,125
BinniBusRA19,17.240041,-96.826327,126
BinniBusRA19,17.240328,-96.827528,127
BinniBusRA19,17.240766,-96.829291,128
BinniBusRA19,17.241262,-96.831367,129
BinniBusRA19,17.242246,-96.835304,130
BinniBusRA19,17.242387,-96.835948,131
BinniBusRA19,17.242936,-96.838185,132
BinniBusRA19,17.243974,-96.842515,133
BinniBusRA19,17.244491,-96.844596,134
BinniBusRA19,17.244681,-96.845418,135
BinniBusRA19,17.244768,-96.845746,136
BinniBusRA19,17.245214,-96.846604,137
BinniBusRA19,17.245838,-96.847752,138
BinniBusRA19,17.247898,-96.851526,139
BinniBusRA19,17.248415,-96.852502,140
BinniBusRA19,17.249283,-96.854041,141
BinniBusRA19,17.249843,-96.855102,142
BinniBusRA19,17.250222,-96.855735,143
BinniBusRA19,17.250432,-96.856003,144
BinniBusRA19,17.250766,-96.856454,145
BinniBusRA19,17.251688,-96.857448,146
BinniBusRA19,17.25237,-96.85821,147
BinniBusRA19,17.253599,-96.85954,148
BinniBusRA19,17.254895,-96.860989,149
BinniBusRA19,17.255362,-96.86145,150
BinniBusRA19,17.255738,-96.861716,151
BinniBusRA19,17.257013,-96.862424,152
BinniBusRA19,17.257582,-96.862714,153
BinniBusRA19,17.259766,-96.863861,154
BinniBusRA19,17.261876,-96.864955,155
BinniBusRA19,17.263987,-96.866135,156
BinniBusRA19,17.264294,-96.866264,157
BinniBusRA19,17.264673,-96.866275,158
BinniBusRA19,17.265442,-96.866082,159
BinniBusRA19,17.267142,-96.865567,160
BinniBusRA19,17.267677,-96.86542,161
BinniBusRA19,17.269178,-96.865344,162
BinniBusRA19,17.270249,-96.865334,163
BinniBusRA19,17.270725,-96.86535,164
BinniBusRA19,17.270986,-96.865404,165
BinniBusRA19,17.271263,-96.865564,166
BinniBusRA19,17.271494,-96.8658,167
BinniBusRA19,17.271837,-96.866385,168
BinniBusRA19,17.272682,-96.867779,169
BinniBusRA19,17.27284,-96.868085,170
BinniBusRA19,17.272917,-96.868353,171
BinniBusRA19,17.272953,-96.868594,172
BinniBusRA19,17.272994,-96.868879,173
BinniBusRA19,17.273017,-96.869024,174
BinniBusRA19,17.273063,-96.869143,175
BinniBusRA19,17.273152,-96.869256,176
BinniBusRA19,17.273232,-96.869323,177
BinniBusRA19,17.273354,-96.869378,178
BinniBusRA19,17.273518,-96.869432,179
BinniBusRA19,17.274097,-96.869563,180
BinniBusRA19,17.274735,-96.869693,181
BinniBusRA19,17.274915,-96.869752,182
BinniBusRA19,17.275034,-96.86982,183
BinniBusRA19,17.275187,-96.86998,184
BinniBusRA19,17.275271,-96.870165,185
BinniBusRA19,17.275296,-96.870444,186
BinniBusRA19,17.275316,-96.870813,187
BinniBusRA19,17.275337,-96.871043,188
BinniBusRA19,17.275393,-96.871253,189
BinniBusRA19,17.275547,-96.871542,190
BinniBusRA19,17.275998,-96.872084,191
BinniBusRA19,17.27719,-96.87351,192
BinniBusRA19,17.277682,-96.8741,193
BinniBusRA19,17.278624,-96.875457,194
BinniBusRA19,17.279096,-96.876155,195
BinniBusRA19,17.279587,-96.876852,196
BinniBusRA19,17.280258,-96.877839,197
BinniBusRA19,17.280455,-96.878129,198
BinniBusRA19,17.280886,-96.878756,199
BinniBusRA19,17.281626,-96.879839,200
BinniBusRA19,17.282005,-96.880386,201
BinniBusRA19,17.282184,-96.88074,202
BinniBusRA19,17.282343,-96.8811,203
BinniBusRA19,17.282359,-96.881567,204
BinniBusRA19,17.282384,-96.88221,205
BinniBusRA19,17.282406,-96.882938,206
BinniBusRA19,17.282472,-96.884494,207
BinniBusRA19,17.282508,-96.885744,208
BinniBusRA19,17.282569,-96.887691,209
BinniBusRA19,17.282657,-96.890405,210
BinniBusRA19,17.282683,-96.891371,211
BinniBusRA19,17.282698,-96.89195,212
BinniBusRA19,17.282713,-96.892567,213
BinniBusRA19,17.28277,-96.89291,214
BinniBusRA19,17.282924,-96.893372,215
BinniBusRA19,17.283129,-96.893839,216
BinniBusRA19,17.283483,-96.894423,217
BinniBusRA19,17.284318,-96.895882,218
BinniBusRA19,17.284594,-96.896391,219
BinniBusRA19,17.284696,-96.896664,220
BinniBusRA19,17.284666,-96.897072,221
BinniBusRA19,17.284532,-96.897421,222
BinniBusRA19,17.284256,-96.898065,223
BinniBusRA19,17.284036,-96.898601,224
BinniBusRA19,17.284025,-96.898885,225
BinniBusRA19,17.284102,-96.89925,226
BinniBusRA19,17.284328,-96.899567,227
BinniBusRA19,17.285218,-96.900453,228
BinniBusRA19,17.285366,-96.900659,229
BinniBusRA19,17.28553,-96.900873,230
BinniBusRA19,17.285602,-96.901109,231
BinniBusRA19,17.285586,-96.90142,232
BinniBusRA19,17.285479,-96.902011,233
BinniBusRA19,17.285412,-96.902429,234
BinniBusRA19,17.285254,-96.903336,235
BinniBusRA19,17.285197,-96.903598,236
BinniBusRA19,17.285328,-96.903586,237
BinniBusRA19,17.285144,-96.903568,238
BinniBusRA19,17.285323,-96.902517,239
BinniBusRA19,17.285498,-96.90146,240
BinniBusRA19,17.285531,-96.901205,241
BinniBusRA19,17.285515,-96.901084,242
BinniBusRA19,17.285469,-96.90094,243
BinniBusRA19,17.285408,-96.900787,244
BinniBusRA19,17.285298,-96.900647,245
BinniBusRA19,17.285124,-96.900443,246
BinniBusRA19,17.284489,-96.899797,247
BinniBusRA19,17.284154,-96.899443,248
BinniBusRA19,17.284056,-96.899285,249
BinniBusRA19,17.283992,-96.899092,250
BinniBusRA19,17.283952,-96.898915,251
BinniBusRA19,17.283949,-96.89874,252
BinniBusRA19,17.283987,-96.898574,253
BinniBusRA19,17.284046,-96.898413,254
BinniBusRA19,17.284376,-96.897635,255
BinniBusRA19,17.28457,-96.897144,256
BinniBusRA19,17.284627,-96.896948,257
BinniBusRA19,17.28464,-96.896876,258
BinniBusRA19,17.284645,-96.896701,259
BinniBusRA19,17.284555,-96.896431,260
BinniBusRA19,17.284396,-96.896138,261
BinniBusRA19,17.284214,-96.89584,262
BinniBusRA19,17.283945,-96.895368,263
BinniBusRA19,17.28363,-96.894811,264
BinniBusRA19,17.282952,-96.89362,265
BinniBusRA19,17.282829,-96.893351,266
BinniBusRA19,17.282696,-96.892815,267
BinniBusRA19,17.282639,-96.892482,268
BinniBusRA19,17.282634,-96.891431,269
BinniBusRA19,17.282583,-96.890015,270
BinniBusRA19,17.282542,-96.888963,271
BinniBusRA19,17.282506,-96.887858,272
BinniBusRA19,17.282483,-96.886992,273
BinniBusRA19,17.282463,-96.886338,274
BinniBusRA19,17.282369,-96.883356,275
BinniBusRA19,17.282351,-96.882919,276
BinniBusRA19,17.28234,-96.882218,277
BinniBusRA19,17.28232,-96.881864,278
BinniBusRA19,17.282304,-96.881376,279
BinniBusRA19,17.282243,-96.881013,280
BinniBusRA19,17.282025,-96.880536,281
BinniBusRA19,17.281797,-96.880203,282
BinniBusRA19,17.280936,-96.878921,283
BinniBusRA19,17.280662,-96.878529,284
BinniBusRA19,17.279038,-96.876177,285
BinniBusRA19,17.278612,-96.87555,286
BinniBusRA19,17.278095,-96.874799,287
BinniBusRA19,17.277627,-96.874139,288
BinniBusRA19,17.277417,-96.873876,289
BinniBusRA19,17.276664,-96.872969,290
BinniBusRA19,17.275614,-96.871692,291
BinniBusRA19,17.275414,-96.871414,292
BinniBusRA19,17.27532,-96.871236,293
BinniBusRA19,17.275276,-96.870966,294
BinniBusRA19,17.275258,-96.870577,295
BinniBusRA19,17.275235,-96.870298,296
BinniBusRA19,17.275192,-96.87011,297
BinniBusRA19,17.275094,-96.869941,298
BinniBusRA19,17.274979,-96.869852,299
BinniBusRA19,17.274851,-96.869791,300
BinniBusRA19,17.274587,-96.869734,301
BinniBusRA19,17.274085,-96.86963,302
BinniBusRA19,17.27354,-96.869511,303
BinniBusRA19,17.27331,-96.869436,304
BinniBusRA19,17.273064,-96.869259,305
BinniBusRA19,17.272961,-96.869071,306
BinniBusRA19,17.27289,-96.868658,307
BinniBusRA19,17.272828,-96.868288,308
BinniBusRA19,17.272777,-96.8681,309
BinniBusRA19,17.272408,-96.867457,310
BinniBusRA19,17.272091,-96.866947,311
BinniBusRA19,17.271624,-96.866153,312
BinniBusRA19,17.271409,-96.865799,313
BinniBusRA19,17.271265,-96.865646,314
BinniBusRA19,17.271039,-96.865488,315
BinniBusRA19,17.27082,-96.865437,316
BinniBusRA19,17.270503,-96.865388,317
BinniBusRA19,17.269855,-96.865401,318
BinniBusRA19,17.269232,-96.865409,319
BinniBusRA19,17.267793,-96.86546,320
BinniBusRA19,17.267548,-96.865502,321
BinniBusRA19,17.26621,-96.865888,322
BinniBusRA19,17.265442,-96.86614,323
BinniBusRA19,17.264704,-96.866344,324
BinniBusRA19,17.264433,-96.866333,325
BinniBusRA19,17.264136,-96.866285,326
BinniBusRA19,17.26395,-96.866227,327
BinniBusRA19,17.263222,-96.865851,328
BinniBusRA19,17.261952,-96.865159,329
BinniBusRA19,17.260399,-96.864322,330
BinniBusRA19,17.259528,-96.86385,331
BinniBusRA19,17.258878,-96.863491,332
BinniBusRA19,17.257704,-96.862885,333
BinniBusRA19,17.257327,-96.862679,334
BinniBusRA19,17.256964,-96.86247,335
BinniBusRA19,17.256469,-96.862204,336
BinniBusRA19,17.255957,-96.861925,337
BinniBusRA19,17.255693,-96.861764,338
BinniBusRA19,17.255575,-96.861694,339
BinniBusRA19,17.255405,-96.861568,340
BinniBusRA19,17.255302,-96.861484,341
BinniBusRA19,17.255182,-96.861376,342
BinniBusRA19,17.254983,-96.861188,343
BinniBusRA19,17.254803,-96.860989,344
BinniBusRA19,17.254681,-96.860855,345
BinniBusRA19,17.254471,-96.860619,346
BinniBusRA19,17.254307,-96.860436,347
BinniBusRA19,17.254033,-96.860137,348
BinniBusRA19,17.253917,-96.86001,349
BinniBusRA19,17.253738,-96.859815,350
BinniBusRA19,17.25353,-96.859585,351
BinniBusRA19,17.253391,-96.859426,352
BinniBusRA19,17.253155,-96.859168,353
BinniBusRA19,17.252622,-96.858586,354
BinniBusRA19,17.252238,-96.858165,355
BinniBusRA19,17.251623,-96.857476,356
BinniBusRA19,17.25087,-96.856663,357
BinniBusRA19,17.250419,-96.856143,358
BinniBusRA19,17.250291,-96.855945,359
BinniBusRA19,17.249963,-96.855435,360
BinniBusRA19,17.246587,-96.84928,361
BinniBusRA19,17.24609,-96.848336,362
BinniBusRA19,17.245496,-96.847226,363
BinniBusRA19,17.245137,-96.846566,364
BinniBusRA19,17.244727,-96.845813,365
BinniBusRA19,17.244594,-96.845378,366
BinniBusRA19,17.244307,-96.844118,367
BinniBusRA19,17.243846,-96.842245,368
BinniBusRA19,17.243297,-96.839958,369
BinniBusRA19,17.243067,-96.839017,370
BinniBusRA19,17.242764,-96.837762,371
BinniBusRA19,17.24217,-96.835255,372
BinniBusRA19,17.241801,-96.83378,373
BinniBusRA19,17.241048,-96.830726,374
BinniBusRA19,17.240413,-96.828162,375
BinniBusRA19,17.240162,-96.827138,376
BinniBusRA19,17.239952,-96.826252,377
BinniBusRA19,17.239738,-96.825694,378
BinniBusRA19,17.239251,-96.824755,379
BinniBusRA19,17.23879,-96.82394,380
BinniBusRA19,17.238329,-96.823087,381
BinniBusRA19,17.23777,-96.822137,382
BinniBusRA19,17.237601,-96.821815,383
BinniBusRA19,17.23733,-96.821354,384
BinniBusRA19,17.237084,-96.820949,385
BinniBusRA19,17.236577,-96.820045,386
BinniBusRA19,17.235711,-96.818524,387
BinniBusRA19,17.23526,-96.817725,388
BinniBusRA19,17.234182,-96.815811,389
BinniBusRA19,17.23409,-96.815669,390
BinniBusRA19,17.233304,-96.814295,391
BinniBusRA19,17.232065,-96.812074,392
BinniBusRA19,17.231812,-96.811661,393
BinniBusRA19,17.230315,-96.809028,394
BinniBusRA19,17.22888,-96.806489,395
BinniBusRA19,17.228635,-96.806076,396
BinniBusRA19,17.228297,-96.805596,397
BinniBusRA19,17.227746,-96.805065,398
BinniBusRA19,17.227263,-96.804681,399
BinniBusRA19,17.227002,-96.804504,400
BinniBusRA19,17.226807,-96.804375,401
BinniBusRA19,17.226174,-96.804058,402
BinniBusRA19,17.225879,-96.803916,403
BinniBusRA19,17.225485,-96.803718,404
BinniBusRA19,17.22496,-96.803455,405
BinniBusRA19,17.223725,-96.802837,406
BinniBusRA19,17.222062,-96.802012,407
BinniBusRA19,17.221339,-96.801631,408
BinniBusRA19,17.220581,-96.801271,409
BinniBusRA19,17.219658,-96.800778,410
BinniBusRA19,17.218315,-96.800134,411
BinniBusRA19,17.217514,-96.79974,412
BinniBusRA19,17.216776,-96.799349,413
BinniBusRA19,17.214708,-96.798325,414
BinniBusRA19,17.214339,-96.798169,415
BinniBusRA19,17.214063,-96.798024,416
BinniBusRA19,17.213801,-96.797906,417
BinniBusRA19,17.212088,-96.797054,418
BinniBusRA19,17.211278,-96.796646,419
BinniBusRA19,17.210515,-96.796271,420
BinniBusRA19,17.209864,-96.795922,421
BinniBusRA19,17.2091,-96.7956,422
BinniBusRA19,17.208516,-96.795391,423
BinniBusRA19,17.208055,-96.795241,424
BinniBusRA19,17.20762,-96.795101,425
BinniBusRA19,17.205935,-96.794677,426
BinniBusRA19,17.205566,-96.794605,427
BinniBusRA19,17.205015,-96.794479,428
BinniBusRA19,17.204544,-96.794348,429
BinniBusRA19,17.204124,-96.794272,430
BinniBusRA19,17.203757,-96.794213,431
BinniBusRA19,17.203183,-96.79406,432
BinniBusRA19,17.202727,-96.793975,433
BinniBusRA19,17.202123,-96.793814,434
BinniBusRA19,17.200859,-96.793532,435
BinniBusRA19,17.200157,-96.793403,436
BinniBusRA19,17.199608,-96.793239,437
BinniBusRA19,17.198443,-96.792952,438
BinniBusRA19,17.196552,-96.792539,439
BinniBusRA19,17.193938,-96.791917,440
BinniBusRA19,17.193077,-96.791734,441
BinniBusRA19,17.19238,-96.791606,442
BinniBusRA19,17.191846,-96.791456,443
BinniBusRA19,17.191282,-96.791274,444
BinniBusRA19,17.190175,-96.791016,445
BinniBusRA19,17.188778,-96.790677,446
BinniBusRA19,17.187415,-96.790398,447
BinniBusRA19,17.186728,-96.790216,448
BinniBusRA19,17.18605,-96.790084,449
BinniBusRA19,17.185128,-96.789902,450
BinniBusRA19,17.1844,-96.789859,451
BinniBusRA19,17.183409,-96.789844,452
BinniBusRA19,17.182107,-96.789983,453
BinniBusRA19,17.181082,-96.790112,454
BinniBusRA19,17.18059,-96.790208,455
BinniBusRA19,17.179011,-96.790423,456
BinniBusRA19,17.178309,-96.790493,457
BinniBusRA19,17.177576,-96.790622,458
BinniBusRA19,17.1767,-96.790729,459
BinniBusRA19,17.175751,-96.790863,460
BinniBusRA19,17.175382,-96.790879,461
BinniBusRA19,17.174966,-96.790863,462
BinniBusRA19,17.174654,-96.790836,463
BinniBusRA19,17.174218,-96.790766,464
BinniBusRA19,17.173618,-96.790557,465
BinniBusRA19,17.173047,-96.790347,466
BinniBusRA19,17.172483,-96.790111,467
BinniBusRA19,17.171986,-96.789907,468
BinniBusRA19,17.171546,-96.789757,469
BinniBusRA19,17.170807,-96.789413,470
BinniBusRA19,17.168798,-96.788587,471
BinniBusRA19,17.167845,-96.788169,472
BinniBusRA19,17.166643,-96.787666,473
BinniBusRA19,17.165598,-96.787227,474
BinniBusRA19,17.164532,-96.786776,475
BinniBusRA19,17.163042,-96.78618,476
BinniBusRA19,17.162266,-96.785864,477
BinniBusRA19,17.161141,-96.785413,478
BinniBusRA19,17.160147,-96.784982,479
BinniBusRA19,17.157402,-96.783962,480
BinniBusRA19,17.156704,-96.783594,481
BinniBusRA19,17.155515,-96.783181,482
BinniBusRA19,17.154936,-96.782913,483
BinniBusRA19,17.154582,-96.78272,484
BinniBusRA19,17.154229,-96.782586,485
BinniBusRA19,17.153928,-96.782485,486
BinniBusRA19,17.153031,-96.782062,487
BinniBusRA19,17.152247,-96.781691,488
BinniBusRA19,17.15157,-96.781418,489
BinniBusRA19,17.151017,-96.781235,490
BinniBusRA19,17.150119,-96.780829,491
BinniBusRA19,17.149222,-96.780443,492
BinniBusRA19,17.148762,-96.780283,493
BinniBusRA19,17.14787,-96.779886,494
BinniBusRA19,17.146791,-96.779423,495
BinniBusRA19,17.146216,-96.779177,496
BinniBusRA19,17.146001,-96.779144,497
BinniBusRA19,17.14513,-96.778726,498
BinniBusRA19,17.144656,-96.778565,499
BinniBusRA19,17.143923,-96.778291,500
BinniBusRA19,17.143011,-96.777868,501
BinniBusRA19,17.142472,-96.777664,502
BinniBusRA19,17.141614,-96.77732,503
BinniBusRA19,17.140458,-96.776833,504
BinniBusRA19,17.140115,-96.776666,505
BinniBusRA19,17.139574,-96.776465,506
BinniBusRA19,17.13858,-96.776063,507
BinniBusRA19,17.137765,-96.775746,508
BinniBusRA19,17.136965,-96.775403,509
BinniBusRA19,17.136434,-96.775183,510
BinniBusRA19,17.136247,-96.77511,511
BinniBusRA19,17.135529,-96.774795,512
BinniBusRA19,17.135037,-96.774559,513
BinniBusRA19,17.134647,-96.774302,514
BinniBusRA19,17.133931,-96.773748,515
BinniBusRA19,17.133168,-96.773099,516
BinniBusRA19,17.13246,-96.772513,517
BinniBusRA19,17.131279,-96.771564,518
BinniBusRA19,17.130905,-96.771253,519
BinniBusRA19,17.130336,-96.770832,520
BinniBusRA19,17.129972,-96.770537,521
BinniBusRA19,17.129757,-96.770349,522
BinniBusRA19,17.129398,-96.770102,523
BinniBusRA19,17.129234,-96.769861,524
BinniBusRA19,17.127663,-96.768648,525
BinniBusRA19,17.127066,-96.768151,526
BinniBusRA19,17.126657,-96.767851,527
BinniBusRC01,17.13064,-96.76412,1
BinniBusRC01,17.13061,-96.76398,2
BinniBusRC01,17.13057,-96.76383,3
BinniBusRC01,17.13056,-96.76373,4
BinniBusRC01,17.13054,-96.76354,5
BinniBusRC01,17.13053,-96.7634,6
BinniBusRC01,17.13056,-96.76312,7
BinniBusRC01,17.13058,-96.76301,8
BinniBusRC01,17.13061,-96.7629,9
BinniBusRC01,17.13066,-96.76278,10
BinniBusRC01,17.13072,-96.76261,11
BinniBusRC01,17.13079,-96.76241,12
BinniBusRC01,17.131,-96.76204,13
BinniBusRC01,17.13111,-96.76183,14
BinniBusRC01,17.13117,-96.7617,15
BinniBusRC01,17.13128,-96.76145,16
BinniBusRC01,17.13129,-96.76144,17
BinniBusRC01,17.13114,-96.76138,18
BinniBusRC01,17.13112,-96.76137,19
BinniBusRC01,17.13107,-96.76136,20
BinniBusRC01,17.13104,-96.76136,21
BinniBusRC01,17.13096,-96.76137,22
BinniBusRC01,17.13033,-96.76147,23
BinniBusRC01,17.12997,-96.76152,24
BinniBusRC01,17.12943,-96.76161,25
BinniBusRC01,17.12888,-96.76169,26
BinniBusRC01,17.12802,-96.76183,27
BinniBusRC01,17.12776,-96.76187,28
BinniBusRC01,17.12763,-96.76188,29
BinniBusRC01,17.1276,-96.76188,30
BinniBusRC01,17.12757,-96.76188,31
BinniBusRC01,17.12744,-96.76184,32
BinniBusRC01,17.12739,-96.76183,33
BinniBusRC01,17.12709,-96.76175,34
BinniBusRC01,17.12692,-96.7617,35
BinniBusRC01,17.12665,-96.76163,36
BinniBusRC01,17.12565,-96.76133,37
BinniBusRC01,17.12509,-96.76116,38
BinniBusRC01,17.12502,-96.76124,39
BinniBusRC01,17.12483,-96.76094,40
BinniBusRC01,17.12459,-96.76056,41
BinniBusRC01,17.12449,-96.76041,42
BinniBusRC01,17.12443,-96.76032,43
BinniBusRC01,17.12438,-96.76026,44
BinniBusRC01,17.12426,-96.76012,45
BinniBusRC01,17.12411,-96.75996,46
BinniBusRC01,17.12402,-96.75987,47
BinniBusRC01,17.1239,-96.75978,48
BinniBusRC01,17.12375,-96.75967,49
BinniBusRC01,17.12363,-96.75959,50
BinniBusRC01,17.12339,-96.75948,51
BinniBusRC01,17.12318,-96.75938,52
BinniBusRC01,17.12299,-96.75932,53
BinniBusRC01,17.1227,-96.75925,54
BinniBusRC01,17.12209,-96.75922,55
BinniBusRC01,17.12147,-96.75919,56
BinniBusRC01,17.12017,-96.75914,57
BinniBusRC01,17.12015,-96.75914,58
BinniBusRC01,17.12012,-96.75914,59
BinniBusRC01,17.11875,-96.75908,60
BinniBusRC01,17.11861,-96.75909,61
BinniBusRC01,17.11855,-96.75909,62
BinniBusRC01,17.11833,-96.75907,63
BinniBusRC01,17.11803,-96.75907,64
BinniBusRC01,17.11735,-96.75906,65
BinniBusRC01,17.11704,-96.75903,66
BinniBusRC01,17.11686,-96.759,67
BinniBusRC01,17.11674,-96.75896,68
BinniBusRC01,17.11665,-96.75893,69
BinniBusRC01,17.11657,-96.75891,70
BinniBusRC01,17.11649,-96.75888,71
BinniBusRC01,17.11611,-96.75875,72
BinniBusRC01,17.11606,-96.75888,73
BinniBusRC01,17.11605,-96.7589,74
BinniBusRC01,17.11605,-96.75892,75
BinniBusRC01,17.11603,-96.75897,76
BinniBusRC01,17.11595,-96.75911,77
BinniBusRC01,17.1158,-96.75897,78
BinniBusRC01,17.11567,-96.75885,79
BinniBusRC01,17.1154,-96.7586,80
BinniBusRC01,17.11513,-96.75838,81
BinniBusRC01,17.1143,-96.75774,82
BinniBusRC01,17.11385,-96.7574,83
BinniBusRC01,17.11349,-96.75716,84
BinniBusRC01,17.11322,-96.75699,85
BinniBusRC01,17.11293,-96.75682,86
BinniBusRC01,17.11263,-96.75665,87
BinniBusRC01,17.11261,-96.75664,88
BinniBusRC01,17.11252,-96.7566,89
BinniBusRC01,17.11242,-96.75655,90
BinniBusRC01,17.11231,-96.75649,91
BinniBusRC01,17.11229,-96.75648,92
BinniBusRC01,17.11175,-96.75621,93
BinniBusRC01,17.11174,-96.7562,94
BinniBusRC01,17.1108,-96.7558,95
BinniBusRC01,17.11037,-96.75565,96
BinniBusRC01,17.10999,-96.75549,97
BinniBusRC01,17.1095,-96.75528,98
BinniBusRC01,17.10941,-96.75524,99
BinniBusRC01,17.1091,-96.7551,100
BinniBusRC01,17.10865,-96.7549,101
BinniBusRC01,17.10771,-96.75451,102
BinniBusRC01,17.10728,-96.75432,103
BinniBusRC01,17.10573,-96.75366,104
BinniBusRC01,17.10557,-96.75359,105
BinniBusRC01,17.10423,-96.75302,106
BinniBusRC01,17.10398,-96.75292,107
BinniBusRC01,17.10347,-96.7527,108
BinniBusRC01,17.102,-96.75206,109
BinniBusRC01,17.10175,-96.75195,110
BinniBusRC01,17.1013,-96.75173,111
BinniBusRC01,17.10127,-96.75172,112
BinniBusRC01,17.10122,-96.7517,113
BinniBusRC01,17.10084,-96.75155,114
BinniBusRC01,17.09998,-96.7512,115
BinniBusRC01,17.09941,-96.75095,116
BinniBusRC01,17.09915,-96.75084,117
BinniBusRC01,17.09892,-96.75074,118
BinniBusRC01,17.09731,-96.75009,119
BinniBusRC01,17.09721,-96.74999,120
BinniBusRC01,17.09704,-96.74989,121
BinniBusRC01,17.096,-96.74946,122
BinniBusRC01,17.09543,-96.74924,123
BinniBusRC01,17.09432,-96.74878,124
BinniBusRC01,17.09356,-96.74843,125
BinniBusRC01,17.093217,-96.748241,126
BinniBusRC01,17.092956,-96.748132,127
BinniBusRC01,17.092865,-96.748097,128
BinniBusRC01,17.092767,-96.748062,129
BinniBusRC01,17.092607,-96.74804,130
BinniBusRC01,17.092489,-96.748006,131
BinniBusRC01,17.092295,-96.74792,132
BinniBusRC01,17.092188,-96.747862,133
BinniBusRC01,17.092098,-96.747819,134
BinniBusRC01,17.092024,-96.747784,135
BinniBusRC01,17.091905,-96.747752,136
BinniBusRC01,17.09185,-96.747736,137
BinniBusRC01,17.091775,-96.747686,138
BinniBusRC01,17.091678,-96.747653,139
BinniBusRC01,17.091466,-96.747552,140
BinniBusRC01,17.091238,-96.747458,141
BinniBusRC01,17.09105,-96.74737,142
BinniBusRC01,17.09099,-96.74733,143
BinniBusRC01,17.09094,-96.74732,144
BinniBusRC01,17.09082,-96.74726,145
BinniBusRC01,17.09019,-96.74699,146
BinniBusRC01,17.08943,-96.74667,147
BinniBusRC01,17.08936,-96.74664,148
BinniBusRC01,17.0889,-96.74641,149
BinniBusRC01,17.08768,-96.74587,150
BinniBusRC01,17.08603,-96.74514,151
BinniBusRC01,17.08592,-96.74511,152
BinniBusRC01,17.08511,-96.74475,153
BinniBusRC01,17.08377,-96.74421,154
BinniBusRC01,17.08372,-96.74419,155
BinniBusRC01,17.08362,-96.74414,156
BinniBusRC01,17.08321,-96.74395,157
BinniBusRC01,17.08283,-96.7438,158
BinniBusRC01,17.08274,-96.74376,159
BinniBusRC01,17.08245,-96.74359,160
BinniBusRC01,17.08243,-96.7436,161
BinniBusRC01,17.08241,-96.74362,162
BinniBusRC01,17.0824,-96.74362,163
BinniBusRC01,17.08237,-96.74362,164
BinniBusRC01,17.08234,-96.74362,165
BinniBusRC01,17.08231,-96.74361,166
BinniBusRC01,17.08222,-96.74359,167
BinniBusRC01,17.08206,-96.74358,168
BinniBusRC01,17.08175,-96.74358,169
BinniBusRC01,17.08165,-96.74358,170
BinniBusRC01,17.08149,-96.74358,171
BinniBusRC01,17.08133,-96.74358,172
BinniBusRC01,17.08096,-96.74357,173
BinniBusRC01,17.08077,-96.74355,174
BinniBusRC01,17.08075,-96.74355,175
BinniBusRC01,17.08061,-96.74354,176
BinniBusRC01,17.08056,-96.74353,177
BinniBusRC01,17.08045,-96.74352,178
BinniBusRC01,17.08018,-96.74348,179
BinniBusRC01,17.0801,-96.74345,180
BinniBusRC01,17.07997,-96.74339,181
BinniBusRC01,17.07992,-96.74337,182
BinniBusRC01,17.07969,-96.74325,183
BinniBusRC01,17.0795,-96.74315,184
BinniBusRC01,17.07936,-96.74308,185
BinniBusRC01,17.07919,-96.74297,186
BinniBusRC01,17.07916,-96.74296,187
BinniBusRC01,17.07907,-96.7429,188
BinniBusRC01,17.07899,-96.7429,189
BinniBusRC01,17.07895,-96.74289,190
BinniBusRC01,17.07892,-96.74288,191
BinniBusRC01,17.07889,-96.74286,192
BinniBusRC01,17.07887,-96.74285,193
BinniBusRC01,17.07874,-96.74279,194
BinniBusRC01,17.07844,-96.74259,195
BinniBusRC01,17.07823,-96.74246,196
BinniBusRC01,17.07812,-96.7424,197
BinniBusRC01,17.07797,-96.74231,198
BinniBusRC01,17.07754,-96.74207,199
BinniBusRC01,17.07746,-96.74203,200
BinniBusRC01,17.07737,-96.74198,201
BinniBusRC01,17.07698,-96.74175,202
BinniBusRC01,17.07611,-96.74127,203
BinniBusRC01,17.07604,-96.74125,204
BinniBusRC01,17.07602,-96.74124,205
BinniBusRC01,17.07597,-96.74124,206
BinniBusRC01,17.07592,-96.74123,207
BinniBusRC01,17.07586,-96.74121,208
BinniBusRC01,17.07583,-96.74119,209
BinniBusRC01,17.07579,-96.74116,210
BinniBusRC01,17.07574,-96.74113,211
BinniBusRC01,17.07569,-96.74109,212
BinniBusRC01,17.07562,-96.741,213
BinniBusRC01,17.07557,-96.74095,214
BinniBusRC01,17.07555,-96.74092,215
BinniBusRC01,17.0755,-96.74083,216
BinniBusRC01,17.07531,-96.74071,217
BinniBusRC01,17.07466,-96.74027,218
BinniBusRC01,17.07424,-96.73996,219
BinniBusRC01,17.07413,-96.73987,220
BinniBusRC01,17.07378,-96.7396,221
BinniBusRC01,17.0734,-96.73932,222
BinniBusRC01,17.07323,-96.73918,223
BinniBusRC01,17.073,-96.73901,224
BinniBusRC01,17.0728,-96.73886,225
BinniBusRC01,17.07263,-96.73874,226
BinniBusRC01,17.07245,-96.73862,227
BinniBusRC01,17.07221,-96.73843,228
BinniBusRC01,17.07202,-96.73835,229
BinniBusRC01,17.07196,-96.73831,230
BinniBusRC01,17.07194,-96.7383,231
BinniBusRC01,17.07187,-96.73826,232
BinniBusRC01,17.07105,-96.73786,233
BinniBusRC01,17.07096,-96.73782,234
BinniBusRC01,17.07041,-96.73762,235
BinniBusRC01,17.07008,-96.7375,236
BinniBusRC01,17.06982,-96.7374,237
BinniBusRC01,17.06931,-96.73718,238
BinniBusRC01,17.06923,-96.73712,239
BinniBusRC01,17.06861,-96.73675,240
BinniBusRC01,17.06792,-96.73633,241
BinniBusRC01,17.06772,-96.7362,242
BinniBusRC01,17.06741,-96.73602,243
BinniBusRC01,17.06708,-96.73582,244
BinniBusRC01,17.06706,-96.7358,245
BinniBusRC01,17.06681,-96.73566,246
BinniBusRC01,17.06663,-96.73555,247
BinniBusRC01,17.06634,-96.73536,248
BinniBusRC01,17.0661,-96.73521,249
BinniBusRC01,17.06594,-96.7351,250
BinniBusRC01,17.06575,-96.73498,251
BinniBusRC01,17.06531,-96.73467,252
BinniBusRC01,17.06492,-96.73436,253
BinniBusRC01,17.06467,-96.73414,254
BinniBusRC01,17.06448,-96.73397,255
BinniBusRC01,17.06434,-96.73383,256
BinniBusRC01,17.06414,-96.73364,257
BinniBusRC01,17.06388,-96.73329,258
BinniBusRC01,17.06379,-96.73316,259
BinniBusRC01,17.06376,-96.73313,260
BinniBusRC01,17.06359,-96.73282,261
BinniBusRC01,17.06354,-96.73272,262
BinniBusRC01,17.06347,-96.73245,263
BinniBusRC01,17.06339,-96.73215,264
BinniBusRC01,17.06338,-96.73206,265
BinniBusRC01,17.06334,-96.73164,266
BinniBusRC01,17.06333,-96.73154,267
BinniBusRC01,17.06331,-96.73142,268
BinniBusRC01,17.0631,-96.73033,269
BinniBusRC01,17.0629,-96.72938,270
BinniBusRC01,17.06288,-96.7293,271
BinniBusRC01,17.0627,-96.72844,272
BinniBusRC01,17.06278,-96.7284,273
BinniBusRC01,17.0628,-96.72839,274
BinniBusRC01,17.06287,-96.72837,275
BinniBusRC01,17.06306,-96.72832,276
BinniBusRC01,17.06322,-96.72828,277
BinniBusRC01,17.06346,-96.72824,278
BinniBusRC01,17.06363,-96.72822,279
BinniBusRC01,17.06381,-96.7282,280
BinniBusRC01,17.06455,-96.72808,281
BinniBusRC01,17.06544,-96.7279,282
BinniBusRC01,17.06568,-96.72786,283
BinniBusRC01,17.06592,-96.7278,284
BinniBusRC01,17.06632,-96.72773,285
BinniBusRC01,17.06649,-96.72771,286
BinniBusRC01,17.06673,-96.72766,287
BinniBusRC01,17.0668,-96.72765,288
BinniBusRC01,17.0671,-96.72759,289
BinniBusRC01,17.06737,-96.72754,290
BinniBusRC01,17.06756,-96.72751,291
BinniBusRC01,17.06768,-96.72749,292
BinniBusRC01,17.06779,-96.72748,293
BinniBusRC01,17.06823,-96.72753,294
BinniBusRC01,17.0684,-96.72754,295
BinniBusRC01,17.06859,-96.72759,296
BinniBusRC01,17.06923,-96.72764,297
BinniBusRC01,17.06927,-96.72765,298
BinniBusRC01,17.06928,-96.72765,299
BinniBusRC01,17.06958,-96.72768,300
BinniBusRC01,17.0703,-96.72759,301
BinniBusRC01,17.07083,-96.72744,302
BinniBusRC01,17.0709,-96.72742,303
BinniBusRC01,17.07093,-96.72742,304
BinniBusRC01,17.07101,-96.7274,305
BinniBusRC01,17.07132,-96.72736,306
BinniBusRC01,17.07137,-96.72735,307
BinniBusRC01,17.07142,-96.72734,308
BinniBusRC01,17.07195,-96.72723,309
BinniBusRC01,17.07204,-96.72721,310
BinniBusRC01,17.07212,-96.7272,311
BinniBusRC01,17.07283,-96.72708,312
BinniBusRC01,17.07291,-96.72707,313
BinniBusRC01,17.073,-96.72704,314
BinniBusRC01,17.07309,-96.72699,315
BinniBusRC01,17.07316,-96.72693,316
BinniBusRC01,17.0732,-96.7269,317
BinniBusRC01,17.07314,-96.72669,318
BinniBusRC01,17.07311,-96.72659,319
BinniBusRC01,17.07307,-96.72644,320
BinniBusRC01,17.07299,-96.72621,321
BinniBusRC01,17.0729,-96.72593,322
BinniBusRC01,17.07278,-96.72565,323
BinniBusRC01,17.07263,-96.7252,324
BinniBusRC01,17.07247,-96.72443,325
BinniBusRC01,17.07238,-96.72368,326
BinniBusRC01,17.07229,-96.72313,327
BinniBusRC01,17.07225,-96.72294,328
BinniBusRC01,17.07225,-96.72293,329
BinniBusRC01,17.07214,-96.72228,330
BinniBusRC01,17.07204,-96.72177,331
BinniBusRC01,17.07189,-96.72112,332
BinniBusRC01,17.07176,-96.72054,333
BinniBusRC01,17.07175,-96.72051,334
BinniBusRC01,17.07176,-96.72041,335
BinniBusRC01,17.07177,-96.72027,336
BinniBusRC01,17.07176,-96.72023,337
BinniBusRC01,17.07163,-96.71966,338
BinniBusRC01,17.07153,-96.71906,339
BinniBusRC01,17.0714,-96.71858,340
BinniBusRC01,17.07131,-96.71809,341
BinniBusRC01,17.0713,-96.71804,342
BinniBusRC01,17.07129,-96.71802,343
BinniBusRC01,17.07118,-96.71784,344
BinniBusRC01,17.07108,-96.71764,345
BinniBusRC01,17.07098,-96.71721,346
BinniBusRC01,17.07088,-96.71671,347
BinniBusRC01,17.07088,-96.71668,348
BinniBusRC01,17.07075,-96.71622,349
BinniBusRC01,17.07066,-96.71596,350
BinniBusRC01,17.07064,-96.71588,351
BinniBusRC01,17.07061,-96.7157,352
BinniBusRC01,17.0706,-96.71566,353
BinniBusRC01,17.07059,-96.71561,354
BinniBusRC01,17.07057,-96.71549,355
BinniBusRC01,17.07048,-96.71497,356
BinniBusRC01,17.07047,-96.71488,357
BinniBusRC01,17.07045,-96.71469,358
BinniBusRC01,17.07043,-96.71453,359
BinniBusRC01,17.07043,-96.71449,360
BinniBusRC01,17.0704,-96.71404,361
BinniBusRC01,17.07037,-96.71369,362
BinniBusRC01,17.07037,-96.71361,363
BinniBusRC01,17.07044,-96.71358,364
BinniBusRC01,17.0705,-96.71358,365
BinniBusRC01,17.07074,-96.71354,366
BinniBusRC01,17.07133,-96.71345,367
BinniBusRC01,17.07152,-96.71342,368
BinniBusRC01,17.0719,-96.71338,369
BinniBusRC01,17.07242,-96.71332,370
BinniBusRC01,17.07261,-96.71329,371
BinniBusRC01,17.07283,-96.71325,372
BinniBusRC01,17.07332,-96.71321,373
BinniBusRC01,17.07388,-96.7131,374
BinniBusRC01,17.07472,-96.71299,375
BinniBusRC01,17.07491,-96.71297,376
BinniBusRC01,17.07496,-96.71296,377
BinniBusRC01,17.07503,-96.71295,378
BinniBusRC01,17.07555,-96.71287,379
BinniBusRC01,17.07598,-96.7128,380
BinniBusRC01,17.07603,-96.71279,381
BinniBusRC01,17.0761,-96.71278,382
BinniBusRC01,17.07647,-96.71274,383
BinniBusRC01,17.07704,-96.71267,384
BinniBusRC01,17.07709,-96.71267,385
BinniBusRC01,17.07716,-96.71266,386
BinniBusRC01,17.07771,-96.71256,387
BinniBusRC01,17.07818,-96.71249,388
BinniBusRC01,17.07822,-96.71248,389
BinniBusRC01,17.07826,-96.71247,390
BinniBusRC01,17.07833,-96.71246,391
BinniBusRC01,17.07871,-96.71242,392
BinniBusRC01,17.07929,-96.71237,393
BinniBusRC01,17.07934,-96.71237,394
BinniBusRC01,17.07939,-96.71236,395
BinniBusRC01,17.07981,-96.71227,396
BinniBusRC01,17.08011,-96.71224,397
BinniBusRC01,17.08036,-96.71223,398
BinniBusRC01,17.08041,-96.71223,399
BinniBusRC01,17.08047,-96.71222,400
BinniBusRC01,17.08095,-96.71216,401
BinniBusRC01,17.0814,-96.71209,402
BinniBusRC01,17.08147,-96.71208,403
BinniBusRC01,17.08141,-96.71154,404
BinniBusRC01,17.0814,-96.71137,405
BinniBusRC01,17.08139,-96.71125,406
BinniBusRC01,17.08133,-96.71108,407
BinniBusRC01,17.08133,-96.71096,408
BinniBusRC01,17.08129,-96.71065,409
BinniBusRC01,17.08125,-96.7104,410
BinniBusRC01,17.08125,-96.71037,411
BinniBusRC01,17.08123,-96.71023,412
BinniBusRC01,17.08122,-96.71008,413
BinniBusRC01,17.0812,-96.70996,414
BinniBusRC01,17.08109,-96.70915,415
BinniBusRC01,17.08109,-96.70913,416
BinniBusRC01,17.08106,-96.70888,417
BinniBusRC01,17.08105,-96.7088,418
BinniBusRC01,17.08102,-96.70857,419
BinniBusRC01,17.08101,-96.7085,420
BinniBusRC01,17.08096,-96.70812,421
BinniBusRC01,17.08093,-96.70775,422
BinniBusRC01,17.08085,-96.70699,423
BinniBusRC01,17.08082,-96.70675,424
BinniBusRC01,17.0808,-96.70648,425
BinniBusRC01,17.08079,-96.7064,426
BinniBusRC01,17.08078,-96.70638,427
BinniBusRC01,17.08077,-96.70635,428
BinniBusRC01,17.08076,-96.70634,429
BinniBusRC01,17.08074,-96.70632,430
BinniBusRC01,17.08072,-96.70628,431
BinniBusRC01,17.0802,-96.70623,432
BinniBusRC01,17.0797,-96.70621,433
BinniBusRC01,17.07963,-96.70621,434
BinniBusRC01,17.07956,-96.70565,435
BinniBusRC01,17.07948,-96.70498,436
BinniBusRC01,17.07943,-96.70461,437
BinniBusRC01,17.07943,-96.7046,438
BinniBusRC01,17.07941,-96.70443,439
BinniBusRC01,17.07941,-96.70442,440
BinniBusRC01,17.07936,-96.70404,441
BinniBusRC01,17.07929,-96.70351,442
BinniBusRC01,17.07924,-96.70318,443
BinniBusRC01,17.07931,-96.70317,444
BinniBusRC01,17.07984,-96.70308,445
BinniBusRC01,17.08041,-96.70299,446
BinniBusRC01,17.08108,-96.70289,447
BinniBusRC01,17.08153,-96.70283,448
BinniBusRC01,17.08203,-96.70276,449
BinniBusRC01,17.08264,-96.70269,450
BinniBusRC01,17.08292,-96.70265,451
BinniBusRC01,17.08324,-96.70261,452
BinniBusRC01,17.08387,-96.70254,453
BinniBusRC01,17.08415,-96.70249,454
BinniBusRC01,17.08431,-96.70246,455
BinniBusRC01,17.08441,-96.70243,456
BinniBusRC01,17.08451,-96.70241,457
BinniBusRC01,17.08476,-96.70244,458
BinniBusRC01,17.08568,-96.70262,459
BinniBusRC01,17.08644,-96.70278,460
BinniBusRC01,17.08777,-96.70306,461
BinniBusRC01,17.08801,-96.70311,462
BinniBusRC01,17.08895,-96.7033,463
BinniBusRC01,17.08924,-96.70289,464
BinniBusRC01,17.0894,-96.70266,465
BinniBusRC01,17.08941,-96.70265,466
BinniBusRC01,17.08942,-96.70264,467
BinniBusRC01,17.08943,-96.70263,468
BinniBusRC01,17.08945,-96.70263,469
BinniBusRC01,17.08946,-96.70263,470
BinniBusRC01,17.08948,-96.70263,471
BinniBusRC01,17.08949,-96.70264,472
BinniBusRC01,17.08952,-96.70265,473
BinniBusRC01,17.08976,-96.70279,474
BinniBusRC01,17.08986,-96.70284,475
BinniBusRC01,17.08997,-96.70287,476
BinniBusRC01,17.09018,-96.70292,477
BinniBusRC01,17.09022,-96.70291,478
BinniBusRC01,17.09033,-96.70289,479
BinniBusRC01,17.09069,-96.70276,480
BinniBusRC01,17.09082,-96.7027,481
BinniBusRC01,17.09099,-96.70266,482
BinniBusRC01,17.09117,-96.70261,483
BinniBusRC01,17.0915,-96.70253,484
BinniBusRC01,17.09165,-96.7025,485
BinniBusRC01,17.0918,-96.70251,486
BinniBusRC01,17.09185,-96.70252,487
BinniBusRC01,17.09189,-96.70253,488
BinniBusRC01,17.09192,-96.70255,489
BinniBusRC01,17.09195,-96.70256,490
BinniBusRC01,17.09198,-96.70258,491
BinniBusRC01,17.09199,-96.70259,492
BinniBusRC01,17.09202,-96.70261,493
BinniBusRC01,17.09206,-96.70265,494
BinniBusRC01,17.0921,-96.70269,495
BinniBusRC01,17.09212,-96.70272,496
BinniBusRC01,17.09214,-96.70274,497
BinniBusRC01,17.09218,-96.70279,498
BinniBusRC01,17.09223,-96.70287,499
BinniBusRC01,17.09233,-96.70302,500
BinniBusRC01,17.09237,-96.70305,501
BinniBusRC01,17.0925,-96.7031,502
BinniBusRC01,17.09252,-96.70312,503
BinniBusRC01,17.09255,-96.70312,504
BinniBusRC01,17.0926,-96.70313,505
BinniBusRC01,17.09264,-96.70314,506
BinniBusRC01,17.09267,-96.70314,507
BinniBusRC01,17.09272,-96.70313,508
BinniBusRC01,17.09277,-96.70313,509
BinniBusRC01,17.09283,-96.70311,510
BinniBusRC01,17.09303,-96.70352,511
BinniBusRC01,17.09349,-96.70445,512
BinniBusRC01,17.09362,-96.70476,513
BinniBusRC01,17.09381,-96.70518,514
BinniBusRC01,17.09385,-96.70526,515
BinniBusRC01,17.09389,-96.70535,516
BinniBusRC01,17.09394,-96.70544,517
BinniBusRC01,17.0941,-96.70578,518
BinniBusRC01,17.09418,-96.70594,519
BinniBusRC01,17.09436,-96.70631,520
BinniBusRC01,17.09442,-96.70645,521
BinniBusRC01,17.09452,-96.70664,522
BinniBusRC01,17.09493,-96.70644,523
BinniBusRC01,17.095,-96.70641,524
BinniBusRC01,17.09506,-96.70639,525
BinniBusRC01,17.0951,-96.70638,526
BinniBusRC01,17.09514,-96.70637,527
BinniBusRC01,17.09518,-96.70636,528
BinniBusRC01,17.09522,-96.70636,529
BinniBusRC01,17.09529,-96.70636,530
BinniBusRC01,17.09534,-96.70637,531
BinniBusRC01,17.09541,-96.70639,532
BinniBusRC01,17.09546,-96.7064,533
BinniBusRC01,17.09553,-96.70643,534
BinniBusRC01,17.09557,-96.70645,535
BinniBusRC01,17.09561,-96.70648,536
BinniBusRC01,17.09573,-96.70655,537
BinniBusRC01,17.09586,-96.70662,538
BinniBusRC01,17.09601,-96.70672,539
BinniBusRC01,17.09617,-96.70681,540
BinniBusRC01,17.09619,-96.70682,541
BinniBusRC01,17.09633,-96.7069,542
BinniBusRC01,17.09637,-96.70692,543
BinniBusRC01,17.09641,-96.70694,544
BinniBusRC01,17.09643,-96.70696,545
BinniBusRC01,17.09648,-96.70697,546
BinniBusRC01,17.09649,-96.70698,547
BinniBusRC01,17.09651,-96.70698,548
BinniBusRC01,17.09653,-96.70698,549
BinniBusRC01,17.09654,-96.70698,550
BinniBusRC01,17.09655,-96.70697,551
BinniBusRC01,17.09656,-96.70697,552
BinniBusRC01,17.09657,-96.70696,553
BinniBusRC01,17.09658,-96.70695,554
BinniBusRC01,17.09659,-96.70694,555
BinniBusRC01,17.09659,-96.70692,556
BinniBusRC01,17.0966,-96.70691,557
BinniBusRC01,17.09659,-96.70689,558
BinniBusRC01,17.09658,-96.70687,559
BinniBusRC01,17.09657,-96.70684,560
BinniBusRC01,17.09656,-96.70681,561
BinniBusRC01,17.09651,-96.70674,562
BinniBusRC01,17.09629,-96.70641,563
BinniBusRC01,17.09628,-96.70626,564
BinniBusRC01,17.09628,-96.70618,565
BinniBusRC01,17.0963,-96.70547,566
BinniBusRC01,17.09634,-96.70479,567
BinniBusRC01,17.09635,-96.70434,568
BinniBusRC01,17.09635,-96.70415,569
BinniBusRC01,17.09636,-96.70406,570
BinniBusRC01,17.09636,-96.70378,571
BinniBusRC01,17.09637,-96.70366,572
BinniBusRC01,17.09638,-96.70359,573
BinniBusRC01,17.0964,-96.70349,574
BinniBusRC01,17.09642,-96.70346,575
BinniBusRC01,17.09645,-96.70341,576
BinniBusRC01,17.09648,-96.70337,577
BinniBusRC01,17.09652,-96.70334,578
BinniBusRC01,17.09657,-96.70328,579
BinniBusRC01,17.09675,-96.70318,580
BinniBusRC01,17.0969,-96.70311,581
BinniBusRC01,17.09712,-96.70302,582
BinniBusRC01,17.09736,-96.70298,583
BinniBusRC01,17.09744,-96.70297,584
BinniBusRC01,17.0975,-96.70296,585
BinniBusRC01,17.09755,-96.70294,586
BinniBusRC01,17.09766,-96.70289,587
BinniBusRC01,17.09781,-96.70284,588
BinniBusRC01,17.09795,-96.70278,589
BinniBusRC01,17.09819,-96.70266,590
BinniBusRC01,17.09834,-96.70259,591
BinniBusRC01,17.09844,-96.70253,592
BinniBusRC01,17.09855,-96.70246,593
BinniBusRC01,17.09873,-96.70239,594
BinniBusRC01,17.09879,-96.70236,595
BinniBusRC01,17.09889,-96.70234,596
BinniBusRC01,17.09902,-96.70231,597
BinniBusRC01,17.09926,-96.70227,598
BinniBusRC01,17.09937,-96.70225,599
BinniBusRC01,17.09955,-96.70222,600
BinniBusRC01,17.09974,-96.70219,601
BinniBusRC01,17.09985,-96.70217,602
BinniBusRC01,17.10009,-96.70213,603
BinniBusRC01,17.10011,-96.70212,604
BinniBusRC01,17.10013,-96.70211,605
BinniBusRC01,17.10016,-96.7021,606
BinniBusRC01,17.10019,-96.70206,607
BinniBusRC01,17.10022,-96.70202,608
BinniBusRC01,17.10023,-96.70199,609
BinniBusRC01,17.10025,-96.70197,610
BinniBusRC01,17.10027,-96.70192,611
BinniBusRC01,17.10031,-96.70181,612
BinniBusRC01,17.10033,-96.70177,613
BinniBusRC01,17.10034,-96.70175,614
BinniBusRC01,17.10035,-96.70173,615
BinniBusRC01,17.10037,-96.70172,616
BinniBusRC01,17.10038,-96.70171,617
BinniBusRC01,17.1004,-96.70169,618
BinniBusRC01,17.10042,-96.70167,619
BinniBusRC01,17.10045,-96.70166,620
BinniBusRC01,17.10048,-96.70165,621
BinniBusRC01,17.10055,-96.70163,622
BinniBusRC01,17.10067,-96.7016,623
BinniBusRC01,17.10087,-96.70157,624
BinniBusRC01,17.10111,-96.70154,625
BinniBusRC01,17.10183,-96.70145,626
BinniBusRC01,17.10253,-96.70137,627
BinniBusRC01,17.10343,-96.70127,628
BinniBusRC01,17.10398,-96.70121,629
BinniBusRC01,17.10408,-96.7012,630
BinniBusRC01,17.10433,-96.70117,631
BinniBusRC01,17.10462,-96.70113,632
BinniBusRC01,17.10477,-96.70113,633
BinniBusRC01,17.10507,-96.70108,634
BinniBusRC01,17.10535,-96.70105,635
BinniBusRC01,17.10584,-96.701,636
BinniBusRC01,17.10613,-96.70096,637
BinniBusRC01,17.10666,-96.70091,638
BinniBusRC01,17.10679,-96.70089,639
BinniBusRC01,17.10689,-96.70087,640
BinniBusRC01,17.10694,-96.70086,641
BinniBusRC01,17.10695,-96.70086,642
BinniBusRC01,17.10703,-96.70084,643
BinniBusRC01,17.10711,-96.70081,644
BinniBusRC01,17.10736,-96.70073,645
BinniBusRC01,17.10746,-96.70069,646
BinniBusRC01,17.10769,-96.7006,647
BinniBusRC01,17.10812,-96.70046,648
BinniBusRC01,17.10853,-96.7003,649
BinniBusRC01,17.10877,-96.70028,650
BinniBusRC01,17.10883,-96.70028,651
BinniBusRC01,17.10884,-96.70029,652
BinniBusRC01,17.10885,-96.70029,653
BinniBusRC01,17.10886,-96.7003,654
BinniBusRC01,17.10887,-96.70031,655
BinniBusRC01,17.10887,-96.70032,656
BinniBusRC01,17.10888,-96.70033,657
BinniBusRC01,17.1089,-96.70036,658
BinniBusRC01,17.10891,-96.70038,659
BinniBusRC01,17.10892,-96.70041,660
BinniBusRC01,17.10893,-96.70045,661
BinniBusRC01,17.10895,-96.70053,662
BinniBusRC01,17.10896,-96.70054,663
BinniBusRC01,17.10897,-96.70056,664
BinniBusRC01,17.10897,-96.70057,665
BinniBusRC01,17.10898,-96.70058,666
BinniBusRC01,17.10898,-96.70059,667
BinniBusRC01,17.10899,-96.7006,668
BinniBusRC01,17.10901,-96.70061,669
BinniBusRC01,17.109057,-96.700627,670
BinniBusRC01,17.109068,-96.700638,671
BinniBusRC01,17.109078,-96.700643,672
BinniBusRC01,17.1091,-96.7005,673
BinniBusRC01,17.10907,-96.70062,674
BinniBusRC01,17.10901,-96.70061,675
BinniBusRC01,17.10899,-96.7006,676
BinniBusRC01,17.10898,-96.70059,677
BinniBusRC01,17.10898,-96.70058,678
BinniBusRC01,17.10897,-96.70057,679
BinniBusRC01,17.10897,-96.70056,680
BinniBusRC01,17.10896,-96.70054,681
BinniBusRC01,17.10895,-96.70053,682
BinniBusRC01,17.10893,-96.70045,683
BinniBusRC01,17.10892,-96.70041,684
BinniBusRC01,17.10891,-96.70038,685
BinniBusRC01,17.1089,-96.70036,686
BinniBusRC01,17.10888,-96.70033,687
BinniBusRC01,17.10887,-96.70032,688
BinniBusRC01,17.10887,-96.70031,689
BinniBusRC01,17.10886,-96.7003,690
BinniBusRC01,17.10885,-96.70029,691
BinniBusRC01,17.10884,-96.70029,692
BinniBusRC01,17.10883,-96.70028,693
BinniBusRC01,17.10877,-96.70028,694
BinniBusRC01,17.10853,-96.7003,695
BinniBusRC01,17.10812,-96.70046,696
BinniBusRC01,17.10769,-96.7006,697
BinniBusRC01,17.10746,-96.70069,698
BinniBusRC01,17.10736,-96.70073,699
BinniBusRC01,17.10711,-96.70081,700
BinniBusRC01,17.10703,-96.70084,701
BinniBusRC01,17.10695,-96.70086,702
BinniBusRC01,17.10694,-96.70086,703
BinniBusRC01,17.10689,-96.70087,704
BinniBusRC01,17.10679,-96.70089,705
BinniBusRC01,17.10666,-96.70091,706
BinniBusRC01,17.10613,-96.70096,707
BinniBusRC01,17.10584,-96.701,708
BinniBusRC01,17.10535,-96.70105,709
BinniBusRC01,17.10507,-96.70108,710
BinniBusRC01,17.10477,-96.70113,711
BinniBusRC01,17.10462,-96.70113,712
BinniBusRC01,17.10433,-96.70117,713
BinniBusRC01,17.10408,-96.7012,714
BinniBusRC01,17.10398,-96.70121,715
BinniBusRC01,17.10343,-96.70127,716
BinniBusRC01,17.10253,-96.70137,717
BinniBusRC01,17.10183,-96.70145,718
BinniBusRC01,17.10111,-96.70154,719
BinniBusRC01,17.10087,-96.70157,720
BinniBusRC01,17.10067,-96.7016,721
BinniBusRC01,17.10055,-96.70163,722
BinniBusRC01,17.10048,-96.70165,723
BinniBusRC01,17.10045,-96.70166,724
BinniBusRC01,17.10042,-96.70167,725
BinniBusRC01,17.1004,-96.70169,726
BinniBusRC01,17.10038,-96.70171,727
BinniBusRC01,17.10037,-96.70172,728
BinniBusRC01,17.10035,-96.70173,729
BinniBusRC01,17.10034,-96.70175,730
BinniBusRC01,17.10033,-96.70177,731
BinniBusRC01,17.10031,-96.70181,732
BinniBusRC01,17.10027,-96.70192,733
BinniBusRC01,17.10025,-96.70197,734
BinniBusRC01,17.10023,-96.70199,735
BinniBusRC01,17.10022,-96.70202,736
BinniBusRC01,17.10019,-96.70206,737
BinniBusRC01,17.10016,-96.7021,738
BinniBusRC01,17.10013,-96.70211,739
BinniBusRC01,17.10011,-96.70212,740
BinniBusRC01,17.10009,-96.70213,741
BinniBusRC01,17.09985,-96.70217,742
BinniBusRC01,17.09974,-96.70219,743
BinniBusRC01,17.09955,-96.70222,744
BinniBusRC01,17.09937,-96.70225,745
BinniBusRC01,17.09926,-96.70227,746
BinniBusRC01,17.09902,-96.70231,747
BinniBusRC01,17.09889,-96.70234,748
BinniBusRC01,17.09879,-96.70236,749
BinniBusRC01,17.09873,-96.70239,750
BinniBusRC01,17.09855,-96.70246,751
BinniBusRC01,17.09844,-96.70253,752
BinniBusRC01,17.09834,-96.70259,753
BinniBusRC01,17.09819,-96.70266,754
BinniBusRC01,17.09795,-96.70278,755
BinniBusRC01,17.09781,-96.70284,756
BinniBusRC01,17.09766,-96.70289,757
BinniBusRC01,17.09755,-96.70294,758
BinniBusRC01,17.0975,-96.70296,759
BinniBusRC01,17.09744,-96.70297,760
BinniBusRC01,17.09736,-96.70298,761
BinniBusRC01,17.09712,-96.70302,762
BinniBusRC01,17.0969,-96.70311,763
BinniBusRC01,17.09675,-96.70318,764
BinniBusRC01,17.09657,-96.70328,765
BinniBusRC01,17.09652,-96.70334,766
BinniBusRC01,17.09648,-96.70337,767
BinniBusRC01,17.09645,-96.70341,768
BinniBusRC01,17.09642,-96.70346,769
BinniBusRC01,17.0964,-96.70349,770
BinniBusRC01,17.09638,-96.70359,771
BinniBusRC01,17.09637,-96.70366,772
BinniBusRC01,17.09636,-96.70378,773
BinniBusRC01,17.09636,-96.70406,774
BinniBusRC01,17.09635,-96.70415,775
BinniBusRC01,17.09635,-96.70434,776
BinniBusRC01,17.09634,-96.70479,777
BinniBusRC01,17.0963,-96.70547,778
BinniBusRC01,17.09628,-96.70618,779
BinniBusRC01,17.09628,-96.70626,780
BinniBusRC01,17.09629,-96.70641,781
BinniBusRC01,17.09651,-96.70674,782
BinniBusRC01,17.09656,-96.70681,783
BinniBusRC01,17.09657,-96.70684,784
BinniBusRC01,17.09658,-96.70687,785
BinniBusRC01,17.09659,-96.70689,786
BinniBusRC01,17.0966,-96.70691,787
BinniBusRC01,17.09659,-96.70692,788
BinniBusRC01,17.09659,-96.70694,789
BinniBusRC01,17.09658,-96.70695,790
BinniBusRC01,17.09657,-96.70696,791
BinniBusRC01,17.09656,-96.70697,792
BinniBusRC01,17.09655,-96.70697,793
BinniBusRC01,17.09654,-96.70698,794
BinniBusRC01,17.09653,-96.70698,795
BinniBusRC01,17.09651,-96.70698,796
BinniBusRC01,17.09649,-96.70698,797
BinniBusRC01,17.09648,-96.70697,798
BinniBusRC01,17.09643,-96.70696,799
BinniBusRC01,17.09641,-96.70694,800
BinniBusRC01,17.09637,-96.70692,801
BinniBusRC01,17.09633,-96.7069,802
BinniBusRC01,17.09619,-96.70682,803
BinniBusRC01,17.09617,-96.70681,804
BinniBusRC01,17.09601,-96.70672,805
BinniBusRC01,17.09586,-96.70662,806
BinniBusRC01,17.09573,-96.70655,807
BinniBusRC01,17.09561,-96.70648,808
BinniBusRC01,17.09557,-96.70645,809
BinniBusRC01,17.09553,-96.70643,810
BinniBusRC01,17.09546,-96.7064,811
BinniBusRC01,17.09541,-96.70639,812
BinniBusRC01,17.09534,-96.70637,813
BinniBusRC01,17.09529,-96.70636,814
BinniBusRC01,17.09522,-96.70636,815
BinniBusRC01,17.09518,-96.70636,816
BinniBusRC01,17.09514,-96.70637,817
BinniBusRC01,17.0951,-96.70638,818
BinniBusRC01,17.09506,-96.70639,819
BinniBusRC01,17.095,-96.70641,820
BinniBusRC01,17.09493,-96.70644,821
BinniBusRC01,17.09452,-96.70664,822
BinniBusRC01,17.09442,-96.70645,823
BinniBusRC01,17.09436,-96.70631,824
BinniBusRC01,17.09418,-96.70594,825
BinniBusRC01,17.0941,-96.70578,826
BinniBusRC01,17.09394,-96.70544,827
BinniBusRC01,17.09389,-96.70535,828
BinniBusRC01,17.09385,-96.70526,829
BinniBusRC01,17.09381,-96.70518,830
BinniBusRC01,17.09362,-96.70476,831
BinniBusRC01,17.09349,-96.70445,832
BinniBusRC01,17.09303,-96.70352,833
BinniBusRC01,17.09283,-96.70311,834
BinniBusRC01,17.09277,-96.70313,835
BinniBusRC01,17.09272,-96.70313,836
BinniBusRC01,17.09267,-96.70314,837
BinniBusRC01,17.09264,-96.70314,838
BinniBusRC01,17.0926,-96.70313,839
BinniBusRC01,17.09255,-96.70312,840
BinniBusRC01,17.09252,-96.70312,841
BinniBusRC01,17.0925,-96.7031,842
BinniBusRC01,17.09237,-96.70305,843
BinniBusRC01,17.09233,-96.70302,844
BinniBusRC01,17.09223,-96.70287,845
BinniBusRC01,17.09218,-96.70279,846
BinniBusRC01,17.09214,-96.70274,847
BinniBusRC01,17.09212,-96.70272,848
BinniBusRC01,17.0921,-96.70269,849
BinniBusRC01,17.09206,-96.70265,850
BinniBusRC01,17.09202,-96.70261,851
BinniBusRC01,17.09199,-96.70259,852
BinniBusRC01,17.09198,-96.70258,853
BinniBusRC01,17.09195,-96.70256,854
BinniBusRC01,17.09192,-96.70255,855
BinniBusRC01,17.09189,-96.70253,856
BinniBusRC01,17.09185,-96.70252,857
BinniBusRC01,17.0918,-96.70251,858
BinniBusRC01,17.09165,-96.7025,859
BinniBusRC01,17.0915,-96.70253,860
BinniBusRC01,17.09117,-96.70261,861
BinniBusRC01,17.09099,-96.70266,862
BinniBusRC01,17.09082,-96.7027,863
BinniBusRC01,17.09069,-96.70276,864
BinniBusRC01,17.09033,-96.70289,865
BinniBusRC01,17.09022,-96.70291,866
BinniBusRC01,17.09018,-96.70292,867
BinniBusRC01,17.08997,-96.70287,868
BinniBusRC01,17.08986,-96.70284,869
BinniBusRC01,17.08976,-96.70279,870
BinniBusRC01,17.08952,-96.70265,871
BinniBusRC01,17.08949,-96.70264,872
BinniBusRC01,17.08948,-96.70263,873
BinniBusRC01,17.08946,-96.70263,874
BinniBusRC01,17.08945,-96.70263,875
BinniBusRC01,17.08943,-96.70263,876
BinniBusRC01,17.08942,-96.70264,877
BinniBusRC01,17.08941,-96.70265,878
BinniBusRC01,17.0894,-96.70266,879
BinniBusRC01,17.08924,-96.70289,880
BinniBusRC01,17.08895,-96.7033,881
BinniBusRC01,17.08801,-96.70311,882
BinniBusRC01,17.08777,-96.70306,883
BinniBusRC01,17.08644,-96.70278,884
BinniBusRC01,17.08568,-96.70262,885
BinniBusRC01,17.08476,-96.70244,886
BinniBusRC01,17.08451,-96.70241,887
BinniBusRC01,17.08441,-96.70243,888
BinniBusRC01,17.08431,-96.70246,889
BinniBusRC01,17.08415,-96.70249,890
BinniBusRC01,17.08387,-96.70254,891
BinniBusRC01,17.08324,-96.70261,892
BinniBusRC01,17.08292,-96.70265,893
BinniBusRC01,17.08264,-96.70269,894
BinniBusRC01,17.08203,-96.70276,895
BinniBusRC01,17.08153,-96.70283,896
BinniBusRC01,17.08108,-96.70289,897
BinniBusRC01,17.08041,-96.70299,898
BinniBusRC01,17.07984,-96.70308,899
BinniBusRC01,17.07931,-96.70317,900
BinniBusRC01,17.07935,-96.7035,901
BinniBusRC01,17.07942,-96.70404,902
BinniBusRC01,17.07947,-96.70442,903
BinniBusRC01,17.07949,-96.7046,904
BinniBusRC01,17.07949,-96.70461,905
BinniBusRC01,17.07954,-96.70497,906
BinniBusRC01,17.07961,-96.70548,907
BinniBusRC01,17.07963,-96.70565,908
BinniBusRC01,17.07963,-96.70566,909
BinniBusRC01,17.07966,-96.70584,910
BinniBusRC01,17.07968,-96.70611,911
BinniBusRC01,17.0797,-96.70621,912
BinniBusRC01,17.07969,-96.70631,913
BinniBusRC01,17.07968,-96.70639,914
BinniBusRC01,17.07973,-96.70684,915
BinniBusRC01,17.07978,-96.70724,916
BinniBusRC01,17.07987,-96.70791,917
BinniBusRC01,17.08002,-96.70902,918
BinniBusRC01,17.08008,-96.70955,919
BinniBusRC01,17.08015,-96.71011,920
BinniBusRC01,17.08015,-96.71023,921
BinniBusRC01,17.08023,-96.71085,922
BinniBusRC01,17.08027,-96.71122,923
BinniBusRC01,17.08038,-96.71195,924
BinniBusRC01,17.08041,-96.71223,925
BinniBusRC01,17.08043,-96.71231,926
BinniBusRC01,17.08037,-96.71231,927
BinniBusRC01,17.08013,-96.71233,928
BinniBusRC01,17.07983,-96.71236,929
BinniBusRC01,17.0794,-96.71245,930
BinniBusRC01,17.07935,-96.71246,931
BinniBusRC01,17.0793,-96.71247,932
BinniBusRC01,17.07872,-96.71253,933
BinniBusRC01,17.07834,-96.71257,934
BinniBusRC01,17.07827,-96.71258,935
BinniBusRC01,17.07823,-96.71259,936
BinniBusRC01,17.07819,-96.71259,937
BinniBusRC01,17.07772,-96.71266,938
BinniBusRC01,17.07718,-96.71274,939
BinniBusRC01,17.0771,-96.71275,940
BinniBusRC01,17.07705,-96.71275,941
BinniBusRC01,17.07648,-96.71283,942
BinniBusRC01,17.07611,-96.71288,943
BinniBusRC01,17.07604,-96.71289,944
BinniBusRC01,17.07598,-96.7129,945
BinniBusRC01,17.07556,-96.71297,946
BinniBusRC01,17.07505,-96.71304,947
BinniBusRC01,17.07498,-96.71305,948
BinniBusRC01,17.07492,-96.71306,949
BinniBusRC01,17.07474,-96.71308,950
BinniBusRC01,17.07388,-96.71319,951
BinniBusRC01,17.07324,-96.71327,952
BinniBusRC01,17.073,-96.71331,953
BinniBusRC01,17.07286,-96.71333,954
BinniBusRC01,17.07246,-96.71339,955
BinniBusRC01,17.07193,-96.71344,956
BinniBusRC01,17.07153,-96.71349,957
BinniBusRC01,17.07134,-96.71352,958
BinniBusRC01,17.07074,-96.71364,959
BinniBusRC01,17.07051,-96.71367,960
BinniBusRC01,17.07045,-96.71368,961
BinniBusRC01,17.07046,-96.71386,962
BinniBusRC01,17.07051,-96.7145,963
BinniBusRC01,17.07052,-96.71455,964
BinniBusRC01,17.07054,-96.71472,965
BinniBusRC01,17.07057,-96.71488,966
BinniBusRC01,17.07068,-96.71548,967
BinniBusRC01,17.0707,-96.7156,968
BinniBusRC01,17.07072,-96.71568,969
BinniBusRC01,17.07076,-96.71583,970
BinniBusRC01,17.07086,-96.7162,971
BinniBusRC01,17.07091,-96.71637,972
BinniBusRC01,17.07098,-96.71667,973
BinniBusRC01,17.07099,-96.71671,974
BinniBusRC01,17.07106,-96.71707,975
BinniBusRC01,17.07108,-96.71718,976
BinniBusRC01,17.07109,-96.71723,977
BinniBusRC01,17.07117,-96.71762,978
BinniBusRC01,17.07118,-96.71784,979
BinniBusRC01,17.07122,-96.71806,980
BinniBusRC01,17.07124,-96.71817,981
BinniBusRC01,17.07125,-96.7182,982
BinniBusRC01,17.07128,-96.71834,983
BinniBusRC01,17.07132,-96.71861,984
BinniBusRC01,17.07139,-96.71892,985
BinniBusRC01,17.07144,-96.71909,986
BinniBusRC01,17.07148,-96.71922,987
BinniBusRC01,17.07148,-96.71927,988
BinniBusRC01,17.07151,-96.71954,989
BinniBusRC01,17.07151,-96.71967,990
BinniBusRC01,17.07167,-96.72023,991
BinniBusRC01,17.07171,-96.72032,992
BinniBusRC01,17.07176,-96.72041,993
BinniBusRC01,17.07189,-96.72064,994
BinniBusRC01,17.07217,-96.72176,995
BinniBusRC01,17.07225,-96.7222,996
BinniBusRC01,17.07236,-96.72292,997
BinniBusRC01,17.07236,-96.72293,998
BinniBusRC01,17.07239,-96.72311,999
BinniBusRC01,17.07248,-96.72367,1000
BinniBusRC01,17.07257,-96.72441,1001
BinniBusRC01,17.07272,-96.72517,1002
BinniBusRC01,17.07287,-96.72559,1003
BinniBusRC01,17.07278,-96.72565,1004
BinniBusRC01,17.07265,-96.72568,1005
BinniBusRC01,17.07252,-96.72571,1006
BinniBusRC01,17.07213,-96.72578,1007
BinniBusRC01,17.07206,-96.72579,1008
BinniBusRC01,17.07199,-96.72581,1009
BinniBusRC01,17.07146,-96.72592,1010
BinniBusRC01,17.07092,-96.72603,1011
BinniBusRC01,17.07088,-96.72603,1012
BinniBusRC01,17.07061,-96.72609,1013
BinniBusRC01,17.06999,-96.72621,1014
BinniBusRC01,17.06952,-96.7263,1015
BinniBusRC01,17.06932,-96.72634,1016
BinniBusRC01,17.06894,-96.7264,1017
BinniBusRC01,17.06889,-96.7264,1018
BinniBusRC01,17.06875,-96.72641,1019
BinniBusRC01,17.06874,-96.72641,1020
BinniBusRC01,17.06856,-96.72642,1021
BinniBusRC01,17.06832,-96.72644,1022
BinniBusRC01,17.06806,-96.72646,1023
BinniBusRC01,17.06763,-96.72649,1024
BinniBusRC01,17.0674,-96.72651,1025
BinniBusRC01,17.06736,-96.72651,1026
BinniBusRC01,17.06721,-96.72653,1027
BinniBusRC01,17.06703,-96.72656,1028
BinniBusRC01,17.06648,-96.72666,1029
BinniBusRC01,17.06619,-96.72672,1030
BinniBusRC01,17.06527,-96.72691,1031
BinniBusRC01,17.06444,-96.72708,1032
BinniBusRC01,17.06436,-96.7271,1033
BinniBusRC01,17.06343,-96.72729,1034
BinniBusRC01,17.0625,-96.72749,1035
BinniBusRC01,17.06225,-96.72753,1036
BinniBusRC01,17.06207,-96.72756,1037
BinniBusRC01,17.06158,-96.72766,1038
BinniBusRC01,17.06161,-96.72778,1039
BinniBusRC01,17.06177,-96.72862,1040
BinniBusRC01,17.06196,-96.72961,1041
BinniBusRC01,17.06214,-96.73054,1042
BinniBusRC01,17.06241,-96.73184,1043
BinniBusRC01,17.06255,-96.73182,1044
BinniBusRC01,17.06262,-96.73181,1045
BinniBusRC01,17.06334,-96.73164,1046
BinniBusRC01,17.06352,-96.7316,1047
BinniBusRC01,17.06354,-96.7316,1048
BinniBusRC01,17.06356,-96.7316,1049
BinniBusRC01,17.06358,-96.7316,1050
BinniBusRC01,17.06362,-96.73162,1051
BinniBusRC01,17.06364,-96.73164,1052
BinniBusRC01,17.06385,-96.73183,1053
BinniBusRC01,17.06408,-96.73205,1054
BinniBusRC01,17.06438,-96.73227,1055
BinniBusRC01,17.06457,-96.73245,1056
BinniBusRC01,17.06505,-96.7329,1057
BinniBusRC01,17.06522,-96.73303,1058
BinniBusRC01,17.06548,-96.73321,1059
BinniBusRC01,17.06584,-96.7335,1060
BinniBusRC01,17.06613,-96.73372,1061
BinniBusRC01,17.06624,-96.73382,1062
BinniBusRC01,17.06638,-96.73394,1063
BinniBusRC01,17.06644,-96.734,1064
BinniBusRC01,17.06649,-96.73406,1065
BinniBusRC01,17.06664,-96.73425,1066
BinniBusRC01,17.0667,-96.73433,1067
BinniBusRC01,17.06677,-96.7344,1068
BinniBusRC01,17.06689,-96.73452,1069
BinniBusRC01,17.06716,-96.73479,1070
BinniBusRC01,17.06742,-96.73501,1071
BinniBusRC01,17.06771,-96.73523,1072
BinniBusRC01,17.06797,-96.73541,1073
BinniBusRC01,17.06814,-96.73552,1074
BinniBusRC01,17.06827,-96.73558,1075
BinniBusRC01,17.06849,-96.73571,1076
BinniBusRC01,17.06901,-96.73598,1077
BinniBusRC01,17.06924,-96.73607,1078
BinniBusRC01,17.06945,-96.73615,1079
BinniBusRC01,17.06961,-96.73621,1080
BinniBusRC01,17.06966,-96.73623,1081
BinniBusRC01,17.0698,-96.73629,1082
BinniBusRC01,17.06997,-96.73635,1083
BinniBusRC01,17.07016,-96.73643,1084
BinniBusRC01,17.0703,-96.73647,1085
BinniBusRC01,17.0704,-96.7365,1086
BinniBusRC01,17.07051,-96.73652,1087
BinniBusRC01,17.0709,-96.73664,1088
BinniBusRC01,17.07098,-96.73668,1089
BinniBusRC01,17.07129,-96.73684,1090
BinniBusRC01,17.07153,-96.73697,1091
BinniBusRC01,17.07215,-96.7373,1092
BinniBusRC01,17.0724,-96.73742,1093
BinniBusRC01,17.07247,-96.73748,1094
BinniBusRC01,17.07282,-96.73767,1095
BinniBusRC01,17.07305,-96.73781,1096
BinniBusRC01,17.07324,-96.73792,1097
BinniBusRC01,17.0734,-96.73802,1098
BinniBusRC01,17.07382,-96.73826,1099
BinniBusRC01,17.07405,-96.73839,1100
BinniBusRC01,17.07426,-96.73851,1101
BinniBusRC01,17.0744,-96.7386,1102
BinniBusRC01,17.07497,-96.73898,1103
BinniBusRC01,17.07521,-96.7392,1104
BinniBusRC01,17.07552,-96.73945,1105
BinniBusRC01,17.07576,-96.73964,1106
BinniBusRC01,17.0759,-96.73972,1107
BinniBusRC01,17.07632,-96.7399,1108
BinniBusRC01,17.07635,-96.73992,1109
BinniBusRC01,17.07664,-96.74005,1110
BinniBusRC01,17.07689,-96.74015,1111
BinniBusRC01,17.0769,-96.74016,1112
BinniBusRC01,17.07701,-96.74022,1113
BinniBusRC01,17.0773,-96.74035,1114
BinniBusRC01,17.07778,-96.74056,1115
BinniBusRC01,17.07792,-96.74061,1116
BinniBusRC01,17.07802,-96.74066,1117
BinniBusRC01,17.07813,-96.74071,1118
BinniBusRC01,17.07849,-96.74089,1119
BinniBusRC01,17.07852,-96.74091,1120
BinniBusRC01,17.07873,-96.74102,1121
BinniBusRC01,17.07876,-96.74103,1122
BinniBusRC01,17.07903,-96.74116,1123
BinniBusRC01,17.07929,-96.74128,1124
BinniBusRC01,17.07938,-96.74132,1125
BinniBusRC01,17.07978,-96.7415,1126
BinniBusRC01,17.0799,-96.74155,1127
BinniBusRC01,17.07991,-96.74152,1128
BinniBusRC01,17.07992,-96.74148,1129
BinniBusRC01,17.07993,-96.74145,1130
BinniBusRC01,17.07994,-96.74143,1131
BinniBusRC01,17.07996,-96.7414,1132
BinniBusRC01,17.08005,-96.74132,1133
BinniBusRC01,17.08009,-96.74141,1134
BinniBusRC01,17.08035,-96.74188,1135
BinniBusRC01,17.08059,-96.74227,1136
BinniBusRC01,17.08068,-96.7424,1137
BinniBusRC01,17.08077,-96.74252,1138
BinniBusRC01,17.08098,-96.74274,1139
BinniBusRC01,17.0811,-96.74286,1140
BinniBusRC01,17.08119,-96.74292,1141
BinniBusRC01,17.0813,-96.74299,1142
BinniBusRC01,17.0814,-96.74305,1143
BinniBusRC01,17.08156,-96.74313,1144
BinniBusRC01,17.08164,-96.74316,1145
BinniBusRC01,17.08174,-96.7432,1146
BinniBusRC01,17.08213,-96.74337,1147
BinniBusRC01,17.0828,-96.74365,1148
BinniBusRC01,17.08303,-96.74375,1149
BinniBusRC01,17.08332,-96.74389,1150
BinniBusRC01,17.08389,-96.74411,1151
BinniBusRC01,17.08515,-96.74465,1152
BinniBusRC01,17.086,-96.74501,1153
BinniBusRC01,17.0861,-96.74503,1154
BinniBusRC01,17.087,-96.74546,1155
BinniBusRC01,17.08771,-96.74574,1156
BinniBusRC01,17.08809,-96.74593,1157
BinniBusRC01,17.08887,-96.74627,1158
BinniBusRC01,17.08903,-96.74634,1159
BinniBusRC01,17.08937,-96.74649,1160
BinniBusRC01,17.08944,-96.74652,1161
BinniBusRC01,17.09012,-96.74679,1162
BinniBusRC01,17.09049,-96.74694,1163
BinniBusRC01,17.09089,-96.74712,1164
BinniBusRC01,17.09106,-96.74719,1165
BinniBusRC01,17.092,-96.74762,1166
BinniBusRC01,17.09269,-96.74794,1167
BinniBusRC01,17.09294,-96.74802,1168
BinniBusRC01,17.093,-96.74805,1169
BinniBusRC01,17.09308,-96.74808,1170
BinniBusRC01,17.09323,-96.74815,1171
BinniBusRC01,17.09362,-96.74831,1172
BinniBusRC01,17.09414,-96.74854,1173
BinniBusRC01,17.09481,-96.74881,1174
BinniBusRC01,17.09497,-96.74889,1175
BinniBusRC01,17.09498,-96.74889,1176
BinniBusRC01,17.09564,-96.74921,1177
BinniBusRC01,17.09636,-96.74952,1178
BinniBusRC01,17.09647,-96.74957,1179
BinniBusRC01,17.0965,-96.74958,1180
BinniBusRC01,17.09719,-96.74983,1181
BinniBusRC01,17.09738,-96.74989,1182
BinniBusRC01,17.09792,-96.7502,1183
BinniBusRC01,17.09853,-96.75043,1184
BinniBusRC01,17.09898,-96.75062,1185
BinniBusRC01,17.09939,-96.7508,1186
BinniBusRC01,17.09975,-96.75097,1187
BinniBusRC01,17.10071,-96.75138,1188
BinniBusRC01,17.10107,-96.75155,1189
BinniBusRC01,17.10125,-96.75162,1190
BinniBusRC01,17.10132,-96.75164,1191
BinniBusRC01,17.10205,-96.75195,1192
BinniBusRC01,17.10245,-96.75213,1193
BinniBusRC01,17.10352,-96.75257,1194
BinniBusRC01,17.1045,-96.75304,1195
BinniBusRC01,17.10458,-96.75307,1196
BinniBusRC01,17.10566,-96.75354,1197
BinniBusRC01,17.1061,-96.75372,1198
BinniBusRC01,17.10644,-96.75385,1199
BinniBusRC01,17.10677,-96.75399,1200
BinniBusRC01,17.10701,-96.7541,1201
BinniBusRC01,17.10734,-96.75424,1202
BinniBusRC01,17.10843,-96.75473,1203
BinniBusRC01,17.10874,-96.75485,1204
BinniBusRC01,17.10882,-96.75488,1205
BinniBusRC01,17.10918,-96.75504,1206
BinniBusRC01,17.10946,-96.75516,1207
BinniBusRC01,17.10999,-96.75537,1208
BinniBusRC01,17.11001,-96.75538,1209
BinniBusRC01,17.11021,-96.75547,1210
BinniBusRC01,17.11038,-96.75555,1211
BinniBusRC01,17.1104,-96.75556,1212
BinniBusRC01,17.11043,-96.75558,1213
BinniBusRC01,17.11087,-96.75572,1214
BinniBusRC01,17.11178,-96.7561,1215
BinniBusRC01,17.11179,-96.75611,1216
BinniBusRC01,17.11232,-96.75634,1217
BinniBusRC01,17.11237,-96.75637,1218
BinniBusRC01,17.11247,-96.75645,1219
BinniBusRC01,17.11255,-96.75651,1220
BinniBusRC01,17.11264,-96.75655,1221
BinniBusRC01,17.11266,-96.75656,1222
BinniBusRC01,17.11297,-96.75673,1223
BinniBusRC01,17.11326,-96.7569,1224
BinniBusRC01,17.11346,-96.75704,1225
BinniBusRC01,17.11352,-96.75708,1226
BinniBusRC01,17.11356,-96.7571,1227
BinniBusRC01,17.1136,-96.75714,1228
BinniBusRC01,17.11393,-96.75737,1229
BinniBusRC01,17.11437,-96.7577,1230
BinniBusRC01,17.11439,-96.75771,1231
BinniBusRC01,17.11454,-96.75783,1232
BinniBusRC01,17.11463,-96.75789,1233
BinniBusRC01,17.11516,-96.75827,1234
BinniBusRC01,17.11523,-96.75832,1235
BinniBusRC01,17.11545,-96.75847,1236
BinniBusRC01,17.11586,-96.75883,1237
BinniBusRC01,17.11603,-96.75897,1238
BinniBusRC01,17.11605,-96.75892,1239
BinniBusRC01,17.11605,-96.7589,1240
BinniBusRC01,17.11606,-96.75888,1241
BinniBusRC01,17.11611,-96.75875,1242
BinniBusRC01,17.11649,-96.75888,1243
BinniBusRC01,17.11657,-96.75891,1244
BinniBusRC01,17.11665,-96.75893,1245
BinniBusRC01,17.11674,-96.75896,1246
BinniBusRC01,17.11686,-96.759,1247
BinniBusRC01,17.11704,-96.75903,1248
BinniBusRC01,17.11735,-96.75906,1249
BinniBusRC01,17.11803,-96.75907,1250
BinniBusRC01,17.11833,-96.75907,1251
BinniBusRC01,17.11855,-96.75909,1252
BinniBusRC01,17.11861,-96.75909,1253
BinniBusRC01,17.11875,-96.75908,1254
BinniBusRC01,17.12012,-96.75914,1255
BinniBusRC01,17.12015,-96.75914,1256
BinniBusRC01,17.12017,-96.75914,1257
BinniBusRC01,17.12147,-96.75919,1258
BinniBusRC01,17.12209,-96.75922,1259
BinniBusRC01,17.1227,-96.75925,1260
BinniBusRC01,17.12299,-96.75932,1261
BinniBusRC01,17.12318,-96.75938,1262
BinniBusRC01,17.12339,-96.75948,1263
BinniBusRC01,17.12363,-96.75959,1264
BinniBusRC01,17.12375,-96.75967,1265
BinniBusRC01,17.1239,-96.75978,1266
BinniBusRC01,17.12402,-96.75987,1267
BinniBusRC01,17.12411,-96.75996,1268
BinniBusRC01,17.12426,-96.76012,1269
BinniBusRC01,17.12438,-96.76026,1270
BinniBusRC01,17.12443,-96.76032,1271
BinniBusRC01,17.12449,-96.76041,1272
BinniBusRC01,17.12459,-96.76056,1273
BinniBusRC01,17.12483,-96.76094,1274
BinniBusRC01,17.12502,-96.76124,1275
BinniBusRC01,17.12523,-96.76155,1276
BinniBusRC01,17.12528,-96.76164,1277
BinniBusRC01,17.12563,-96.76222,1278
BinniBusRC01,17.12574,-96.76242,1279
BinniBusRC01,17.12596,-96.76277,1280
BinniBusRC01,17.12611,-96.76302,1281
BinniBusRC01,17.12619,-96.76319,1282
BinniBusRC01,17.12628,-96.76332,1283
BinniBusRC01,17.12651,-96.76375,1284
BinniBusRC01,17.12655,-96.76383,1285
BinniBusRC01,17.12672,-96.76406,1286
BinniBusRC01,17.12684,-96.76424,1287
BinniBusRC01,17.12694,-96.76439,1288
BinniBusRC01,17.12703,-96.76453,1289
BinniBusRC01,17.12706,-96.76458,1290
BinniBusRC01,17.12718,-96.76475,1291
BinniBusRC01,17.12735,-96.765,1292
BinniBusRC01,17.12738,-96.76504,1293
BinniBusRC01,17.12744,-96.76513,1294
BinniBusRC01,17.12763,-96.76545,1295
BinniBusRC01,17.12801,-96.76605,1296
BinniBusRC01,17.12822,-96.76642,1297
BinniBusRC01,17.12873,-96.76726,1298
BinniBusRC01,17.12878,-96.76735,1299
BinniBusRC01,17.12911,-96.76791,1300
BinniBusRC01,17.12916,-96.76774,1301
BinniBusRC01,17.12941,-96.76679,1302
BinniBusRC01,17.12945,-96.76664,1303
BinniBusRC01,17.12949,-96.7665,1304
BinniBusRC01,17.12952,-96.76638,1305
BinniBusRC01,17.12967,-96.76586,1306
BinniBusRC01,17.12986,-96.76514,1307
BinniBusRC01,17.12986,-96.76513,1308
BinniBusRC01,17.12992,-96.76489,1309
BinniBusRC01,17.13004,-96.76445,1310
BinniBusRC01,17.13037,-96.76428,1311
BinniBusRC01,17.13046,-96.76426,1312
BinniBusRC01,17.13052,-96.76424,1313
BinniBusRC01,17.13057,-96.76423,1314
BinniBusRC01,17.13064,-96.76422,1315
BinniBusRC01,17.13064,-96.76412,1316
BinniBusRC01,17.13068,-96.76413,1317
BinniBusRC02,17.135602,-96.745765,1
BinniBusRC02,17.135361,-96.746132,2
BinniBusRC02,17.135104,-96.74652,3
BinniBusRC02,17.135018,-96.746718,4
BinniBusRC02,17.134958,-96.74692,5
BinniBusRC02,17.13484,-96.74743,6
BinniBusRC02,17.134766,-96.747949,7
BinniBusRC02,17.134681,-96.748092,8
BinniBusRC02,17.134574,-96.748229,9
BinniBusRC02,17.134366,-96.748446,10
BinniBusRC02,17.134179,-96.748642,11
BinniBusRC02,17.133998,-96.748803,12
BinniBusRC02,17.133658,-96.748899,13
BinniBusRC02,17.133338,-96.749031,14
BinniBusRC02,17.133233,-96.749397,15
BinniBusRC02,17.133174,-96.749608,16
BinniBusRC02,17.133164,-96.749648,17
BinniBusRC02,17.133116,-96.749705,18
BinniBusRC02,17.133015,-96.749753,19
BinniBusRC02,17.132672,-96.749842,20
BinniBusRC02,17.132185,-96.750078,21
BinniBusRC02,17.131754,-96.750254,22
BinniBusRC02,17.131358,-96.750241,23
BinniBusRC02,17.130814,-96.750154,24
BinniBusRC02,17.130086,-96.750078,25
BinniBusRC02,17.129955,-96.75145,26
BinniBusRC02,17.12974,-96.752802,27
BinniBusRC02,17.129709,-96.753199,28
BinniBusRC02,17.130037,-96.753414,29
BinniBusRC02,17.130549,-96.753736,30
BinniBusRC02,17.130724,-96.753929,31
BinniBusRC02,17.13075,-96.753985,32
BinniBusRC02,17.130738,-96.754073,33
BinniBusRC02,17.130692,-96.754283,34
BinniBusRC02,17.13058,-96.754712,35
BinniBusRC02,17.130421,-96.754824,36
BinniBusRC02,17.129416,-96.756152,37
BinniBusRC02,17.128355,-96.757319,38
BinniBusRC02,17.127313,-96.758531,39
BinniBusRC02,17.125864,-96.760312,40
BinniBusRC02,17.123311,-96.763316,41
BinniBusRC02,17.122799,-96.763935,42
BinniBusRC02,17.122609,-96.764195,43
BinniBusRC02,17.122598,-96.764386,44
BinniBusRC02,17.122483,-96.764483,45
BinniBusRC02,17.122326,-96.764464,46
BinniBusRC02,17.122234,-96.764341,47
BinniBusRC02,17.119476,-96.76204,48
BinniBusRC02,17.114944,-96.758349,49
BinniBusRC02,17.11427,-96.757748,50
BinniBusRC02,17.113529,-96.757298,51
BinniBusRC02,17.112775,-96.75675,52
BinniBusRC02,17.111909,-96.756396,53
BinniBusRC02,17.110473,-96.755774,54
BinniBusRC02,17.108976,-96.75513,55
BinniBusRC02,17.107746,-96.754615,56
BinniBusRC02,17.105326,-96.753585,57
BinniBusRC02,17.098516,-96.750631,58
BinniBusRC02,17.096608,-96.74988,59
BinniBusRC02,17.094742,-96.749043,60
BinniBusRC02,17.092896,-96.748206,61
BinniBusRC02,17.09,-96.746947,62
BinniBusRC02,17.086566,-96.745402,63
BinniBusRC02,17.085756,-96.745059,64
BinniBusRC02,17.084084,-96.744361,65
BinniBusRC02,17.083489,-96.744093,66
BinniBusRC02,17.082781,-96.743825,67
BinniBusRC02,17.082433,-96.74361,68
BinniBusRC02,17.08152,-96.743589,69
BinniBusRC02,17.080464,-96.743514,70
BinniBusRC02,17.080023,-96.74345,71
BinniBusRC02,17.079089,-96.742892,72
BinniBusRC02,17.078884,-96.742892,73
BinniBusRC02,17.078341,-96.742559,74
BinniBusRC02,17.077779,-96.74221,75
BinniBusRC02,17.077082,-96.741813,76
BinniBusRC02,17.076682,-96.741604,77
BinniBusRC02,17.076238,-96.741328,78
BinniBusRC02,17.076023,-96.741226,79
BinniBusRC02,17.075818,-96.74121,80
BinniBusRC02,17.07573,-96.74113,81
BinniBusRC02,17.075525,-96.74092,82
BinniBusRC02,17.075387,-96.740781,83
BinniBusRC02,17.074889,-96.740454,84
BinniBusRC02,17.074371,-96.740083,85
BinniBusRC02,17.073505,-96.739408,86
BinniBusRC02,17.07293,-96.738984,87
BinniBusRC02,17.072468,-96.738662,88
BinniBusRC02,17.072314,-96.738536,89
BinniBusRC02,17.072176,-96.738434,90
BinniBusRC02,17.07202,-96.73836,91
BinniBusRC02,17.071389,-96.738049,92
BinniBusRC02,17.070923,-96.737834,93
BinniBusRC02,17.07042,-96.737662,94
BinniBusRC02,17.069784,-96.737432,95
BinniBusRC02,17.069348,-96.737212,96
BinniBusRC02,17.069006,-96.737006,97
BinniBusRC02,17.068639,-96.736784,98
BinniBusRC02,17.068112,-96.73648,99
BinniBusRC02,17.065784,-96.735022,100
BinniBusRC02,17.065021,-96.73447,101
BinniBusRC02,17.064457,-96.733992,102
BinniBusRC02,17.064078,-96.733608,103
BinniBusRC02,17.063755,-96.733152,104
BinniBusRC02,17.063504,-96.732706,105
BinniBusRC02,17.063366,-96.732004,106
BinniBusRC02,17.063299,-96.731596,107
BinniBusRC02,17.062735,-96.728748,108
BinniBusRC02,17.062519,-96.727745,109
BinniBusRC02,17.062273,-96.72649,110
BinniBusRC02,17.062981,-96.726345,111
BinniBusRC02,17.0659,-96.72578,112
BinniBusRC02,17.067142,-96.725558,113
BinniBusRC02,17.06788,-96.72537,114
BinniBusRC02,17.069296,-96.725086,115
BinniBusRC02,17.070722,-96.724807,116
BinniBusRC02,17.072106,-96.724496,117
BinniBusRC02,17.072462,-96.724437,118
BinniBusRC02,17.072367,-96.723732,119
BinniBusRC02,17.071933,-96.721635,120
BinniBusRC02,17.071482,-96.719661,121
BinniBusRC02,17.071051,-96.717772,122
BinniBusRC02,17.070579,-96.715627,123
BinniBusRC02,17.070354,-96.714168,124
BinniBusRC02,17.070349,-96.713612,125
BinniBusRC02,17.070723,-96.713524,126
BinniBusRC02,17.077984,-96.71258,127
BinniBusRC02,17.080273,-96.712231,128
BinniBusRC02,17.081483,-96.712038,129
BinniBusRC02,17.081124,-96.709281,130
BinniBusRC02,17.080837,-96.706867,131
BinniBusRC02,17.080765,-96.706277,132
BinniBusRC02,17.080396,-96.706255,133
BinniBusRC02,17.079606,-96.706255,134
BinniBusRC02,17.079216,-96.703208,135
BinniBusRC02,17.082034,-96.702728,136
BinniBusRC02,17.081952,-96.699933,137
BinniBusRC02,17.08178,-96.69624,138
BinniBusRC02,17.08178,-96.69624,139
BinniBusRC02,17.081702,-96.695346,140
BinniBusRC02,17.081702,-96.6951,141
BinniBusRC02,17.082404,-96.69492,142
BinniBusRC02,17.083061,-96.694697,143
BinniBusRC02,17.083825,-96.694209,144
BinniBusRC02,17.084441,-96.694059,145
BinniBusRC02,17.084543,-96.695539,146
BinniBusRC02,17.084492,-96.695797,147
BinniBusRC02,17.083979,-96.69688,148
BinniBusRC02,17.083559,-96.697739,149
BinniBusRC02,17.083589,-96.698419,150
BinniBusRC02,17.083645,-96.699545,151
BinniBusRC02,17.083666,-96.699953,152
BinniBusRC02,17.081917,-96.699862,153
BinniBusRC02,17.082034,-96.702728,154
BinniBusRC02,17.08203,-96.70278,155
BinniBusRC02,17.081107,-96.702909,156
BinniBusRC02,17.080348,-96.703011,157
BinniBusRC02,17.079364,-96.703178,158
BinniBusRC02,17.079285,-96.703187,159
BinniBusRC02,17.079603,-96.705333,160
BinniBusRC02,17.0797,-96.706181,161
BinniBusRC02,17.079695,-96.706395,162
BinniBusRC02,17.07987,-96.707903,163
BinniBusRC02,17.080141,-96.709927,164
BinniBusRC02,17.080187,-96.710367,165
BinniBusRC02,17.08029,-96.711284,166
BinniBusRC02,17.080382,-96.712019,167
BinniBusRC02,17.080449,-96.712341,168
BinniBusRC02,17.079818,-96.712368,169
BinniBusRC02,17.078808,-96.712523,170
BinniBusRC02,17.077475,-96.712673,171
BinniBusRC02,17.075742,-96.712931,172
BinniBusRC02,17.074562,-96.713124,173
BinniBusRC02,17.072726,-96.71336,174
BinniBusRC02,17.071499,-96.713511,175
BinniBusRC02,17.070758,-96.713656,176
BinniBusRC02,17.070512,-96.713686,177
BinniBusRC02,17.070443,-96.713702,178
BinniBusRC02,17.070499,-96.714228,179
BinniBusRC02,17.070628,-96.715215,180
BinniBusRC02,17.070848,-96.716148,181
BinniBusRC02,17.071007,-96.716797,182
BinniBusRC02,17.071145,-96.717264,183
BinniBusRC02,17.071186,-96.717693,184
BinniBusRC02,17.071238,-96.718047,185
BinniBusRC02,17.071305,-96.718464,186
BinniBusRC02,17.071377,-96.718794,187
BinniBusRC02,17.071408,-96.718982,188
BinniBusRC02,17.071451,-96.71921,189
BinniBusRC02,17.071482,-96.719411,190
BinniBusRC02,17.071515,-96.719655,191
BinniBusRC02,17.071515,-96.71969,192
BinniBusRC02,17.071084,-96.719746,193
BinniBusRC02,17.070331,-96.719824,194
BinniBusRC02,17.06901,-96.719979,195
BinniBusRC02,17.066835,-96.720494,196
BinniBusRC02,17.063758,-96.721095,197
BinniBusRC02,17.061834,-96.721546,198
BinniBusRC02,17.059176,-96.722151,199
BinniBusRC02,17.05851,-96.72228,200
BinniBusRC02,17.058797,-96.72361,201
BinniBusRC02,17.059361,-96.726432,202
BinniBusRC02,17.059919,-96.729015,203
BinniBusRC02,17.060558,-96.728875,204
BinniBusRC02,17.061737,-96.728607,205
BinniBusRC02,17.062281,-96.731118,206
BinniBusRC02,17.062599,-96.732802,207
BinniBusRC02,17.062896,-96.734175,208
BinniBusRC02,17.06306,-96.735152,209
BinniBusRC02,17.06383,-96.735602,210
BinniBusRC02,17.064609,-96.736021,211
BinniBusRC02,17.065204,-96.736203,212
BinniBusRC02,17.065512,-96.736278,213
BinniBusRC02,17.065686,-96.736241,214
BinniBusRC02,17.065932,-96.736074,215
BinniBusRC02,17.066122,-96.735897,216
BinniBusRC02,17.066127,-96.735726,217
BinniBusRC02,17.066168,-96.735543,218
BinniBusRC02,17.06624,-96.73542,219
BinniBusRC02,17.066354,-96.735347,220
BinniBusRC02,17.066518,-96.735168,221
BinniBusRC02,17.066793,-96.734398,222
BinniBusRC02,17.067246,-96.734862,223
BinniBusRC02,17.068046,-96.735463,224
BinniBusRC02,17.068626,-96.735801,225
BinniBusRC02,17.069333,-96.736074,226
BinniBusRC02,17.070195,-96.736439,227
BinniBusRC02,17.071026,-96.736664,228
BinniBusRC02,17.072462,-96.737458,229
BinniBusRC02,17.073559,-96.738037,230
BinniBusRC02,17.074964,-96.738949,231
BinniBusRC02,17.07522,-96.739207,232
BinniBusRC02,17.075792,-96.739633,233
BinniBusRC02,17.076776,-96.740052,234
BinniBusRC02,17.078038,-96.740653,235
BinniBusRC02,17.078684,-96.741007,236
BinniBusRC02,17.079402,-96.741361,237
BinniBusRC02,17.079853,-96.741564,238
BinniBusRC02,17.079959,-96.741478,239
BinniBusRC02,17.080143,-96.741446,240
BinniBusRC02,17.080482,-96.742014,241
BinniBusRC02,17.080923,-96.742669,242
BinniBusRC02,17.081148,-96.742862,243
BinniBusRC02,17.081507,-96.743098,244
BinniBusRC02,17.082297,-96.743409,245
BinniBusRC02,17.082718,-96.743629,246
BinniBusRC02,17.083374,-96.743887,247
BinniBusRC02,17.084,-96.744156,248
BinniBusRC02,17.085097,-96.744617,249
BinniBusRC02,17.085985,-96.744979,250
BinniBusRC02,17.086242,-96.745054,251
BinniBusRC02,17.086385,-96.74513,252
BinniBusRC02,17.087349,-96.74558,253
BinniBusRC02,17.087719,-96.745741,254
BinniBusRC02,17.088631,-96.746138,255
BinniBusRC02,17.08979,-96.746642,256
BinniBusRC02,17.090614,-96.746969,257
BinniBusRC02,17.091957,-96.74758,258
BinniBusRC02,17.092326,-96.747768,259
BinniBusRC02,17.092736,-96.747978,260
BinniBusRC02,17.093192,-96.748101,261
BinniBusRC02,17.094325,-96.748578,262
BinniBusRC02,17.095094,-96.748911,263
BinniBusRC02,17.095935,-96.749319,264
BinniBusRC02,17.097361,-96.749866,265
BinniBusRC02,17.097684,-96.750021,266
BinniBusRC02,17.097976,-96.750177,267
BinniBusRC02,17.099432,-96.750783,268
BinniBusRC02,17.100785,-96.7514,269
BinniBusRC02,17.101293,-96.75162,270
BinniBusRC02,17.103255,-96.752443,271
BinniBusRC02,17.104501,-96.753006,272
BinniBusRC02,17.106181,-96.753715,273
BinniBusRC02,17.107058,-96.754086,274
BinniBusRC02,17.108477,-96.754747,275
BinniBusRC02,17.109982,-96.75535,276
BinniBusRC02,17.110854,-96.755726,277
BinniBusRC02,17.111766,-96.756079,278
BinniBusRC02,17.112259,-96.756272,279
BinniBusRC02,17.112561,-96.75653,280
BinniBusRC02,17.113238,-96.756862,281
BinniBusRC02,17.113648,-96.757141,282
BinniBusRC02,17.114326,-96.757658,283
BinniBusRC02,17.115588,-96.758559,284
BinniBusRC02,17.118195,-96.760767,285
BinniBusRC02,17.11874,-96.761192,286
BinniBusRC02,17.119345,-96.761728,287
BinniBusRC02,17.120714,-96.762828,288
BinniBusRC02,17.122021,-96.763826,289
BinniBusRC02,17.122344,-96.764078,290
BinniBusRC02,17.122488,-96.764078,291
BinniBusRC02,17.122609,-96.764195,292
BinniBusRC02,17.122903,-96.763729,293
BinniBusRC02,17.123554,-96.762984,294
BinniBusRC02,17.124722,-96.76155,295
BinniBusRC02,17.127112,-96.7587,296
BinniBusRC02,17.129257,-96.75626,297
BinniBusRC02,17.129729,-96.755702,298
BinniBusRC02,17.130262,-96.754983,299
BinniBusRC02,17.130463,-96.754752,300
BinniBusRC02,17.130555,-96.75468,301
BinniBusRC02,17.130735,-96.754008,302
BinniBusRC02,17.130631,-96.753844,303
BinniBusRC02,17.130361,-96.753641,304
BinniBusRC02,17.130133,-96.753488,305
BinniBusRC02,17.129954,-96.753389,306
BinniBusRC02,17.129748,-96.753196,307
BinniBusRC02,17.129702,-96.753121,308
BinniBusRC02,17.129787,-96.752458,309
BinniBusRC02,17.129864,-96.751776,310
BinniBusRC02,17.129988,-96.750888,311
BinniBusRC02,17.129985,-96.750732,312
BinniBusRC02,17.130014,-96.750578,313
BinniBusRC02,17.13004,-96.750286,314
BinniBusRC02,17.130048,-96.750152,315
BinniBusRC02,17.13006,-96.75004,316
BinniBusRC02,17.130706,-96.750099,317
BinniBusRC02,17.131293,-96.750207,318
BinniBusRC02,17.131504,-96.750228,319
BinniBusRC02,17.13167,-96.750227,320
BinniBusRC02,17.131773,-96.750232,321
BinniBusRC02,17.132177,-96.750059,322
BinniBusRC02,17.13263,-96.749841,323
BinniBusRC02,17.133084,-96.749694,324
BinniBusRC02,17.133132,-96.749649,325
BinniBusRC02,17.13316,-96.749595,326
BinniBusRC02,17.133332,-96.749016,327
BinniBusRC02,17.133643,-96.748879,328
BinniBusRC02,17.133998,-96.748768,329
BinniBusRC02,17.134351,-96.748426,330
BinniBusRC02,17.134519,-96.748254,331
BinniBusRC02,17.134661,-96.748077,332
BinniBusRC02,17.134743,-96.747933,333
BinniBusRC02,17.134766,-96.747785,334
BinniBusRC02,17.134827,-96.747338,335
BinniBusRC02,17.134917,-96.74688,336
BinniBusRC02,17.135061,-96.746515,337
BinniBusRC02,17.135577,-96.745744,338
BinniBusRC03,17.112489,-96.710028,1
BinniBusRC03,17.111879,-96.710253,2
BinniBusRC03,17.111623,-96.710328,3
BinniBusRC03,17.11129,-96.71036,4
BinniBusRC03,17.11089,-96.710403,5
BinniBusRC03,17.110075,-96.710435,6
BinniBusRC03,17.109749,-96.710446,7
BinniBusRC03,17.109381,-96.710548,8
BinniBusRC03,17.10852,-96.710733,9
BinniBusRC03,17.108028,-96.710835,10
BinniBusRC03,17.107669,-96.710862,11
BinniBusRC03,17.107089,-96.710889,12
BinniBusRC03,17.106897,-96.710897,13
BinniBusRC03,17.106535,-96.710912,14
BinniBusRC03,17.106176,-96.710929,15
BinniBusRC03,17.105876,-96.71095,16
BinniBusRC03,17.104928,-96.71121,17
BinniBusRC03,17.104758,-96.711267,18
BinniBusRC03,17.103436,-96.71168,19
BinniBusRC03,17.103108,-96.711776,20
BinniBusRC03,17.102262,-96.712007,21
BinniBusRC03,17.101933,-96.712114,22
BinniBusRC03,17.098283,-96.713509,23
BinniBusRC03,17.097565,-96.713868,24
BinniBusRC03,17.097505,-96.713917,25
BinniBusRC03,17.097462,-96.713946,26
BinniBusRC03,17.097396,-96.713998,27
BinniBusRC03,17.097091,-96.714226,28
BinniBusRC03,17.096789,-96.714439,29
BinniBusRC03,17.096453,-96.71467,30
BinniBusRC03,17.096137,-96.714866,31
BinniBusRC03,17.095774,-96.715092,32
BinniBusRC03,17.095201,-96.715274,33
BinniBusRC03,17.094614,-96.715437,34
BinniBusRC03,17.094199,-96.715568,35
BinniBusRC03,17.093836,-96.715669,36
BinniBusRC03,17.093486,-96.71578,37
BinniBusRC03,17.093229,-96.715856,38
BinniBusRC03,17.092747,-96.715988,39
BinniBusRC03,17.092482,-96.716076,40
BinniBusRC03,17.092256,-96.716137,41
BinniBusRC03,17.091936,-96.716238,42
BinniBusRC03,17.09167,-96.71631,43
BinniBusRC03,17.091355,-96.71642,44
BinniBusRC03,17.091091,-96.716495,45
BinniBusRC03,17.090849,-96.716578,46
BinniBusRC03,17.090364,-96.716734,47
BinniBusRC03,17.090102,-96.716818,48
BinniBusRC03,17.089833,-96.716908,49
BinniBusRC03,17.089539,-96.716986,50
BinniBusRC03,17.089393,-96.717034,51
BinniBusRC03,17.089175,-96.717096,52
BinniBusRC03,17.089091,-96.717155,53
BinniBusRC03,17.08906,-96.717273,54
BinniBusRC03,17.089001,-96.71731,55
BinniBusRC03,17.088804,-96.71734,56
BinniBusRC03,17.088478,-96.717453,57
BinniBusRC03,17.087509,-96.717742,58
BinniBusRC03,17.087163,-96.717844,59
BinniBusRC03,17.086225,-96.718204,60
BinniBusRC03,17.085984,-96.718273,61
BinniBusRC03,17.085471,-96.718413,62
BinniBusRC03,17.084272,-96.71883,63
BinniBusRC03,17.083667,-96.719033,64
BinniBusRC03,17.083318,-96.719076,65
BinniBusRC03,17.083052,-96.719044,66
BinniBusRC03,17.082775,-96.719108,67
BinniBusRC03,17.082549,-96.719146,68
BinniBusRC03,17.082221,-96.719125,69
BinniBusRC03,17.082067,-96.719066,70
BinniBusRC03,17.081872,-96.718899,71
BinniBusRC03,17.080052,-96.719157,72
BinniBusRC03,17.079437,-96.719243,73
BinniBusRC03,17.079177,-96.719305,74
BinniBusRC03,17.079028,-96.719402,75
BinniBusRC03,17.078941,-96.719348,76
BinniBusRC03,17.078818,-96.7193,77
BinniBusRC03,17.077064,-96.719498,78
BinniBusRC03,17.07682,-96.71953,79
BinniBusRC03,17.076539,-96.719579,80
BinniBusRC03,17.076048,-96.719648,81
BinniBusRC03,17.075658,-96.719701,82
BinniBusRC03,17.075538,-96.719709,83
BinniBusRC03,17.075426,-96.719703,84
BinniBusRC03,17.07519,-96.719666,85
BinniBusRC03,17.074944,-96.719591,86
BinniBusRC03,17.07468,-96.719502,87
BinniBusRC03,17.074499,-96.719548,88
BinniBusRC03,17.074385,-96.719507,89
BinniBusRC03,17.074318,-96.71945,90
BinniBusRC03,17.073823,-96.71949,91
BinniBusRC03,17.072117,-96.719616,92
BinniBusRC03,17.071666,-96.71967,93
BinniBusRC03,17.07123,-96.719729,94
BinniBusRC03,17.07086,-96.719782,95
BinniBusRC03,17.070394,-96.71982,96
BinniBusRC03,17.069527,-96.7199,97
BinniBusRC03,17.068671,-96.720064,98
BinniBusRC03,17.067414,-96.720356,99
BinniBusRC03,17.063138,-96.721274,100
BinniBusRC03,17.060431,-96.721826,101
BinniBusRC03,17.059266,-96.722076,102
BinniBusRC03,17.057522,-96.722484,103
BinniBusRC03,17.057369,-96.721422,104
BinniBusRC03,17.056856,-96.718868,105
BinniBusRC03,17.056517,-96.717184,106
BinniBusRC03,17.056279,-96.715919,107
BinniBusRC03,17.056069,-96.714894,108
BinniBusRC03,17.055762,-96.713276,109
BinniBusRC03,17.055724,-96.713142,110
BinniBusRC03,17.055134,-96.713203,111
BinniBusRC03,17.054824,-96.713241,112
BinniBusRC03,17.054567,-96.713276,113
BinniBusRC03,17.054222,-96.713183,114
BinniBusRC03,17.05391,-96.71313,115
BinniBusRC03,17.053602,-96.713103,116
BinniBusRC03,17.053151,-96.713154,117
BinniBusRC03,17.052418,-96.713261,118
BinniBusRC03,17.051433,-96.713416,119
BinniBusRC03,17.050854,-96.713502,120
BinniBusRC03,17.050089,-96.713626,121
BinniBusRC03,17.049506,-96.713726,122
BinniBusRC03,17.048496,-96.713887,123
BinniBusRC03,17.048044,-96.713957,124
BinniBusRC03,17.046818,-96.714128,125
BinniBusRC03,17.046151,-96.714214,126
BinniBusRC03,17.045171,-96.714375,127
BinniBusRC03,17.044598,-96.714488,128
BinniBusRC03,17.044018,-96.714514,129
BinniBusRC03,17.043661,-96.714428,130
BinniBusRC03,17.043281,-96.71423,131
BinniBusRC03,17.04284,-96.713875,132
BinniBusRC03,17.042184,-96.713591,133
BinniBusRC03,17.041564,-96.712854,134
BinniBusRC03,17.041325,-96.71265,135
BinniBusRC03,17.040318,-96.711893,136
BinniBusRC03,17.039641,-96.711353,137
BinniBusRC03,17.039185,-96.710994,138
BinniBusRC03,17.038821,-96.710833,139
BinniBusRC03,17.038569,-96.710795,140
BinniBusRC03,17.038205,-96.710811,141
BinniBusRC03,17.037877,-96.710902,142
BinniBusRC03,17.037769,-96.710666,143
BinniBusRC03,17.037651,-96.710243,144
BinniBusRC03,17.036792,-96.706318,145
BinniBusRC03,17.036792,-96.706318,146
BinniBusRC03,17.037102,-96.70717,147
BinniBusRC03,17.037759,-96.710228,148
BinniBusRC03,17.037887,-96.710545,149
BinniBusRC03,17.03789,-96.710593,150
BinniBusRC03,17.038197,-96.710553,151
BinniBusRC03,17.038561,-96.710557,152
BinniBusRC03,17.038847,-96.710576,153
BinniBusRC03,17.039147,-96.710659,154
BinniBusRC03,17.03927,-96.710854,155
BinniBusRC03,17.039654,-96.711139,156
BinniBusRC03,17.039905,-96.711329,157
BinniBusRC03,17.040048,-96.711439,158
BinniBusRC03,17.040238,-96.711605,159
BinniBusRC03,17.041018,-96.71222,160
BinniBusRC03,17.041649,-96.712676,161
BinniBusRC03,17.041854,-96.712869,162
BinniBusRC03,17.04209,-96.713099,163
BinniBusRC03,17.042592,-96.713464,164
BinniBusRC03,17.043059,-96.713824,165
BinniBusRC03,17.043331,-96.713984,166
BinniBusRC03,17.043464,-96.714065,167
BinniBusRC03,17.043798,-96.714215,168
BinniBusRC03,17.044126,-96.71428,169
BinniBusRC03,17.044346,-96.714285,170
BinniBusRC03,17.044711,-96.714242,171
BinniBusRC03,17.04546,-96.714113,172
BinniBusRC03,17.046352,-96.713952,173
BinniBusRC03,17.047316,-96.713834,174
BinniBusRC03,17.048496,-96.713695,175
BinniBusRC03,17.04965,-96.713523,176
BinniBusRC03,17.050768,-96.713335,177
BinniBusRC03,17.051614,-96.713207,178
BinniBusRC03,17.052063,-96.713142,179
BinniBusRC03,17.052494,-96.713029,180
BinniBusRC03,17.052868,-96.71296,181
BinniBusRC03,17.053078,-96.712922,182
BinniBusRC03,17.053396,-96.712895,183
BinniBusRC03,17.053495,-96.712829,184
BinniBusRC03,17.053723,-96.712856,185
BinniBusRC03,17.05379,-96.712853,186
BinniBusRC03,17.05399,-96.712928,187
BinniBusRC03,17.05418,-96.712971,188
BinniBusRC03,17.054377,-96.713022,189
BinniBusRC03,17.054252,-96.713344,190
BinniBusRC03,17.054216,-96.713497,191
BinniBusRC03,17.054254,-96.713757,192
BinniBusRC03,17.054277,-96.713969,193
BinniBusRC03,17.054562,-96.716064,194
BinniBusRC03,17.05489,-96.71806,195
BinniBusRC03,17.055177,-96.719057,196
BinniBusRC03,17.05778,-96.718596,197
BinniBusRC03,17.058064,-96.719972,198
BinniBusRC03,17.058141,-96.720326,199
BinniBusRC03,17.058336,-96.721286,200
BinniBusRC03,17.059208,-96.721061,201
BinniBusRC03,17.059859,-96.720911,202
BinniBusRC03,17.060762,-96.720712,203
BinniBusRC03,17.062162,-96.720385,204
BinniBusRC03,17.063111,-96.72017,205
BinniBusRC03,17.064106,-96.719956,206
BinniBusRC03,17.065967,-96.719527,207
BinniBusRC03,17.067218,-96.71928,208
BinniBusRC03,17.068606,-96.718934,209
BinniBusRC03,17.069698,-96.718698,210
BinniBusRC03,17.070462,-96.718548,211
BinniBusRC03,17.07058,-96.718548,212
BinniBusRC03,17.070909,-96.718591,213
BinniBusRC03,17.071257,-96.718596,214
BinniBusRC03,17.071498,-96.71857,215
BinniBusRC03,17.071779,-96.718476,216
BinniBusRC03,17.071999,-96.718235,217
BinniBusRC03,17.072173,-96.718074,218
BinniBusRC03,17.072532,-96.717843,219
BinniBusRC03,17.072668,-96.717739,220
BinniBusRC03,17.072855,-96.717643,221
BinniBusRC03,17.073139,-96.717506,222
BinniBusRC03,17.073755,-96.717452,223
BinniBusRC03,17.074265,-96.717409,224
BinniBusRC03,17.074988,-96.717334,225
BinniBusRC03,17.075418,-96.717247,226
BinniBusRC03,17.078427,-96.716819,227
BinniBusRC03,17.078786,-96.716765,228
BinniBusRC03,17.081044,-96.716481,229
BinniBusRC03,17.08118,-96.71647,230
BinniBusRC03,17.081698,-96.71639,231
BinniBusRC03,17.08198,-96.716374,232
BinniBusRC03,17.082062,-96.716422,233
BinniBusRC03,17.082401,-96.716384,234
BinniBusRC03,17.082498,-96.717162,235
BinniBusRC03,17.082662,-96.718321,236
BinniBusRC03,17.082755,-96.718858,237
BinniBusRC03,17.082894,-96.718949,238
BinniBusRC03,17.083079,-96.718992,239
BinniBusRC03,17.083361,-96.71889,240
BinniBusRC03,17.083576,-96.718879,241
BinniBusRC03,17.084294,-96.718638,242
BinniBusRC03,17.08451,-96.718595,243
BinniBusRC03,17.084602,-96.718595,244
BinniBusRC03,17.085766,-96.718192,245
BinniBusRC03,17.086663,-96.717924,246
BinniBusRC03,17.088848,-96.717216,247
BinniBusRC03,17.089112,-96.717076,248
BinniBusRC03,17.089463,-96.716972,249
BinniBusRC03,17.089789,-96.716884,250
BinniBusRC03,17.090117,-96.716777,251
BinniBusRC03,17.091096,-96.716458,252
BinniBusRC03,17.091319,-96.716391,253
BinniBusRC03,17.091501,-96.71634,254
BinniBusRC03,17.093413,-96.715766,255
BinniBusRC03,17.094762,-96.715375,256
BinniBusRC03,17.09572,-96.71509,257
BinniBusRC03,17.096541,-96.714581,258
BinniBusRC03,17.097202,-96.714111,259
BinniBusRC03,17.0972,-96.71402,260
BinniBusRC03,17.097118,-96.71365,261
BinniBusRC03,17.096666,-96.711775,262
BinniBusRC03,17.096423,-96.710501,263
BinniBusRC03,17.09639,-96.710362,264
BinniBusRC03,17.096423,-96.710166,265
BinniBusRC03,17.096372,-96.709822,266
BinniBusRC03,17.096659,-96.709765,267
BinniBusRC03,17.097346,-96.709781,268
BinniBusRC03,17.097874,-96.70999,269
BinniBusRC03,17.09857,-96.710351,270
BinniBusRC03,17.099009,-96.710546,271
BinniBusRC03,17.100167,-96.710664,272
BinniBusRC03,17.100895,-96.710643,273
BinniBusRC03,17.101567,-96.710744,274
BinniBusRC03,17.10187,-96.710777,275
BinniBusRC03,17.103041,-96.71055,276
BinniBusRC03,17.103923,-96.71034,277
BinniBusRC03,17.104056,-96.71041,278
BinniBusRC03,17.104108,-96.710528,279
BinniBusRC03,17.106984,-96.709922,280
BinniBusRC03,17.108454,-96.709548,281
BinniBusRC03,17.108936,-96.709762,282
BinniBusRC03,17.109203,-96.710149,283
BinniBusRC03,17.109285,-96.710449,284
BinniBusRC03,17.10939,-96.710495,285
BinniBusRC03,17.10977,-96.710377,286
BinniBusRC03,17.110785,-96.710366,287
BinniBusRC03,17.111559,-96.710312,288
BinniBusRC03,17.111879,-96.710253,289
BinniBusRC03,17.112465,-96.709994,290
BinniBusRC04,17.14335,-96.76748,1
BinniBusRC04,17.14334,-96.76751,2
BinniBusRC04,17.14333,-96.76753,3
BinniBusRC04,17.14332,-96.76754,4
BinniBusRC04,17.1433,-96.76754,5
BinniBusRC04,17.14327,-96.76754,6
BinniBusRC04,17.14286,-96.76739,7
BinniBusRC04,17.14246,-96.76725,8
BinniBusRC04,17.14241,-96.76724,9
BinniBusRC04,17.14206,-96.76712,10
BinniBusRC04,17.14166,-96.76697,11
BinniBusRC04,17.14121,-96.76682,12
BinniBusRC04,17.14112,-96.76703,13
BinniBusRC04,17.14109,-96.76714,14
BinniBusRC04,17.14108,-96.76718,15
BinniBusRC04,17.14105,-96.7673,16
BinniBusRC04,17.14103,-96.76743,17
BinniBusRC04,17.14101,-96.76756,18
BinniBusRC04,17.14098,-96.76777,19
BinniBusRC04,17.14097,-96.76779,20
BinniBusRC04,17.14095,-96.76796,21
BinniBusRC04,17.14093,-96.76803,22
BinniBusRC04,17.14091,-96.76811,23
BinniBusRC04,17.14087,-96.76827,24
BinniBusRC04,17.14084,-96.76836,25
BinniBusRC04,17.1408,-96.76845,26
BinniBusRC04,17.14075,-96.76858,27
BinniBusRC04,17.14068,-96.76873,28
BinniBusRC04,17.14052,-96.76906,29
BinniBusRC04,17.14016,-96.76977,30
BinniBusRC04,17.13993,-96.77027,31
BinniBusRC04,17.13958,-96.77116,32
BinniBusRC04,17.13938,-96.77167,33
BinniBusRC04,17.13935,-96.77175,34
BinniBusRC04,17.13924,-96.77203,35
BinniBusRC04,17.13918,-96.7722,36
BinniBusRC04,17.13904,-96.77255,37
BinniBusRC04,17.13903,-96.7726,38
BinniBusRC04,17.13866,-96.77356,39
BinniBusRC04,17.13829,-96.77453,40
BinniBusRC04,17.13779,-96.77438,41
BinniBusRC04,17.13698,-96.7741,42
BinniBusRC04,17.13645,-96.77483,43
BinniBusRC04,17.1364,-96.77491,44
BinniBusRC04,17.13634,-96.77502,45
BinniBusRC04,17.13645,-96.77506,46
BinniBusRC04,17.13652,-96.77508,47
BinniBusRC04,17.13648,-96.7752,48
BinniBusRC04,17.13639,-96.77556,49
BinniBusRC04,17.1363,-96.77591,50
BinniBusRC04,17.13617,-96.77643,51
BinniBusRC04,17.13615,-96.77654,52
BinniBusRC04,17.13606,-96.7769,53
BinniBusRC04,17.13605,-96.77693,54
BinniBusRC04,17.13557,-96.77896,55
BinniBusRC04,17.13551,-96.77922,56
BinniBusRC04,17.13526,-96.78031,57
BinniBusRC04,17.13521,-96.78053,58
BinniBusRC04,17.13515,-96.78072,59
BinniBusRC04,17.13511,-96.7807,60
BinniBusRC04,17.13397,-96.78005,61
BinniBusRC04,17.1335,-96.77973,62
BinniBusRC04,17.13341,-96.77966,63
BinniBusRC04,17.13314,-96.77948,64
BinniBusRC04,17.13297,-96.77934,65
BinniBusRC04,17.13279,-96.7792,66
BinniBusRC04,17.13239,-96.77887,67
BinniBusRC04,17.13229,-96.77877,68
BinniBusRC04,17.13145,-96.77799,69
BinniBusRC04,17.13137,-96.77792,70
BinniBusRC04,17.13081,-96.77739,71
BinniBusRC04,17.13028,-96.77686,72
BinniBusRC04,17.12993,-96.77652,73
BinniBusRC04,17.12966,-96.77625,74
BinniBusRC04,17.12925,-96.77585,75
BinniBusRC04,17.129,-96.77561,76
BinniBusRC04,17.12884,-96.77547,77
BinniBusRC04,17.12828,-96.77494,78
BinniBusRC04,17.12782,-96.7745,79
BinniBusRC04,17.1277,-96.77439,80
BinniBusRC04,17.12733,-96.77405,81
BinniBusRC04,17.12706,-96.7738,82
BinniBusRC04,17.12702,-96.77376,83
BinniBusRC04,17.1269,-96.77365,84
BinniBusRC04,17.12657,-96.77336,85
BinniBusRC04,17.12652,-96.77331,86
BinniBusRC04,17.12644,-96.77321,87
BinniBusRC04,17.12639,-96.77317,88
BinniBusRC04,17.1257,-96.77256,89
BinniBusRC04,17.12553,-96.7724,90
BinniBusRC04,17.1254,-96.77227,91
BinniBusRC04,17.12509,-96.77199,92
BinniBusRC04,17.12479,-96.77173,93
BinniBusRC04,17.12455,-96.77149,94
BinniBusRC04,17.12431,-96.77126,95
BinniBusRC04,17.12388,-96.77084,96
BinniBusRC04,17.12371,-96.77068,97
BinniBusRC04,17.12356,-96.77054,98
BinniBusRC04,17.12344,-96.77042,99
BinniBusRC04,17.12283,-96.76987,100
BinniBusRC04,17.1226,-96.76967,101
BinniBusRC04,17.12259,-96.76966,102
BinniBusRC04,17.12249,-96.76957,103
BinniBusRC04,17.12238,-96.76946,104
BinniBusRC04,17.12198,-96.76905,105
BinniBusRC04,17.12194,-96.76901,106
BinniBusRC04,17.12186,-96.76893,107
BinniBusRC04,17.12175,-96.76882,108
BinniBusRC04,17.12163,-96.76871,109
BinniBusRC04,17.1215,-96.76861,110
BinniBusRC04,17.12121,-96.76835,111
BinniBusRC04,17.12105,-96.7682,112
BinniBusRC04,17.12093,-96.76809,113
BinniBusRC04,17.12078,-96.76794,114
BinniBusRC04,17.12065,-96.76781,115
BinniBusRC04,17.12061,-96.76778,116
BinniBusRC04,17.12056,-96.76773,117
BinniBusRC04,17.12048,-96.76763,118
BinniBusRC04,17.12043,-96.76758,119
BinniBusRC04,17.12038,-96.76753,120
BinniBusRC04,17.12027,-96.76744,121
BinniBusRC04,17.12,-96.76723,122
BinniBusRC04,17.12013,-96.76708,123
BinniBusRC04,17.12077,-96.76628,124
BinniBusRC04,17.12119,-96.76579,125
BinniBusRC04,17.12143,-96.76551,126
BinniBusRC04,17.12156,-96.76535,127
BinniBusRC04,17.12175,-96.76511,128
BinniBusRC04,17.1218,-96.76499,129
BinniBusRC04,17.12227,-96.76439,130
BinniBusRC04,17.12226,-96.76439,131
BinniBusRC04,17.12226,-96.76438,132
BinniBusRC04,17.12226,-96.76437,133
BinniBusRC04,17.12225,-96.76436,134
BinniBusRC04,17.12225,-96.76435,135
BinniBusRC04,17.12224,-96.76434,136
BinniBusRC04,17.12224,-96.76433,137
BinniBusRC04,17.12147,-96.76368,138
BinniBusRC04,17.12115,-96.7634,139
BinniBusRC04,17.12096,-96.76323,140
BinniBusRC04,17.1208,-96.76309,141
BinniBusRC04,17.12029,-96.76266,142
BinniBusRC04,17.11988,-96.76229,143
BinniBusRC04,17.11965,-96.76207,144
BinniBusRC04,17.11958,-96.76202,145
BinniBusRC04,17.11936,-96.76185,146
BinniBusRC04,17.11841,-96.76109,147
BinniBusRC04,17.11836,-96.76105,148
BinniBusRC04,17.11785,-96.76066,149
BinniBusRC04,17.11736,-96.76026,150
BinniBusRC04,17.11706,-96.76,151
BinniBusRC04,17.11595,-96.75911,152
BinniBusRC04,17.1158,-96.75897,153
BinniBusRC04,17.11567,-96.75885,154
BinniBusRC04,17.1154,-96.7586,155
BinniBusRC04,17.11513,-96.75838,156
BinniBusRC04,17.1143,-96.75774,157
BinniBusRC04,17.11385,-96.7574,158
BinniBusRC04,17.11349,-96.75716,159
BinniBusRC04,17.11322,-96.75699,160
BinniBusRC04,17.11293,-96.75682,161
BinniBusRC04,17.11263,-96.75665,162
BinniBusRC04,17.11261,-96.75664,163
BinniBusRC04,17.11252,-96.7566,164
BinniBusRC04,17.11242,-96.75655,165
BinniBusRC04,17.11231,-96.75649,166
BinniBusRC04,17.11229,-96.75648,167
BinniBusRC04,17.11175,-96.75621,168
BinniBusRC04,17.11174,-96.7562,169
BinniBusRC04,17.1108,-96.7558,170
BinniBusRC04,17.11037,-96.75565,171
BinniBusRC04,17.10999,-96.75549,172
BinniBusRC04,17.1095,-96.75528,173
BinniBusRC04,17.10941,-96.75524,174
BinniBusRC04,17.1091,-96.7551,175
BinniBusRC04,17.10865,-96.7549,176
BinniBusRC04,17.10771,-96.75451,177
BinniBusRC04,17.10728,-96.75432,178
BinniBusRC04,17.10573,-96.75366,179
BinniBusRC04,17.10557,-96.75359,180
BinniBusRC04,17.10423,-96.75302,181
BinniBusRC04,17.10398,-96.75292,182
BinniBusRC04,17.10347,-96.7527,183
BinniBusRC04,17.102,-96.75206,184
BinniBusRC04,17.10175,-96.75195,185
BinniBusRC04,17.1013,-96.75173,186
BinniBusRC04,17.10127,-96.75172,187
BinniBusRC04,17.10122,-96.7517,188
BinniBusRC04,17.10084,-96.75155,189
BinniBusRC04,17.09998,-96.7512,190
BinniBusRC04,17.09941,-96.75095,191
BinniBusRC04,17.09915,-96.75084,192
BinniBusRC04,17.09892,-96.75074,193
BinniBusRC04,17.09731,-96.75009,194
BinniBusRC04,17.09721,-96.74999,195
BinniBusRC04,17.09704,-96.74989,196
BinniBusRC04,17.096,-96.74946,197
BinniBusRC04,17.09543,-96.74924,198
BinniBusRC04,17.09432,-96.74878,199
BinniBusRC04,17.09356,-96.74843,200
BinniBusRC04,17.09338,-96.74832,201
BinniBusRC04,17.09328,-96.74826,202
BinniBusRC04,17.09316,-96.74821,203
BinniBusRC04,17.09278,-96.74805,204
BinniBusRC04,17.09255,-96.748,205
BinniBusRC04,17.09245,-96.74797,206
BinniBusRC04,17.09211,-96.7478,207
BinniBusRC04,17.09192,-96.74774,208
BinniBusRC04,17.09184,-96.74771,209
BinniBusRC04,17.09171,-96.74765,210
BinniBusRC04,17.09124,-96.74745,211
BinniBusRC04,17.09111,-96.74739,212
BinniBusRC04,17.09105,-96.74737,213
BinniBusRC04,17.09099,-96.74733,214
BinniBusRC04,17.09094,-96.74732,215
BinniBusRC04,17.09082,-96.74726,216
BinniBusRC04,17.09019,-96.74699,217
BinniBusRC04,17.08943,-96.74667,218
BinniBusRC04,17.08936,-96.74664,219
BinniBusRC04,17.0889,-96.74641,220
BinniBusRC04,17.08768,-96.74587,221
BinniBusRC04,17.08603,-96.74514,222
BinniBusRC04,17.08592,-96.74511,223
BinniBusRC04,17.08511,-96.74475,224
BinniBusRC04,17.08377,-96.74421,225
BinniBusRC04,17.08372,-96.74419,226
BinniBusRC04,17.08362,-96.74414,227
BinniBusRC04,17.08321,-96.74395,228
BinniBusRC04,17.08283,-96.7438,229
BinniBusRC04,17.08274,-96.74376,230
BinniBusRC04,17.08245,-96.74359,231
BinniBusRC04,17.08243,-96.7436,232
BinniBusRC04,17.08241,-96.74362,233
BinniBusRC04,17.0824,-96.74362,234
BinniBusRC04,17.08237,-96.74362,235
BinniBusRC04,17.08234,-96.74362,236
BinniBusRC04,17.08231,-96.74361,237
BinniBusRC04,17.08222,-96.74359,238
BinniBusRC04,17.08206,-96.74358,239
BinniBusRC04,17.08175,-96.74358,240
BinniBusRC04,17.08165,-96.74358,241
BinniBusRC04,17.08149,-96.74358,242
BinniBusRC04,17.08133,-96.74358,243
BinniBusRC04,17.08096,-96.74357,244
BinniBusRC04,17.08077,-96.74355,245
BinniBusRC04,17.08075,-96.74355,246
BinniBusRC04,17.08061,-96.74354,247
BinniBusRC04,17.08056,-96.74353,248
BinniBusRC04,17.08045,-96.74352,249
BinniBusRC04,17.08018,-96.74348,250
BinniBusRC04,17.0801,-96.74345,251
BinniBusRC04,17.07997,-96.74339,252
BinniBusRC04,17.07992,-96.74337,253
BinniBusRC04,17.07969,-96.74325,254
BinniBusRC04,17.0795,-96.74315,255
BinniBusRC04,17.07936,-96.74308,256
BinniBusRC04,17.07919,-96.74297,257
BinniBusRC04,17.07916,-96.74296,258
BinniBusRC04,17.07907,-96.7429,259
BinniBusRC04,17.07899,-96.7429,260
BinniBusRC04,17.07895,-96.74289,261
BinniBusRC04,17.07892,-96.74288,262
BinniBusRC04,17.07889,-96.74286,263
BinniBusRC04,17.07887,-96.74285,264
BinniBusRC04,17.07874,-96.74279,265
BinniBusRC04,17.07844,-96.74259,266
BinniBusRC04,17.07823,-96.74246,267
BinniBusRC04,17.07812,-96.7424,268
BinniBusRC04,17.07797,-96.74231,269
BinniBusRC04,17.07754,-96.74207,270
BinniBusRC04,17.07746,-96.74203,271
BinniBusRC04,17.07737,-96.74198,272
BinniBusRC04,17.07698,-96.74175,273
BinniBusRC04,17.07611,-96.74127,274
BinniBusRC04,17.07604,-96.74125,275
BinniBusRC04,17.07602,-96.74124,276
BinniBusRC04,17.07597,-96.74124,277
BinniBusRC04,17.07592,-96.74123,278
BinniBusRC04,17.07586,-96.74121,279
BinniBusRC04,17.07583,-96.74119,280
BinniBusRC04,17.07579,-96.74116,281
BinniBusRC04,17.07574,-96.74113,282
BinniBusRC04,17.07569,-96.74109,283
BinniBusRC04,17.07562,-96.741,284
BinniBusRC04,17.07557,-96.74095,285
BinniBusRC04,17.07555,-96.74092,286
BinniBusRC04,17.0755,-96.74083,287
BinniBusRC04,17.07531,-96.74071,288
BinniBusRC04,17.07466,-96.74027,289
BinniBusRC04,17.07424,-96.73996,290
BinniBusRC04,17.07413,-96.73987,291
BinniBusRC04,17.07378,-96.7396,292
BinniBusRC04,17.0734,-96.73932,293
BinniBusRC04,17.07323,-96.73918,294
BinniBusRC04,17.073,-96.73901,295
BinniBusRC04,17.0728,-96.73886,296
BinniBusRC04,17.07263,-96.73874,297
BinniBusRC04,17.07245,-96.73862,298
BinniBusRC04,17.07221,-96.73843,299
BinniBusRC04,17.07202,-96.73835,300
BinniBusRC04,17.07196,-96.73831,301
BinniBusRC04,17.07194,-96.7383,302
BinniBusRC04,17.07187,-96.73826,303
BinniBusRC04,17.07105,-96.73786,304
BinniBusRC04,17.07096,-96.73782,305
BinniBusRC04,17.07041,-96.73762,306
BinniBusRC04,17.07008,-96.7375,307
BinniBusRC04,17.06982,-96.7374,308
BinniBusRC04,17.06931,-96.73718,309
BinniBusRC04,17.06923,-96.73712,310
BinniBusRC04,17.06861,-96.73675,311
BinniBusRC04,17.06792,-96.73633,312
BinniBusRC04,17.06772,-96.7362,313
BinniBusRC04,17.06741,-96.73602,314
BinniBusRC04,17.06708,-96.73582,315
BinniBusRC04,17.06678,-96.73593,316
BinniBusRC04,17.06654,-96.73596,317
BinniBusRC04,17.06641,-96.73598,318
BinniBusRC04,17.06614,-96.73614,319
BinniBusRC04,17.06604,-96.73619,320
BinniBusRC04,17.06599,-96.73621,321
BinniBusRC04,17.06588,-96.73625,322
BinniBusRC04,17.06555,-96.73634,323
BinniBusRC04,17.06535,-96.73634,324
BinniBusRC04,17.06533,-96.73634,325
BinniBusRC04,17.06495,-96.73626,326
BinniBusRC04,17.06474,-96.73619,327
BinniBusRC04,17.06418,-96.73594,328
BinniBusRC04,17.06399,-96.73584,329
BinniBusRC04,17.06389,-96.73578,330
BinniBusRC04,17.06363,-96.73563,331
BinniBusRC04,17.06339,-96.7355,332
BinniBusRC04,17.0632,-96.73537,333
BinniBusRC04,17.06306,-96.73527,334
BinniBusRC04,17.06276,-96.73508,335
BinniBusRC04,17.06234,-96.73476,336
BinniBusRC04,17.06215,-96.73461,337
BinniBusRC04,17.06192,-96.73445,338
BinniBusRC04,17.06183,-96.7344,339
BinniBusRC04,17.06148,-96.73416,340
BinniBusRC04,17.06112,-96.73389,341
BinniBusRC04,17.06093,-96.73375,342
BinniBusRC04,17.06082,-96.73368,343
BinniBusRC04,17.06075,-96.73362,344
BinniBusRC04,17.06068,-96.73357,345
BinniBusRC04,17.06053,-96.73347,346
BinniBusRC04,17.06019,-96.73323,347
BinniBusRC04,17.06013,-96.73318,348
BinniBusRC04,17.06007,-96.73315,349
BinniBusRC04,17.06005,-96.73314,350
BinniBusRC04,17.05995,-96.73307,351
BinniBusRC04,17.05967,-96.73289,352
BinniBusRC04,17.05896,-96.73241,353
BinniBusRC04,17.05892,-96.73238,354
BinniBusRC04,17.05859,-96.73215,355
BinniBusRC04,17.05836,-96.73198,356
BinniBusRC04,17.05785,-96.73162,357
BinniBusRC04,17.05764,-96.73147,358
BinniBusRC04,17.05747,-96.73127,359
BinniBusRC04,17.05725,-96.73112,360
BinniBusRC04,17.05705,-96.73099,361
BinniBusRC04,17.05644,-96.73059,362
BinniBusRC04,17.0563,-96.73051,363
BinniBusRC04,17.05622,-96.73046,364
BinniBusRC04,17.05611,-96.73042,365
BinniBusRC04,17.05565,-96.73028,366
BinniBusRC04,17.05508,-96.73012,367
BinniBusRC04,17.05502,-96.73012,368
BinniBusRC04,17.05486,-96.73009,369
BinniBusRC04,17.05469,-96.73002,370
BinniBusRC04,17.05449,-96.72997,371
BinniBusRC04,17.05447,-96.72996,372
BinniBusRC04,17.0542,-96.72989,373
BinniBusRC04,17.054,-96.72983,374
BinniBusRC04,17.05375,-96.72976,375
BinniBusRC04,17.05299,-96.72952,376
BinniBusRC04,17.05263,-96.7294,377
BinniBusRC04,17.05242,-96.72937,378
BinniBusRC04,17.05238,-96.72936,379
BinniBusRC04,17.05221,-96.72934,380
BinniBusRC04,17.05203,-96.72933,381
BinniBusRC04,17.05176,-96.72931,382
BinniBusRC04,17.05164,-96.72925,383
BinniBusRC04,17.05156,-96.7292,384
BinniBusRC04,17.0514,-96.7291,385
BinniBusRC04,17.05125,-96.72901,386
BinniBusRC04,17.05114,-96.72891,387
BinniBusRC04,17.05105,-96.72881,388
BinniBusRC04,17.05081,-96.72852,389
BinniBusRC04,17.05064,-96.72824,390
BinniBusRC04,17.05055,-96.72805,391
BinniBusRC04,17.05051,-96.7279,392
BinniBusRC04,17.0505,-96.72775,393
BinniBusRC04,17.0505,-96.72772,394
BinniBusRC04,17.05049,-96.72763,395
BinniBusRC04,17.0505,-96.72739,396
BinniBusRC04,17.05049,-96.7272,397
BinniBusRC04,17.05051,-96.72713,398
BinniBusRC04,17.05056,-96.72696,399
BinniBusRC04,17.05058,-96.72689,400
BinniBusRC04,17.05068,-96.72655,401
BinniBusRC04,17.05074,-96.72624,402
BinniBusRC04,17.05081,-96.72592,403
BinniBusRC04,17.05086,-96.72571,404
BinniBusRC04,17.05103,-96.72515,405
BinniBusRC04,17.05121,-96.72451,406
BinniBusRC04,17.05132,-96.72407,407
BinniBusRC04,17.05143,-96.72362,408
BinniBusRC04,17.05145,-96.72355,409
BinniBusRC04,17.05147,-96.72348,410
BinniBusRC04,17.05149,-96.72339,411
BinniBusRC04,17.05155,-96.72315,412
BinniBusRC04,17.0516,-96.72297,413
BinniBusRC04,17.05164,-96.72278,414
BinniBusRC04,17.05166,-96.72269,415
BinniBusRC04,17.05169,-96.72259,416
BinniBusRC04,17.05214,-96.72082,417
BinniBusRC04,17.05215,-96.72078,418
BinniBusRC04,17.05218,-96.72066,419
BinniBusRC04,17.05222,-96.72052,420
BinniBusRC04,17.05224,-96.72043,421
BinniBusRC04,17.05227,-96.72031,422
BinniBusRC04,17.05246,-96.71958,423
BinniBusRC04,17.05247,-96.71953,424
BinniBusRC04,17.05271,-96.71852,425
BinniBusRC04,17.05282,-96.71818,426
BinniBusRC04,17.0529,-96.71783,427
BinniBusRC04,17.05291,-96.7178,428
BinniBusRC04,17.05324,-96.71631,429
BinniBusRC04,17.05313,-96.71627,430
BinniBusRC04,17.05314,-96.71616,431
BinniBusRC04,17.05321,-96.71585,432
BinniBusRC04,17.05331,-96.71547,433
BinniBusRC04,17.0534,-96.71511,434
BinniBusRC04,17.05354,-96.71461,435
BinniBusRC04,17.05352,-96.71456,436
BinniBusRC04,17.05344,-96.71409,437
BinniBusRC04,17.05342,-96.71395,438
BinniBusRC04,17.05338,-96.71369,439
BinniBusRC04,17.05337,-96.71365,440
BinniBusRC04,17.0533,-96.71316,441
BinniBusRC04,17.05329,-96.71313,442
BinniBusRC04,17.05284,-96.71319,443
BinniBusRC04,17.0527,-96.71321,444
BinniBusRC04,17.05242,-96.71325,445
BinniBusRC04,17.05237,-96.71326,446
BinniBusRC04,17.05213,-96.71329,447
BinniBusRC04,17.05186,-96.71333,448
BinniBusRC04,17.05142,-96.71341,449
BinniBusRC04,17.05062,-96.71355,450
BinniBusRC04,17.05014,-96.71362,451
BinniBusRC04,17.04921,-96.71377,452
BinniBusRC04,17.04868,-96.71384,453
BinniBusRC04,17.04832,-96.7139,454
BinniBusRC04,17.04789,-96.71398,455
BinniBusRC04,17.04768,-96.71401,456
BinniBusRC04,17.04745,-96.71404,457
BinniBusRC04,17.04718,-96.71408,458
BinniBusRC04,17.04688,-96.71412,459
BinniBusRC04,17.04673,-96.71414,460
BinniBusRC04,17.04654,-96.71416,461
BinniBusRC04,17.04636,-96.71418,462
BinniBusRC04,17.0462,-96.7142,463
BinniBusRC04,17.04603,-96.71422,464
BinniBusRC04,17.0459,-96.71424,465
BinniBusRC04,17.04573,-96.71427,466
BinniBusRC04,17.04561,-96.71429,467
BinniBusRC04,17.04529,-96.71436,468
BinniBusRC04,17.04483,-96.71444,469
BinniBusRC04,17.04429,-96.71451,470
BinniBusRC04,17.04396,-96.71451,471
BinniBusRC04,17.04393,-96.7145,472
BinniBusRC04,17.04353,-96.71436,473
BinniBusRC04,17.04329,-96.71422,474
BinniBusRC04,17.0432,-96.71413,475
BinniBusRC04,17.04306,-96.71402,476
BinniBusRC04,17.04292,-96.71392,477
BinniBusRC04,17.04261,-96.71371,478
BinniBusRC04,17.04196,-96.71322,479
BinniBusRC04,17.04185,-96.71312,480
BinniBusRC04,17.0416,-96.71288,481
BinniBusRC04,17.04139,-96.71272,482
BinniBusRC04,17.04136,-96.71269,483
BinniBusRC04,17.041,-96.71241,484
BinniBusRC04,17.04083,-96.71228,485
BinniBusRC04,17.04052,-96.71204,486
BinniBusRC04,17.04014,-96.71174,487
BinniBusRC04,17.0398,-96.71148,488
BinniBusRC04,17.03919,-96.71102,489
BinniBusRC04,17.03909,-96.71095,490
BinniBusRC04,17.03901,-96.71091,491
BinniBusRC04,17.03891,-96.71086,492
BinniBusRC04,17.03869,-96.71081,493
BinniBusRC04,17.03861,-96.71079,494
BinniBusRC04,17.03846,-96.71079,495
BinniBusRC04,17.03835,-96.71078,496
BinniBusRC04,17.03824,-96.7108,497
BinniBusRC04,17.03806,-96.71086,498
BinniBusRC04,17.03795,-96.71089,499
BinniBusRC04,17.037881,-96.710908,500
BinniBusRC04,17.037741,-96.71101,501
BinniBusRC04,17.037332,-96.711244,502
BinniBusRC04,17.036964,-96.711521,503
BinniBusRC04,17.036205,-96.712109,504
BinniBusRC04,17.03571,-96.71243,505
BinniBusRC04,17.034909,-96.712984,506
BinniBusRC04,17.034761,-96.713044,507
BinniBusRC04,17.0346,-96.713112,508
BinniBusRC04,17.034456,-96.713179,509
BinniBusRC04,17.034386,-96.713235,510
BinniBusRC04,17.03429,-96.7133,511
BinniBusRC04,17.034112,-96.713419,512
BinniBusRC04,17.033831,-96.71363,513
BinniBusRC04,17.033703,-96.713695,514
BinniBusRC04,17.033506,-96.713769,515
BinniBusRC04,17.033413,-96.713786,516
BinniBusRC04,17.033315,-96.713786,517
BinniBusRC04,17.033205,-96.713741,518
BinniBusRC04,17.031794,-96.712731,519
BinniBusRC04,17.031794,-96.712731,520
BinniBusRC04,17.030973,-96.712125,521
BinniBusRC04,17.030954,-96.71208,522
BinniBusRC04,17.030956,-96.712037,523
BinniBusRC04,17.030991,-96.712008,524
BinniBusRC04,17.031023,-96.712004,525
BinniBusRC04,17.031188,-96.712137,526
BinniBusRC04,17.031912,-96.712657,527
BinniBusRC04,17.033103,-96.713498,528
BinniBusRC04,17.033274,-96.713609,529
BinniBusRC04,17.033403,-96.713666,530
BinniBusRC04,17.033487,-96.713678,531
BinniBusRC04,17.033581,-96.713669,532
BinniBusRC04,17.03368,-96.713639,533
BinniBusRC04,17.034426,-96.713136,534
BinniBusRC04,17.035516,-96.712434,535
BinniBusRC04,17.037001,-96.711377,536
BinniBusRC04,17.037338,-96.711108,537
BinniBusRC04,17.0377,-96.710881,538
BinniBusRC04,17.037919,-96.710718,539
BinniBusRC04,17.03825,-96.71065,540
BinniBusRC04,17.03841,-96.71064,541
BinniBusRC04,17.03852,-96.71064,542
BinniBusRC04,17.03867,-96.71065,543
BinniBusRC04,17.03878,-96.71067,544
BinniBusRC04,17.03887,-96.71069,545
BinniBusRC04,17.03901,-96.71074,546
BinniBusRC04,17.03912,-96.71079,547
BinniBusRC04,17.03925,-96.71086,548
BinniBusRC04,17.03934,-96.71092,549
BinniBusRC04,17.03953,-96.71106,550
BinniBusRC04,17.03989,-96.71134,551
BinniBusRC04,17.03999,-96.71142,552
BinniBusRC04,17.04008,-96.71149,553
BinniBusRC04,17.04014,-96.71153,554
BinniBusRC04,17.04022,-96.71161,555
BinniBusRC04,17.0405,-96.71183,556
BinniBusRC04,17.04062,-96.71193,557
BinniBusRC04,17.04081,-96.71207,558
BinniBusRC04,17.04095,-96.71219,559
BinniBusRC04,17.04102,-96.71224,560
BinniBusRC04,17.04144,-96.71254,561
BinniBusRC04,17.04156,-96.71263,562
BinniBusRC04,17.04181,-96.71283,563
BinniBusRC04,17.04205,-96.71308,564
BinniBusRC04,17.04249,-96.71337,565
BinniBusRC04,17.04277,-96.7136,566
BinniBusRC04,17.04282,-96.71363,567
BinniBusRC04,17.04301,-96.71379,568
BinniBusRC04,17.04316,-96.71388,569
BinniBusRC04,17.04331,-96.71399,570
BinniBusRC04,17.04338,-96.71403,571
BinniBusRC04,17.04346,-96.71406,572
BinniBusRC04,17.04359,-96.71412,573
BinniBusRC04,17.0437,-96.71416,574
BinniBusRC04,17.04386,-96.71422,575
BinniBusRC04,17.04402,-96.71425,576
BinniBusRC04,17.04419,-96.71427,577
BinniBusRC04,17.04432,-96.71428,578
BinniBusRC04,17.0444,-96.71427,579
BinniBusRC04,17.04452,-96.71425,580
BinniBusRC04,17.04491,-96.71422,581
BinniBusRC04,17.04525,-96.71415,582
BinniBusRC04,17.04536,-96.71413,583
BinniBusRC04,17.04558,-96.71408,584
BinniBusRC04,17.04571,-96.71406,585
BinniBusRC04,17.04587,-96.71404,586
BinniBusRC04,17.04601,-96.71401,587
BinniBusRC04,17.0461,-96.714,588
BinniBusRC04,17.04625,-96.71398,589
BinniBusRC04,17.04634,-96.71397,590
BinniBusRC04,17.04669,-96.71392,591
BinniBusRC04,17.04698,-96.71389,592
BinniBusRC04,17.04741,-96.71383,593
BinniBusRC04,17.04782,-96.71377,594
BinniBusRC04,17.04818,-96.71373,595
BinniBusRC04,17.04827,-96.71371,596
BinniBusRC04,17.04878,-96.71365,597
BinniBusRC04,17.04927,-96.71357,598
BinniBusRC04,17.05063,-96.71336,599
BinniBusRC04,17.05089,-96.71332,600
BinniBusRC04,17.05091,-96.71331,601
BinniBusRC04,17.05124,-96.71326,602
BinniBusRC04,17.05139,-96.71323,603
BinniBusRC04,17.05174,-96.71319,604
BinniBusRC04,17.05183,-96.71318,605
BinniBusRC04,17.05184,-96.71318,606
BinniBusRC04,17.05192,-96.71317,607
BinniBusRC04,17.05202,-96.71315,608
BinniBusRC04,17.0522,-96.71311,609
BinniBusRC04,17.05236,-96.71307,610
BinniBusRC04,17.05301,-96.71294,611
BinniBusRC04,17.05338,-96.71289,612
BinniBusRC04,17.05347,-96.71284,613
BinniBusRC04,17.05357,-96.71283,614
BinniBusRC04,17.05367,-96.71284,615
BinniBusRC04,17.05377,-96.71285,616
BinniBusRC04,17.05384,-96.71289,617
BinniBusRC04,17.05388,-96.71289,618
BinniBusRC04,17.05395,-96.71291,619
BinniBusRC04,17.05396,-96.71291,620
BinniBusRC04,17.05407,-96.71293,621
BinniBusRC04,17.05419,-96.71296,622
BinniBusRC04,17.054315,-96.712973,623
BinniBusRC04,17.05436,-96.712979,624
BinniBusRC04,17.054392,-96.713009,625
BinniBusRC04,17.054382,-96.713045,626
BinniBusRC04,17.05436,-96.71308,627
BinniBusRC04,17.05432,-96.71316,628
BinniBusRC04,17.05429,-96.71322,629
BinniBusRC04,17.05425,-96.71333,630
BinniBusRC04,17.05414,-96.7136,631
BinniBusRC04,17.0541,-96.71369,632
BinniBusRC04,17.05404,-96.71386,633
BinniBusRC04,17.054,-96.71397,634
BinniBusRC04,17.05398,-96.71404,635
BinniBusRC04,17.05396,-96.7141,636
BinniBusRC04,17.05393,-96.71422,637
BinniBusRC04,17.05392,-96.71427,638
BinniBusRC04,17.05382,-96.71464,639
BinniBusRC04,17.05379,-96.71477,640
BinniBusRC04,17.05358,-96.71558,641
BinniBusRC04,17.05341,-96.71625,642
BinniBusRC04,17.05338,-96.71636,643
BinniBusRC04,17.05338,-96.7164,644
BinniBusRC04,17.05305,-96.71785,645
BinniBusRC04,17.05296,-96.71821,646
BinniBusRC04,17.05263,-96.71949,647
BinniBusRC04,17.05262,-96.71955,648
BinniBusRC04,17.05243,-96.72029,649
BinniBusRC04,17.05238,-96.7205,650
BinniBusRC04,17.05228,-96.72094,651
BinniBusRC04,17.05209,-96.72162,652
BinniBusRC04,17.05197,-96.72211,653
BinniBusRC04,17.05186,-96.72252,654
BinniBusRC04,17.05185,-96.72256,655
BinniBusRC04,17.05174,-96.72292,656
BinniBusRC04,17.05173,-96.72293,657
BinniBusRC04,17.05169,-96.7231,658
BinniBusRC04,17.05162,-96.72337,659
BinniBusRC04,17.0516,-96.72346,660
BinniBusRC04,17.05158,-96.72354,661
BinniBusRC04,17.05145,-96.72406,662
BinniBusRC04,17.05134,-96.72451,663
BinniBusRC04,17.05123,-96.72496,664
BinniBusRC04,17.05116,-96.72533,665
BinniBusRC04,17.05107,-96.72583,666
BinniBusRC04,17.05099,-96.72617,667
BinniBusRC04,17.05092,-96.72636,668
BinniBusRC04,17.05077,-96.72681,669
BinniBusRC04,17.05074,-96.7269,670
BinniBusRC04,17.0507,-96.72703,671
BinniBusRC04,17.05068,-96.72708,672
BinniBusRC04,17.05067,-96.72721,673
BinniBusRC04,17.05066,-96.72733,674
BinniBusRC04,17.05065,-96.72747,675
BinniBusRC04,17.05066,-96.72764,676
BinniBusRC04,17.05067,-96.72778,677
BinniBusRC04,17.05071,-96.72796,678
BinniBusRC04,17.05078,-96.72819,679
BinniBusRC04,17.05079,-96.72823,680
BinniBusRC04,17.05081,-96.72828,681
BinniBusRC04,17.05085,-96.72834,682
BinniBusRC04,17.05098,-96.72848,683
BinniBusRC04,17.05123,-96.72872,684
BinniBusRC04,17.05128,-96.72876,685
BinniBusRC04,17.05135,-96.72881,686
BinniBusRC04,17.05142,-96.72885,687
BinniBusRC04,17.05176,-96.72898,688
BinniBusRC04,17.05198,-96.72908,689
BinniBusRC04,17.0521,-96.7291,690
BinniBusRC04,17.0523,-96.72915,691
BinniBusRC04,17.05358,-96.72953,692
BinniBusRC04,17.05403,-96.72967,693
BinniBusRC04,17.05506,-96.72999,694
BinniBusRC04,17.05509,-96.73,695
BinniBusRC04,17.05524,-96.73004,696
BinniBusRC04,17.05529,-96.73004,697
BinniBusRC04,17.05569,-96.73015,698
BinniBusRC04,17.05596,-96.73023,699
BinniBusRC04,17.05619,-96.73031,700
BinniBusRC04,17.05627,-96.73034,701
BinniBusRC04,17.05641,-96.73041,702
BinniBusRC04,17.05654,-96.73049,703
BinniBusRC04,17.05658,-96.73051,704
BinniBusRC04,17.05659,-96.73052,705
BinniBusRC04,17.05664,-96.73055,706
BinniBusRC04,17.05705,-96.73084,707
BinniBusRC04,17.05726,-96.73101,708
BinniBusRC04,17.05764,-96.73129,709
BinniBusRC04,17.05773,-96.73135,710
BinniBusRC04,17.05789,-96.73145,711
BinniBusRC04,17.0581,-96.73163,712
BinniBusRC04,17.05841,-96.73183,713
BinniBusRC04,17.05865,-96.732,714
BinniBusRC04,17.05922,-96.7324,715
BinniBusRC04,17.05976,-96.73279,716
BinniBusRC04,17.05999,-96.73295,717
BinniBusRC04,17.06007,-96.73301,718
BinniBusRC04,17.06012,-96.73305,719
BinniBusRC04,17.06021,-96.73309,720
BinniBusRC04,17.06038,-96.73322,721
BinniBusRC04,17.06069,-96.73344,722
BinniBusRC04,17.06073,-96.73347,723
BinniBusRC04,17.0608,-96.73352,724
BinniBusRC04,17.06088,-96.73358,725
BinniBusRC04,17.06115,-96.73376,726
BinniBusRC04,17.06174,-96.73419,727
BinniBusRC04,17.06183,-96.73427,728
BinniBusRC04,17.06193,-96.73436,729
BinniBusRC04,17.0622,-96.73454,730
BinniBusRC04,17.06251,-96.73475,731
BinniBusRC04,17.06282,-96.73498,732
BinniBusRC04,17.06306,-96.73511,733
BinniBusRC04,17.06344,-96.73538,734
BinniBusRC04,17.06365,-96.73553,735
BinniBusRC04,17.06375,-96.73558,736
BinniBusRC04,17.06392,-96.73567,737
BinniBusRC04,17.06447,-96.73596,738
BinniBusRC04,17.06478,-96.73608,739
BinniBusRC04,17.06496,-96.73615,740
BinniBusRC04,17.06509,-96.73618,741
BinniBusRC04,17.06523,-96.73623,742
BinniBusRC04,17.06535,-96.73627,743
BinniBusRC04,17.06544,-96.73629,744
BinniBusRC04,17.06556,-96.73628,745
BinniBusRC04,17.06562,-96.73627,746
BinniBusRC04,17.06571,-96.73625,747
BinniBusRC04,17.06583,-96.73619,748
BinniBusRC04,17.06595,-96.7361,749
BinniBusRC04,17.06598,-96.73605,750
BinniBusRC04,17.06607,-96.73595,751
BinniBusRC04,17.06615,-96.73585,752
BinniBusRC04,17.06614,-96.73583,753
BinniBusRC04,17.06613,-96.73582,754
BinniBusRC04,17.06611,-96.73575,755
BinniBusRC04,17.06613,-96.73558,756
BinniBusRC04,17.06621,-96.73548,757
BinniBusRC04,17.06625,-96.73543,758
BinniBusRC04,17.06634,-96.73536,759
BinniBusRC04,17.06643,-96.7353,760
BinniBusRC04,17.06646,-96.73527,761
BinniBusRC04,17.06648,-96.73525,762
BinniBusRC04,17.0665,-96.73521,763
BinniBusRC04,17.06653,-96.73511,764
BinniBusRC04,17.06657,-96.735,765
BinniBusRC04,17.06663,-96.73485,766
BinniBusRC04,17.06674,-96.7345,767
BinniBusRC04,17.066756,-96.734437,768
BinniBusRC04,17.066779,-96.73442,769
BinniBusRC04,17.066801,-96.734429,770
BinniBusRC04,17.066827,-96.734455,771
BinniBusRC04,17.06689,-96.73452,772
BinniBusRC04,17.06716,-96.73479,773
BinniBusRC04,17.06742,-96.73501,774
BinniBusRC04,17.06771,-96.73523,775
BinniBusRC04,17.06797,-96.73541,776
BinniBusRC04,17.06814,-96.73552,777
BinniBusRC04,17.06827,-96.73558,778
BinniBusRC04,17.06849,-96.73571,779
BinniBusRC04,17.06901,-96.73598,780
BinniBusRC04,17.06924,-96.73607,781
BinniBusRC04,17.06945,-96.73615,782
BinniBusRC04,17.06961,-96.73621,783
BinniBusRC04,17.06966,-96.73623,784
BinniBusRC04,17.0698,-96.73629,785
BinniBusRC04,17.06997,-96.73635,786
BinniBusRC04,17.07016,-96.73643,787
BinniBusRC04,17.0703,-96.73647,788
BinniBusRC04,17.0704,-96.7365,789
BinniBusRC04,17.07051,-96.73652,790
BinniBusRC04,17.0709,-96.73664,791
BinniBusRC04,17.07098,-96.73668,792
BinniBusRC04,17.07129,-96.73684,793
BinniBusRC04,17.07153,-96.73697,794
BinniBusRC04,17.07215,-96.7373,795
BinniBusRC04,17.0724,-96.73742,796
BinniBusRC04,17.07247,-96.73748,797
BinniBusRC04,17.07282,-96.73767,798
BinniBusRC04,17.07305,-96.73781,799
BinniBusRC04,17.07324,-96.73792,800
BinniBusRC04,17.0734,-96.73802,801
BinniBusRC04,17.07382,-96.73826,802
BinniBusRC04,17.07405,-96.73839,803
BinniBusRC04,17.07426,-96.73851,804
BinniBusRC04,17.0744,-96.7386,805
BinniBusRC04,17.07497,-96.73898,806
BinniBusRC04,17.07521,-96.7392,807
BinniBusRC04,17.07552,-96.73945,808
BinniBusRC04,17.07576,-96.73964,809
BinniBusRC04,17.0759,-96.73972,810
BinniBusRC04,17.07632,-96.7399,811
BinniBusRC04,17.07635,-96.73992,812
BinniBusRC04,17.07664,-96.74005,813
BinniBusRC04,17.07689,-96.74015,814
BinniBusRC04,17.0769,-96.74016,815
BinniBusRC04,17.07701,-96.74022,816
BinniBusRC04,17.0773,-96.74035,817
BinniBusRC04,17.07778,-96.74056,818
BinniBusRC04,17.07792,-96.74061,819
BinniBusRC04,17.07802,-96.74066,820
BinniBusRC04,17.07813,-96.74071,821
BinniBusRC04,17.07849,-96.74089,822
BinniBusRC04,17.07852,-96.74091,823
BinniBusRC04,17.07873,-96.74102,824
BinniBusRC04,17.07876,-96.74103,825
BinniBusRC04,17.07903,-96.74116,826
BinniBusRC04,17.07929,-96.74128,827
BinniBusRC04,17.07938,-96.74132,828
BinniBusRC04,17.07978,-96.7415,829
BinniBusRC04,17.0799,-96.74155,830
BinniBusRC04,17.07991,-96.74152,831
BinniBusRC04,17.07992,-96.74148,832
BinniBusRC04,17.07993,-96.74145,833
BinniBusRC04,17.07994,-96.74143,834
BinniBusRC04,17.07996,-96.7414,835
BinniBusRC04,17.08,-96.741367,836
BinniBusRC04,17.080038,-96.741355,837
BinniBusRC04,17.080069,-96.74137,838
BinniBusRC04,17.08009,-96.74141,839
BinniBusRC04,17.08035,-96.74188,840
BinniBusRC04,17.08059,-96.74227,841
BinniBusRC04,17.08068,-96.7424,842
BinniBusRC04,17.08077,-96.74252,843
BinniBusRC04,17.08098,-96.74274,844
BinniBusRC04,17.0811,-96.74286,845
BinniBusRC04,17.08119,-96.74292,846
BinniBusRC04,17.0813,-96.74299,847
BinniBusRC04,17.0814,-96.74305,848
BinniBusRC04,17.08156,-96.74313,849
BinniBusRC04,17.08164,-96.74316,850
BinniBusRC04,17.08174,-96.7432,851
BinniBusRC04,17.08213,-96.74337,852
BinniBusRC04,17.0828,-96.74365,853
BinniBusRC04,17.08303,-96.74375,854
BinniBusRC04,17.08332,-96.74389,855
BinniBusRC04,17.08389,-96.74411,856
BinniBusRC04,17.08515,-96.74465,857
BinniBusRC04,17.086,-96.74501,858
BinniBusRC04,17.0861,-96.74503,859
BinniBusRC04,17.087,-96.74546,860
BinniBusRC04,17.08771,-96.74574,861
BinniBusRC04,17.08809,-96.74593,862
BinniBusRC04,17.08887,-96.74627,863
BinniBusRC04,17.08903,-96.74634,864
BinniBusRC04,17.08937,-96.74649,865
BinniBusRC04,17.08944,-96.74652,866
BinniBusRC04,17.09012,-96.74679,867
BinniBusRC04,17.09049,-96.74694,868
BinniBusRC04,17.09089,-96.74712,869
BinniBusRC04,17.09106,-96.74719,870
BinniBusRC04,17.092,-96.74762,871
BinniBusRC04,17.09269,-96.74794,872
BinniBusRC04,17.09294,-96.74802,873
BinniBusRC04,17.093,-96.74805,874
BinniBusRC04,17.09308,-96.74808,875
BinniBusRC04,17.09323,-96.74815,876
BinniBusRC04,17.09362,-96.74831,877
BinniBusRC04,17.09414,-96.74854,878
BinniBusRC04,17.09481,-96.74881,879
BinniBusRC04,17.09497,-96.74889,880
BinniBusRC04,17.09498,-96.74889,881
BinniBusRC04,17.09564,-96.74921,882
BinniBusRC04,17.09636,-96.74952,883
BinniBusRC04,17.09647,-96.74957,884
BinniBusRC04,17.0965,-96.74958,885
BinniBusRC04,17.09719,-96.74983,886
BinniBusRC04,17.09738,-96.74989,887
BinniBusRC04,17.09792,-96.7502,888
BinniBusRC04,17.09853,-96.75043,889
BinniBusRC04,17.09898,-96.75062,890
BinniBusRC04,17.09939,-96.7508,891
BinniBusRC04,17.09975,-96.75097,892
BinniBusRC04,17.10071,-96.75138,893
BinniBusRC04,17.10107,-96.75155,894
BinniBusRC04,17.10125,-96.75162,895
BinniBusRC04,17.10132,-96.75164,896
BinniBusRC04,17.10205,-96.75195,897
BinniBusRC04,17.10245,-96.75213,898
BinniBusRC04,17.10352,-96.75257,899
BinniBusRC04,17.1045,-96.75304,900
BinniBusRC04,17.10458,-96.75307,901
BinniBusRC04,17.10566,-96.75354,902
BinniBusRC04,17.1061,-96.75372,903
BinniBusRC04,17.10644,-96.75385,904
BinniBusRC04,17.10677,-96.75399,905
BinniBusRC04,17.10701,-96.7541,906
BinniBusRC04,17.10734,-96.75424,907
BinniBusRC04,17.10843,-96.75473,908
BinniBusRC04,17.10874,-96.75485,909
BinniBusRC04,17.10882,-96.75488,910
BinniBusRC04,17.10918,-96.75504,911
BinniBusRC04,17.10946,-96.75516,912
BinniBusRC04,17.10999,-96.75537,913
BinniBusRC04,17.11001,-96.75538,914
BinniBusRC04,17.11021,-96.75547,915
BinniBusRC04,17.11038,-96.75555,916
BinniBusRC04,17.1104,-96.75556,917
BinniBusRC04,17.11043,-96.75558,918
BinniBusRC04,17.11087,-96.75572,919
BinniBusRC04,17.11178,-96.7561,920
BinniBusRC04,17.11179,-96.75611,921
BinniBusRC04,17.11232,-96.75634,922
BinniBusRC04,17.11237,-96.75637,923
BinniBusRC04,17.11247,-96.75645,924
BinniBusRC04,17.11255,-96.75651,925
BinniBusRC04,17.11264,-96.75655,926
BinniBusRC04,17.11266,-96.75656,927
BinniBusRC04,17.11297,-96.75673,928
BinniBusRC04,17.11326,-96.7569,929
BinniBusRC04,17.11346,-96.75704,930
BinniBusRC04,17.11352,-96.75708,931
BinniBusRC04,17.11356,-96.7571,932
BinniBusRC04,17.1136,-96.75714,933
BinniBusRC04,17.11393,-96.75737,934
BinniBusRC04,17.11437,-96.7577,935
BinniBusRC04,17.11439,-96.75771,936
BinniBusRC04,17.11454,-96.75783,937
BinniBusRC04,17.11463,-96.75789,938
BinniBusRC04,17.11516,-96.75827,939
BinniBusRC04,17.11523,-96.75832,940
BinniBusRC04,17.11545,-96.75847,941
BinniBusRC04,17.11586,-96.75883,942
BinniBusRC04,17.11603,-96.75897,943
BinniBusRC04,17.11626,-96.75918,944
BinniBusRC04,17.11654,-96.75941,945
BinniBusRC04,17.11747,-96.76017,946
BinniBusRC04,17.11769,-96.76035,947
BinniBusRC04,17.11796,-96.76056,948
BinniBusRC04,17.11819,-96.76076,949
BinniBusRC04,17.11836,-96.7609,950
BinniBusRC04,17.11848,-96.761,951
BinniBusRC04,17.11883,-96.76129,952
BinniBusRC04,17.11982,-96.76212,953
BinniBusRC04,17.12025,-96.76245,954
BinniBusRC04,17.12082,-96.76292,955
BinniBusRC04,17.12098,-96.76305,956
BinniBusRC04,17.12122,-96.76324,957
BinniBusRC04,17.1215,-96.76347,958
BinniBusRC04,17.12177,-96.76366,959
BinniBusRC04,17.12222,-96.764,960
BinniBusRC04,17.12239,-96.76411,961
BinniBusRC04,17.12243,-96.7641,962
BinniBusRC04,17.12244,-96.76411,963
BinniBusRC04,17.12245,-96.76411,964
BinniBusRC04,17.12247,-96.76411,965
BinniBusRC04,17.12248,-96.76412,966
BinniBusRC04,17.12249,-96.76412,967
BinniBusRC04,17.12251,-96.76413,968
BinniBusRC04,17.12252,-96.76414,969
BinniBusRC04,17.12253,-96.76415,970
BinniBusRC04,17.12254,-96.76416,971
BinniBusRC04,17.12255,-96.76417,972
BinniBusRC04,17.12256,-96.76418,973
BinniBusRC04,17.12257,-96.76419,974
BinniBusRC04,17.12257,-96.7642,975
BinniBusRC04,17.12258,-96.76422,976
BinniBusRC04,17.12258,-96.76423,977
BinniBusRC04,17.12259,-96.76425,978
BinniBusRC04,17.12259,-96.76426,979
BinniBusRC04,17.12259,-96.76427,980
BinniBusRC04,17.12259,-96.76428,981
BinniBusRC04,17.12259,-96.76429,982
BinniBusRC04,17.12259,-96.76431,983
BinniBusRC04,17.12259,-96.76432,984
BinniBusRC04,17.12259,-96.76433,985
BinniBusRC04,17.12258,-96.76435,986
BinniBusRC04,17.12258,-96.76436,987
BinniBusRC04,17.12257,-96.76438,988
BinniBusRC04,17.12257,-96.76439,989
BinniBusRC04,17.12256,-96.7644,990
BinniBusRC04,17.12255,-96.76441,991
BinniBusRC04,17.12254,-96.76442,992
BinniBusRC04,17.12253,-96.76443,993
BinniBusRC04,17.12252,-96.76444,994
BinniBusRC04,17.12251,-96.76445,995
BinniBusRC04,17.12249,-96.76446,996
BinniBusRC04,17.12248,-96.76446,997
BinniBusRC04,17.12247,-96.76447,998
BinniBusRC04,17.12244,-96.76447,999
BinniBusRC04,17.12243,-96.76448,1000
BinniBusRC04,17.12242,-96.76448,1001
BinniBusRC04,17.12241,-96.76448,1002
BinniBusRC04,17.1224,-96.76448,1003
BinniBusRC04,17.12239,-96.76447,1004
BinniBusRC04,17.12186,-96.76505,1005
BinniBusRC04,17.12175,-96.76511,1006
BinniBusRC04,17.12156,-96.76535,1007
BinniBusRC04,17.12143,-96.76551,1008
BinniBusRC04,17.12119,-96.76579,1009
BinniBusRC04,17.12077,-96.76628,1010
BinniBusRC04,17.12013,-96.76708,1011
BinniBusRC04,17.1205,-96.76741,1012
BinniBusRC04,17.12107,-96.76796,1013
BinniBusRC04,17.12114,-96.76802,1014
BinniBusRC04,17.12137,-96.76825,1015
BinniBusRC04,17.12165,-96.76846,1016
BinniBusRC04,17.12172,-96.76852,1017
BinniBusRC04,17.12192,-96.76871,1018
BinniBusRC04,17.12206,-96.76886,1019
BinniBusRC04,17.12229,-96.76909,1020
BinniBusRC04,17.12246,-96.76928,1021
BinniBusRC04,17.1225,-96.76931,1022
BinniBusRC04,17.12264,-96.76945,1023
BinniBusRC04,17.1227,-96.76951,1024
BinniBusRC04,17.12291,-96.76971,1025
BinniBusRC04,17.12307,-96.76986,1026
BinniBusRC04,17.12332,-96.77009,1027
BinniBusRC04,17.12336,-96.77013,1028
BinniBusRC04,17.12352,-96.77028,1029
BinniBusRC04,17.12372,-96.77048,1030
BinniBusRC04,17.12378,-96.77054,1031
BinniBusRC04,17.12436,-96.77111,1032
BinniBusRC04,17.12493,-96.77166,1033
BinniBusRC04,17.12535,-96.77206,1034
BinniBusRC04,17.12558,-96.77227,1035
BinniBusRC04,17.12576,-96.77244,1036
BinniBusRC04,17.12643,-96.77305,1037
BinniBusRC04,17.12648,-96.77309,1038
BinniBusRC04,17.1265,-96.77311,1039
BinniBusRC04,17.12656,-96.77317,1040
BinniBusRC04,17.1266,-96.7732,1041
BinniBusRC04,17.12678,-96.77338,1042
BinniBusRC04,17.12701,-96.77358,1043
BinniBusRC04,17.12708,-96.77365,1044
BinniBusRC04,17.12715,-96.7737,1045
BinniBusRC04,17.12743,-96.77394,1046
BinniBusRC04,17.12772,-96.7742,1047
BinniBusRC04,17.12787,-96.77432,1048
BinniBusRC04,17.12798,-96.7744,1049
BinniBusRC04,17.12817,-96.77457,1050
BinniBusRC04,17.12871,-96.77514,1051
BinniBusRC04,17.12905,-96.77548,1052
BinniBusRC04,17.12934,-96.77574,1053
BinniBusRC04,17.12943,-96.77582,1054
BinniBusRC04,17.12968,-96.77608,1055
BinniBusRC04,17.13071,-96.77705,1056
BinniBusRC04,17.13102,-96.77733,1057
BinniBusRC04,17.13131,-96.77759,1058
BinniBusRC04,17.13137,-96.77765,1059
BinniBusRC04,17.13169,-96.77796,1060
BinniBusRC04,17.13193,-96.77818,1061
BinniBusRC04,17.13241,-96.77864,1062
BinniBusRC04,17.13251,-96.77872,1063
BinniBusRC04,17.13297,-96.77911,1064
BinniBusRC04,17.13368,-96.77968,1065
BinniBusRC04,17.13395,-96.77991,1066
BinniBusRC04,17.13418,-96.78005,1067
BinniBusRC04,17.13426,-96.7801,1068
BinniBusRC04,17.13434,-96.78014,1069
BinniBusRC04,17.13443,-96.78018,1070
BinniBusRC04,17.13453,-96.78021,1071
BinniBusRC04,17.13454,-96.78021,1072
BinniBusRC04,17.13466,-96.78026,1073
BinniBusRC04,17.13516,-96.7805,1074
BinniBusRC04,17.13521,-96.78027,1075
BinniBusRC04,17.13545,-96.7792,1076
BinniBusRC04,17.13551,-96.77895,1077
BinniBusRC04,17.13598,-96.77693,1078
BinniBusRC04,17.13598,-96.7769,1079
BinniBusRC04,17.13607,-96.77653,1080
BinniBusRC04,17.1361,-96.77642,1081
BinniBusRC04,17.13614,-96.77625,1082
BinniBusRC04,17.13633,-96.77553,1083
BinniBusRC04,17.13642,-96.77518,1084
BinniBusRC04,17.13645,-96.77506,1085
BinniBusRC04,17.13652,-96.77508,1086
BinniBusRC04,17.13719,-96.77536,1087
BinniBusRC04,17.13787,-96.77563,1088
BinniBusRC04,17.13803,-96.77523,1089
BinniBusRC04,17.13829,-96.77453,1090
BinniBusRC04,17.13866,-96.77356,1091
BinniBusRC04,17.13903,-96.7726,1092
BinniBusRC04,17.13904,-96.77255,1093
BinniBusRC04,17.13918,-96.7722,1094
BinniBusRC04,17.13924,-96.77203,1095
BinniBusRC04,17.13935,-96.77175,1096
BinniBusRC04,17.13938,-96.77167,1097
BinniBusRC04,17.13958,-96.77116,1098
BinniBusRC04,17.13993,-96.77027,1099
BinniBusRC04,17.14016,-96.76977,1100
BinniBusRC04,17.14052,-96.76906,1101
BinniBusRC04,17.14068,-96.76873,1102
BinniBusRC04,17.14075,-96.76858,1103
BinniBusRC04,17.1408,-96.76845,1104
BinniBusRC04,17.14084,-96.76836,1105
BinniBusRC04,17.14087,-96.76827,1106
BinniBusRC04,17.14091,-96.76811,1107
BinniBusRC04,17.14093,-96.76803,1108
BinniBusRC04,17.14095,-96.76796,1109
BinniBusRC04,17.14097,-96.76779,1110
BinniBusRC04,17.14098,-96.76777,1111
BinniBusRC04,17.14101,-96.76756,1112
BinniBusRC04,17.14103,-96.76743,1113
BinniBusRC04,17.14105,-96.7673,1114
BinniBusRC04,17.14108,-96.76718,1115
BinniBusRC04,17.14109,-96.76714,1116
BinniBusRC04,17.14112,-96.76703,1117
BinniBusRC04,17.14121,-96.76682,1118
BinniBusRC04,17.14166,-96.76697,1119
BinniBusRC04,17.14206,-96.76712,1120
BinniBusRC04,17.14241,-96.76724,1121
BinniBusRC04,17.14246,-96.76725,1122
BinniBusRC04,17.14286,-96.76739,1123
BinniBusRC04,17.14327,-96.76754,1124
BinniBusRC04,17.1433,-96.76754,1125
BinniBusRC04,17.14332,-96.76754,1126
BinniBusRC04,17.14333,-96.76753,1127
BinniBusRC04,17.14334,-96.76751,1128
BinniBusRC05,17.148998,-96.750004,1
BinniBusRC05,17.148981,-96.749987,2
BinniBusRC05,17.148823,-96.750113,3
BinniBusRC05,17.148582,-96.750307,4
BinniBusRC05,17.14854,-96.75034,5
BinniBusRC05,17.148445,-96.75044,6
BinniBusRC05,17.148328,-96.750563,7
BinniBusRC05,17.148014,-96.751005,8
BinniBusRC05,17.147827,-96.7513,9
BinniBusRC05,17.147784,-96.75136,10
BinniBusRC05,17.147595,-96.751711,11
BinniBusRC05,17.147395,-96.752086,12
BinniBusRC05,17.147238,-96.752409,13
BinniBusRC05,17.147145,-96.752578,14
BinniBusRC05,17.147033,-96.752782,15
BinniBusRC05,17.146906,-96.75296,16
BinniBusRC05,17.146604,-96.753352,17
BinniBusRC05,17.14648,-96.75351,18
BinniBusRC05,17.146307,-96.753717,19
BinniBusRC05,17.146075,-96.75404,20
BinniBusRC05,17.14595,-96.754287,21
BinniBusRC05,17.145677,-96.754626,22
BinniBusRC05,17.145353,-96.755044,23
BinniBusRC05,17.145209,-96.755238,24
BinniBusRC05,17.145119,-96.755341,25
BinniBusRC05,17.144841,-96.755718,26
BinniBusRC05,17.144801,-96.755776,27
BinniBusRC05,17.144718,-96.755736,28
BinniBusRC05,17.1446,-96.755657,29
BinniBusRC05,17.144502,-96.755532,30
BinniBusRC05,17.144427,-96.755417,31
BinniBusRC05,17.144365,-96.755376,32
BinniBusRC05,17.144223,-96.755329,33
BinniBusRC05,17.143964,-96.755231,34
BinniBusRC05,17.1438,-96.755138,35
BinniBusRC05,17.143654,-96.755022,36
BinniBusRC05,17.143585,-96.754957,37
BinniBusRC05,17.143376,-96.754837,38
BinniBusRC05,17.143344,-96.754835,39
BinniBusRC05,17.143152,-96.754892,40
BinniBusRC05,17.143018,-96.75494,41
BinniBusRC05,17.1428,-96.755054,42
BinniBusRC05,17.14236,-96.75528,43
BinniBusRC05,17.142283,-96.755322,44
BinniBusRC05,17.142153,-96.755422,45
BinniBusRC05,17.141765,-96.755807,46
BinniBusRC05,17.14157,-96.756003,47
BinniBusRC05,17.141463,-96.75607,48
BinniBusRC05,17.141358,-96.756105,49
BinniBusRC05,17.141286,-96.756126,50
BinniBusRC05,17.140901,-96.756116,51
BinniBusRC05,17.140821,-96.756143,52
BinniBusRC05,17.14051,-96.75654,53
BinniBusRC05,17.140408,-96.756473,54
BinniBusRC05,17.140131,-96.756261,55
BinniBusRC05,17.13929,-96.755542,56
BinniBusRC05,17.138954,-96.755234,57
BinniBusRC05,17.138676,-96.75493,58
BinniBusRC05,17.138371,-96.754613,59
BinniBusRC05,17.137932,-96.75417,60
BinniBusRC05,17.137839,-96.753998,61
BinniBusRC05,17.137778,-96.753864,62
BinniBusRC05,17.13768,-96.753526,63
BinniBusRC05,17.13766,-96.753212,64
BinniBusRC05,17.137634,-96.75277,65
BinniBusRC05,17.137624,-96.752394,66
BinniBusRC05,17.137645,-96.752148,67
BinniBusRC05,17.137641,-96.752109,68
BinniBusRC05,17.137554,-96.752148,69
BinniBusRC05,17.137478,-96.752186,70
BinniBusRC05,17.137328,-96.75225,71
BinniBusRC05,17.137126,-96.752321,72
BinniBusRC05,17.136888,-96.752363,73
BinniBusRC05,17.136558,-96.752378,74
BinniBusRC05,17.136384,-96.752401,75
BinniBusRC05,17.13614,-96.752462,76
BinniBusRC05,17.13575,-96.752582,77
BinniBusRC05,17.135355,-96.752732,78
BinniBusRC05,17.13507,-96.752893,79
BinniBusRC05,17.134804,-96.752987,80
BinniBusRC05,17.134261,-96.753153,81
BinniBusRC05,17.133759,-96.75346,82
BinniBusRC05,17.133488,-96.753635,83
BinniBusRC05,17.133272,-96.753734,84
BinniBusRC05,17.133034,-96.753796,85
BinniBusRC05,17.132714,-96.753869,86
BinniBusRC05,17.132419,-96.753979,87
BinniBusRC05,17.131878,-96.754236,88
BinniBusRC05,17.131478,-96.754445,89
BinniBusRC05,17.130883,-96.75462,90
BinniBusRC05,17.130591,-96.754708,91
BinniBusRC05,17.130493,-96.754751,92
BinniBusRC05,17.130296,-96.754974,93
BinniBusRC05,17.13005,-96.755312,94
BinniBusRC05,17.129699,-96.755805,95
BinniBusRC05,17.129214,-96.756366,96
BinniBusRC05,17.128371,-96.757316,97
BinniBusRC05,17.128066,-96.757659,98
BinniBusRC05,17.127751,-96.758005,99
BinniBusRC05,17.127405,-96.758429,100
BinniBusRC05,17.127266,-96.758595,101
BinniBusRC05,17.12659,-96.759402,102
BinniBusRC05,17.126236,-96.759834,103
BinniBusRC05,17.125874,-96.760255,104
BinniBusRC05,17.125412,-96.760839,105
BinniBusRC05,17.12512,-96.761158,106
BinniBusRC05,17.124825,-96.761499,107
BinniBusRC05,17.124599,-96.761759,108
BinniBusRC05,17.124256,-96.762199,109
BinniBusRC05,17.123537,-96.763046,110
BinniBusRC05,17.123219,-96.763417,111
BinniBusRC05,17.122955,-96.763728,112
BinniBusRC05,17.122812,-96.763921,113
BinniBusRC05,17.122776,-96.764039,114
BinniBusRC05,17.122688,-96.764168,115
BinniBusRC05,17.122627,-96.764232,116
BinniBusRC05,17.122599,-96.764401,117
BinniBusRC05,17.12253,-96.764471,118
BinniBusRC05,17.122421,-96.764515,119
BinniBusRC05,17.122295,-96.764473,120
BinniBusRC05,17.122213,-96.764363,121
BinniBusRC05,17.122064,-96.764229,122
BinniBusRC05,17.121688,-96.763904,123
BinniBusRC05,17.121057,-96.763365,124
BinniBusRC05,17.120618,-96.762974,125
BinniBusRC05,17.120047,-96.762478,126
BinniBusRC05,17.119845,-96.762297,127
BinniBusRC05,17.119646,-96.762109,128
BinniBusRC05,17.119177,-96.761748,129
BinniBusRC05,17.118492,-96.761211,130
BinniBusRC05,17.11813,-96.760933,131
BinniBusRC05,17.117492,-96.760398,132
BinniBusRC05,17.115646,-96.758879,133
BinniBusRC05,17.115274,-96.758556,134
BinniBusRC05,17.114987,-96.758336,135
BinniBusRC05,17.114295,-96.757778,136
BinniBusRC05,17.113504,-96.757197,137
BinniBusRC05,17.112686,-96.756719,138
BinniBusRC05,17.112468,-96.756606,139
BinniBusRC05,17.11202,-96.756389,140
BinniBusRC05,17.111681,-96.756207,141
BinniBusRC05,17.110966,-96.755904,142
BinniBusRC05,17.110343,-96.755676,143
BinniBusRC05,17.109648,-96.755383,144
BinniBusRC05,17.10913,-96.755147,145
BinniBusRC05,17.108159,-96.754734,146
BinniBusRC05,17.107103,-96.754295,147
BinniBusRC05,17.106211,-96.753892,148
BinniBusRC05,17.104937,-96.753375,149
BinniBusRC05,17.104004,-96.752978,150
BinniBusRC05,17.102922,-96.752495,151
BinniBusRC05,17.101861,-96.752021,152
BinniBusRC05,17.099811,-96.751132,153
BinniBusRC05,17.099072,-96.750843,154
BinniBusRC05,17.098198,-96.750491,155
BinniBusRC05,17.097736,-96.750293,156
BinniBusRC05,17.097424,-96.75018,157
BinniBusRC05,17.097256,-96.750098,158
BinniBusRC05,17.09714,-96.749982,159
BinniBusRC05,17.097027,-96.749913,160
BinniBusRC05,17.096277,-96.749613,161
BinniBusRC05,17.095253,-96.749206,162
BinniBusRC05,17.094128,-96.74873,163
BinniBusRC05,17.093667,-96.748515,164
BinniBusRC05,17.093492,-96.748434,165
BinniBusRC05,17.093092,-96.748231,166
BinniBusRC05,17.092754,-96.748054,167
BinniBusRC05,17.092498,-96.748011,168
BinniBusRC05,17.092334,-96.747941,169
BinniBusRC05,17.092036,-96.747791,170
BinniBusRC05,17.091852,-96.747748,171
BinniBusRC05,17.091657,-96.747635,172
BinniBusRC05,17.091262,-96.747485,173
BinniBusRC05,17.091047,-96.747397,174
BinniBusRC05,17.090821,-96.7473,175
BinniBusRC05,17.090383,-96.747104,176
BinniBusRC05,17.089469,-96.74671,177
BinniBusRC05,17.088872,-96.746436,178
BinniBusRC05,17.088359,-96.746211,179
BinniBusRC05,17.087504,-96.745832,180
BinniBusRC05,17.086916,-96.745564,181
BinniBusRC05,17.08638,-96.745333,182
BinniBusRC05,17.086104,-96.74521,183
BinniBusRC05,17.085853,-96.745119,184
BinniBusRC05,17.085561,-96.744989,185
BinniBusRC05,17.085329,-96.744887,186
BinniBusRC05,17.085103,-96.744785,187
BinniBusRC05,17.084615,-96.744589,188
BinniBusRC05,17.083983,-96.74433,189
BinniBusRC05,17.083204,-96.743988,190
BinniBusRC05,17.082944,-96.743885,191
BinniBusRC05,17.08259,-96.743699,192
BinniBusRC05,17.082416,-96.743613,193
BinniBusRC05,17.082314,-96.743632,194
BinniBusRC05,17.082226,-96.74361,195
BinniBusRC05,17.081931,-96.743602,196
BinniBusRC05,17.081445,-96.743605,197
BinniBusRC05,17.08116,-96.743597,198
BinniBusRC05,17.080673,-96.743565,199
BinniBusRC05,17.08054,-96.743557,200
BinniBusRC05,17.080334,-96.743528,201
BinniBusRC05,17.080181,-96.743512,202
BinniBusRC05,17.08004,-96.74345,203
BinniBusRC05,17.07984,-96.743361,204
BinniBusRC05,17.079533,-96.743191,205
BinniBusRC05,17.079195,-96.743008,206
BinniBusRC05,17.079035,-96.742905,207
BinniBusRC05,17.078938,-96.742911,208
BinniBusRC05,17.07855,-96.742691,209
BinniBusRC05,17.078035,-96.742381,210
BinniBusRC05,17.077851,-96.742277,211
BinniBusRC05,17.077701,-96.742193,212
BinniBusRC05,17.077434,-96.742038,213
BinniBusRC05,17.077178,-96.741896,214
BinniBusRC05,17.077033,-96.74181,215
BinniBusRC05,17.076676,-96.741613,216
BinniBusRC05,17.076358,-96.741428,217
BinniBusRC05,17.076171,-96.741327,218
BinniBusRC05,17.076081,-96.741284,219
BinniBusRC05,17.075976,-96.741254,220
BinniBusRC05,17.075913,-96.741246,221
BinniBusRC05,17.075705,-96.741145,222
BinniBusRC05,17.075548,-96.740949,223
BinniBusRC05,17.075472,-96.740826,224
BinniBusRC05,17.075118,-96.740603,225
BinniBusRC05,17.074761,-96.740368,226
BinniBusRC05,17.074408,-96.740113,227
BinniBusRC05,17.073912,-96.739728,228
BinniBusRC05,17.073498,-96.739418,229
BinniBusRC05,17.073114,-96.73912,230
BinniBusRC05,17.072568,-96.738709,231
BinniBusRC05,17.072201,-96.738451,232
BinniBusRC05,17.071988,-96.738359,233
BinniBusRC05,17.071265,-96.737981,234
BinniBusRC05,17.070706,-96.737734,235
BinniBusRC05,17.070382,-96.737627,236
BinniBusRC05,17.069757,-96.737385,237
BinniBusRC05,17.069295,-96.737176,238
BinniBusRC05,17.068324,-96.7366,239
BinniBusRC05,17.067297,-96.735972,240
BinniBusRC05,17.067108,-96.735844,241
BinniBusRC05,17.066995,-96.735871,242
BinniBusRC05,17.066836,-96.73594,243
BinniBusRC05,17.066651,-96.735962,244
BinniBusRC05,17.066492,-96.735999,245
BinniBusRC05,17.066359,-96.735978,246
BinniBusRC05,17.06619,-96.735908,247
BinniBusRC05,17.066077,-96.735785,248
BinniBusRC05,17.066113,-96.735597,249
BinniBusRC05,17.066127,-96.735382,250
BinniBusRC05,17.06607,-96.73519,251
BinniBusRC05,17.06544,-96.73477,252
BinniBusRC05,17.065064,-96.73447,253
BinniBusRC05,17.064764,-96.734215,254
BinniBusRC05,17.0644,-96.733891,255
BinniBusRC05,17.064134,-96.73365,256
BinniBusRC05,17.063636,-96.732909,257
BinniBusRC05,17.063498,-96.732576,258
BinniBusRC05,17.06341,-96.732206,259
BinniBusRC05,17.063339,-96.731724,260
BinniBusRC05,17.063123,-96.730512,261
BinniBusRC05,17.062839,-96.729108,262
BinniBusRC05,17.062691,-96.728404,263
BinniBusRC05,17.063014,-96.728345,264
BinniBusRC05,17.063591,-96.728216,265
BinniBusRC05,17.063637,-96.728229,266
BinniBusRC05,17.063886,-96.729464,267
BinniBusRC05,17.064127,-96.730665,268
BinniBusRC05,17.064219,-96.731341,269
BinniBusRC05,17.064363,-96.732232,270
BinniBusRC05,17.064768,-96.732661,271
BinniBusRC05,17.065354,-96.733135,272
BinniBusRC05,17.066066,-96.733671,273
BinniBusRC05,17.066281,-96.733854,274
BinniBusRC05,17.066471,-96.734031,275
BinniBusRC05,17.066744,-96.734388,276
BinniBusRC05,17.067089,-96.734683,277
BinniBusRC05,17.067332,-96.734915,278
BinniBusRC05,17.067778,-96.735245,279
BinniBusRC05,17.068019,-96.735403,280
BinniBusRC05,17.068287,-96.735559,281
BinniBusRC05,17.068758,-96.735819,282
BinniBusRC05,17.069041,-96.73596,283
BinniBusRC05,17.069492,-96.736131,284
BinniBusRC05,17.069854,-96.736274,285
BinniBusRC05,17.07019,-96.736412,286
BinniBusRC05,17.070752,-96.736565,287
BinniBusRC05,17.070985,-96.736646,288
BinniBusRC05,17.071543,-96.736941,289
BinniBusRC05,17.072366,-96.737378,290
BinniBusRC05,17.073021,-96.737763,291
BinniBusRC05,17.073641,-96.738122,292
BinniBusRC05,17.073877,-96.738254,293
BinniBusRC05,17.074411,-96.738573,294
BinniBusRC05,17.074977,-96.738948,295
BinniBusRC05,17.075208,-96.739168,296
BinniBusRC05,17.075459,-96.739361,297
BinniBusRC05,17.075757,-96.7396,298
BinniBusRC05,17.0759,-96.739691,299
BinniBusRC05,17.076321,-96.739874,300
BinniBusRC05,17.076677,-96.74004,301
BinniBusRC05,17.077304,-96.74032,302
BinniBusRC05,17.077686,-96.740489,303
BinniBusRC05,17.078116,-96.740676,304
BinniBusRC05,17.078539,-96.740888,305
BinniBusRC05,17.079057,-96.74114,306
BinniBusRC05,17.079534,-96.741354,307
BinniBusRC05,17.07987,-96.741515,308
BinniBusRC05,17.079984,-96.741393,309
BinniBusRC05,17.080097,-96.741358,310
BinniBusRC05,17.080292,-96.741704,311
BinniBusRC05,17.080589,-96.742219,312
BinniBusRC05,17.080785,-96.742481,313
BinniBusRC05,17.081029,-96.742741,314
BinniBusRC05,17.081129,-96.742854,315
BinniBusRC05,17.081294,-96.742946,316
BinniBusRC05,17.081414,-96.743025,317
BinniBusRC05,17.081664,-96.743137,318
BinniBusRC05,17.082187,-96.743359,319
BinniBusRC05,17.082794,-96.743616,320
BinniBusRC05,17.083397,-96.743902,321
BinniBusRC05,17.083935,-96.744105,322
BinniBusRC05,17.085258,-96.744674,323
BinniBusRC05,17.085991,-96.744996,324
BinniBusRC05,17.086138,-96.745006,325
BinniBusRC05,17.087064,-96.74545,326
BinniBusRC05,17.087749,-96.745735,327
BinniBusRC05,17.088885,-96.746247,328
BinniBusRC05,17.089485,-96.746505,329
BinniBusRC05,17.09047,-96.746902,330
BinniBusRC05,17.09204,-96.747587,331
BinniBusRC05,17.09273,-96.747923,332
BinniBusRC05,17.093366,-96.74817,333
BinniBusRC05,17.094178,-96.748522,334
BinniBusRC05,17.094834,-96.748796,335
BinniBusRC05,17.095685,-96.749198,336
BinniBusRC05,17.096536,-96.749573,337
BinniBusRC05,17.097384,-96.749866,338
BinniBusRC05,17.097958,-96.750188,339
BinniBusRC05,17.098553,-96.750419,340
BinniBusRC05,17.09899,-96.750587,341
BinniBusRC05,17.09942,-96.750774,342
BinniBusRC05,17.099802,-96.75096,343
BinniBusRC05,17.100342,-96.751194,344
BinniBusRC05,17.101105,-96.751522,345
BinniBusRC05,17.101998,-96.751892,346
BinniBusRC05,17.103531,-96.752539,347
BinniBusRC05,17.104493,-96.752999,348
BinniBusRC05,17.105649,-96.753503,349
BinniBusRC05,17.106131,-96.7537,350
BinniBusRC05,17.106777,-96.753973,351
BinniBusRC05,17.107066,-96.754093,352
BinniBusRC05,17.107584,-96.75431,353
BinniBusRC05,17.108397,-96.754675,354
BinniBusRC05,17.108822,-96.75485,355
BinniBusRC05,17.109317,-96.755064,356
BinniBusRC05,17.110176,-96.755424,357
BinniBusRC05,17.110301,-96.755488,358
BinniBusRC05,17.110478,-96.755555,359
BinniBusRC05,17.110852,-96.755684,360
BinniBusRC05,17.111656,-96.756014,361
BinniBusRC05,17.111966,-96.756154,362
BinniBusRC05,17.112364,-96.756336,363
BinniBusRC05,17.112566,-96.756482,364
BinniBusRC05,17.112666,-96.756518,365
BinniBusRC05,17.112711,-96.756564,366
BinniBusRC05,17.113041,-96.75674,367
BinniBusRC05,17.113303,-96.756899,368
BinniBusRC05,17.113513,-96.757036,369
BinniBusRC05,17.113762,-96.757213,370
BinniBusRC05,17.114167,-96.757502,371
BinniBusRC05,17.114613,-96.757838,372
BinniBusRC05,17.114964,-96.758098,373
BinniBusRC05,17.115241,-96.758285,374
BinniBusRC05,17.115466,-96.758452,375
BinniBusRC05,17.115853,-96.758784,376
BinniBusRC05,17.116033,-96.758945,377
BinniBusRC05,17.116727,-96.759528,378
BinniBusRC05,17.117178,-96.759887,379
BinniBusRC05,17.117742,-96.760346,380
BinniBusRC05,17.118256,-96.760785,381
BinniBusRC05,17.118586,-96.761054,382
BinniBusRC05,17.11883,-96.761249,383
BinniBusRC05,17.119163,-96.761523,384
BinniBusRC05,17.119476,-96.761791,385
BinniBusRC05,17.119858,-96.762105,386
BinniBusRC05,17.120382,-96.762517,387
BinniBusRC05,17.12091,-96.762957,388
BinniBusRC05,17.12153,-96.763456,389
BinniBusRC05,17.121984,-96.763775,390
BinniBusRC05,17.122389,-96.76407,391
BinniBusRC05,17.122468,-96.764065,392
BinniBusRC05,17.122592,-96.763979,393
BinniBusRC05,17.122774,-96.763901,394
BinniBusRC05,17.122908,-96.763722,395
BinniBusRC05,17.123172,-96.763392,396
BinniBusRC05,17.123579,-96.762925,397
BinniBusRC05,17.124209,-96.762175,398
BinniBusRC05,17.124504,-96.761832,399
BinniBusRC05,17.125042,-96.761185,400
BinniBusRC05,17.125479,-96.760694,401
BinniBusRC05,17.125979,-96.760069,402
BinniBusRC05,17.126461,-96.759476,403
BinniBusRC05,17.12713,-96.758682,404
BinniBusRC05,17.127476,-96.758273,405
BinniBusRC05,17.12786,-96.757836,406
BinniBusRC05,17.128145,-96.757519,407
BinniBusRC05,17.128753,-96.75681,408
BinniBusRC05,17.128876,-96.756686,409
BinniBusRC05,17.129465,-96.756035,410
BinniBusRC05,17.129655,-96.755817,411
BinniBusRC05,17.130011,-96.755312,412
BinniBusRC05,17.130196,-96.755052,413
BinniBusRC05,17.130394,-96.754809,414
BinniBusRC05,17.130473,-96.754735,415
BinniBusRC05,17.13054,-96.754692,416
BinniBusRC05,17.130728,-96.75462,417
BinniBusRC05,17.130943,-96.75456,418
BinniBusRC05,17.131478,-96.754411,419
BinniBusRC05,17.131975,-96.754162,420
BinniBusRC05,17.132498,-96.753913,421
BinniBusRC05,17.132738,-96.753827,422
BinniBusRC05,17.133041,-96.753764,423
BinniBusRC05,17.133273,-96.753702,424
BinniBusRC05,17.133506,-96.753588,425
BinniBusRC05,17.133771,-96.753412,426
BinniBusRC05,17.13419,-96.753155,427
BinniBusRC05,17.13425,-96.753125,428
BinniBusRC05,17.134666,-96.752998,429
BinniBusRC05,17.134944,-96.752915,430
BinniBusRC05,17.135259,-96.752743,431
BinniBusRC05,17.135431,-96.752659,432
BinniBusRC05,17.135612,-96.752588,433
BinniBusRC05,17.135918,-96.752498,434
BinniBusRC05,17.136146,-96.752427,435
BinniBusRC05,17.136355,-96.75238,436
BinniBusRC05,17.136555,-96.752354,437
BinniBusRC05,17.136701,-96.752358,438
BinniBusRC05,17.136927,-96.752327,439
BinniBusRC05,17.137131,-96.752283,440
BinniBusRC05,17.1373,-96.752229,441
BinniBusRC05,17.137402,-96.75219,442
BinniBusRC05,17.137687,-96.752051,443
BinniBusRC05,17.137674,-96.752196,444
BinniBusRC05,17.137665,-96.752323,445
BinniBusRC05,17.137652,-96.752534,446
BinniBusRC05,17.137664,-96.752738,447
BinniBusRC05,17.137694,-96.753175,448
BinniBusRC05,17.137693,-96.753313,449
BinniBusRC05,17.137693,-96.753374,450
BinniBusRC05,17.137707,-96.753475,451
BinniBusRC05,17.137725,-96.753585,452
BinniBusRC05,17.137774,-96.753722,453
BinniBusRC05,17.137816,-96.753847,454
BinniBusRC05,17.137882,-96.75402,455
BinniBusRC05,17.137916,-96.754092,456
BinniBusRC05,17.137981,-96.754175,457
BinniBusRC05,17.138029,-96.754225,458
BinniBusRC05,17.138192,-96.754389,459
BinniBusRC05,17.138261,-96.754459,460
BinniBusRC05,17.138331,-96.754527,461
BinniBusRC05,17.138571,-96.754776,462
BinniBusRC05,17.13867,-96.754882,463
BinniBusRC05,17.138984,-96.755211,464
BinniBusRC05,17.139269,-96.755476,465
BinniBusRC05,17.139517,-96.75568,466
BinniBusRC05,17.139745,-96.755865,467
BinniBusRC05,17.139958,-96.756066,468
BinniBusRC05,17.14016,-96.756235,469
BinniBusRC05,17.140304,-96.756353,470
BinniBusRC05,17.140423,-96.756453,471
BinniBusRC05,17.140507,-96.7565,472
BinniBusRC05,17.14054,-96.756461,473
BinniBusRC05,17.140728,-96.75621,474
BinniBusRC05,17.140792,-96.756127,475
BinniBusRC05,17.140825,-96.756104,476
BinniBusRC05,17.140899,-96.756082,477
BinniBusRC05,17.141098,-96.756088,478
BinniBusRC05,17.141284,-96.756094,479
BinniBusRC05,17.141356,-96.75608,480
BinniBusRC05,17.141489,-96.756024,481
BinniBusRC05,17.141545,-96.75598,482
BinniBusRC05,17.141764,-96.755755,483
BinniBusRC05,17.141964,-96.755557,484
BinniBusRC05,17.142122,-96.755408,485
BinniBusRC05,17.142266,-96.755293,486
BinniBusRC05,17.142621,-96.755108,487
BinniBusRC05,17.142922,-96.754952,488
BinniBusRC05,17.143014,-96.754909,489
BinniBusRC05,17.143087,-96.754882,490
BinniBusRC05,17.143141,-96.754862,491
BinniBusRC05,17.143332,-96.754806,492
BinniBusRC05,17.143389,-96.754801,493
BinniBusRC05,17.143591,-96.754918,494
BinniBusRC05,17.143694,-96.755007,495
BinniBusRC05,17.143804,-96.755092,496
BinniBusRC05,17.143852,-96.755122,497
BinniBusRC05,17.143978,-96.755197,498
BinniBusRC05,17.14418,-96.75527,499
BinniBusRC05,17.144283,-96.755313,500
BinniBusRC05,17.144379,-96.755348,501
BinniBusRC05,17.144424,-96.755375,502
BinniBusRC05,17.14446,-96.755404,503
BinniBusRC05,17.144499,-96.755468,504
BinniBusRC05,17.144534,-96.755521,505
BinniBusRC05,17.144578,-96.755575,506
BinniBusRC05,17.144619,-96.755619,507
BinniBusRC05,17.144691,-96.755677,508
BinniBusRC05,17.144725,-96.755701,509
BinniBusRC05,17.144787,-96.755718,510
BinniBusRC05,17.144806,-96.755708,511
BinniBusRC05,17.144897,-96.755583,512
BinniBusRC05,17.145,-96.755449,513
BinniBusRC05,17.14508,-96.755336,514
BinniBusRC05,17.145167,-96.755233,515
BinniBusRC05,17.145296,-96.755067,516
BinniBusRC05,17.145493,-96.754812,517
BinniBusRC05,17.14576,-96.754468,518
BinniBusRC05,17.145932,-96.754258,519
BinniBusRC05,17.146047,-96.754031,520
BinniBusRC05,17.146165,-96.753857,521
BinniBusRC05,17.146473,-96.753456,522
BinniBusRC05,17.146571,-96.75333,523
BinniBusRC05,17.146747,-96.753114,524
BinniBusRC05,17.146922,-96.752872,525
BinniBusRC05,17.147006,-96.752759,526
BinniBusRC05,17.147157,-96.752483,527
BinniBusRC05,17.147434,-96.751929,528
BinniBusRC05,17.147632,-96.751567,529
BinniBusRC05,17.147754,-96.751343,530
BinniBusRC05,17.147882,-96.751145,531
BinniBusRC05,17.147987,-96.750984,532
BinniBusRC05,17.148175,-96.750722,533
BinniBusRC05,17.148333,-96.750509,534
BinniBusRC05,17.148467,-96.750368,535
BinniBusRC05,17.148603,-96.750246,536
BinniBusRC05,17.148882,-96.750023,537
BinniBusRC05,17.14898,-96.749944,538
BinniBusRC05,17.149017,-96.749983,539
BinniBusRC05,17.148998,-96.750004,540
BinniBusRC06,17.111319,-96.770398,1
BinniBusRC06,17.111584,-96.770691,2
BinniBusRC06,17.111937,-96.77098,3
BinniBusRC06,17.112009,-96.771211,4
BinniBusRC06,17.111901,-96.77156,5
BinniBusRC06,17.110456,-96.770798,6
BinniBusRC06,17.109287,-96.770208,7
BinniBusRC06,17.108538,-96.769773,8
BinniBusRC06,17.108077,-96.769451,9
BinniBusRC06,17.108169,-96.769146,10
BinniBusRC06,17.108302,-96.769033,11
BinniBusRC06,17.108574,-96.769113,12
BinniBusRC06,17.109328,-96.769387,13
BinniBusRC06,17.109871,-96.769028,14
BinniBusRC06,17.110262,-96.768736,15
BinniBusRC06,17.110037,-96.768634,16
BinniBusRC06,17.110833,-96.766521,17
BinniBusRC06,17.110988,-96.766054,18
BinniBusRC06,17.110716,-96.765719,19
BinniBusRC06,17.110424,-96.765363,20
BinniBusRC06,17.110224,-96.765109,21
BinniBusRC06,17.110051,-96.76482,22
BinniBusRC06,17.109933,-96.764653,23
BinniBusRC06,17.109733,-96.764431,24
BinniBusRC06,17.109539,-96.764229,25
BinniBusRC06,17.109388,-96.764124,26
BinniBusRC06,17.109282,-96.764057,27
BinniBusRC06,17.108931,-96.763909,28
BinniBusRC06,17.108077,-96.763555,29
BinniBusRC06,17.107722,-96.763416,30
BinniBusRC06,17.107535,-96.763358,31
BinniBusRC06,17.107245,-96.76325,32
BinniBusRC06,17.106794,-96.763079,33
BinniBusRC06,17.10636,-96.762906,34
BinniBusRC06,17.105535,-96.762584,35
BinniBusRC06,17.104979,-96.762359,36
BinniBusRC06,17.104171,-96.762059,37
BinniBusRC06,17.10351,-96.761782,38
BinniBusRC06,17.10291,-96.761541,39
BinniBusRC06,17.102067,-96.76121,40
BinniBusRC06,17.102013,-96.76119,41
BinniBusRC06,17.101958,-96.761194,42
BinniBusRC06,17.101818,-96.761217,43
BinniBusRC06,17.101661,-96.761256,44
BinniBusRC06,17.101613,-96.761259,45
BinniBusRC06,17.101562,-96.761232,46
BinniBusRC06,17.101493,-96.761169,47
BinniBusRC06,17.10143,-96.761091,48
BinniBusRC06,17.101388,-96.761032,49
BinniBusRC06,17.10131,-96.760972,50
BinniBusRC06,17.101245,-96.760914,51
BinniBusRC06,17.101134,-96.760841,52
BinniBusRC06,17.100955,-96.760766,53
BinniBusRC06,17.101004,-96.760513,54
BinniBusRC06,17.101124,-96.760154,55
BinniBusRC06,17.101273,-96.759674,56
BinniBusRC06,17.101396,-96.759218,57
BinniBusRC06,17.101584,-96.758558,58
BinniBusRC06,17.10195,-96.757314,59
BinniBusRC06,17.10226,-96.756179,60
BinniBusRC06,17.102837,-96.754408,61
BinniBusRC06,17.103073,-96.753673,62
BinniBusRC06,17.103381,-96.752713,63
BinniBusRC06,17.102489,-96.752326,64
BinniBusRC06,17.101622,-96.751919,65
BinniBusRC06,17.099535,-96.751034,66
BinniBusRC06,17.099048,-96.750846,67
BinniBusRC06,17.097838,-96.750331,68
BinniBusRC06,17.097428,-96.750181,69
BinniBusRC06,17.097247,-96.750098,70
BinniBusRC06,17.097072,-96.749942,71
BinniBusRC06,17.09638,-96.749647,72
BinniBusRC06,17.095864,-96.749448,73
BinniBusRC06,17.095049,-96.749121,74
BinniBusRC06,17.094039,-96.748815,75
BinniBusRC06,17.093565,-96.748472,76
BinniBusRC06,17.093298,-96.748311,77
BinniBusRC06,17.092878,-96.748147,78
BinniBusRC06,17.09274,-96.748082,79
BinniBusRC06,17.092555,-96.748039,80
BinniBusRC06,17.092369,-96.747975,81
BinniBusRC06,17.092103,-96.747825,82
BinniBusRC06,17.091845,-96.74776,83
BinniBusRC06,17.091199,-96.747455,84
BinniBusRC06,17.090731,-96.747255,85
BinniBusRC06,17.090049,-96.746965,86
BinniBusRC06,17.08942,-96.746692,87
BinniBusRC06,17.088634,-96.746321,88
BinniBusRC06,17.087809,-96.745973,89
BinniBusRC06,17.086896,-96.745551,90
BinniBusRC06,17.086214,-96.745272,91
BinniBusRC06,17.085425,-96.744933,92
BinniBusRC06,17.085092,-96.744772,93
BinniBusRC06,17.084092,-96.74438,94
BinniBusRC06,17.083514,-96.744143,95
BinniBusRC06,17.083104,-96.74395,96
BinniBusRC06,17.082753,-96.743786,97
BinniBusRC06,17.082446,-96.743614,98
BinniBusRC06,17.082287,-96.743636,99
BinniBusRC06,17.082212,-96.743612,100
BinniBusRC06,17.081175,-96.743596,101
BinniBusRC06,17.080444,-96.743548,102
BinniBusRC06,17.080151,-96.74351,103
BinniBusRC06,17.07962,-96.743246,104
BinniBusRC06,17.079264,-96.743058,105
BinniBusRC06,17.079019,-96.742902,106
BinniBusRC06,17.078793,-96.742843,107
BinniBusRC06,17.077511,-96.742076,108
BinniBusRC06,17.076389,-96.741443,109
BinniBusRC06,17.076102,-96.741285,110
BinniBusRC06,17.075897,-96.741248,111
BinniBusRC06,17.0758,-96.741191,112
BinniBusRC06,17.07571,-96.741134,113
BinniBusRC06,17.075551,-96.740973,114
BinniBusRC06,17.075479,-96.740833,115
BinniBusRC06,17.074844,-96.740426,116
BinniBusRC06,17.074515,-96.7402,117
BinniBusRC06,17.073731,-96.7396,118
BinniBusRC06,17.073464,-96.739391,119
BinniBusRC06,17.073254,-96.739232,120
BinniBusRC06,17.072617,-96.738755,121
BinniBusRC06,17.072196,-96.738444,122
BinniBusRC06,17.071956,-96.738326,123
BinniBusRC06,17.071438,-96.738073,124
BinniBusRC06,17.070909,-96.73782,125
BinniBusRC06,17.070338,-96.737611,126
BinniBusRC06,17.069853,-96.737436,127
BinniBusRC06,17.069319,-96.737211,128
BinniBusRC06,17.069055,-96.737047,129
BinniBusRC06,17.068427,-96.736664,130
BinniBusRC06,17.06787,-96.736328,131
BinniBusRC06,17.067318,-96.73598,132
BinniBusRC06,17.067082,-96.735827,133
BinniBusRC06,17.066866,-96.735929,134
BinniBusRC06,17.066574,-96.735982,135
BinniBusRC06,17.066394,-96.736004,136
BinniBusRC06,17.066076,-96.736208,137
BinniBusRC06,17.065615,-96.736347,138
BinniBusRC06,17.065415,-96.736371,139
BinniBusRC06,17.065258,-96.73635,140
BinniBusRC06,17.064989,-96.736291,141
BinniBusRC06,17.064748,-96.736216,142
BinniBusRC06,17.064481,-96.736101,143
BinniBusRC06,17.064063,-96.7359,144
BinniBusRC06,17.063745,-96.735726,145
BinniBusRC06,17.063386,-96.735521,146
BinniBusRC06,17.063054,-96.735302,147
BinniBusRC06,17.062753,-96.73511,148
BinniBusRC06,17.062522,-96.734932,149
BinniBusRC06,17.062309,-96.734773,150
BinniBusRC06,17.062114,-96.73462,151
BinniBusRC06,17.061901,-96.734461,152
BinniBusRC06,17.061782,-96.734395,153
BinniBusRC06,17.061704,-96.734347,154
BinniBusRC06,17.061546,-96.734231,155
BinniBusRC06,17.061229,-96.734008,156
BinniBusRC06,17.06114,-96.733938,157
BinniBusRC06,17.061098,-96.733915,158
BinniBusRC06,17.061141,-96.73363,159
BinniBusRC06,17.061193,-96.73322,160
BinniBusRC06,17.061205,-96.732546,161
BinniBusRC06,17.061199,-96.731816,162
BinniBusRC06,17.061166,-96.730872,163
BinniBusRC06,17.061167,-96.730659,164
BinniBusRC06,17.061018,-96.729776,165
BinniBusRC06,17.060762,-96.72847,166
BinniBusRC06,17.060439,-96.726882,167
BinniBusRC06,17.060557,-96.726855,168
BinniBusRC06,17.06144,-96.726653,169
BinniBusRC06,17.062298,-96.72648,170
BinniBusRC06,17.063193,-96.726293,171
BinniBusRC06,17.065106,-96.725906,172
BinniBusRC06,17.06607,-96.72574,173
BinniBusRC06,17.067916,-96.725327,174
BinniBusRC06,17.069499,-96.725053,175
BinniBusRC06,17.070679,-96.724812,176
BinniBusRC06,17.072434,-96.724413,177
BinniBusRC06,17.072367,-96.723776,178
BinniBusRC06,17.072228,-96.722923,179
BinniBusRC06,17.072115,-96.722274,180
BinniBusRC06,17.072023,-96.721861,181
BinniBusRC06,17.071824,-96.720959,182
BinniBusRC06,17.071732,-96.720589,183
BinniBusRC06,17.071742,-96.720246,184
BinniBusRC06,17.071641,-96.71981,185
BinniBusRC06,17.071554,-96.719247,186
BinniBusRC06,17.071292,-96.717981,187
BinniBusRC06,17.071036,-96.717584,188
BinniBusRC06,17.070759,-96.716361,189
BinniBusRC06,17.070616,-96.715882,190
BinniBusRC06,17.070519,-96.715346,191
BinniBusRC06,17.070334,-96.713742,192
BinniBusRC06,17.070354,-96.713527,193
BinniBusRC06,17.070367,-96.713384,194
BinniBusRC06,17.070311,-96.712678,195
BinniBusRC06,17.070288,-96.712332,196
BinniBusRC06,17.07017,-96.711895,197
BinniBusRC06,17.070145,-96.71139,198
BinniBusRC06,17.070069,-96.710714,199
BinniBusRC06,17.069991,-96.709856,200
BinniBusRC06,17.06994,-96.709421,201
BinniBusRC06,17.069844,-96.708132,202
BinniBusRC06,17.069798,-96.707772,203
BinniBusRC06,17.069749,-96.707004,204
BinniBusRC06,17.069654,-96.705695,205
BinniBusRC06,17.069562,-96.704751,206
BinniBusRC06,17.069422,-96.703342,207
BinniBusRC06,17.069294,-96.701925,208
BinniBusRC06,17.069134,-96.700085,209
BinniBusRC06,17.06899,-96.69836,210
BinniBusRC06,17.068947,-96.697572,211
BinniBusRC06,17.068818,-96.696274,212
BinniBusRC06,17.068768,-96.695738,213
BinniBusRC06,17.068691,-96.694791,214
BinniBusRC06,17.068636,-96.694261,215
BinniBusRC06,17.068617,-96.69375,216
BinniBusRC06,17.068563,-96.693013,217
BinniBusRC06,17.068544,-96.692506,218
BinniBusRC06,17.068484,-96.692001,219
BinniBusRC06,17.068424,-96.691416,220
BinniBusRC06,17.068331,-96.690667,221
BinniBusRC06,17.068258,-96.689821,222
BinniBusRC06,17.068188,-96.689354,223
BinniBusRC06,17.067863,-96.688271,224
BinniBusRC06,17.067643,-96.687548,225
BinniBusRC06,17.066964,-96.685254,226
BinniBusRC06,17.06652,-96.683838,227
BinniBusRC06,17.066346,-96.683259,228
BinniBusRC06,17.066046,-96.682191,229
BinniBusRC06,17.065363,-96.679831,230
BinniBusRC06,17.065263,-96.679423,231
BinniBusRC06,17.065409,-96.679295,232
BinniBusRC06,17.06564,-96.679201,233
BinniBusRC06,17.065796,-96.679034,234
BinniBusRC06,17.06619,-96.678567,235
BinniBusRC06,17.067128,-96.677428,236
BinniBusRC06,17.06767,-96.67678,237
BinniBusRC06,17.06796,-96.676415,238
BinniBusRC06,17.068286,-96.676013,239
BinniBusRC06,17.068893,-96.675259,240
BinniBusRC06,17.069621,-96.674379,241
BinniBusRC06,17.070252,-96.673595,242
BinniBusRC06,17.070929,-96.672786,243
BinniBusRC06,17.071341,-96.672296,244
BinniBusRC06,17.071887,-96.671599,245
BinniBusRC06,17.072815,-96.670487,246
BinniBusRC06,17.073145,-96.670096,247
BinniBusRC06,17.074092,-96.668918,248
BinniBusRC06,17.074902,-96.667904,249
BinniBusRC06,17.075606,-96.66709,250
BinniBusRC06,17.076674,-96.665791,251
BinniBusRC06,17.077844,-96.664355,252
BinniBusRC06,17.07889,-96.663062,253
BinniBusRC06,17.08017,-96.661546,254
BinniBusRC06,17.081221,-96.660274,255
BinniBusRC06,17.082499,-96.658701,256
BinniBusRC06,17.083158,-96.657913,257
BinniBusRC06,17.083402,-96.6576,258
BinniBusRC06,17.083689,-96.657255,259
BinniBusRC06,17.083822,-96.657103,260
BinniBusRC06,17.084022,-96.656883,261
BinniBusRC06,17.084127,-96.656783,262
BinniBusRC06,17.084209,-96.656695,263
BinniBusRC06,17.084404,-96.65651,264
BinniBusRC06,17.084522,-96.656427,265
BinniBusRC06,17.084706,-96.656287,266
BinniBusRC06,17.084851,-96.65619,267
BinniBusRC06,17.085014,-96.656087,268
BinniBusRC06,17.085314,-96.65591,269
BinniBusRC06,17.085627,-96.65576,270
BinniBusRC06,17.086017,-96.655621,271
BinniBusRC06,17.086524,-96.655503,272
BinniBusRC06,17.087248,-96.65533,273
BinniBusRC06,17.088073,-96.655132,274
BinniBusRC06,17.089318,-96.654869,275
BinniBusRC06,17.0902,-96.654638,276
BinniBusRC06,17.090394,-96.654676,277
BinniBusRC06,17.090494,-96.654671,278
BinniBusRC06,17.091028,-96.654502,279
BinniBusRC06,17.091337,-96.654413,280
BinniBusRC06,17.091478,-96.654373,281
BinniBusRC06,17.091716,-96.654327,282
BinniBusRC06,17.091914,-96.654306,283
BinniBusRC06,17.092221,-96.65432,284
BinniBusRC06,17.092419,-96.65439,285
BinniBusRC06,17.09278,-96.654532,286
BinniBusRC06,17.093108,-96.654652,287
BinniBusRC06,17.093736,-96.654894,288
BinniBusRC06,17.094621,-96.655213,289
BinniBusRC06,17.095353,-96.655471,290
BinniBusRC06,17.096178,-96.655754,291
BinniBusRC06,17.097463,-96.656223,292
BinniBusRC06,17.097686,-96.656333,293
BinniBusRC06,17.097896,-96.656464,294
BinniBusRC06,17.098086,-96.656625,295
BinniBusRC06,17.09824,-96.656769,296
BinniBusRC06,17.098527,-96.657101,297
BinniBusRC06,17.098768,-96.657392,298
BinniBusRC06,17.099291,-96.658053,299
BinniBusRC06,17.099634,-96.658439,300
BinniBusRC06,17.100173,-96.659094,301
BinniBusRC06,17.100485,-96.659469,302
BinniBusRC06,17.100824,-96.659888,303
BinniBusRC06,17.101132,-96.660263,304
BinniBusRC06,17.101306,-96.660488,305
BinniBusRC06,17.101506,-96.660746,306
BinniBusRC06,17.101895,-96.661368,307
BinniBusRC06,17.102074,-96.661879,308
BinniBusRC06,17.102143,-96.662117,309
BinniBusRC06,17.102184,-96.662302,310
BinniBusRC06,17.102204,-96.662547,311
BinniBusRC06,17.102232,-96.662885,312
BinniBusRC06,17.102245,-96.663014,313
BinniBusRC06,17.102287,-96.663274,314
BinniBusRC06,17.102364,-96.663719,315
BinniBusRC06,17.102417,-96.664116,316
BinniBusRC06,17.102484,-96.664468,317
BinniBusRC06,17.102581,-96.665091,318
BinniBusRC06,17.102596,-96.665162,319
BinniBusRC06,17.102544,-96.66519,320
BinniBusRC06,17.102519,-96.66508,321
BinniBusRC06,17.102519,-96.66508,322
BinniBusRC06,17.102473,-96.664703,323
BinniBusRC06,17.102407,-96.664252,324
BinniBusRC06,17.102241,-96.663301,325
BinniBusRC06,17.102183,-96.662964,326
BinniBusRC06,17.102163,-96.662515,327
BinniBusRC06,17.102124,-96.662198,328
BinniBusRC06,17.101878,-96.661406,329
BinniBusRC06,17.101801,-96.661262,330
BinniBusRC06,17.101486,-96.660739,331
BinniBusRC06,17.101304,-96.660543,332
BinniBusRC06,17.100789,-96.659931,333
BinniBusRC06,17.100425,-96.659464,334
BinniBusRC06,17.099568,-96.658435,335
BinniBusRC06,17.099178,-96.657979,336
BinniBusRC06,17.098209,-96.6568,337
BinniBusRC06,17.097829,-96.656462,338
BinniBusRC06,17.097336,-96.656207,339
BinniBusRC06,17.096173,-96.655795,340
BinniBusRC06,17.095591,-96.655594,341
BinniBusRC06,17.094227,-96.655122,342
BinniBusRC06,17.093222,-96.654748,343
BinniBusRC06,17.092879,-96.654616,344
BinniBusRC06,17.092545,-96.654482,345
BinniBusRC06,17.092263,-96.654378,346
BinniBusRC06,17.092208,-96.654366,347
BinniBusRC06,17.091916,-96.654354,348
BinniBusRC06,17.091498,-96.654419,349
BinniBusRC06,17.091394,-96.654449,350
BinniBusRC06,17.091014,-96.654556,351
BinniBusRC06,17.090711,-96.654655,352
BinniBusRC06,17.090469,-96.654719,353
BinniBusRC06,17.09031,-96.654703,354
BinniBusRC06,17.090074,-96.654805,355
BinniBusRC06,17.089657,-96.654907,356
BinniBusRC06,17.088893,-96.655073,357
BinniBusRC06,17.087582,-96.655376,358
BinniBusRC06,17.086782,-96.655558,359
BinniBusRC06,17.086223,-96.655687,360
BinniBusRC06,17.085582,-96.655918,361
BinniBusRC06,17.085274,-96.656106,362
BinniBusRC06,17.084947,-96.656286,363
BinniBusRC06,17.084662,-96.656502,364
BinniBusRC06,17.084454,-96.656679,365
BinniBusRC06,17.084334,-96.656781,366
BinniBusRC06,17.084237,-96.656872,367
BinniBusRC06,17.084121,-96.656988,368
BinniBusRC06,17.084008,-96.657106,369
BinniBusRC06,17.083885,-96.657238,370
BinniBusRC06,17.083746,-96.657395,371
BinniBusRC06,17.08365,-96.657506,372
BinniBusRC06,17.083593,-96.657583,373
BinniBusRC06,17.083525,-96.657664,374
BinniBusRC06,17.083405,-96.657787,375
BinniBusRC06,17.083341,-96.657881,376
BinniBusRC06,17.083161,-96.658118,377
BinniBusRC06,17.082735,-96.658642,378
BinniBusRC06,17.082035,-96.659485,379
BinniBusRC06,17.081735,-96.65985,380
BinniBusRC06,17.0808,-96.660967,381
BinniBusRC06,17.080287,-96.661589,382
BinniBusRC06,17.079221,-96.662869,383
BinniBusRC06,17.078703,-96.663556,384
BinniBusRC06,17.078149,-96.664221,385
BinniBusRC06,17.077585,-96.664896,386
BinniBusRC06,17.077228,-96.665333,387
BinniBusRC06,17.076269,-96.666502,388
BinniBusRC06,17.075951,-96.666883,389
BinniBusRC06,17.075518,-96.667397,390
BinniBusRC06,17.074013,-96.669252,391
BinniBusRC06,17.07317,-96.67029,392
BinniBusRC06,17.072898,-96.670623,393
BinniBusRC06,17.072449,-96.671151,394
BinniBusRC06,17.071609,-96.672182,395
BinniBusRC06,17.071138,-96.672762,396
BinniBusRC06,17.070617,-96.673387,397
BinniBusRC06,17.069434,-96.674819,398
BinniBusRC06,17.068908,-96.675465,399
BinniBusRC06,17.068411,-96.676068,400
BinniBusRC06,17.067857,-96.676744,401
BinniBusRC06,17.06747,-96.677211,402
BinniBusRC06,17.066819,-96.678024,403
BinniBusRC06,17.066419,-96.678528,404
BinniBusRC06,17.066142,-96.678871,405
BinniBusRC06,17.06585,-96.679196,406
BinniBusRC06,17.065755,-96.679317,407
BinniBusRC06,17.065698,-96.679362,408
BinniBusRC06,17.065611,-96.679559,409
BinniBusRC06,17.065572,-96.679744,410
BinniBusRC06,17.06559,-96.679833,411
BinniBusRC06,17.065857,-96.680707,412
BinniBusRC06,17.066078,-96.681496,413
BinniBusRC06,17.066454,-96.682743,414
BinniBusRC06,17.066838,-96.684004,415
BinniBusRC06,17.067084,-96.684841,416
BinniBusRC06,17.067367,-96.685843,417
BinniBusRC06,17.067777,-96.687254,418
BinniBusRC06,17.068177,-96.688622,419
BinniBusRC06,17.068379,-96.689304,420
BinniBusRC06,17.068474,-96.689838,421
BinniBusRC06,17.068515,-96.690182,422
BinniBusRC06,17.068576,-96.690793,423
BinniBusRC06,17.068635,-96.691631,424
BinniBusRC06,17.068646,-96.691982,425
BinniBusRC06,17.068686,-96.692354,426
BinniBusRC06,17.068857,-96.694406,427
BinniBusRC06,17.068888,-96.694749,428
BinniBusRC06,17.068923,-96.695495,429
BinniBusRC06,17.06901,-96.69681,430
BinniBusRC06,17.069062,-96.697107,431
BinniBusRC06,17.069131,-96.697381,432
BinniBusRC06,17.069241,-96.698657,433
BinniBusRC06,17.069359,-96.699838,434
BinniBusRC06,17.069475,-96.701127,435
BinniBusRC06,17.069557,-96.702106,436
BinniBusRC06,17.069598,-96.702522,437
BinniBusRC06,17.069674,-96.703339,438
BinniBusRC06,17.069694,-96.703603,439
BinniBusRC06,17.069743,-96.704279,440
BinniBusRC06,17.069778,-96.70478,441
BinniBusRC06,17.069846,-96.705691,442
BinniBusRC06,17.069924,-96.706595,443
BinniBusRC06,17.070029,-96.70763,444
BinniBusRC06,17.070057,-96.708102,445
BinniBusRC06,17.070093,-96.70862,446
BinniBusRC06,17.07018,-96.709452,447
BinniBusRC06,17.070232,-96.710203,448
BinniBusRC06,17.070319,-96.711244,449
BinniBusRC06,17.070339,-96.711611,450
BinniBusRC06,17.070391,-96.71219,451
BinniBusRC06,17.070432,-96.712585,452
BinniBusRC06,17.070473,-96.713,453
BinniBusRC06,17.070488,-96.713277,454
BinniBusRC06,17.070483,-96.713548,455
BinniBusRC06,17.070476,-96.713726,456
BinniBusRC06,17.070524,-96.714335,457
BinniBusRC06,17.070555,-96.714681,458
BinniBusRC06,17.070613,-96.714941,459
BinniBusRC06,17.070697,-96.715388,460
BinniBusRC06,17.070764,-96.715715,461
BinniBusRC06,17.070872,-96.716142,462
BinniBusRC06,17.070908,-96.716339,463
BinniBusRC06,17.07101,-96.716672,464
BinniBusRC06,17.071139,-96.717356,465
BinniBusRC06,17.071195,-96.717678,466
BinniBusRC06,17.071213,-96.718104,467
BinniBusRC06,17.071349,-96.718782,468
BinniBusRC06,17.071426,-96.719045,469
BinniBusRC06,17.071489,-96.719221,470
BinniBusRC06,17.071515,-96.71962,471
BinniBusRC06,17.071556,-96.71978,472
BinniBusRC06,17.071699,-96.720317,473
BinniBusRC06,17.07191,-96.720617,474
BinniBusRC06,17.07211,-96.721414,475
BinniBusRC06,17.072192,-96.721733,476
BinniBusRC06,17.072332,-96.722524,477
BinniBusRC06,17.072481,-96.723444,478
BinniBusRC06,17.072586,-96.724232,479
BinniBusRC06,17.0726,-96.724419,480
BinniBusRC06,17.072758,-96.725164,481
BinniBusRC06,17.072892,-96.725602,482
BinniBusRC06,17.072792,-96.725674,483
BinniBusRC06,17.072128,-96.725805,484
BinniBusRC06,17.071438,-96.725942,485
BinniBusRC06,17.07067,-96.726089,486
BinniBusRC06,17.070226,-96.726188,487
BinniBusRC06,17.070003,-96.726236,488
BinniBusRC06,17.069416,-96.726333,489
BinniBusRC06,17.068916,-96.726426,490
BinniBusRC06,17.067942,-96.72648,491
BinniBusRC06,17.067162,-96.726539,492
BinniBusRC06,17.066788,-96.726614,493
BinniBusRC06,17.06607,-96.726754,494
BinniBusRC06,17.065247,-96.726933,495
BinniBusRC06,17.064377,-96.727105,496
BinniBusRC06,17.063808,-96.727238,497
BinniBusRC06,17.063377,-96.727318,498
BinniBusRC06,17.062756,-96.727463,499
BinniBusRC06,17.06251,-96.727514,500
BinniBusRC06,17.062213,-96.727555,501
BinniBusRC06,17.061608,-96.727673,502
BinniBusRC06,17.061246,-96.72774,503
BinniBusRC06,17.060984,-96.727793,504
BinniBusRC06,17.060666,-96.727876,505
BinniBusRC06,17.060184,-96.72797,506
BinniBusRC06,17.059725,-96.728069,507
BinniBusRC06,17.059863,-96.72867,508
BinniBusRC06,17.059948,-96.729037,509
BinniBusRC06,17.06011,-96.729983,510
BinniBusRC06,17.060294,-96.730852,511
BinniBusRC06,17.060507,-96.731742,512
BinniBusRC06,17.060551,-96.732147,513
BinniBusRC06,17.060027,-96.732211,514
BinniBusRC06,17.060114,-96.733021,515
BinniBusRC06,17.061355,-96.733917,516
BinniBusRC06,17.06195,-96.734346,517
BinniBusRC06,17.062873,-96.735011,518
BinniBusRC06,17.06317,-96.735199,519
BinniBusRC06,17.063642,-96.735526,520
BinniBusRC06,17.06395,-96.735687,521
BinniBusRC06,17.064459,-96.735951,522
BinniBusRC06,17.064736,-96.736063,523
BinniBusRC06,17.064984,-96.73616,524
BinniBusRC06,17.06512,-96.736184,525
BinniBusRC06,17.065446,-96.736286,526
BinniBusRC06,17.065561,-96.736286,527
BinniBusRC06,17.065717,-96.736241,528
BinniBusRC06,17.065838,-96.736185,529
BinniBusRC06,17.065984,-96.736048,530
BinniBusRC06,17.066115,-96.73586,531
BinniBusRC06,17.066086,-96.735745,532
BinniBusRC06,17.06612,-96.735578,533
BinniBusRC06,17.066176,-96.735466,534
BinniBusRC06,17.066412,-96.735296,535
BinniBusRC06,17.066507,-96.735184,536
BinniBusRC06,17.066756,-96.734366,537
BinniBusRC06,17.066989,-96.734586,538
BinniBusRC06,17.067125,-96.734727,539
BinniBusRC06,17.067195,-96.734805,540
BinniBusRC06,17.06739,-96.734963,541
BinniBusRC06,17.067759,-96.735236,542
BinniBusRC06,17.067982,-96.735392,543
BinniBusRC06,17.068159,-96.735497,544
BinniBusRC06,17.06852,-96.735696,545
BinniBusRC06,17.069044,-96.735975,546
BinniBusRC06,17.06956,-96.736162,547
BinniBusRC06,17.070185,-96.736422,548
BinniBusRC06,17.070815,-96.736593,549
BinniBusRC06,17.07098,-96.736647,550
BinniBusRC06,17.071787,-96.737084,551
BinniBusRC06,17.072469,-96.737443,552
BinniBusRC06,17.073816,-96.738222,553
BinniBusRC06,17.074417,-96.738594,554
BinniBusRC06,17.074961,-96.738969,555
BinniBusRC06,17.075212,-96.739195,556
BinniBusRC06,17.075634,-96.739526,557
BinniBusRC06,17.075921,-96.739714,558
BinniBusRC06,17.076972,-96.740165,559
BinniBusRC06,17.07787,-96.74059,560
BinniBusRC06,17.078152,-96.740703,561
BinniBusRC06,17.079305,-96.741268,562
BinniBusRC06,17.079899,-96.741531,563
BinniBusRC06,17.080083,-96.741378,564
BinniBusRC06,17.08037,-96.741915,565
BinniBusRC06,17.080647,-96.742371,566
BinniBusRC06,17.08097,-96.74272,567
BinniBusRC06,17.081232,-96.742956,568
BinniBusRC06,17.081821,-96.74324,569
BinniBusRC06,17.082437,-96.743508,570
BinniBusRC06,17.082975,-96.743744,571
BinniBusRC06,17.083498,-96.743991,572
BinniBusRC06,17.084054,-96.744206,573
BinniBusRC06,17.084385,-96.744356,574
BinniBusRC06,17.085099,-96.74465,575
BinniBusRC06,17.085933,-96.745016,576
BinniBusRC06,17.086095,-96.745051,577
BinniBusRC06,17.08662,-96.745303,578
BinniBusRC06,17.087405,-96.745652,579
BinniBusRC06,17.08773,-96.74577,580
BinniBusRC06,17.088229,-96.746017,581
BinniBusRC06,17.08993,-96.746723,582
BinniBusRC06,17.09094,-96.747152,583
BinniBusRC06,17.092544,-96.747861,584
BinniBusRC06,17.092841,-96.747995,585
BinniBusRC06,17.0934,-96.748215,586
BinniBusRC06,17.094595,-96.748725,587
BinniBusRC06,17.095374,-96.749073,588
BinniBusRC06,17.096716,-96.749678,589
BinniBusRC06,17.097392,-96.749892,590
BinniBusRC06,17.097918,-96.750209,591
BinniBusRC06,17.0994,-96.750807,592
BinniBusRC06,17.100724,-96.751395,593
BinniBusRC06,17.101339,-96.751648,594
BinniBusRC06,17.103549,-96.752586,595
BinniBusRC06,17.103467,-96.752726,596
BinniBusRC06,17.10317,-96.75353,597
BinniBusRC06,17.102959,-96.754198,598
BinniBusRC06,17.102618,-96.75518,599
BinniBusRC06,17.102296,-96.756203,600
BinniBusRC06,17.102144,-96.756774,601
BinniBusRC06,17.101985,-96.75737,602
BinniBusRC06,17.101798,-96.757989,603
BinniBusRC06,17.101614,-96.758601,604
BinniBusRC06,17.101465,-96.759156,605
BinniBusRC06,17.10133,-96.759671,606
BinniBusRC06,17.101168,-96.760143,607
BinniBusRC06,17.101063,-96.760495,608
BinniBusRC06,17.101007,-96.760731,609
BinniBusRC06,17.101196,-96.760827,610
BinniBusRC06,17.101409,-96.760985,611
BinniBusRC06,17.101594,-96.761208,612
BinniBusRC06,17.101691,-96.761216,613
BinniBusRC06,17.101976,-96.761157,614
BinniBusRC06,17.102064,-96.761167,615
BinniBusRC06,17.102433,-96.761316,616
BinniBusRC06,17.103064,-96.76157,617
BinniBusRC06,17.103545,-96.761766,618
BinniBusRC06,17.104326,-96.762089,619
BinniBusRC06,17.104691,-96.762224,620
BinniBusRC06,17.105288,-96.762458,621
BinniBusRC06,17.105702,-96.762618,622
BinniBusRC06,17.106079,-96.762765,623
BinniBusRC06,17.106642,-96.762984,624
BinniBusRC06,17.106869,-96.76307,625
BinniBusRC06,17.107205,-96.763203,626
BinniBusRC06,17.10752,-96.763324,627
BinniBusRC06,17.10772,-96.763386,628
BinniBusRC06,17.108146,-96.763565,629
BinniBusRC06,17.109005,-96.763902,630
BinniBusRC06,17.109259,-96.764012,631
BinniBusRC06,17.109508,-96.76417,632
BinniBusRC06,17.109843,-96.764498,633
BinniBusRC06,17.110013,-96.764725,634
BinniBusRC06,17.110268,-96.765113,635
BinniBusRC06,17.110545,-96.765454,636
BinniBusRC06,17.110977,-96.76598,637
BinniBusRC06,17.111027,-96.766059,638
BinniBusRC06,17.110954,-96.766245,639
BinniBusRC06,17.110845,-96.766528,640
BinniBusRC06,17.110724,-96.766878,641
BinniBusRC06,17.110241,-96.768198,642
BinniBusRC06,17.110074,-96.768622,643
BinniBusRC06,17.110087,-96.76864,644
BinniBusRC06,17.110264,-96.768722,645
BinniBusRC06,17.11049,-96.76877,646
BinniBusRC06,17.110636,-96.768853,647
BinniBusRC06,17.110725,-96.76892,648
BinniBusRC06,17.110843,-96.769068,649
BinniBusRC06,17.110948,-96.769237,650
BinniBusRC06,17.111064,-96.769475,651
BinniBusRC06,17.111133,-96.769764,652
BinniBusRC06,17.111176,-96.769947,653
BinniBusRC06,17.111197,-96.770092,654
BinniBusRC06,17.111228,-96.770244,655
BinniBusRC06,17.111287,-96.770357,656
BinniBusRC06,17.111319,-96.770398,657
BinniBusRC07,17.028849,-96.75395,1
BinniBusRC07,17.028546,-96.753989,2
BinniBusRC07,17.028254,-96.754016,3
BinniBusRC07,17.028023,-96.754016,4
BinniBusRC07,17.027772,-96.753952,5
BinniBusRC07,17.027428,-96.753871,6
BinniBusRC07,17.027269,-96.753839,7
BinniBusRC07,17.026898,-96.753964,8
BinniBusRC07,17.026739,-96.754032,9
BinniBusRC07,17.026611,-96.754062,10
BinniBusRC07,17.026467,-96.754094,11
BinniBusRC07,17.026275,-96.754152,12
BinniBusRC07,17.02604,-96.754218,13
BinniBusRC07,17.025729,-96.754302,14
BinniBusRC07,17.02559,-96.754337,15
BinniBusRC07,17.025288,-96.754477,16
BinniBusRC07,17.025059,-96.754592,17
BinniBusRC07,17.024849,-96.754694,18
BinniBusRC07,17.024716,-96.754753,19
BinniBusRC07,17.02458,-96.754792,20
BinniBusRC07,17.024526,-96.754804,21
BinniBusRC07,17.024382,-96.7548,22
BinniBusRC07,17.024295,-96.754759,23
BinniBusRC07,17.023884,-96.754757,24
BinniBusRC07,17.023912,-96.754926,25
BinniBusRC07,17.024069,-96.755669,26
BinniBusRC07,17.024143,-96.75594,27
BinniBusRC07,17.02429,-96.756514,28
BinniBusRC07,17.024405,-96.757007,29
BinniBusRC07,17.024487,-96.75742,30
BinniBusRC07,17.02461,-96.758026,31
BinniBusRC07,17.024657,-96.758214,32
BinniBusRC07,17.024669,-96.758274,33
BinniBusRC07,17.024493,-96.758279,34
BinniBusRC07,17.024222,-96.758291,35
BinniBusRC07,17.023997,-96.758296,36
BinniBusRC07,17.023769,-96.758296,37
BinniBusRC07,17.023525,-96.758334,38
BinniBusRC07,17.023078,-96.758462,39
BinniBusRC07,17.022565,-96.758618,40
BinniBusRC07,17.022308,-96.758704,41
BinniBusRC07,17.022029,-96.758789,42
BinniBusRC07,17.021927,-96.758316,43
BinniBusRC07,17.021901,-96.757898,44
BinniBusRC07,17.021845,-96.757383,45
BinniBusRC07,17.02183,-96.757099,46
BinniBusRC07,17.021727,-96.756841,47
BinniBusRC07,17.021537,-96.756509,48
BinniBusRC07,17.021281,-96.756203,49
BinniBusRC07,17.021034,-96.755881,50
BinniBusRC07,17.02086,-96.755629,51
BinniBusRC07,17.020762,-96.755488,52
BinniBusRC07,17.020675,-96.755209,53
BinniBusRC07,17.020603,-96.754823,54
BinniBusRC07,17.020511,-96.754287,55
BinniBusRC07,17.020475,-96.754072,56
BinniBusRC07,17.020408,-96.753428,57
BinniBusRC07,17.020362,-96.75309,58
BinniBusRC07,17.020331,-96.752715,59
BinniBusRC07,17.020254,-96.752377,60
BinniBusRC07,17.020025,-96.751481,61
BinniBusRC07,17.019943,-96.751121,62
BinniBusRC07,17.019871,-96.750773,63
BinniBusRC07,17.019774,-96.750225,64
BinniBusRC07,17.019759,-96.750144,65
BinniBusRC07,17.019634,-96.749906,66
BinniBusRC07,17.019469,-96.749618,67
BinniBusRC07,17.01932,-96.749361,68
BinniBusRC07,17.019272,-96.74927,69
BinniBusRC07,17.019228,-96.749088,70
BinniBusRC07,17.019334,-96.748854,71
BinniBusRC07,17.019717,-96.747906,72
BinniBusRC07,17.019946,-96.747326,73
BinniBusRC07,17.020197,-96.746685,74
BinniBusRC07,17.021257,-96.743997,75
BinniBusRC07,17.022285,-96.741364,76
BinniBusRC07,17.02269,-96.740302,77
BinniBusRC07,17.022898,-96.739784,78
BinniBusRC07,17.023403,-96.738522,79
BinniBusRC07,17.023901,-96.737175,80
BinniBusRC07,17.02428,-96.736317,81
BinniBusRC07,17.024532,-96.735727,82
BinniBusRC07,17.024617,-96.735496,83
BinniBusRC07,17.024658,-96.7353,84
BinniBusRC07,17.024524,-96.734922,85
BinniBusRC07,17.024334,-96.734391,86
BinniBusRC07,17.023932,-96.733274,87
BinniBusRC07,17.023747,-96.73271,88
BinniBusRC07,17.023406,-96.731729,89
BinniBusRC07,17.02317,-96.730927,90
BinniBusRC07,17.023129,-96.730666,91
BinniBusRC07,17.023083,-96.730313,92
BinniBusRC07,17.023106,-96.730158,93
BinniBusRC07,17.023094,-96.73024,94
BinniBusRC07,17.023083,-96.730313,95
BinniBusRC07,17.023094,-96.73024,96
BinniBusRC07,17.023097,-96.730218,97
BinniBusRC07,17.023106,-96.730158,98
BinniBusRC07,17.023105,-96.730138,99
BinniBusRC07,17.023126,-96.729996,100
BinniBusRC07,17.023195,-96.729929,101
BinniBusRC07,17.0233,-96.729953,102
BinniBusRC07,17.023374,-96.730076,103
BinniBusRC07,17.023287,-96.730208,104
BinniBusRC07,17.023244,-96.730334,105
BinniBusRC07,17.023202,-96.730433,106
BinniBusRC07,17.023154,-96.730532,107
BinniBusRC07,17.023174,-96.730709,108
BinniBusRC07,17.023333,-96.731313,109
BinniBusRC07,17.02342,-96.731638,110
BinniBusRC07,17.023749,-96.7326,111
BinniBusRC07,17.023969,-96.733263,112
BinniBusRC07,17.024395,-96.734411,113
BinniBusRC07,17.024659,-96.735159,114
BinniBusRC07,17.024734,-96.735352,115
BinniBusRC07,17.024704,-96.735512,116
BinniBusRC07,17.024655,-96.735657,117
BinniBusRC07,17.024604,-96.735757,118
BinniBusRC07,17.024436,-96.736202,119
BinniBusRC07,17.024308,-96.736497,120
BinniBusRC07,17.024144,-96.736905,121
BinniBusRC07,17.024018,-96.737221,122
BinniBusRC07,17.02391,-96.737492,123
BinniBusRC07,17.0238,-96.73777,124
BinniBusRC07,17.023705,-96.738033,125
BinniBusRC07,17.023514,-96.738524,126
BinniBusRC07,17.023436,-96.738714,127
BinniBusRC07,17.023331,-96.738974,128
BinniBusRC07,17.023205,-96.739282,129
BinniBusRC07,17.023021,-96.739743,130
BinniBusRC07,17.022835,-96.74022,131
BinniBusRC07,17.022601,-96.740845,132
BinniBusRC07,17.021536,-96.743542,133
BinniBusRC07,17.021121,-96.744609,134
BinniBusRC07,17.020509,-96.746212,135
BinniBusRC07,17.020237,-96.746898,136
BinniBusRC07,17.019951,-96.7476,137
BinniBusRC07,17.01966,-96.748362,138
BinniBusRC07,17.019325,-96.749168,139
BinniBusRC07,17.019306,-96.749235,140
BinniBusRC07,17.019679,-96.749888,141
BinniBusRC07,17.019792,-96.750095,142
BinniBusRC07,17.01984,-96.750311,143
BinniBusRC07,17.019949,-96.750893,144
BinniBusRC07,17.020065,-96.751441,145
BinniBusRC07,17.020201,-96.751959,146
BinniBusRC07,17.020328,-96.752462,147
BinniBusRC07,17.020376,-96.752755,148
BinniBusRC07,17.020403,-96.752961,149
BinniBusRC07,17.02042,-96.753185,150
BinniBusRC07,17.020474,-96.753603,151
BinniBusRC07,17.020521,-96.754127,152
BinniBusRC07,17.020571,-96.75437,153
BinniBusRC07,17.020692,-96.755043,154
BinniBusRC07,17.020726,-96.755208,155
BinniBusRC07,17.020819,-96.75548,156
BinniBusRC07,17.020911,-96.755636,157
BinniBusRC07,17.021204,-96.756014,158
BinniBusRC07,17.021522,-96.756398,159
BinniBusRC07,17.02166,-96.756593,160
BinniBusRC07,17.02177,-96.756808,161
BinniBusRC07,17.021882,-96.757162,162
BinniBusRC07,17.021895,-96.757419,163
BinniBusRC07,17.021951,-96.758082,164
BinniBusRC07,17.021997,-96.758409,165
BinniBusRC07,17.022074,-96.758744,166
BinniBusRC07,17.022612,-96.758564,167
BinniBusRC07,17.023382,-96.758329,168
BinniBusRC07,17.023541,-96.758286,169
BinniBusRC07,17.023782,-96.758262,170
BinniBusRC07,17.024575,-96.758235,171
BinniBusRC07,17.024621,-96.758222,172
BinniBusRC07,17.024399,-96.757106,173
BinniBusRC07,17.024073,-96.755826,174
BinniBusRC07,17.023833,-96.754726,175
BinniBusRC07,17.024142,-96.75472,176
BinniBusRC07,17.024312,-96.754734,177
BinniBusRC07,17.024392,-96.754758,178
BinniBusRC07,17.024555,-96.754764,179
BinniBusRC07,17.024801,-96.754677,180
BinniBusRC07,17.025201,-96.754485,181
BinniBusRC07,17.025559,-96.754315,182
BinniBusRC07,17.02634,-96.754088,183
BinniBusRC07,17.026711,-96.754002,184
BinniBusRC07,17.026902,-96.753927,185
BinniBusRC07,17.027244,-96.753821,186
BinniBusRC07,17.027321,-96.753817,187
BinniBusRC07,17.02744,-96.753836,188
BinniBusRC07,17.027813,-96.753926,189
BinniBusRC07,17.028004,-96.753968,190
BinniBusRC07,17.028186,-96.753978,191
BinniBusRC07,17.028647,-96.753938,192
BinniBusRC07,17.028869,-96.753911,193
BinniBusRC08,17.102432,-96.696619,1
BinniBusRC08,17.101515,-96.69688,2
BinniBusRC08,17.100169,-96.6973,3
BinniBusRC08,17.100108,-96.697315,4
BinniBusRC08,17.100048,-96.697301,5
BinniBusRC08,17.1,-96.697264,6
BinniBusRC08,17.099853,-96.697016,7
BinniBusRC08,17.099638,-96.696728,8
BinniBusRC08,17.099495,-96.696513,9
BinniBusRC08,17.09935,-96.696285,10
BinniBusRC08,17.099095,-96.695862,11
BinniBusRC08,17.098962,-96.695656,12
BinniBusRC08,17.098854,-96.695606,13
BinniBusRC08,17.098444,-96.695457,14
BinniBusRC08,17.098212,-96.695415,15
BinniBusRC08,17.097855,-96.695444,16
BinniBusRC08,17.097658,-96.695525,17
BinniBusRC08,17.096941,-96.696321,18
BinniBusRC08,17.096646,-96.696656,19
BinniBusRC08,17.096504,-96.696803,20
BinniBusRC08,17.096314,-96.696921,21
BinniBusRC08,17.095534,-96.697247,22
BinniBusRC08,17.09416,-96.69777,23
BinniBusRC08,17.094046,-96.697842,24
BinniBusRC08,17.093987,-96.697902,25
BinniBusRC08,17.093933,-96.698209,26
BinniBusRC08,17.093927,-96.698678,27
BinniBusRC08,17.093929,-96.699048,28
BinniBusRC08,17.093891,-96.699308,29
BinniBusRC08,17.093832,-96.69945,30
BinniBusRC08,17.093381,-96.699934,31
BinniBusRC08,17.092981,-96.70033,32
BinniBusRC08,17.092977,-96.700334,33
BinniBusRC08,17.092784,-96.700592,34
BinniBusRC08,17.092781,-96.700598,35
BinniBusRC08,17.092686,-96.700851,36
BinniBusRC08,17.092635,-96.701235,37
BinniBusRC08,17.092624,-96.701407,38
BinniBusRC08,17.092662,-96.701519,39
BinniBusRC08,17.092772,-96.701811,40
BinniBusRC08,17.092824,-96.702041,41
BinniBusRC08,17.092884,-96.702292,42
BinniBusRC08,17.092884,-96.702304,43
BinniBusRC08,17.092966,-96.702648,44
BinniBusRC08,17.092986,-96.702832,45
BinniBusRC08,17.092971,-96.702979,46
BinniBusRC08,17.092915,-96.703108,47
BinniBusRC08,17.093073,-96.703516,48
BinniBusRC08,17.093702,-96.704854,49
BinniBusRC08,17.093966,-96.705405,50
BinniBusRC08,17.094306,-96.706129,51
BinniBusRC08,17.094452,-96.706394,52
BinniBusRC08,17.094594,-96.706712,53
BinniBusRC08,17.094751,-96.707019,54
BinniBusRC08,17.094776,-96.707111,55
BinniBusRC08,17.094771,-96.707184,56
BinniBusRC08,17.094716,-96.707255,57
BinniBusRC08,17.093285,-96.708002,58
BinniBusRC08,17.091734,-96.708791,59
BinniBusRC08,17.090168,-96.709584,60
BinniBusRC08,17.089539,-96.709913,61
BinniBusRC08,17.089534,-96.709915,62
BinniBusRC08,17.089358,-96.710076,63
BinniBusRC08,17.08912,-96.710276,64
BinniBusRC08,17.088791,-96.710553,65
BinniBusRC08,17.088505,-96.710739,66
BinniBusRC08,17.087408,-96.711404,67
BinniBusRC08,17.086764,-96.711764,68
BinniBusRC08,17.086617,-96.711886,69
BinniBusRC08,17.086548,-96.711952,70
BinniBusRC08,17.086441,-96.712119,71
BinniBusRC08,17.086405,-96.712167,72
BinniBusRC08,17.086373,-96.712186,73
BinniBusRC08,17.086315,-96.712188,74
BinniBusRC08,17.086179,-96.712141,75
BinniBusRC08,17.086117,-96.712044,76
BinniBusRC08,17.086096,-96.71194,77
BinniBusRC08,17.086013,-96.711795,78
BinniBusRC08,17.085827,-96.711629,79
BinniBusRC08,17.085617,-96.71149,80
BinniBusRC08,17.085282,-96.711389,81
BinniBusRC08,17.084984,-96.711333,82
BinniBusRC08,17.084573,-96.711382,83
BinniBusRC08,17.084299,-96.71147,84
BinniBusRC08,17.083978,-96.711623,85
BinniBusRC08,17.083594,-96.711867,86
BinniBusRC08,17.083498,-96.711925,87
BinniBusRC08,17.083214,-96.711969,88
BinniBusRC08,17.082497,-96.71207,89
BinniBusRC08,17.081533,-96.712174,90
BinniBusRC08,17.080507,-96.712294,91
BinniBusRC08,17.079353,-96.712471,92
BinniBusRC08,17.078258,-96.712604,93
BinniBusRC08,17.077091,-96.712776,94
BinniBusRC08,17.076028,-96.712918,95
BinniBusRC08,17.074975,-96.713062,96
BinniBusRC08,17.073896,-96.713212,97
BinniBusRC08,17.072625,-96.713408,98
BinniBusRC08,17.072163,-96.713454,99
BinniBusRC08,17.070878,-96.713637,100
BinniBusRC08,17.068804,-96.713905,101
BinniBusRC08,17.06694,-96.714169,102
BinniBusRC08,17.065673,-96.714334,103
BinniBusRC08,17.065534,-96.714353,104
BinniBusRC08,17.065432,-96.714387,105
BinniBusRC08,17.065264,-96.714374,106
BinniBusRC08,17.065059,-96.714353,107
BinniBusRC08,17.064624,-96.714298,108
BinniBusRC08,17.063642,-96.714225,109
BinniBusRC08,17.062997,-96.714191,110
BinniBusRC08,17.061846,-96.714123,111
BinniBusRC08,17.06148,-96.714074,112
BinniBusRC08,17.0612,-96.713965,113
BinniBusRC08,17.060734,-96.713777,114
BinniBusRC08,17.060216,-96.713552,115
BinniBusRC08,17.059007,-96.713065,116
BinniBusRC08,17.058603,-96.712958,117
BinniBusRC08,17.058467,-96.712911,118
BinniBusRC08,17.058325,-96.712902,119
BinniBusRC08,17.05772,-96.712943,120
BinniBusRC08,17.05669,-96.713009,121
BinniBusRC08,17.055584,-96.713155,122
BinniBusRC08,17.055002,-96.713228,123
BinniBusRC08,17.054645,-96.713327,124
BinniBusRC08,17.054425,-96.713438,125
BinniBusRC08,17.054312,-96.713524,126
BinniBusRC08,17.054154,-96.713695,127
BinniBusRC08,17.053998,-96.714095,128
BinniBusRC08,17.053693,-96.715271,129
BinniBusRC08,17.053507,-96.715997,130
BinniBusRC08,17.053196,-96.717251,131
BinniBusRC08,17.052656,-96.719448,132
BinniBusRC08,17.052161,-96.72134,133
BinniBusRC08,17.051395,-96.724397,134
BinniBusRC08,17.051258,-96.724891,135
BinniBusRC08,17.051105,-96.725416,136
BinniBusRC08,17.051105,-96.725421,137
BinniBusRC08,17.051067,-96.725828,138
BinniBusRC08,17.050997,-96.726144,139
BinniBusRC08,17.050998,-96.726166,140
BinniBusRC08,17.050998,-96.726169,141
BinniBusRC08,17.050903,-96.726371,142
BinniBusRC08,17.050901,-96.726376,143
BinniBusRC08,17.050743,-96.726901,144
BinniBusRC08,17.050671,-96.727303,145
BinniBusRC08,17.050663,-96.727587,146
BinniBusRC08,17.050687,-96.727817,147
BinniBusRC08,17.050859,-96.728264,148
BinniBusRC08,17.051118,-96.728588,149
BinniBusRC08,17.051382,-96.728782,150
BinniBusRC08,17.051759,-96.728948,151
BinniBusRC08,17.051771,-96.728955,152
BinniBusRC08,17.052264,-96.729079,153
BinniBusRC08,17.053732,-96.729533,154
BinniBusRC08,17.054669,-96.729839,155
BinniBusRC08,17.054997,-96.729966,156
BinniBusRC08,17.05527,-96.730078,157
BinniBusRC08,17.055278,-96.730083,158
BinniBusRC08,17.0553,-96.730095,159
BinniBusRC08,17.055479,-96.730167,160
BinniBusRC08,17.056226,-96.730422,161
BinniBusRC08,17.056454,-96.730492,162
BinniBusRC08,17.056728,-96.730613,163
BinniBusRC08,17.057194,-96.730931,164
BinniBusRC08,17.058607,-96.731928,165
BinniBusRC08,17.059589,-96.732645,166
BinniBusRC08,17.059714,-96.732833,167
BinniBusRC08,17.060206,-96.733198,168
BinniBusRC08,17.060602,-96.733458,169
BinniBusRC08,17.060964,-96.733608,170
BinniBusRC08,17.062066,-96.734396,171
BinniBusRC08,17.062533,-96.734756,172
BinniBusRC08,17.063054,-96.735138,173
BinniBusRC08,17.063871,-96.73565,174
BinniBusRC08,17.064359,-96.735883,175
BinniBusRC08,17.064954,-96.736152,176
BinniBusRC08,17.065245,-96.736244,177
BinniBusRC08,17.06547,-96.736291,178
BinniBusRC08,17.065687,-96.736256,179
BinniBusRC08,17.065892,-96.736159,180
BinniBusRC08,17.066041,-96.736032,181
BinniBusRC08,17.066043,-96.736026,182
BinniBusRC08,17.066096,-96.735926,183
BinniBusRC08,17.066116,-96.735758,184
BinniBusRC08,17.066156,-96.735578,185
BinniBusRC08,17.066158,-96.735572,186
BinniBusRC08,17.066263,-96.735404,187
BinniBusRC08,17.066365,-96.73536,188
BinniBusRC08,17.066469,-96.735266,189
BinniBusRC08,17.066554,-96.735023,190
BinniBusRC08,17.066655,-96.734698,191
BinniBusRC08,17.066696,-96.734569,192
BinniBusRC08,17.066735,-96.734515,193
BinniBusRC08,17.066784,-96.734486,194
BinniBusRC08,17.06684,-96.734495,195
BinniBusRC08,17.067086,-96.734679,196
BinniBusRC08,17.067517,-96.735085,197
BinniBusRC08,17.068144,-96.735497,198
BinniBusRC08,17.068814,-96.735864,199
BinniBusRC08,17.069619,-96.736205,200
BinniBusRC08,17.070156,-96.736428,201
BinniBusRC08,17.070725,-96.736585,202
BinniBusRC08,17.07073,-96.736584,203
BinniBusRC08,17.070956,-96.736659,204
BinniBusRC08,17.071181,-96.736775,205
BinniBusRC08,17.071793,-96.737092,206
BinniBusRC08,17.072433,-96.737444,207
BinniBusRC08,17.073108,-96.737819,208
BinniBusRC08,17.073849,-96.738259,209
BinniBusRC08,17.074405,-96.738589,210
BinniBusRC08,17.075123,-96.739071,211
BinniBusRC08,17.075514,-96.739422,212
BinniBusRC08,17.07589,-96.739708,213
BinniBusRC08,17.076725,-96.740065,214
BinniBusRC08,17.077646,-96.740489,215
BinniBusRC08,17.078831,-96.741019,216
BinniBusRC08,17.079781,-96.741449,217
BinniBusRC08,17.079964,-96.741512,218
BinniBusRC08,17.080155,-96.741602,219
BinniBusRC08,17.080373,-96.741806,220
BinniBusRC08,17.080693,-96.742338,221
BinniBusRC08,17.080934,-96.742656,222
BinniBusRC08,17.08129,-96.742941,223
BinniBusRC08,17.081695,-96.74312,224
BinniBusRC08,17.082251,-96.743381,225
BinniBusRC08,17.082661,-96.743551,226
BinniBusRC08,17.082742,-96.743587,227
BinniBusRC08,17.082821,-96.74357,228
BinniBusRC08,17.082838,-96.743523,229
BinniBusRC08,17.083447,-96.742142,230
BinniBusRC08,17.08369,-96.74161,231
BinniBusRC08,17.083797,-96.741443,232
BinniBusRC08,17.083855,-96.741268,233
BinniBusRC08,17.08401,-96.741213,234
BinniBusRC08,17.084358,-96.741129,235
BinniBusRC08,17.084643,-96.741039,236
BinniBusRC08,17.084646,-96.741038,237
BinniBusRC08,17.084831,-96.740897,238
BinniBusRC08,17.085147,-96.740318,239
BinniBusRC08,17.085301,-96.740131,240
BinniBusRC08,17.085489,-96.740094,241
BinniBusRC08,17.085754,-96.740126,242
BinniBusRC08,17.086003,-96.740497,243
BinniBusRC08,17.086164,-96.740709,244
BinniBusRC08,17.086588,-96.740875,245
BinniBusRC08,17.086914,-96.741004,246
BinniBusRC08,17.086921,-96.741006,247
BinniBusRC08,17.087196,-96.741133,248
BinniBusRC08,17.087363,-96.741149,249
BinniBusRC08,17.087599,-96.741084,250
BinniBusRC08,17.087879,-96.740848,251
BinniBusRC08,17.08863,-96.740126,252
BinniBusRC08,17.088716,-96.74005,253
BinniBusRC08,17.088813,-96.740014,254
BinniBusRC08,17.088947,-96.739994,255
BinniBusRC08,17.089126,-96.739965,256
BinniBusRC08,17.089296,-96.740064,257
BinniBusRC08,17.089426,-96.740301,258
BinniBusRC08,17.08951,-96.740742,259
BinniBusRC08,17.089552,-96.741108,260
BinniBusRC08,17.089578,-96.741448,261
BinniBusRC08,17.089727,-96.741915,262
BinniBusRC08,17.089835,-96.742197,263
BinniBusRC08,17.09004,-96.742384,264
BinniBusRC08,17.090283,-96.742542,265
BinniBusRC08,17.090452,-96.742585,266
BinniBusRC08,17.09059,-96.7426,267
BinniBusRC08,17.090836,-96.742606,268
BinniBusRC08,17.091172,-96.742794,269
BinniBusRC08,17.091433,-96.743003,270
BinniBusRC08,17.091614,-96.74321,271
BinniBusRC08,17.091823,-96.743338,272
BinniBusRC08,17.092025,-96.743393,273
BinniBusRC08,17.092165,-96.743382,274
BinniBusRC08,17.092279,-96.743219,275
BinniBusRC08,17.092513,-96.742856,276
BinniBusRC08,17.092599,-96.74267,277
BinniBusRC08,17.092645,-96.742248,278
BinniBusRC08,17.092726,-96.741937,279
BinniBusRC08,17.092787,-96.741797,280
BinniBusRC08,17.092873,-96.741652,281
BinniBusRC08,17.093001,-96.741635,282
BinniBusRC08,17.0931,-96.741651,283
BinniBusRC08,17.093244,-96.74167,284
BinniBusRC08,17.093738,-96.7415,285
BinniBusRC08,17.094311,-96.741265,286
BinniBusRC08,17.094323,-96.74126,287
BinniBusRC08,17.094557,-96.741197,288
BinniBusRC08,17.09457,-96.741191,289
BinniBusRC08,17.094577,-96.741188,290
BinniBusRC08,17.094896,-96.741088,291
BinniBusRC08,17.094914,-96.741083,292
BinniBusRC08,17.094921,-96.74108,293
BinniBusRC08,17.09526,-96.740943,294
BinniBusRC08,17.095386,-96.74093,295
BinniBusRC08,17.095494,-96.740985,296
BinniBusRC08,17.095739,-96.741239,297
BinniBusRC08,17.095749,-96.741245,298
BinniBusRC08,17.095914,-96.741296,299
BinniBusRC08,17.09592,-96.741298,300
BinniBusRC08,17.096062,-96.741322,301
BinniBusRC08,17.096076,-96.741327,302
BinniBusRC08,17.096161,-96.741409,303
BinniBusRC08,17.096161,-96.741412,304
BinniBusRC08,17.096169,-96.741425,305
BinniBusRC08,17.096208,-96.741594,306
BinniBusRC08,17.096209,-96.741608,307
BinniBusRC08,17.096139,-96.74192,308
BinniBusRC08,17.095922,-96.742666,309
BinniBusRC08,17.095865,-96.74295,310
BinniBusRC08,17.095872,-96.743177,311
BinniBusRC08,17.09594,-96.743277,312
BinniBusRC08,17.095945,-96.743283,313
BinniBusRC08,17.095999,-96.74337,314
BinniBusRC08,17.096001,-96.743374,315
BinniBusRC08,17.096029,-96.743491,316
BinniBusRC08,17.096029,-96.7435,317
BinniBusRC08,17.09603,-96.743505,318
BinniBusRC08,17.096065,-96.743779,319
BinniBusRC08,17.096121,-96.7441,320
BinniBusRC08,17.096124,-96.744112,321
BinniBusRC08,17.096124,-96.744114,322
BinniBusRC08,17.096224,-96.744267,323
BinniBusRC08,17.096229,-96.744269,324
BinniBusRC08,17.096373,-96.744309,325
BinniBusRC08,17.09651,-96.744279,326
BinniBusRC08,17.096519,-96.744274,327
BinniBusRC08,17.096532,-96.744268,328
BinniBusRC08,17.096678,-96.744183,329
BinniBusRC08,17.09671,-96.744011,330
BinniBusRC08,17.096679,-96.74377,331
BinniBusRC08,17.096663,-96.743609,332
BinniBusRC08,17.096696,-96.743481,333
BinniBusRC08,17.096638,-96.743302,334
BinniBusRC08,17.096584,-96.743082,335
BinniBusRC08,17.096611,-96.742794,336
BinniBusRC08,17.096722,-96.742503,337
BinniBusRC08,17.096827,-96.742277,338
BinniBusRC08,17.096983,-96.741621,339
BinniBusRC08,17.097047,-96.741131,340
BinniBusRC08,17.097051,-96.740951,341
BinniBusRC08,17.097025,-96.740829,342
BinniBusRC08,17.097027,-96.74075,343
BinniBusRC08,17.097209,-96.740528,344
BinniBusRC08,17.097382,-96.740344,345
BinniBusRC08,17.097799,-96.739887,346
BinniBusRC08,17.098122,-96.739636,347
BinniBusRC08,17.098334,-96.739424,348
BinniBusRC08,17.098373,-96.739288,349
BinniBusRC08,17.098377,-96.739285,350
BinniBusRC08,17.098478,-96.739247,351
BinniBusRC08,17.098484,-96.739246,352
BinniBusRC08,17.098681,-96.739176,353
BinniBusRC08,17.098888,-96.739033,354
BinniBusRC08,17.099023,-96.73885,355
BinniBusRC08,17.099152,-96.738638,356
BinniBusRC08,17.099161,-96.738623,357
BinniBusRC08,17.099218,-96.738579,358
BinniBusRC08,17.099295,-96.738531,359
BinniBusRC08,17.099389,-96.738505,360
BinniBusRC08,17.099541,-96.738461,361
BinniBusRC08,17.099707,-96.738381,362
BinniBusRC08,17.099949,-96.738269,363
BinniBusRC08,17.10002,-96.738215,364
BinniBusRC08,17.100148,-96.738111,365
BinniBusRC08,17.100269,-96.737958,366
BinniBusRC08,17.100328,-96.737894,367
BinniBusRC08,17.100432,-96.737843,368
BinniBusRC08,17.100509,-96.737848,369
BinniBusRC08,17.100576,-96.737908,370
BinniBusRC08,17.100698,-96.738014,371
BinniBusRC08,17.100898,-96.738175,372
BinniBusRC08,17.101065,-96.738345,373
BinniBusRC08,17.101125,-96.738452,374
BinniBusRC08,17.101152,-96.738583,375
BinniBusRC08,17.101215,-96.73868,376
BinniBusRC08,17.101281,-96.738733,377
BinniBusRC08,17.101391,-96.738763,378
BinniBusRC08,17.101577,-96.738784,379
BinniBusRC08,17.101715,-96.738879,380
BinniBusRC08,17.101962,-96.73905,381
BinniBusRC08,17.102236,-96.739381,382
BinniBusRC08,17.102329,-96.739586,383
BinniBusRC08,17.102418,-96.739712,384
BinniBusRC08,17.102422,-96.739844,385
BinniBusRC08,17.102351,-96.739966,386
BinniBusRC08,17.102198,-96.740113,387
BinniBusRC08,17.101963,-96.740245,388
BinniBusRC08,17.101946,-96.740255,389
BinniBusRC08,17.101816,-96.740324,390
BinniBusRC08,17.10181,-96.740327,391
BinniBusRC08,17.101678,-96.740382,392
BinniBusRC08,17.101636,-96.740412,393
BinniBusRC08,17.101632,-96.740415,394
BinniBusRC08,17.101627,-96.740422,395
BinniBusRC08,17.101592,-96.740473,396
BinniBusRC08,17.101598,-96.740538,397
BinniBusRC08,17.101597,-96.740549,398
BinniBusRC08,17.101598,-96.740557,399
BinniBusRC08,17.101595,-96.740562,400
BinniBusRC08,17.101589,-96.740639,401
BinniBusRC08,17.10159,-96.740643,402
BinniBusRC08,17.101588,-96.740652,403
BinniBusRC08,17.101587,-96.740662,404
BinniBusRC08,17.101572,-96.740765,405
BinniBusRC08,17.101516,-96.740832,406
BinniBusRC08,17.101444,-96.740898,407
BinniBusRC08,17.101445,-96.740976,408
BinniBusRC08,17.101442,-96.741055,409
BinniBusRC08,17.101495,-96.741134,410
BinniBusRC08,17.101631,-96.741254,411
BinniBusRC08,17.101751,-96.741334,412
BinniBusRC08,17.101757,-96.741335,413
BinniBusRC08,17.101767,-96.741343,414
BinniBusRC08,17.10181,-96.741465,415
BinniBusRC08,17.101811,-96.741475,416
BinniBusRC08,17.101816,-96.741488,417
BinniBusRC08,17.101854,-96.741655,418
BinniBusRC08,17.101918,-96.741905,419
BinniBusRC08,17.10196,-96.742129,420
BinniBusRC08,17.101961,-96.74214,421
BinniBusRC08,17.101962,-96.74215,422
BinniBusRC08,17.101987,-96.742306,423
BinniBusRC08,17.102097,-96.742495,424
BinniBusRC08,17.102254,-96.742685,425
BinniBusRC08,17.102409,-96.742864,426
BinniBusRC08,17.102523,-96.743103,427
BinniBusRC08,17.102527,-96.743307,428
BinniBusRC08,17.102492,-96.743432,429
BinniBusRC08,17.102378,-96.743602,430
BinniBusRC08,17.102168,-96.743835,431
BinniBusRC08,17.101948,-96.744087,432
BinniBusRC08,17.101816,-96.744336,433
BinniBusRC08,17.101735,-96.744538,434
BinniBusRC08,17.101583,-96.744867,435
BinniBusRC08,17.101451,-96.745045,436
BinniBusRC08,17.101449,-96.745048,437
BinniBusRC08,17.101358,-96.745183,438
BinniBusRC08,17.10133,-96.745278,439
BinniBusRC08,17.101362,-96.745327,440
BinniBusRC08,17.101436,-96.745419,441
BinniBusRC08,17.101619,-96.745534,442
BinniBusRC08,17.101685,-96.745634,443
BinniBusRC08,17.101671,-96.7459,444
BinniBusRC08,17.101622,-96.746127,445
BinniBusRC08,17.101555,-96.746309,446
BinniBusRC08,17.101554,-96.746317,447
BinniBusRC08,17.101473,-96.746389,448
BinniBusRC08,17.101283,-96.746457,449
BinniBusRC08,17.101175,-96.746512,450
BinniBusRC08,17.101173,-96.746514,451
BinniBusRC08,17.101063,-96.74659,452
BinniBusRC08,17.10098,-96.746684,453
BinniBusRC08,17.100861,-96.747018,454
BinniBusRC08,17.100591,-96.747711,455
BinniBusRC08,17.10015,-96.748843,456
BinniBusRC08,17.099534,-96.750461,457
BinniBusRC08,17.099463,-96.750669,458
BinniBusRC08,17.099455,-96.750737,459
BinniBusRC08,17.099484,-96.750775,460
BinniBusRC08,17.099567,-96.750838,461
BinniBusRC08,17.100178,-96.751138,462
BinniBusRC08,17.101245,-96.751611,463
BinniBusRC08,17.102126,-96.752005,464
BinniBusRC08,17.102414,-96.752119,465
BinniBusRC08,17.102604,-96.752214,466
BinniBusRC08,17.103074,-96.752411,467
BinniBusRC08,17.103455,-96.752572,468
BinniBusRC08,17.103483,-96.752621,469
BinniBusRC08,17.103481,-96.752626,470
BinniBusRC08,17.103452,-96.75268,471
BinniBusRC08,17.103408,-96.752693,472
BinniBusRC08,17.10335,-96.752677,473
BinniBusRC08,17.102493,-96.75231,474
BinniBusRC08,17.101119,-96.751674,475
BinniBusRC08,17.098931,-96.75077,476
BinniBusRC08,17.096909,-96.749858,477
BinniBusRC08,17.094672,-96.748936,478
BinniBusRC08,17.09263,-96.748041,479
BinniBusRC08,17.08945,-96.746677,480
BinniBusRC08,17.087184,-96.745728,481
BinniBusRC08,17.084108,-96.74439,482
BinniBusRC08,17.082615,-96.743729,483
BinniBusRC08,17.08253,-96.74369,484
BinniBusRC08,17.082267,-96.743623,485
BinniBusRC08,17.082248,-96.743616,486
BinniBusRC08,17.081982,-96.743609,487
BinniBusRC08,17.08198,-96.743609,488
BinniBusRC08,17.081343,-96.743611,489
BinniBusRC08,17.080472,-96.743589,490
BinniBusRC08,17.08028,-96.743581,491
BinniBusRC08,17.080275,-96.743582,492
BinniBusRC08,17.080133,-96.743539,493
BinniBusRC08,17.079942,-96.743451,494
BinniBusRC08,17.079291,-96.743112,495
BinniBusRC08,17.078272,-96.742512,496
BinniBusRC08,17.076452,-96.741457,497
BinniBusRC08,17.076035,-96.741277,498
BinniBusRC08,17.075816,-96.741234,499
BinniBusRC08,17.075663,-96.741092,500
BinniBusRC08,17.075652,-96.741083,501
BinniBusRC08,17.075596,-96.740977,502
BinniBusRC08,17.07467,-96.740321,503
BinniBusRC08,17.074526,-96.740211,504
BinniBusRC08,17.073367,-96.739338,505
BinniBusRC08,17.072656,-96.738807,506
BinniBusRC08,17.071984,-96.738398,507
BinniBusRC08,17.070896,-96.737888,508
BinniBusRC08,17.069503,-96.737322,509
BinniBusRC08,17.069075,-96.737118,510
BinniBusRC08,17.068266,-96.736622,511
BinniBusRC08,17.067551,-96.736192,512
BinniBusRC08,17.067209,-96.735982,513
BinniBusRC08,17.066989,-96.735937,514
BinniBusRC08,17.066613,-96.735977,515
BinniBusRC08,17.0666,-96.735979,516
BinniBusRC08,17.066326,-96.736074,517
BinniBusRC08,17.066114,-96.736212,518
BinniBusRC08,17.06593,-96.736322,519
BinniBusRC08,17.065578,-96.736405,520
BinniBusRC08,17.065398,-96.736415,521
BinniBusRC08,17.065392,-96.736416,522
BinniBusRC08,17.065382,-96.736412,523
BinniBusRC08,17.065074,-96.736366,524
BinniBusRC08,17.064586,-96.736166,525
BinniBusRC08,17.064583,-96.736164,526
BinniBusRC08,17.064264,-96.736047,527
BinniBusRC08,17.063929,-96.735863,528
BinniBusRC08,17.063372,-96.735519,529
BinniBusRC08,17.062717,-96.735036,530
BinniBusRC08,17.062142,-96.734629,531
BinniBusRC08,17.061858,-96.734398,532
BinniBusRC08,17.060633,-96.733556,533
BinniBusRC08,17.059329,-96.732659,534
BinniBusRC08,17.0583,-96.731917,535
BinniBusRC08,17.057623,-96.731404,536
BinniBusRC08,17.057387,-96.7312,537
BinniBusRC08,17.056638,-96.730679,538
BinniBusRC08,17.056478,-96.730601,539
BinniBusRC08,17.056266,-96.730509,540
BinniBusRC08,17.055838,-96.730364,541
BinniBusRC08,17.055075,-96.730137,542
BinniBusRC08,17.053586,-96.729676,543
BinniBusRC08,17.053079,-96.729507,544
BinniBusRC08,17.053066,-96.729503,545
BinniBusRC08,17.052522,-96.729369,546
BinniBusRC08,17.052516,-96.72937,547
BinniBusRC08,17.052122,-96.729347,548
BinniBusRC08,17.052114,-96.729348,549
BinniBusRC08,17.051797,-96.729324,550
BinniBusRC08,17.051486,-96.729196,551
BinniBusRC08,17.051167,-96.728998,552
BinniBusRC08,17.050962,-96.728763,553
BinniBusRC08,17.050747,-96.728474,554
BinniBusRC08,17.050603,-96.728209,555
BinniBusRC08,17.050492,-96.727922,556
BinniBusRC08,17.05046,-96.727571,557
BinniBusRC08,17.050519,-96.727224,558
BinniBusRC08,17.050585,-96.726923,559
BinniBusRC08,17.050668,-96.726532,560
BinniBusRC08,17.050712,-96.726227,561
BinniBusRC08,17.05101,-96.725157,562
BinniBusRC08,17.05125,-96.724302,563
BinniBusRC08,17.0518,-96.72202,564
BinniBusRC08,17.052103,-96.720808,565
BinniBusRC08,17.052699,-96.71844,566
BinniBusRC08,17.053338,-96.715766,567
BinniBusRC08,17.053512,-96.715125,568
BinniBusRC08,17.053959,-96.713492,569
BinniBusRC08,17.054078,-96.713146,570
BinniBusRC08,17.054079,-96.713144,571
BinniBusRC08,17.054134,-96.713062,572
BinniBusRC08,17.054178,-96.713029,573
BinniBusRC08,17.054271,-96.71302,574
BinniBusRC08,17.054424,-96.713005,575
BinniBusRC08,17.054567,-96.712996,576
BinniBusRC08,17.054928,-96.712986,577
BinniBusRC08,17.055662,-96.712939,578
BinniBusRC08,17.056651,-96.712824,579
BinniBusRC08,17.057694,-96.712729,580
BinniBusRC08,17.058248,-96.712682,581
BinniBusRC08,17.058482,-96.712709,582
BinniBusRC08,17.058876,-96.712844,583
BinniBusRC08,17.059643,-96.713115,584
BinniBusRC08,17.060349,-96.713428,585
BinniBusRC08,17.06083,-96.713567,586
BinniBusRC08,17.06109,-96.713632,587
BinniBusRC08,17.061248,-96.713703,588
BinniBusRC08,17.061437,-96.713799,589
BinniBusRC08,17.061609,-96.713951,590
BinniBusRC08,17.061826,-96.714029,591
BinniBusRC08,17.06266,-96.714075,592
BinniBusRC08,17.06347,-96.714131,593
BinniBusRC08,17.064331,-96.714197,594
BinniBusRC08,17.065069,-96.714188,595
BinniBusRC08,17.065314,-96.71417,596
BinniBusRC08,17.065611,-96.714185,597
BinniBusRC08,17.066262,-96.71413,598
BinniBusRC08,17.068185,-96.713894,599
BinniBusRC08,17.068974,-96.713789,600
BinniBusRC08,17.070277,-96.713633,601
BinniBusRC08,17.070549,-96.713588,602
BinniBusRC08,17.073198,-96.713232,603
BinniBusRC08,17.075562,-96.712892,604
BinniBusRC08,17.077059,-96.712698,605
BinniBusRC08,17.078128,-96.712531,606
BinniBusRC08,17.079308,-96.712364,607
BinniBusRC08,17.080397,-96.712215,608
BinniBusRC08,17.081533,-96.712041,609
BinniBusRC08,17.082307,-96.711951,610
BinniBusRC08,17.08327,-96.711842,611
BinniBusRC08,17.083417,-96.711817,612
BinniBusRC08,17.083543,-96.711742,613
BinniBusRC08,17.083709,-96.711598,614
BinniBusRC08,17.084093,-96.711408,615
BinniBusRC08,17.084095,-96.711405,616
BinniBusRC08,17.084104,-96.711402,617
BinniBusRC08,17.084392,-96.711284,618
BinniBusRC08,17.084826,-96.711215,619
BinniBusRC08,17.085039,-96.71121,620
BinniBusRC08,17.085334,-96.711253,621
BinniBusRC08,17.085593,-96.711349,622
BinniBusRC08,17.085822,-96.711485,623
BinniBusRC08,17.086012,-96.711617,624
BinniBusRC08,17.086186,-96.711713,625
BinniBusRC08,17.08639,-96.711773,626
BinniBusRC08,17.086584,-96.71173,627
BinniBusRC08,17.086827,-96.711618,628
BinniBusRC08,17.08725,-96.711381,629
BinniBusRC08,17.087669,-96.71112,630
BinniBusRC08,17.088475,-96.710652,631
BinniBusRC08,17.088743,-96.710469,632
BinniBusRC08,17.089207,-96.710073,633
BinniBusRC08,17.089396,-96.709937,634
BinniBusRC08,17.089626,-96.709792,635
BinniBusRC08,17.090032,-96.709601,636
BinniBusRC08,17.090116,-96.709551,637
BinniBusRC08,17.091523,-96.708852,638
BinniBusRC08,17.093292,-96.707952,639
BinniBusRC08,17.094722,-96.707199,640
BinniBusRC08,17.094751,-96.707156,641
BinniBusRC08,17.094745,-96.707106,642
BinniBusRC08,17.094447,-96.70652,643
BinniBusRC08,17.093694,-96.70495,644
BinniBusRC08,17.093387,-96.70428,645
BinniBusRC08,17.093136,-96.70379,646
BinniBusRC08,17.092877,-96.703219,647
BinniBusRC08,17.092882,-96.703118,648
BinniBusRC08,17.09291,-96.703004,649
BinniBusRC08,17.09296,-96.702857,650
BinniBusRC08,17.09296,-96.702852,651
BinniBusRC08,17.092937,-96.702679,652
BinniBusRC08,17.092936,-96.702677,653
BinniBusRC08,17.092894,-96.702429,654
BinniBusRC08,17.092788,-96.702021,655
BinniBusRC08,17.092734,-96.701831,656
BinniBusRC08,17.092676,-96.701649,657
BinniBusRC08,17.092673,-96.70164,658
BinniBusRC08,17.092667,-96.701628,659
BinniBusRC08,17.092582,-96.701403,660
BinniBusRC08,17.092599,-96.70116,661
BinniBusRC08,17.0926,-96.70115,662
BinniBusRC08,17.092623,-96.70091,663
BinniBusRC08,17.092667,-96.70072,664
BinniBusRC08,17.092758,-96.700544,665
BinniBusRC08,17.092876,-96.700368,666
BinniBusRC08,17.09342,-96.699815,667
BinniBusRC08,17.093794,-96.699371,668
BinniBusRC08,17.093856,-96.69927,669
BinniBusRC08,17.093879,-96.699099,670
BinniBusRC08,17.093873,-96.698881,671
BinniBusRC08,17.093874,-96.698591,672
BinniBusRC08,17.093874,-96.698588,673
BinniBusRC08,17.093869,-96.698289,674
BinniBusRC08,17.093869,-96.698285,675
BinniBusRC08,17.093879,-96.698016,676
BinniBusRC08,17.093909,-96.697883,677
BinniBusRC08,17.09391,-96.69788,678
BinniBusRC08,17.094108,-96.697744,679
BinniBusRC08,17.095275,-96.697294,680
BinniBusRC08,17.096138,-96.696953,681
BinniBusRC08,17.096397,-96.696828,682
BinniBusRC08,17.096401,-96.696825,683
BinniBusRC08,17.096637,-96.696591,684
BinniBusRC08,17.097105,-96.696061,685
BinniBusRC08,17.097574,-96.695531,686
BinniBusRC08,17.097742,-96.695418,687
BinniBusRC08,17.097983,-96.695383,688
BinniBusRC08,17.098273,-96.695383,689
BinniBusRC08,17.098275,-96.695382,690
BinniBusRC08,17.098538,-96.69542,691
BinniBusRC08,17.098812,-96.69553,692
BinniBusRC08,17.098912,-96.695578,693
BinniBusRC08,17.09904,-96.695685,694
BinniBusRC08,17.099328,-96.696138,695
BinniBusRC08,17.09949,-96.696446,696
BinniBusRC08,17.099543,-96.696452,697
BinniBusRC08,17.101215,-96.695944,698
BinniBusRC08,17.10226,-96.695655,699
BinniBusRC08,17.103126,-96.695409,700
BinniBusRC08,17.103201,-96.695409,701
BinniBusRC08,17.103242,-96.695453,702
BinniBusRC08,17.103242,-96.695457,703
BinniBusRC08,17.103314,-96.695732,704
BinniBusRC08,17.103406,-96.696074,705
BinniBusRC08,17.103449,-96.696282,706
BinniBusRC08,17.103441,-96.696358,707
BinniBusRC08,17.103398,-96.696387,708
BinniBusRC08,17.102492,-96.696619,709
BinniBusRC09,17.100772,-96.743234,1
BinniBusRC09,17.100666,-96.743053,2
BinniBusRC09,17.100506,-96.742889,3
BinniBusRC09,17.100444,-96.742893,4
BinniBusRC09,17.10037,-96.742954,5
BinniBusRC09,17.100125,-96.74312,6
BinniBusRC09,17.100063,-96.743159,7
BinniBusRC09,17.099988,-96.743198,8
BinniBusRC09,17.09991,-96.743219,9
BinniBusRC09,17.099349,-96.743314,10
BinniBusRC09,17.099122,-96.743344,11
BinniBusRC09,17.098926,-96.743294,12
BinniBusRC09,17.097786,-96.742889,13
BinniBusRC09,17.097681,-96.74283,14
BinniBusRC09,17.097525,-96.742691,15
BinniBusRC09,17.097448,-96.742649,16
BinniBusRC09,17.097363,-96.742653,17
BinniBusRC09,17.097317,-96.74268,18
BinniBusRC09,17.097291,-96.742712,19
BinniBusRC09,17.097248,-96.742763,20
BinniBusRC09,17.097213,-96.742818,21
BinniBusRC09,17.097188,-96.742885,22
BinniBusRC09,17.097172,-96.742958,23
BinniBusRC09,17.097167,-96.74303,24
BinniBusRC09,17.097166,-96.743089,25
BinniBusRC09,17.097168,-96.743179,26
BinniBusRC09,17.097176,-96.743219,27
BinniBusRC09,17.097191,-96.743281,28
BinniBusRC09,17.097223,-96.743347,29
BinniBusRC09,17.097323,-96.743583,30
BinniBusRC09,17.097434,-96.743831,31
BinniBusRC09,17.097476,-96.743945,32
BinniBusRC09,17.097496,-96.744033,33
BinniBusRC09,17.097499,-96.744122,34
BinniBusRC09,17.09749,-96.744224,35
BinniBusRC09,17.097468,-96.744319,36
BinniBusRC09,17.097438,-96.744382,37
BinniBusRC09,17.097376,-96.744429,38
BinniBusRC09,17.097302,-96.744489,39
BinniBusRC09,17.097223,-96.744535,40
BinniBusRC09,17.097154,-96.744563,41
BinniBusRC09,17.097048,-96.744595,42
BinniBusRC09,17.096903,-96.744625,43
BinniBusRC09,17.096752,-96.744649,44
BinniBusRC09,17.096656,-96.744688,45
BinniBusRC09,17.096435,-96.74475,46
BinniBusRC09,17.096316,-96.744741,47
BinniBusRC09,17.096236,-96.744732,48
BinniBusRC09,17.096061,-96.744662,49
BinniBusRC09,17.095957,-96.744615,50
BinniBusRC09,17.095879,-96.74454,51
BinniBusRC09,17.095813,-96.744434,52
BinniBusRC09,17.095768,-96.744291,53
BinniBusRC09,17.095763,-96.74415,54
BinniBusRC09,17.0958,-96.743933,55
BinniBusRC09,17.095836,-96.743742,56
BinniBusRC09,17.095858,-96.743561,57
BinniBusRC09,17.095848,-96.743194,58
BinniBusRC09,17.095843,-96.742952,59
BinniBusRC09,17.095838,-96.742864,60
BinniBusRC09,17.095892,-96.742649,61
BinniBusRC09,17.095927,-96.742474,62
BinniBusRC09,17.096026,-96.742188,63
BinniBusRC09,17.096131,-96.741822,64
BinniBusRC09,17.09617,-96.741614,65
BinniBusRC09,17.096166,-96.741589,66
BinniBusRC09,17.096134,-96.74149,67
BinniBusRC09,17.096081,-96.741424,68
BinniBusRC09,17.096034,-96.741388,69
BinniBusRC09,17.095898,-96.741327,70
BinniBusRC09,17.095745,-96.741283,71
BinniBusRC09,17.095717,-96.741267,72
BinniBusRC09,17.095654,-96.74122,73
BinniBusRC09,17.095579,-96.74114,74
BinniBusRC09,17.095513,-96.741062,75
BinniBusRC09,17.095444,-96.740972,76
BinniBusRC09,17.095396,-96.740953,77
BinniBusRC09,17.095349,-96.740934,78
BinniBusRC09,17.095282,-96.740936,79
BinniBusRC09,17.09513,-96.741007,80
BinniBusRC09,17.094965,-96.741087,81
BinniBusRC09,17.094636,-96.741192,82
BinniBusRC09,17.094343,-96.741263,83
BinniBusRC09,17.093907,-96.741433,84
BinniBusRC09,17.093589,-96.741542,85
BinniBusRC09,17.09341,-96.741613,86
BinniBusRC09,17.093219,-96.741659,87
BinniBusRC09,17.093148,-96.741676,88
BinniBusRC09,17.093036,-96.741651,89
BinniBusRC09,17.09298,-96.74163,90
BinniBusRC09,17.092928,-96.741636,91
BinniBusRC09,17.092876,-96.74165,92
BinniBusRC09,17.092848,-96.741697,93
BinniBusRC09,17.092754,-96.74193,94
BinniBusRC09,17.0927,-96.742082,95
BinniBusRC09,17.092672,-96.742182,96
BinniBusRC09,17.092641,-96.742339,97
BinniBusRC09,17.092632,-96.742418,98
BinniBusRC09,17.092631,-96.742507,99
BinniBusRC09,17.092621,-96.74258,100
BinniBusRC09,17.092607,-96.742662,101
BinniBusRC09,17.09259,-96.74274,102
BinniBusRC09,17.092557,-96.742834,103
BinniBusRC09,17.092516,-96.742905,104
BinniBusRC09,17.092473,-96.74298,105
BinniBusRC09,17.092404,-96.743052,106
BinniBusRC09,17.092332,-96.743117,107
BinniBusRC09,17.092272,-96.743212,108
BinniBusRC09,17.092199,-96.74333,109
BinniBusRC09,17.092145,-96.743401,110
BinniBusRC09,17.091999,-96.743573,111
BinniBusRC09,17.091922,-96.743681,112
BinniBusRC09,17.091893,-96.743736,113
BinniBusRC09,17.091867,-96.743904,114
BinniBusRC09,17.091998,-96.743931,115
BinniBusRC09,17.092987,-96.744229,116
BinniBusRC09,17.09301,-96.744282,117
BinniBusRC09,17.092334,-96.746514,118
BinniBusRC09,17.091421,-96.746122,119
BinniBusRC09,17.090914,-96.747082,120
BinniBusRC09,17.090808,-96.747266,121
BinniBusRC09,17.089419,-96.746707,122
BinniBusRC09,17.08787,-96.745999,123
BinniBusRC09,17.086316,-96.745296,124
BinniBusRC09,17.085588,-96.745006,125
BinniBusRC09,17.084963,-96.744717,126
BinniBusRC09,17.083814,-96.744266,127
BinniBusRC09,17.083096,-96.743928,128
BinniBusRC09,17.082753,-96.743816,129
BinniBusRC09,17.082445,-96.743622,130
BinniBusRC09,17.082286,-96.743633,131
BinniBusRC09,17.081866,-96.743617,132
BinniBusRC09,17.081225,-96.743601,133
BinniBusRC09,17.080594,-96.743569,134
BinniBusRC09,17.080214,-96.743499,135
BinniBusRC09,17.080004,-96.74344,136
BinniBusRC09,17.079048,-96.742917,137
BinniBusRC09,17.078917,-96.742909,138
BinniBusRC09,17.078707,-96.742786,139
BinniBusRC09,17.07822,-96.742485,140
BinniBusRC09,17.07694,-96.741758,141
BinniBusRC09,17.076089,-96.741281,142
BinniBusRC09,17.075968,-96.741249,143
BinniBusRC09,17.075915,-96.741254,144
BinniBusRC09,17.07583,-96.741214,145
BinniBusRC09,17.075712,-96.741147,146
BinniBusRC09,17.075576,-96.74101,147
BinniBusRC09,17.075502,-96.740873,148
BinniBusRC09,17.074974,-96.740519,149
BinniBusRC09,17.074561,-96.740232,150
BinniBusRC09,17.073517,-96.739442,151
BinniBusRC09,17.072666,-96.738789,152
BinniBusRC09,17.072243,-96.738486,153
BinniBusRC09,17.072187,-96.738456,154
BinniBusRC09,17.071992,-96.738365,155
BinniBusRC09,17.0718,-96.738255,156
BinniBusRC09,17.070948,-96.737841,157
BinniBusRC09,17.069983,-96.737492,158
BinniBusRC09,17.069688,-96.737377,159
BinniBusRC09,17.069296,-96.737197,160
BinniBusRC09,17.069162,-96.737122,161
BinniBusRC09,17.068032,-96.736433,162
BinniBusRC09,17.067785,-96.73628,163
BinniBusRC09,17.067108,-96.735854,164
BinniBusRC09,17.066957,-96.735899,165
BinniBusRC09,17.066688,-96.735972,166
BinniBusRC09,17.066442,-96.735974,167
BinniBusRC09,17.066265,-96.735904,168
BinniBusRC09,17.066157,-96.735843,169
BinniBusRC09,17.066119,-96.735719,170
BinniBusRC09,17.066101,-96.735534,171
BinniBusRC09,17.066083,-96.735266,172
BinniBusRC09,17.066057,-96.735215,173
BinniBusRC09,17.065401,-96.734764,174
BinniBusRC09,17.065247,-96.734665,175
BinniBusRC09,17.064868,-96.734349,176
BinniBusRC09,17.064539,-96.734059,177
BinniBusRC09,17.064421,-96.733946,178
BinniBusRC09,17.064211,-96.733735,179
BinniBusRC09,17.064132,-96.733681,180
BinniBusRC09,17.063801,-96.733214,181
BinniBusRC09,17.063698,-96.733069,182
BinniBusRC09,17.063468,-96.732568,183
BinniBusRC09,17.063368,-96.732139,184
BinniBusRC09,17.06329,-96.731476,185
BinniBusRC09,17.063047,-96.730216,186
BinniBusRC09,17.062479,-96.727514,187
BinniBusRC09,17.062237,-96.727552,188
BinniBusRC09,17.062056,-96.727586,189
BinniBusRC09,17.061551,-96.727684,190
BinniBusRC09,17.060661,-96.727871,191
BinniBusRC09,17.060392,-96.727938,192
BinniBusRC09,17.059692,-96.72807,193
BinniBusRC09,17.058556,-96.728322,194
BinniBusRC09,17.056871,-96.728676,195
BinniBusRC09,17.055915,-96.728866,196
BinniBusRC09,17.054971,-96.729065,197
BinniBusRC09,17.05483,-96.728338,198
BinniBusRC09,17.054761,-96.728054,199
BinniBusRC09,17.054538,-96.72708,200
BinniBusRC09,17.054445,-96.726514,201
BinniBusRC09,17.054363,-96.726082,202
BinniBusRC09,17.054215,-96.725184,203
BinniBusRC09,17.054071,-96.724277,204
BinniBusRC09,17.054067,-96.724248,205
BinniBusRC09,17.054729,-96.724105,206
BinniBusRC09,17.056026,-96.723823,207
BinniBusRC09,17.055877,-96.722952,208
BinniBusRC09,17.055597,-96.721278,209
BinniBusRC09,17.05539,-96.720256,210
BinniBusRC09,17.055274,-96.719604,211
BinniBusRC09,17.055172,-96.71906,212
BinniBusRC09,17.055933,-96.71888,213
BinniBusRC09,17.056813,-96.718751,214
BinniBusRC09,17.056587,-96.717665,215
BinniBusRC09,17.056464,-96.716906,216
BinniBusRC09,17.056277,-96.715916,217
BinniBusRC09,17.055964,-96.714462,218
BinniBusRC09,17.055823,-96.713709,219
BinniBusRC09,17.055728,-96.713175,220
BinniBusRC09,17.055648,-96.713167,221
BinniBusRC09,17.054979,-96.713239,222
BinniBusRC09,17.05473,-96.713271,223
BinniBusRC09,17.054507,-96.713293,224
BinniBusRC09,17.05432,-96.713258,225
BinniBusRC09,17.05423,-96.71318,226
BinniBusRC09,17.054172,-96.713065,227
BinniBusRC09,17.054192,-96.712934,228
BinniBusRC09,17.054219,-96.712838,229
BinniBusRC09,17.054117,-96.712767,230
BinniBusRC09,17.054087,-96.712566,231
BinniBusRC09,17.054046,-96.712403,232
BinniBusRC09,17.054037,-96.712243,233
BinniBusRC09,17.053965,-96.711934,234
BinniBusRC09,17.053742,-96.710521,235
BinniBusRC09,17.053599,-96.70938,236
BinniBusRC09,17.053366,-96.707947,237
BinniBusRC09,17.053268,-96.707298,238
BinniBusRC09,17.053196,-96.7067,239
BinniBusRC09,17.053073,-96.706628,240
BinniBusRC09,17.052242,-96.70611,241
BinniBusRC09,17.051999,-96.705963,242
BinniBusRC09,17.051509,-96.705633,243
BinniBusRC09,17.051255,-96.705474,244
BinniBusRC09,17.051165,-96.705389,245
BinniBusRC09,17.051027,-96.70522,246
BinniBusRC09,17.050786,-96.704785,247
BinniBusRC09,17.050568,-96.704388,248
BinniBusRC09,17.050501,-96.704275,249
BinniBusRC09,17.050391,-96.703978,250
BinniBusRC09,17.050255,-96.703291,251
BinniBusRC09,17.050111,-96.702545,252
BinniBusRC09,17.049965,-96.701821,253
BinniBusRC09,17.049777,-96.700869,254
BinniBusRC09,17.049474,-96.699346,255
BinniBusRC09,17.049136,-96.697554,256
BinniBusRC09,17.049059,-96.697372,257
BinniBusRC09,17.048792,-96.697007,258
BinniBusRC09,17.048685,-96.696889,259
BinniBusRC09,17.04849,-96.696157,260
BinniBusRC09,17.048272,-96.695234,261
BinniBusRC09,17.048218,-96.695025,262
BinniBusRC09,17.048144,-96.694869,263
BinniBusRC09,17.047841,-96.69359,264
BinniBusRC09,17.047646,-96.693646,265
BinniBusRC09,17.047005,-96.693828,266
BinniBusRC09,17.046577,-96.69393,267
BinniBusRC09,17.04632,-96.694005,268
BinniBusRC09,17.046005,-96.694097,269
BinniBusRC09,17.0456,-96.69419,270
BinniBusRC09,17.045141,-96.694295,271
BinniBusRC09,17.044973,-96.694333,272
BinniBusRC09,17.044855,-96.694378,273
BinniBusRC09,17.044757,-96.694413,274
BinniBusRC09,17.044687,-96.694435,275
BinniBusRC09,17.044621,-96.694451,276
BinniBusRC09,17.04453,-96.694453,277
BinniBusRC09,17.044442,-96.694448,278
BinniBusRC09,17.044375,-96.69442,279
BinniBusRC09,17.044306,-96.694366,280
BinniBusRC09,17.044178,-96.694138,281
BinniBusRC09,17.04383,-96.693505,282
BinniBusRC09,17.043635,-96.693132,283
BinniBusRC09,17.04326,-96.692447,284
BinniBusRC09,17.043235,-96.692426,285
BinniBusRC09,17.042736,-96.692494,286
BinniBusRC09,17.042285,-96.692552,287
BinniBusRC09,17.041552,-96.692678,288
BinniBusRC09,17.041054,-96.692758,289
BinniBusRC09,17.040431,-96.692849,290
BinniBusRC09,17.040077,-96.692903,291
BinniBusRC09,17.039498,-96.692924,292
BinniBusRC09,17.039382,-96.692903,293
BinniBusRC09,17.039249,-96.692839,294
BinniBusRC09,17.038917,-96.69266,295
BinniBusRC09,17.038923,-96.692588,296
BinniBusRC09,17.039255,-96.692021,297
BinniBusRC09,17.039253,-96.691992,298
BinniBusRC09,17.039172,-96.691966,299
BinniBusRC09,17.038354,-96.691544,300
BinniBusRC09,17.037531,-96.691117,301
BinniBusRC09,17.037084,-96.690875,302
BinniBusRC09,17.037,-96.690798,303
BinniBusRC09,17.036932,-96.69073,304
BinniBusRC09,17.036887,-96.690657,305
BinniBusRC09,17.036816,-96.690458,306
BinniBusRC09,17.036824,-96.690358,307
BinniBusRC09,17.036841,-96.690285,308
BinniBusRC09,17.036877,-96.690216,309
BinniBusRC09,17.03689,-96.690257,310
BinniBusRC09,17.036861,-96.690327,311
BinniBusRC09,17.036847,-96.690409,312
BinniBusRC09,17.036854,-96.690486,313
BinniBusRC09,17.036893,-96.690593,314
BinniBusRC09,17.036938,-96.690676,315
BinniBusRC09,17.036959,-96.690711,316
BinniBusRC09,17.037014,-96.690772,317
BinniBusRC09,17.037118,-96.690849,318
BinniBusRC09,17.037236,-96.69092,319
BinniBusRC09,17.037498,-96.691057,320
BinniBusRC09,17.037696,-96.691163,321
BinniBusRC09,17.038218,-96.691427,322
BinniBusRC09,17.038598,-96.691632,323
BinniBusRC09,17.039293,-96.691986,324
BinniBusRC09,17.039298,-96.692023,325
BinniBusRC09,17.039166,-96.692239,326
BinniBusRC09,17.038942,-96.69263,327
BinniBusRC09,17.039078,-96.692701,328
BinniBusRC09,17.039312,-96.692822,329
BinniBusRC09,17.039433,-96.692877,330
BinniBusRC09,17.039639,-96.692876,331
BinniBusRC09,17.040093,-96.692854,332
BinniBusRC09,17.040584,-96.69278,333
BinniBusRC09,17.041232,-96.692686,334
BinniBusRC09,17.041697,-96.69261,335
BinniBusRC09,17.042237,-96.69251,336
BinniBusRC09,17.042601,-96.692469,337
BinniBusRC09,17.043223,-96.692384,338
BinniBusRC09,17.043265,-96.692382,339
BinniBusRC09,17.043299,-96.692425,340
BinniBusRC09,17.043515,-96.692838,341
BinniBusRC09,17.044051,-96.69383,342
BinniBusRC09,17.044276,-96.694241,343
BinniBusRC09,17.044336,-96.694343,344
BinniBusRC09,17.044381,-96.694375,345
BinniBusRC09,17.044445,-96.694403,346
BinniBusRC09,17.04453,-96.694411,347
BinniBusRC09,17.044612,-96.694406,348
BinniBusRC09,17.044655,-96.694402,349
BinniBusRC09,17.04476,-96.694366,350
BinniBusRC09,17.0449,-96.694313,351
BinniBusRC09,17.045069,-96.694265,352
BinniBusRC09,17.045177,-96.69425,353
BinniBusRC09,17.045668,-96.694127,354
BinniBusRC09,17.04593,-96.694069,355
BinniBusRC09,17.0466,-96.693891,356
BinniBusRC09,17.047234,-96.693722,357
BinniBusRC09,17.047926,-96.693515,358
BinniBusRC09,17.048006,-96.693787,359
BinniBusRC09,17.048105,-96.694191,360
BinniBusRC09,17.04821,-96.694654,361
BinniBusRC09,17.048279,-96.694985,362
BinniBusRC09,17.048394,-96.695587,363
BinniBusRC09,17.04842,-96.695683,364
BinniBusRC09,17.04846,-96.695775,365
BinniBusRC09,17.048566,-96.69626,366
BinniBusRC09,17.048673,-96.696662,367
BinniBusRC09,17.048702,-96.696788,368
BinniBusRC09,17.048739,-96.696869,369
BinniBusRC09,17.048942,-96.69713,370
BinniBusRC09,17.049027,-96.697238,371
BinniBusRC09,17.0491,-96.697346,372
BinniBusRC09,17.049148,-96.697438,373
BinniBusRC09,17.049187,-96.697553,374
BinniBusRC09,17.04923,-96.697745,375
BinniBusRC09,17.049415,-96.698744,376
BinniBusRC09,17.049589,-96.699586,377
BinniBusRC09,17.049748,-96.700423,378
BinniBusRC09,17.049897,-96.701225,379
BinniBusRC09,17.050016,-96.701819,380
BinniBusRC09,17.050183,-96.702612,381
BinniBusRC09,17.050265,-96.703053,382
BinniBusRC09,17.05037,-96.703603,383
BinniBusRC09,17.050433,-96.703934,384
BinniBusRC09,17.050564,-96.704311,385
BinniBusRC09,17.050623,-96.704376,386
BinniBusRC09,17.050884,-96.704865,387
BinniBusRC09,17.050992,-96.705066,388
BinniBusRC09,17.051096,-96.705221,389
BinniBusRC09,17.051315,-96.705449,390
BinniBusRC09,17.051823,-96.705775,391
BinniBusRC09,17.052583,-96.706258,392
BinniBusRC09,17.05319,-96.70664,393
BinniBusRC09,17.053569,-96.706899,394
BinniBusRC09,17.054055,-96.707236,395
BinniBusRC09,17.054478,-96.707551,396
BinniBusRC09,17.05479,-96.707786,397
BinniBusRC09,17.055283,-96.70814,398
BinniBusRC09,17.055712,-96.708433,399
BinniBusRC09,17.056095,-96.708674,400
BinniBusRC09,17.056377,-96.708857,401
BinniBusRC09,17.057149,-96.70935,402
BinniBusRC09,17.057269,-96.709447,403
BinniBusRC09,17.057529,-96.709588,404
BinniBusRC09,17.057598,-96.709686,405
BinniBusRC09,17.057603,-96.709779,406
BinniBusRC09,17.057562,-96.709825,407
BinniBusRC09,17.057005,-96.710294,408
BinniBusRC09,17.056105,-96.711053,409
BinniBusRC09,17.055692,-96.71141,410
BinniBusRC09,17.055433,-96.711644,411
BinniBusRC09,17.055248,-96.711831,412
BinniBusRC09,17.054992,-96.712121,413
BinniBusRC09,17.054484,-96.712907,414
BinniBusRC09,17.054346,-96.713183,415
BinniBusRC09,17.05423,-96.713446,416
BinniBusRC09,17.054215,-96.713524,417
BinniBusRC09,17.054256,-96.713623,418
BinniBusRC09,17.054264,-96.71376,419
BinniBusRC09,17.054366,-96.714438,420
BinniBusRC09,17.054444,-96.714955,421
BinniBusRC09,17.054552,-96.715763,422
BinniBusRC09,17.05468,-96.716687,423
BinniBusRC09,17.054772,-96.717294,424
BinniBusRC09,17.054847,-96.717742,425
BinniBusRC09,17.054885,-96.717955,426
BinniBusRC09,17.054967,-96.718243,427
BinniBusRC09,17.055098,-96.718682,428
BinniBusRC09,17.055193,-96.719004,429
BinniBusRC09,17.055208,-96.7191,430
BinniBusRC09,17.055622,-96.718994,431
BinniBusRC09,17.055987,-96.71891,432
BinniBusRC09,17.056089,-96.719476,433
BinniBusRC09,17.056184,-96.71992,434
BinniBusRC09,17.056352,-96.720773,435
BinniBusRC09,17.05655,-96.721754,436
BinniBusRC09,17.05669,-96.722653,437
BinniBusRC09,17.056855,-96.723546,438
BinniBusRC09,17.056957,-96.723967,439
BinniBusRC09,17.057021,-96.724219,440
BinniBusRC09,17.057103,-96.724622,441
BinniBusRC09,17.057275,-96.725625,442
BinniBusRC09,17.057435,-96.726454,443
BinniBusRC09,17.057664,-96.727556,444
BinniBusRC09,17.057796,-96.72822,445
BinniBusRC09,17.057922,-96.728865,446
BinniBusRC09,17.058083,-96.729699,447
BinniBusRC09,17.058254,-96.730798,448
BinniBusRC09,17.058313,-96.731244,449
BinniBusRC09,17.058334,-96.731335,450
BinniBusRC09,17.058749,-96.731196,451
BinniBusRC09,17.058834,-96.731158,452
BinniBusRC09,17.05896,-96.731142,453
BinniBusRC09,17.059596,-96.731011,454
BinniBusRC09,17.060288,-96.730821,455
BinniBusRC09,17.060378,-96.731156,456
BinniBusRC09,17.060486,-96.731658,457
BinniBusRC09,17.060555,-96.7321,458
BinniBusRC09,17.060706,-96.732913,459
BinniBusRC09,17.060752,-96.73313,460
BinniBusRC09,17.060768,-96.733336,461
BinniBusRC09,17.060758,-96.73346,462
BinniBusRC09,17.061088,-96.733681,463
BinniBusRC09,17.061614,-96.734043,464
BinniBusRC09,17.06195,-96.734336,465
BinniBusRC09,17.062019,-96.734384,466
BinniBusRC09,17.062365,-96.734631,467
BinniBusRC09,17.062663,-96.734834,468
BinniBusRC09,17.063004,-96.735052,469
BinniBusRC09,17.063299,-96.735245,470
BinniBusRC09,17.063609,-96.735465,471
BinniBusRC09,17.064135,-96.735757,472
BinniBusRC09,17.064381,-96.735881,473
BinniBusRC09,17.064771,-96.73605,474
BinniBusRC09,17.065024,-96.736152,475
BinniBusRC09,17.06526,-96.736216,476
BinniBusRC09,17.065527,-96.736264,477
BinniBusRC09,17.065727,-96.736218,478
BinniBusRC09,17.065848,-96.736138,479
BinniBusRC09,17.065937,-96.736084,480
BinniBusRC09,17.066032,-96.735958,481
BinniBusRC09,17.066117,-96.735848,482
BinniBusRC09,17.066168,-96.7355,483
BinniBusRC09,17.066419,-96.73528,484
BinniBusRC09,17.066506,-96.735178,485
BinniBusRC09,17.06675,-96.734395,486
BinniBusRC09,17.066788,-96.734376,487
BinniBusRC09,17.067063,-96.734666,488
BinniBusRC09,17.067319,-96.734891,489
BinniBusRC09,17.067591,-96.735103,490
BinniBusRC09,17.067927,-96.735347,491
BinniBusRC09,17.068227,-96.735537,492
BinniBusRC09,17.068796,-96.735838,493
BinniBusRC09,17.069032,-96.735958,494
BinniBusRC09,17.069491,-96.736141,495
BinniBusRC09,17.070148,-96.736398,496
BinniBusRC09,17.070304,-96.736448,497
BinniBusRC09,17.070976,-96.736632,498
BinniBusRC09,17.071701,-96.737031,499
BinniBusRC09,17.072399,-96.737396,500
BinniBusRC09,17.072694,-96.737576,501
BinniBusRC09,17.073811,-96.738211,502
BinniBusRC09,17.074401,-96.738571,503
BinniBusRC09,17.074955,-96.738941,504
BinniBusRC09,17.075219,-96.739161,505
BinniBusRC09,17.075673,-96.739542,506
BinniBusRC09,17.075916,-96.739708,507
BinniBusRC09,17.076383,-96.739915,508
BinniBusRC09,17.07675,-96.740068,509
BinniBusRC09,17.077365,-96.740336,510
BinniBusRC09,17.078129,-96.740676,511
BinniBusRC09,17.079037,-96.741127,512
BinniBusRC09,17.079626,-96.741417,513
BinniBusRC09,17.07988,-96.741502,514
BinniBusRC09,17.079955,-96.741454,515
BinniBusRC09,17.080055,-96.741449,516
BinniBusRC09,17.080144,-96.741441,517
BinniBusRC09,17.080342,-96.741787,518
BinniBusRC09,17.080475,-96.742012,519
BinniBusRC09,17.080655,-96.742288,520
BinniBusRC09,17.080834,-96.742522,521
BinniBusRC09,17.080996,-96.742712,522
BinniBusRC09,17.081178,-96.742862,523
BinniBusRC09,17.081434,-96.743029,524
BinniBusRC09,17.081903,-96.74323,525
BinniBusRC09,17.082365,-96.743426,526
BinniBusRC09,17.082856,-96.743622,527
BinniBusRC09,17.083225,-96.743802,528
BinniBusRC09,17.083902,-96.744068,529
BinniBusRC09,17.084768,-96.74444,530
BinniBusRC09,17.085199,-96.744628,531
BinniBusRC09,17.085986,-96.744961,532
BinniBusRC09,17.086071,-96.744971,533
BinniBusRC09,17.086543,-96.745191,534
BinniBusRC09,17.087189,-96.745492,535
BinniBusRC09,17.087673,-96.745682,536
BinniBusRC09,17.087991,-96.745843,537
BinniBusRC09,17.088222,-96.74595,538
BinniBusRC09,17.088935,-96.746259,539
BinniBusRC09,17.089481,-96.746498,540
BinniBusRC09,17.09016,-96.746758,541
BinniBusRC09,17.090886,-96.747069,542
BinniBusRC09,17.091832,-96.747503,543
BinniBusRC09,17.091996,-96.747565,544
BinniBusRC09,17.092109,-96.747208,545
BinniBusRC09,17.092262,-96.746687,546
BinniBusRC09,17.09237,-96.746341,547
BinniBusRC09,17.09258,-96.745622,548
BinniBusRC09,17.092726,-96.745116,549
BinniBusRC09,17.0929,-96.744552,550
BinniBusRC09,17.092979,-96.744274,551
BinniBusRC09,17.092906,-96.744243,552
BinniBusRC09,17.092718,-96.74419,553
BinniBusRC09,17.092338,-96.744073,554
BinniBusRC09,17.092057,-96.743987,555
BinniBusRC09,17.091865,-96.743927,556
BinniBusRC09,17.091825,-96.743919,557
BinniBusRC09,17.091852,-96.743785,558
BinniBusRC09,17.091872,-96.743691,559
BinniBusRC09,17.092062,-96.743437,560
BinniBusRC09,17.092147,-96.743339,561
BinniBusRC09,17.092184,-96.743279,562
BinniBusRC09,17.092248,-96.743192,563
BinniBusRC09,17.092304,-96.743101,564
BinniBusRC09,17.09238,-96.743024,565
BinniBusRC09,17.092448,-96.742962,566
BinniBusRC09,17.092494,-96.74287,567
BinniBusRC09,17.092551,-96.742742,568
BinniBusRC09,17.092579,-96.742643,569
BinniBusRC09,17.092592,-96.742539,570
BinniBusRC09,17.0926,-96.742392,571
BinniBusRC09,17.092637,-96.742211,572
BinniBusRC09,17.09267,-96.742069,573
BinniBusRC09,17.092711,-96.741947,574
BinniBusRC09,17.092755,-96.741837,575
BinniBusRC09,17.09281,-96.741696,576
BinniBusRC09,17.092846,-96.741633,577
BinniBusRC09,17.092901,-96.741599,578
BinniBusRC09,17.092952,-96.741588,579
BinniBusRC09,17.093125,-96.741635,580
BinniBusRC09,17.093168,-96.741636,581
BinniBusRC09,17.09344,-96.741564,582
BinniBusRC09,17.093621,-96.741491,583
BinniBusRC09,17.094083,-96.741326,584
BinniBusRC09,17.094319,-96.741235,585
BinniBusRC09,17.094613,-96.741155,586
BinniBusRC09,17.094916,-96.741062,587
BinniBusRC09,17.095015,-96.741025,588
BinniBusRC09,17.095265,-96.740906,589
BinniBusRC09,17.095315,-96.740896,590
BinniBusRC09,17.095361,-96.740901,591
BinniBusRC09,17.095449,-96.740937,592
BinniBusRC09,17.095507,-96.740992,593
BinniBusRC09,17.095559,-96.741058,594
BinniBusRC09,17.095621,-96.741136,595
BinniBusRC09,17.095675,-96.741184,596
BinniBusRC09,17.095714,-96.741218,597
BinniBusRC09,17.095772,-96.741251,598
BinniBusRC09,17.095875,-96.741281,599
BinniBusRC09,17.095975,-96.741314,600
BinniBusRC09,17.096043,-96.741352,601
BinniBusRC09,17.096095,-96.741387,602
BinniBusRC09,17.096149,-96.741447,603
BinniBusRC09,17.096172,-96.741494,604
BinniBusRC09,17.096194,-96.741554,605
BinniBusRC09,17.096204,-96.741621,606
BinniBusRC09,17.096193,-96.741686,607
BinniBusRC09,17.096146,-96.741888,608
BinniBusRC09,17.09607,-96.742156,609
BinniBusRC09,17.095976,-96.742442,610
BinniBusRC09,17.095885,-96.742883,611
BinniBusRC09,17.095888,-96.743294,612
BinniBusRC09,17.095894,-96.743551,613
BinniBusRC09,17.095882,-96.743736,614
BinniBusRC09,17.095856,-96.743893,615
BinniBusRC09,17.095812,-96.74408,616
BinniBusRC09,17.095803,-96.744192,617
BinniBusRC09,17.095809,-96.744301,618
BinniBusRC09,17.095826,-96.744377,619
BinniBusRC09,17.095881,-96.744479,620
BinniBusRC09,17.095931,-96.744541,621
BinniBusRC09,17.096018,-96.744597,622
BinniBusRC09,17.096135,-96.744655,623
BinniBusRC09,17.096281,-96.744703,624
BinniBusRC09,17.096404,-96.74471,625
BinniBusRC09,17.096475,-96.744698,626
BinniBusRC09,17.096662,-96.74464,627
BinniBusRC09,17.096849,-96.744593,628
BinniBusRC09,17.096977,-96.74458,629
BinniBusRC09,17.0972,-96.744505,630
BinniBusRC09,17.097366,-96.744393,631
BinniBusRC09,17.097414,-96.744348,632
BinniBusRC09,17.097435,-96.744292,633
BinniBusRC09,17.097459,-96.744148,634
BinniBusRC09,17.097462,-96.744046,635
BinniBusRC09,17.097421,-96.743886,636
BinniBusRC09,17.097272,-96.743565,637
BinniBusRC09,17.097187,-96.743355,638
BinniBusRC09,17.097135,-96.74324,639
BinniBusRC09,17.09713,-96.743154,640
BinniBusRC09,17.097126,-96.743047,641
BinniBusRC09,17.097139,-96.742929,642
BinniBusRC09,17.097166,-96.742846,643
BinniBusRC09,17.09719,-96.742785,644
BinniBusRC09,17.097237,-96.742714,645
BinniBusRC09,17.09729,-96.742659,646
BinniBusRC09,17.097362,-96.742616,647
BinniBusRC09,17.097437,-96.742611,648
BinniBusRC09,17.097482,-96.742616,649
BinniBusRC09,17.097605,-96.742706,650
BinniBusRC09,17.097721,-96.742808,651
BinniBusRC09,17.097795,-96.742846,652
BinniBusRC09,17.098464,-96.743087,653
BinniBusRC09,17.098755,-96.74319,654
BinniBusRC09,17.099126,-96.743307,655
BinniBusRC09,17.099214,-96.743292,656
BinniBusRC09,17.099423,-96.74326,657
BinniBusRC09,17.099959,-96.743169,658
BinniBusRC09,17.100052,-96.743123,659
BinniBusRC09,17.100348,-96.742926,660
BinniBusRC09,17.100439,-96.742865,661
BinniBusRC09,17.100492,-96.74286,662
BinniBusRC09,17.100543,-96.742893,663
BinniBusRC09,17.100596,-96.742953,664
BinniBusRC10,17.108948,-96.745195,1
BinniBusRC10,17.10912,-96.745354,2
BinniBusRC10,17.109171,-96.745406,3
BinniBusRC10,17.109239,-96.745518,4
BinniBusRC10,17.109277,-96.745594,5
BinniBusRC10,17.109284,-96.745644,6
BinniBusRC10,17.109281,-96.745682,7
BinniBusRC10,17.109287,-96.745716,8
BinniBusRC10,17.109307,-96.745841,9
BinniBusRC10,17.10931,-96.745914,10
BinniBusRC10,17.109299,-96.745963,11
BinniBusRC10,17.109281,-96.746019,12
BinniBusRC10,17.109222,-96.746137,13
BinniBusRC10,17.109165,-96.74618,14
BinniBusRC10,17.108858,-96.746198,15
BinniBusRC10,17.108701,-96.746246,16
BinniBusRC10,17.108635,-96.746272,17
BinniBusRC10,17.108531,-96.746243,18
BinniBusRC10,17.108173,-96.746183,19
BinniBusRC10,17.108023,-96.746158,20
BinniBusRC10,17.107713,-96.746118,21
BinniBusRC10,17.107581,-96.746098,22
BinniBusRC10,17.10751,-96.746101,23
BinniBusRC10,17.107468,-96.746102,24
BinniBusRC10,17.107436,-96.746113,25
BinniBusRC10,17.107403,-96.746138,26
BinniBusRC10,17.107373,-96.746174,27
BinniBusRC10,17.107339,-96.746258,28
BinniBusRC10,17.107318,-96.746326,29
BinniBusRC10,17.107302,-96.746389,30
BinniBusRC10,17.107294,-96.746452,31
BinniBusRC10,17.107306,-96.746566,32
BinniBusRC10,17.107314,-96.746649,33
BinniBusRC10,17.107359,-96.746779,34
BinniBusRC10,17.107427,-96.746907,35
BinniBusRC10,17.107485,-96.747018,36
BinniBusRC10,17.107501,-96.747037,37
BinniBusRC10,17.107484,-96.747086,38
BinniBusRC10,17.107389,-96.747108,39
BinniBusRC10,17.107123,-96.74718,40
BinniBusRC10,17.106907,-96.747235,41
BinniBusRC10,17.10683,-96.747284,42
BinniBusRC10,17.106788,-96.747292,43
BinniBusRC10,17.106754,-96.747288,44
BinniBusRC10,17.106716,-96.747274,45
BinniBusRC10,17.106682,-96.747233,46
BinniBusRC10,17.106664,-96.747194,47
BinniBusRC10,17.10667,-96.747118,48
BinniBusRC10,17.10669,-96.747052,49
BinniBusRC10,17.106695,-96.74703,50
BinniBusRC10,17.106654,-96.746784,51
BinniBusRC10,17.106604,-96.746444,52
BinniBusRC10,17.106588,-96.74635,53
BinniBusRC10,17.106568,-96.746301,54
BinniBusRC10,17.106552,-96.746258,55
BinniBusRC10,17.106532,-96.746218,56
BinniBusRC10,17.106506,-96.746203,57
BinniBusRC10,17.106157,-96.74606,58
BinniBusRC10,17.106096,-96.746038,59
BinniBusRC10,17.106087,-96.745974,60
BinniBusRC10,17.106085,-96.745905,61
BinniBusRC10,17.106085,-96.745804,62
BinniBusRC10,17.106089,-96.745685,63
BinniBusRC10,17.10609,-96.745641,64
BinniBusRC10,17.106094,-96.7456,65
BinniBusRC10,17.10609,-96.745572,66
BinniBusRC10,17.106088,-96.745545,67
BinniBusRC10,17.106062,-96.745512,68
BinniBusRC10,17.106007,-96.745502,69
BinniBusRC10,17.105942,-96.74552,70
BinniBusRC10,17.105752,-96.745615,71
BinniBusRC10,17.105664,-96.745673,72
BinniBusRC10,17.105551,-96.745745,73
BinniBusRC10,17.105501,-96.745779,74
BinniBusRC10,17.105406,-96.745824,75
BinniBusRC10,17.105334,-96.745846,76
BinniBusRC10,17.105261,-96.745846,77
BinniBusRC10,17.105197,-96.745827,78
BinniBusRC10,17.105116,-96.745795,79
BinniBusRC10,17.105041,-96.745732,80
BinniBusRC10,17.104971,-96.745582,81
BinniBusRC10,17.104939,-96.745474,82
BinniBusRC10,17.104916,-96.74526,83
BinniBusRC10,17.104914,-96.745072,84
BinniBusRC10,17.104939,-96.744903,85
BinniBusRC10,17.104937,-96.744813,86
BinniBusRC10,17.104933,-96.744761,87
BinniBusRC10,17.104886,-96.744726,88
BinniBusRC10,17.104833,-96.7447,89
BinniBusRC10,17.104778,-96.744698,90
BinniBusRC10,17.104701,-96.744715,91
BinniBusRC10,17.104509,-96.744796,92
BinniBusRC10,17.104402,-96.744839,93
BinniBusRC10,17.104154,-96.744904,94
BinniBusRC10,17.104033,-96.744943,95
BinniBusRC10,17.103955,-96.744975,96
BinniBusRC10,17.103868,-96.744982,97
BinniBusRC10,17.103768,-96.744982,98
BinniBusRC10,17.103695,-96.744971,99
BinniBusRC10,17.103641,-96.744957,100
BinniBusRC10,17.103412,-96.744867,101
BinniBusRC10,17.103005,-96.745909,102
BinniBusRC10,17.102993,-96.745926,103
BinniBusRC10,17.103054,-96.745989,104
BinniBusRC10,17.103078,-96.746052,105
BinniBusRC10,17.103074,-96.746146,106
BinniBusRC10,17.103055,-96.746184,107
BinniBusRC10,17.103019,-96.746212,108
BinniBusRC10,17.102966,-96.746238,109
BinniBusRC10,17.102947,-96.746369,110
BinniBusRC10,17.102866,-96.747076,111
BinniBusRC10,17.102858,-96.74714,112
BinniBusRC10,17.102723,-96.747664,113
BinniBusRC10,17.102642,-96.747978,114
BinniBusRC10,17.102484,-96.748535,115
BinniBusRC10,17.102099,-96.749708,116
BinniBusRC10,17.102101,-96.749791,117
BinniBusRC10,17.102099,-96.749877,118
BinniBusRC10,17.102073,-96.749909,119
BinniBusRC10,17.102024,-96.74998,120
BinniBusRC10,17.10186,-96.750371,121
BinniBusRC10,17.101592,-96.75102,122
BinniBusRC10,17.101358,-96.751606,123
BinniBusRC10,17.101282,-96.751692,124
BinniBusRC10,17.101232,-96.751714,125
BinniBusRC10,17.101128,-96.751707,126
BinniBusRC10,17.100512,-96.751454,127
BinniBusRC10,17.099767,-96.751145,128
BinniBusRC10,17.098938,-96.750793,129
BinniBusRC10,17.098111,-96.750455,130
BinniBusRC10,17.097518,-96.750211,131
BinniBusRC10,17.097334,-96.750138,132
BinniBusRC10,17.097275,-96.750098,133
BinniBusRC10,17.097195,-96.750018,134
BinniBusRC10,17.097029,-96.749916,135
BinniBusRC10,17.096354,-96.749642,136
BinniBusRC10,17.095706,-96.749382,137
BinniBusRC10,17.094642,-96.748958,138
BinniBusRC10,17.09357,-96.748467,139
BinniBusRC10,17.093352,-96.748341,140
BinniBusRC10,17.093275,-96.748298,141
BinniBusRC10,17.092963,-96.748156,142
BinniBusRC10,17.092786,-96.748073,143
BinniBusRC10,17.092455,-96.748003,144
BinniBusRC10,17.092209,-96.747882,145
BinniBusRC10,17.092083,-96.747815,146
BinniBusRC10,17.091947,-96.747789,147
BinniBusRC10,17.091817,-96.74773,148
BinniBusRC10,17.091573,-96.747617,149
BinniBusRC10,17.090855,-96.747308,150
BinniBusRC10,17.089463,-96.746716,151
BinniBusRC10,17.088989,-96.746488,152
BinniBusRC10,17.08804,-96.746061,153
BinniBusRC10,17.087304,-96.745734,154
BinniBusRC10,17.086084,-96.7452,155
BinniBusRC10,17.086002,-96.745155,156
BinniBusRC10,17.085887,-96.745133,157
BinniBusRC10,17.085112,-96.744776,158
BinniBusRC10,17.083948,-96.744305,159
BinniBusRC10,17.083122,-96.743935,160
BinniBusRC10,17.082707,-96.743774,161
BinniBusRC10,17.082475,-96.743633,162
BinniBusRC10,17.082346,-96.743636,163
BinniBusRC10,17.082211,-96.743611,164
BinniBusRC10,17.082079,-96.743603,165
BinniBusRC10,17.0819,-96.74361,166
BinniBusRC10,17.08166,-96.743606,167
BinniBusRC10,17.081083,-96.743602,168
BinniBusRC10,17.080964,-96.743597,169
BinniBusRC10,17.080578,-96.743561,170
BinniBusRC10,17.080288,-96.743527,171
BinniBusRC10,17.080051,-96.743466,172
BinniBusRC10,17.07969,-96.74329,173
BinniBusRC10,17.07949,-96.743173,174
BinniBusRC10,17.079188,-96.743007,175
BinniBusRC10,17.07907,-96.742933,176
BinniBusRC10,17.078959,-96.742916,177
BinniBusRC10,17.078845,-96.74287,178
BinniBusRC10,17.078304,-96.742544,179
BinniBusRC10,17.07781,-96.742259,180
BinniBusRC10,17.077511,-96.742086,181
BinniBusRC10,17.077284,-96.741956,182
BinniBusRC10,17.076868,-96.741718,183
BinniBusRC10,17.076641,-96.741593,184
BinniBusRC10,17.076344,-96.741422,185
BinniBusRC10,17.076123,-96.741306,186
BinniBusRC10,17.076038,-96.741266,187
BinniBusRC10,17.075947,-96.741258,188
BinniBusRC10,17.075865,-96.741223,189
BinniBusRC10,17.07579,-96.741184,190
BinniBusRC10,17.075735,-96.741148,191
BinniBusRC10,17.075681,-96.741111,192
BinniBusRC10,17.075606,-96.741041,193
BinniBusRC10,17.075527,-96.740927,194
BinniBusRC10,17.075491,-96.740856,195
BinniBusRC10,17.0753,-96.740732,196
BinniBusRC10,17.074874,-96.740447,197
BinniBusRC10,17.073364,-96.73932,198
BinniBusRC10,17.072644,-96.738789,199
BinniBusRC10,17.072287,-96.738521,200
BinniBusRC10,17.072203,-96.738458,201
BinniBusRC10,17.072116,-96.738414,202
BinniBusRC10,17.072031,-96.738378,203
BinniBusRC10,17.07188,-96.7383,204
BinniBusRC10,17.071012,-96.737872,205
BinniBusRC10,17.070957,-96.737838,206
BinniBusRC10,17.07063,-96.737722,207
BinniBusRC10,17.070141,-96.737545,208
BinniBusRC10,17.069926,-96.737467,209
BinniBusRC10,17.069804,-96.737423,210
BinniBusRC10,17.069604,-96.737331,211
BinniBusRC10,17.069372,-96.73723,212
BinniBusRC10,17.069303,-96.737203,213
BinniBusRC10,17.069257,-96.737168,214
BinniBusRC10,17.069176,-96.737117,215
BinniBusRC10,17.068836,-96.736918,216
BinniBusRC10,17.068652,-96.736811,217
BinniBusRC10,17.068108,-96.736476,218
BinniBusRC10,17.067668,-96.736204,219
BinniBusRC10,17.067099,-96.735848,220
BinniBusRC10,17.067008,-96.735867,221
BinniBusRC10,17.066909,-96.735906,222
BinniBusRC10,17.066807,-96.735949,223
BinniBusRC10,17.066684,-96.735967,224
BinniBusRC10,17.066473,-96.735997,225
BinniBusRC10,17.066376,-96.736016,226
BinniBusRC10,17.066307,-96.736067,227
BinniBusRC10,17.066178,-96.736147,228
BinniBusRC10,17.066125,-96.736177,229
BinniBusRC10,17.066023,-96.736226,230
BinniBusRC10,17.065916,-96.736263,231
BinniBusRC10,17.065658,-96.736336,232
BinniBusRC10,17.06557,-96.736362,233
BinniBusRC10,17.065332,-96.736373,234
BinniBusRC10,17.064928,-96.736284,235
BinniBusRC10,17.064637,-96.736171,236
BinniBusRC10,17.064227,-96.735986,237
BinniBusRC10,17.063923,-96.735827,238
BinniBusRC10,17.06381,-96.735762,239
BinniBusRC10,17.063489,-96.735579,240
BinniBusRC10,17.06333,-96.735493,241
BinniBusRC10,17.063037,-96.735289,242
BinniBusRC10,17.062691,-96.735064,243
BinniBusRC10,17.062478,-96.734892,244
BinniBusRC10,17.062212,-96.734685,245
BinniBusRC10,17.06205,-96.734573,246
BinniBusRC10,17.061896,-96.734455,247
BinniBusRC10,17.061771,-96.734398,248
BinniBusRC10,17.061602,-96.734275,249
BinniBusRC10,17.061276,-96.734034,250
BinniBusRC10,17.061014,-96.733849,251
BinniBusRC10,17.060709,-96.733621,252
BinniBusRC10,17.060373,-96.733395,253
BinniBusRC10,17.059786,-96.732993,254
BinniBusRC10,17.059567,-96.732848,255
BinniBusRC10,17.058944,-96.732428,256
BinniBusRC10,17.058592,-96.732177,257
BinniBusRC10,17.058003,-96.731759,258
BinniBusRC10,17.057641,-96.731502,259
BinniBusRC10,17.057551,-96.731408,260
BinniBusRC10,17.057485,-96.731314,261
BinniBusRC10,17.057161,-96.731083,262
BinniBusRC10,17.056627,-96.730751,263
BinniBusRC10,17.056309,-96.730541,264
BinniBusRC10,17.056181,-96.730477,265
BinniBusRC10,17.05592,-96.730375,266
BinniBusRC10,17.055235,-96.730187,267
BinniBusRC10,17.055009,-96.730144,268
BinniBusRC10,17.05473,-96.730065,269
BinniBusRC10,17.054368,-96.729963,270
BinniBusRC10,17.053478,-96.729698,271
BinniBusRC10,17.053055,-96.729558,272
BinniBusRC10,17.05274,-96.729467,273
BinniBusRC10,17.052491,-96.729416,274
BinniBusRC10,17.052019,-96.729346,275
BinniBusRC10,17.051812,-96.729336,276
BinniBusRC10,17.051563,-96.729236,277
BinniBusRC10,17.051283,-96.72906,278
BinniBusRC10,17.051181,-96.728979,279
BinniBusRC10,17.05104,-96.728845,280
BinniBusRC10,17.050819,-96.72855,281
BinniBusRC10,17.050645,-96.728282,282
BinniBusRC10,17.050542,-96.72804,283
BinniBusRC10,17.050488,-96.727852,284
BinniBusRC10,17.050483,-96.727614,285
BinniBusRC10,17.050522,-96.727212,286
BinniBusRC10,17.050563,-96.726883,287
BinniBusRC10,17.050686,-96.72634,288
BinniBusRC10,17.05084,-96.725644,289
BinniBusRC10,17.051213,-96.724367,290
BinniBusRC10,17.051556,-96.72302,291
BinniBusRC10,17.05221,-96.720448,292
BinniBusRC10,17.052544,-96.719083,293
BinniBusRC10,17.05271,-96.718412,294
BinniBusRC10,17.052821,-96.718115,295
BinniBusRC10,17.052985,-96.717356,296
BinniBusRC10,17.053318,-96.715843,297
BinniBusRC10,17.053388,-96.715552,298
BinniBusRC10,17.053357,-96.715491,299
BinniBusRC10,17.053305,-96.715412,300
BinniBusRC10,17.053517,-96.714601,301
BinniBusRC10,17.053275,-96.713155,302
BinniBusRC10,17.052508,-96.713265,303
BinniBusRC10,17.052098,-96.713316,304
BinniBusRC10,17.051218,-96.713458,305
BinniBusRC10,17.0507,-96.713555,306
BinniBusRC10,17.049308,-96.713775,307
BinniBusRC10,17.048346,-96.713914,308
BinniBusRC10,17.047584,-96.714045,309
BinniBusRC10,17.046618,-96.71418,310
BinniBusRC10,17.046092,-96.714241,311
BinniBusRC10,17.045241,-96.714391,312
BinniBusRC10,17.044838,-96.714477,313
BinniBusRC10,17.044289,-96.714536,314
BinniBusRC10,17.043979,-96.714539,315
BinniBusRC10,17.04384,-96.714504,316
BinniBusRC10,17.043538,-96.714394,317
BinniBusRC10,17.0433,-96.714249,318
BinniBusRC10,17.042994,-96.714013,319
BinniBusRC10,17.042622,-96.713745,320
BinniBusRC10,17.04213,-96.713383,321
BinniBusRC10,17.04191,-96.713203,322
BinniBusRC10,17.04172,-96.713032,323
BinniBusRC10,17.041589,-96.712897,324
BinniBusRC10,17.041248,-96.71264,325
BinniBusRC10,17.040389,-96.711972,326
BinniBusRC10,17.040025,-96.711672,327
BinniBusRC10,17.039132,-96.711004,328
BinniBusRC10,17.038958,-96.710907,329
BinniBusRC10,17.038848,-96.710864,330
BinniBusRC10,17.038719,-96.710838,331
BinniBusRC10,17.038583,-96.710816,332
BinniBusRC10,17.038383,-96.710805,333
BinniBusRC10,17.038276,-96.710824,334
BinniBusRC10,17.037888,-96.710931,335
BinniBusRC10,17.037778,-96.710996,336
BinniBusRC10,17.036783,-96.711685,337
BinniBusRC10,17.036152,-96.712149,338
BinniBusRC10,17.035008,-96.712948,339
BinniBusRC10,17.03455,-96.713155,340
BinniBusRC10,17.034008,-96.713477,341
BinniBusRC10,17.03367,-96.713705,342
BinniBusRC10,17.033516,-96.71375,343
BinniBusRC10,17.033218,-96.713831,344
BinniBusRC10,17.033052,-96.713734,345
BinniBusRC10,17.032044,-96.713007,346
BinniBusRC10,17.031362,-96.712538,347
BinniBusRC10,17.030895,-96.712205,348
BinniBusRC10,17.029423,-96.711157,349
BinniBusRC10,17.028869,-96.710719,350
BinniBusRC10,17.028772,-96.710634,351
BinniBusRC10,17.028661,-96.71051,352
BinniBusRC10,17.028421,-96.710364,353
BinniBusRC10,17.028242,-96.710247,354
BinniBusRC10,17.028041,-96.710125,355
BinniBusRC10,17.027823,-96.71001,356
BinniBusRC10,17.027315,-96.709825,357
BinniBusRC10,17.02704,-96.709771,358
BinniBusRC10,17.026833,-96.70972,359
BinniBusRC10,17.02665,-96.709699,360
BinniBusRC10,17.026497,-96.709675,361
BinniBusRC10,17.026253,-96.709694,362
BinniBusRC10,17.025932,-96.709734,363
BinniBusRC10,17.025722,-96.709769,364
BinniBusRC10,17.025445,-96.709838,365
BinniBusRC10,17.024789,-96.710013,366
BinniBusRC10,17.023804,-96.710243,367
BinniBusRC10,17.022544,-96.710546,368
BinniBusRC10,17.021554,-96.710766,369
BinniBusRC10,17.019617,-96.711215,370
BinniBusRC10,17.018955,-96.711392,371
BinniBusRC10,17.018612,-96.711473,372
BinniBusRC10,17.01795,-96.711564,373
BinniBusRC10,17.017811,-96.711655,374
BinniBusRC10,17.015272,-96.712192,375
BinniBusRC10,17.013923,-96.712471,376
BinniBusRC10,17.013128,-96.712632,377
BinniBusRC10,17.012466,-96.712744,378
BinniBusRC10,17.012025,-96.712787,379
BinniBusRC10,17.011712,-96.712798,380
BinniBusRC10,17.010691,-96.712825,381
BinniBusRC10,17.008732,-96.71291,382
BinniBusRC10,17.007685,-96.712948,383
BinniBusRC10,17.005613,-96.712996,384
BinniBusRC10,17.003679,-96.713082,385
BinniBusRC10,17.003204,-96.713101,386
BinniBusRC10,17.002325,-96.713101,387
BinniBusRC10,17.001365,-96.713096,388
BinniBusRC10,17.000893,-96.713176,389
BinniBusRC10,17.000709,-96.713216,390
BinniBusRC10,16.99966,-96.713273,391
BinniBusRC10,16.998562,-96.71331,392
BinniBusRC10,16.996971,-96.713374,393
BinniBusRC10,16.995027,-96.713439,394
BinniBusRC10,16.99456,-96.713466,395
BinniBusRC10,16.99356,-96.713519,396
BinniBusRC10,16.991987,-96.713565,397
BinniBusRC10,16.990569,-96.713616,398
BinniBusRC10,16.989748,-96.71364,399
BinniBusRC10,16.988435,-96.713704,400
BinniBusRC10,16.987845,-96.713694,401
BinniBusRC10,16.987611,-96.713651,402
BinniBusRC10,16.987442,-96.713578,403
BinniBusRC10,16.987273,-96.713495,404
BinniBusRC10,16.987119,-96.713391,405
BinniBusRC10,16.987032,-96.713316,406
BinniBusRC10,16.986644,-96.71294,407
BinniBusRC10,16.986288,-96.712634,408
BinniBusRC10,16.985895,-96.71221,409
BinniBusRC10,16.985356,-96.711677,410
BinniBusRC10,16.985005,-96.71132,411
BinniBusRC10,16.985031,-96.711221,412
BinniBusRC10,16.985095,-96.711167,413
BinniBusRC10,16.98538,-96.71145,414
BinniBusRC10,16.985152,-96.71122,415
BinniBusRC10,16.985344,-96.711386,416
BinniBusRC10,16.986198,-96.71222,417
BinniBusRC10,16.986691,-96.712698,418
BinniBusRC10,16.986937,-96.712939,419
BinniBusRC10,16.987142,-96.713146,420
BinniBusRC10,16.987391,-96.713331,421
BinniBusRC10,16.987583,-96.713417,422
BinniBusRC10,16.987727,-96.713476,423
BinniBusRC10,16.987865,-96.713497,424
BinniBusRC10,16.988663,-96.713486,425
BinniBusRC10,16.989258,-96.713462,426
BinniBusRC10,16.990274,-96.713419,427
BinniBusRC10,16.991239,-96.713387,428
BinniBusRC10,16.992762,-96.713336,429
BinniBusRC10,16.99415,-96.71328,430
BinniBusRC10,16.996174,-96.713207,431
BinniBusRC10,16.997546,-96.713151,432
BinniBusRC10,16.998577,-96.713127,433
BinniBusRC10,16.999498,-96.713081,434
BinniBusRC10,17.000293,-96.713038,435
BinniBusRC10,17.000922,-96.712987,436
BinniBusRC10,17.00214,-96.712947,437
BinniBusRC10,17.002753,-96.712934,438
BinniBusRC10,17.004269,-96.712859,439
BinniBusRC10,17.005744,-96.71281,440
BinniBusRC10,17.006498,-96.712784,441
BinniBusRC10,17.007904,-96.712738,442
BinniBusRC10,17.010322,-96.712652,443
BinniBusRC10,17.011876,-96.712588,444
BinniBusRC10,17.012074,-96.712574,445
BinniBusRC10,17.01251,-96.712526,446
BinniBusRC10,17.012772,-96.712494,447
BinniBusRC10,17.014105,-96.712228,448
BinniBusRC10,17.015565,-96.71192,449
BinniBusRC10,17.016709,-96.711692,450
BinniBusRC10,17.017788,-96.711464,451
BinniBusRC10,17.019589,-96.711045,452
BinniBusRC10,17.020935,-96.71071,453
BinniBusRC10,17.022002,-96.710455,454
BinniBusRC10,17.023182,-96.710179,455
BinniBusRC10,17.024805,-96.709787,456
BinniBusRC10,17.025164,-96.709718,457
BinniBusRC10,17.025698,-96.709573,458
BinniBusRC10,17.026288,-96.709474,459
BinniBusRC10,17.026549,-96.709479,460
BinniBusRC10,17.027165,-96.709541,461
BinniBusRC10,17.027486,-96.709637,462
BinniBusRC10,17.027804,-96.70975,463
BinniBusRC10,17.027945,-96.709814,464
BinniBusRC10,17.028196,-96.70998,465
BinniBusRC10,17.029081,-96.710606,466
BinniBusRC10,17.030373,-96.711499,467
BinniBusRC10,17.031879,-96.71258,468
BinniBusRC10,17.033104,-96.713441,469
BinniBusRC10,17.033353,-96.713631,470
BinniBusRC10,17.033407,-96.713658,471
BinniBusRC10,17.033474,-96.713658,472
BinniBusRC10,17.033551,-96.71365,473
BinniBusRC10,17.033646,-96.713626,474
BinniBusRC10,17.033787,-96.713542,475
BinniBusRC10,17.034887,-96.712834,476
BinniBusRC10,17.036441,-96.711754,477
BinniBusRC10,17.037164,-96.71122,478
BinniBusRC10,17.037374,-96.711062,479
BinniBusRC10,17.037787,-96.710793,480
BinniBusRC10,17.038013,-96.710689,481
BinniBusRC10,17.038316,-96.710619,482
BinniBusRC10,17.038536,-96.710624,483
BinniBusRC10,17.038711,-96.71063,484
BinniBusRC10,17.038867,-96.710664,485
BinniBusRC10,17.038954,-96.710705,486
BinniBusRC10,17.039195,-96.710812,487
BinniBusRC10,17.039303,-96.710868,488
BinniBusRC10,17.039529,-96.711035,489
BinniBusRC10,17.040218,-96.711563,490
BinniBusRC10,17.040847,-96.712067,491
BinniBusRC10,17.041067,-96.712252,492
BinniBusRC10,17.041175,-96.712317,493
BinniBusRC10,17.041537,-96.712585,494
BinniBusRC10,17.041842,-96.712824,495
BinniBusRC10,17.042055,-96.713052,496
BinniBusRC10,17.042142,-96.713108,497
BinniBusRC10,17.042455,-96.71332,498
BinniBusRC10,17.042919,-96.713685,499
BinniBusRC10,17.043316,-96.713972,500
BinniBusRC10,17.043439,-96.714033,501
BinniBusRC10,17.043737,-96.714151,502
BinniBusRC10,17.043898,-96.714208,503
BinniBusRC10,17.044037,-96.714234,504
BinniBusRC10,17.044191,-96.714253,505
BinniBusRC10,17.044337,-96.714261,506
BinniBusRC10,17.044552,-96.714221,507
BinniBusRC10,17.04485,-96.71421,508
BinniBusRC10,17.045194,-96.714143,509
BinniBusRC10,17.045773,-96.71402,510
BinniBusRC10,17.046781,-96.71388,511
BinniBusRC10,17.048109,-96.713706,512
BinniBusRC10,17.048658,-96.713647,513
BinniBusRC10,17.049696,-96.713486,514
BinniBusRC10,17.050797,-96.713312,515
BinniBusRC10,17.051402,-96.713207,516
BinniBusRC10,17.051653,-96.71317,517
BinniBusRC10,17.052081,-96.713116,518
BinniBusRC10,17.052476,-96.71303,519
BinniBusRC10,17.052817,-96.712955,520
BinniBusRC10,17.053325,-96.71288,521
BinniBusRC10,17.053453,-96.712821,522
BinniBusRC10,17.053771,-96.712818,523
BinniBusRC10,17.05382,-96.712848,524
BinniBusRC10,17.053871,-96.712875,525
BinniBusRC10,17.05412,-96.712963,526
BinniBusRC10,17.054272,-96.713054,527
BinniBusRC10,17.054232,-96.713368,528
BinniBusRC10,17.054251,-96.713615,529
BinniBusRC10,17.054304,-96.714098,530
BinniBusRC10,17.054356,-96.714408,531
BinniBusRC10,17.054495,-96.715288,532
BinniBusRC10,17.054595,-96.71608,533
BinniBusRC10,17.054797,-96.717423,534
BinniBusRC10,17.054876,-96.717907,535
BinniBusRC10,17.055046,-96.718492,536
BinniBusRC10,17.055173,-96.718924,537
BinniBusRC10,17.055209,-96.719069,538
BinniBusRC10,17.055433,-96.719007,539
BinniBusRC10,17.055948,-96.718874,540
BinniBusRC10,17.055982,-96.718922,541
BinniBusRC10,17.055995,-96.718974,542
BinniBusRC10,17.056031,-96.719128,543
BinniBusRC10,17.05615,-96.719772,544
BinniBusRC10,17.056306,-96.720575,545
BinniBusRC10,17.056473,-96.721348,546
BinniBusRC10,17.056531,-96.721621,547
BinniBusRC10,17.056568,-96.721865,548
BinniBusRC10,17.056695,-96.722686,549
BinniBusRC10,17.056847,-96.723494,550
BinniBusRC10,17.056901,-96.723739,551
BinniBusRC10,17.057083,-96.724526,552
BinniBusRC10,17.057118,-96.724696,553
BinniBusRC10,17.05725,-96.725478,554
BinniBusRC10,17.057328,-96.725901,555
BinniBusRC10,17.057486,-96.726697,556
BinniBusRC10,17.057663,-96.727521,557
BinniBusRC10,17.057814,-96.72837,558
BinniBusRC10,17.05796,-96.729055,559
BinniBusRC10,17.058165,-96.730215,560
BinniBusRC10,17.058252,-96.730765,561
BinniBusRC10,17.05827,-96.730993,562
BinniBusRC10,17.058345,-96.731344,563
BinniBusRC10,17.05875,-96.731192,564
BinniBusRC10,17.05896,-96.73114,565
BinniBusRC10,17.059578,-96.731012,566
BinniBusRC10,17.060299,-96.730824,567
BinniBusRC10,17.06043,-96.731379,568
BinniBusRC10,17.060494,-96.731677,569
BinniBusRC10,17.060535,-96.731966,570
BinniBusRC10,17.060702,-96.732841,571
BinniBusRC10,17.06075,-96.733174,572
BinniBusRC10,17.060755,-96.733396,573
BinniBusRC10,17.060763,-96.733479,574
BinniBusRC10,17.061153,-96.733742,575
BinniBusRC10,17.061517,-96.734,576
BinniBusRC10,17.061766,-96.734177,577
BinniBusRC10,17.061938,-96.734351,578
BinniBusRC10,17.062081,-96.734431,579
BinniBusRC10,17.062553,-96.734748,580
BinniBusRC10,17.062784,-96.734922,581
BinniBusRC10,17.063014,-96.735056,582
BinniBusRC10,17.063291,-96.735244,583
BinniBusRC10,17.063578,-96.735453,584
BinniBusRC10,17.06405,-96.735716,585
BinniBusRC10,17.064481,-96.735942,586
BinniBusRC10,17.064945,-96.736121,587
BinniBusRC10,17.065125,-96.736175,588
BinniBusRC10,17.065299,-96.736229,589
BinniBusRC10,17.065496,-96.736258,590
BinniBusRC10,17.065661,-96.736239,591
BinniBusRC10,17.065832,-96.736159,592
BinniBusRC10,17.066012,-96.735984,593
BinniBusRC10,17.066112,-96.735866,594
BinniBusRC10,17.066091,-96.735775,595
BinniBusRC10,17.066122,-96.735668,596
BinniBusRC10,17.066168,-96.735496,597
BinniBusRC10,17.066307,-96.735354,598
BinniBusRC10,17.066412,-96.735282,599
BinniBusRC10,17.066468,-96.735233,600
BinniBusRC10,17.066729,-96.734429,601
BinniBusRC10,17.066764,-96.734379,602
BinniBusRC10,17.066796,-96.734391,603
BinniBusRC10,17.066996,-96.734586,604
BinniBusRC10,17.067173,-96.734769,605
BinniBusRC10,17.067481,-96.735022,606
BinniBusRC10,17.067735,-96.735225,607
BinniBusRC10,17.068266,-96.735553,608
BinniBusRC10,17.068827,-96.735856,609
BinniBusRC10,17.069138,-96.736006,610
BinniBusRC10,17.069481,-96.736129,611
BinniBusRC10,17.070181,-96.736406,612
BinniBusRC10,17.070894,-96.736609,613
BinniBusRC10,17.07132,-96.736829,614
BinniBusRC10,17.072407,-96.737395,615
BinniBusRC10,17.072991,-96.737749,616
BinniBusRC10,17.073822,-96.738227,617
BinniBusRC10,17.074453,-96.738594,618
BinniBusRC10,17.07496,-96.738951,619
BinniBusRC10,17.075253,-96.739192,620
BinniBusRC10,17.075796,-96.739638,621
BinniBusRC10,17.076048,-96.739766,622
BinniBusRC10,17.076922,-96.740144,623
BinniBusRC10,17.077809,-96.740558,624
BinniBusRC10,17.078152,-96.740694,625
BinniBusRC10,17.079009,-96.741121,626
BinniBusRC10,17.079878,-96.741502,627
BinniBusRC10,17.080009,-96.741419,628
BinniBusRC10,17.080096,-96.741416,629
BinniBusRC10,17.080176,-96.741494,630
BinniBusRC10,17.080378,-96.741858,631
BinniBusRC10,17.080481,-96.742014,632
BinniBusRC10,17.080616,-96.742258,633
BinniBusRC10,17.08097,-96.742685,634
BinniBusRC10,17.081124,-96.742835,635
BinniBusRC10,17.081396,-96.743001,636
BinniBusRC10,17.082129,-96.743331,637
BinniBusRC10,17.082783,-96.743605,638
BinniBusRC10,17.083293,-96.743838,639
BinniBusRC10,17.083883,-96.744077,640
BinniBusRC10,17.084644,-96.744407,641
BinniBusRC10,17.08516,-96.744616,642
BinniBusRC10,17.085993,-96.744975,643
BinniBusRC10,17.086116,-96.745002,644
BinniBusRC10,17.086342,-96.745112,645
BinniBusRC10,17.086918,-96.74538,646
BinniBusRC10,17.087695,-96.745713,647
BinniBusRC10,17.088436,-96.74604,648
BinniBusRC10,17.08898,-96.746287,649
BinniBusRC10,17.089467,-96.746491,650
BinniBusRC10,17.090121,-96.746748,651
BinniBusRC10,17.090897,-96.747081,652
BinniBusRC10,17.091979,-96.747574,653
BinniBusRC10,17.092569,-96.747848,654
BinniBusRC10,17.092915,-96.747982,655
BinniBusRC10,17.093184,-96.748089,656
BinniBusRC10,17.094112,-96.748489,657
BinniBusRC10,17.094489,-96.748647,658
BinniBusRC10,17.094825,-96.748789,659
BinniBusRC10,17.095486,-96.7491,660
BinniBusRC10,17.096071,-96.749355,661
BinniBusRC10,17.096481,-96.749535,662
BinniBusRC10,17.097243,-96.749817,663
BinniBusRC10,17.097427,-96.749865,664
BinniBusRC10,17.097932,-96.750171,665
BinniBusRC10,17.098555,-96.750404,666
BinniBusRC10,17.099378,-96.750766,667
BinniBusRC10,17.099791,-96.750954,668
BinniBusRC10,17.100463,-96.751249,669
BinniBusRC10,17.101183,-96.751565,670
BinniBusRC10,17.101224,-96.751582,671
BinniBusRC10,17.101265,-96.751547,672
BinniBusRC10,17.101691,-96.750471,673
BinniBusRC10,17.101896,-96.749956,674
BinniBusRC10,17.101896,-96.749905,675
BinniBusRC10,17.101873,-96.74983,676
BinniBusRC10,17.101885,-96.74976,677
BinniBusRC10,17.101978,-96.749682,678
BinniBusRC10,17.102101,-96.749379,679
BinniBusRC10,17.102452,-96.748264,680
BinniBusRC10,17.10257,-96.747797,681
BinniBusRC10,17.10268,-96.747352,682
BinniBusRC10,17.102785,-96.746855,683
BinniBusRC10,17.102862,-96.746273,684
BinniBusRC10,17.102844,-96.746222,685
BinniBusRC10,17.102798,-96.746174,686
BinniBusRC10,17.102785,-96.746094,687
BinniBusRC10,17.10279,-96.745992,688
BinniBusRC10,17.102908,-96.745917,689
BinniBusRC10,17.102962,-96.745903,690
BinniBusRC10,17.103382,-96.744863,691
BinniBusRC10,17.103409,-96.74483,692
BinniBusRC10,17.103532,-96.744871,693
BinniBusRC10,17.103672,-96.744923,694
BinniBusRC10,17.103764,-96.744942,695
BinniBusRC10,17.10387,-96.744942,696
BinniBusRC10,17.103953,-96.744935,697
BinniBusRC10,17.104172,-96.74486,698
BinniBusRC10,17.104303,-96.744824,699
BinniBusRC10,17.104393,-96.7448,700
BinniBusRC10,17.104537,-96.744738,701
BinniBusRC10,17.104684,-96.74468,702
BinniBusRC10,17.104735,-96.744665,703
BinniBusRC10,17.104794,-96.74466,704
BinniBusRC10,17.104854,-96.744674,705
BinniBusRC10,17.104908,-96.744698,706
BinniBusRC10,17.104937,-96.744719,707
BinniBusRC10,17.104955,-96.744742,708
BinniBusRC10,17.104974,-96.744785,709
BinniBusRC10,17.10498,-96.744852,710
BinniBusRC10,17.104971,-96.744919,711
BinniBusRC10,17.104954,-96.745115,712
BinniBusRC10,17.10495,-96.745239,713
BinniBusRC10,17.104959,-96.745372,714
BinniBusRC10,17.104978,-96.745486,715
BinniBusRC10,17.104995,-96.745565,716
BinniBusRC10,17.105019,-96.745624,717
BinniBusRC10,17.105044,-96.745673,718
BinniBusRC10,17.105085,-96.745717,719
BinniBusRC10,17.105121,-96.745757,720
BinniBusRC10,17.10519,-96.745785,721
BinniBusRC10,17.105258,-96.745808,722
BinniBusRC10,17.105313,-96.745805,723
BinniBusRC10,17.105355,-96.745801,724
BinniBusRC10,17.10541,-96.745785,725
BinniBusRC10,17.105501,-96.745734,726
BinniBusRC10,17.10566,-96.745626,727
BinniBusRC10,17.105881,-96.745508,728
BinniBusRC10,17.105947,-96.745475,729
BinniBusRC10,17.106004,-96.745461,730
BinniBusRC10,17.106034,-96.745461,731
BinniBusRC10,17.106059,-96.745481,732
BinniBusRC10,17.106088,-96.7455,733
BinniBusRC10,17.106108,-96.745533,734
BinniBusRC10,17.106118,-96.745572,735
BinniBusRC10,17.106122,-96.745642,736
BinniBusRC10,17.106115,-96.745722,737
BinniBusRC10,17.106118,-96.745846,738
BinniBusRC10,17.106126,-96.745962,739
BinniBusRC10,17.106132,-96.746006,740
BinniBusRC10,17.106164,-96.746025,741
BinniBusRC10,17.106264,-96.746068,742
BinniBusRC10,17.106415,-96.746127,743
BinniBusRC10,17.106516,-96.746173,744
BinniBusRC10,17.106554,-96.746194,745
BinniBusRC10,17.10657,-96.746204,746
BinniBusRC10,17.106591,-96.746267,747
BinniBusRC10,17.106614,-96.746346,748
BinniBusRC10,17.106634,-96.746434,749
BinniBusRC10,17.106648,-96.746519,750
BinniBusRC10,17.106695,-96.746796,751
BinniBusRC10,17.106715,-96.746932,752
BinniBusRC10,17.106728,-96.747011,753
BinniBusRC10,17.106747,-96.74703,754
BinniBusRC10,17.106792,-96.747016,755
BinniBusRC10,17.106834,-96.74703,756
BinniBusRC10,17.106869,-96.747057,757
BinniBusRC10,17.106902,-96.747097,758
BinniBusRC10,17.106915,-96.747153,759
BinniBusRC10,17.106919,-96.747199,760
BinniBusRC10,17.107446,-96.747051,761
BinniBusRC10,17.107456,-96.747038,762
BinniBusRC10,17.107425,-96.746996,763
BinniBusRC10,17.107396,-96.746932,764
BinniBusRC10,17.107357,-96.74685,765
BinniBusRC10,17.107328,-96.746796,766
BinniBusRC10,17.107301,-96.746717,767
BinniBusRC10,17.107282,-96.746657,768
BinniBusRC10,17.107274,-96.746595,769
BinniBusRC10,17.107265,-96.746524,770
BinniBusRC10,17.107262,-96.746466,771
BinniBusRC10,17.107262,-96.746394,772
BinniBusRC10,17.107287,-96.746326,773
BinniBusRC10,17.107301,-96.746256,774
BinniBusRC10,17.107337,-96.746173,775
BinniBusRC10,17.107379,-96.746107,776
BinniBusRC10,17.107439,-96.746068,777
BinniBusRC10,17.107515,-96.746056,778
BinniBusRC10,17.107905,-96.746098,779
BinniBusRC10,17.108326,-96.74617,780
BinniBusRC10,17.108537,-96.746202,781
BinniBusRC10,17.108611,-96.746237,782
BinniBusRC10,17.108784,-96.746185,783
BinniBusRC10,17.108845,-96.746169,784
BinniBusRC10,17.109153,-96.746148,785
BinniBusRC10,17.109177,-96.746144,786
BinniBusRC10,17.109203,-96.746111,787
BinniBusRC10,17.109262,-96.745982,788
BinniBusRC10,17.109277,-96.745898,789
BinniBusRC10,17.109276,-96.745841,790
BinniBusRC10,17.109257,-96.745726,791
BinniBusRC10,17.109254,-96.745652,792
BinniBusRC10,17.10925,-96.745596,793
BinniBusRC10,17.1092,-96.745509,794
BinniBusRC10,17.109163,-96.745447,795
BinniBusRC10,17.109142,-96.74541,796
BinniBusRC10,17.109069,-96.745348,797
BinniBusRC10,17.108931,-96.74522,798
BinniBusRC11,16.976922,-96.726232,1
BinniBusRC11,16.978297,-96.725824,2
BinniBusRC11,16.978948,-96.72565,3
BinniBusRC11,16.979423,-96.725489,4
BinniBusRC11,16.980829,-96.725159,5
BinniBusRC11,16.982342,-96.724792,6
BinniBusRC11,16.983163,-96.724585,7
BinniBusRC11,16.983966,-96.724389,8
BinniBusRC11,16.985128,-96.724105,9
BinniBusRC11,16.987096,-96.723614,10
BinniBusRC11,16.98796,-96.723432,11
BinniBusRC11,16.990002,-96.722954,12
BinniBusRC11,16.990787,-96.722724,13
BinniBusRC11,16.991259,-96.722724,14
BinniBusRC11,16.991498,-96.722619,15
BinniBusRC11,16.992157,-96.722085,16
BinniBusRC11,16.992482,-96.721798,17
BinniBusRC11,16.992852,-96.721503,18
BinniBusRC11,16.99336,-96.721192,19
BinniBusRC11,16.993819,-96.720921,20
BinniBusRC11,16.993968,-96.720798,21
BinniBusRC11,16.994116,-96.720567,22
BinniBusRC11,16.994204,-96.720473,23
BinniBusRC11,16.994378,-96.720371,24
BinniBusRC11,16.995222,-96.720122,25
BinniBusRC11,16.996492,-96.719736,26
BinniBusRC11,16.997425,-96.719478,27
BinniBusRC11,16.99869,-96.719103,28
BinniBusRC11,17.000211,-96.718657,29
BinniBusRC11,17.001073,-96.718411,30
BinniBusRC11,17.001247,-96.718376,31
BinniBusRC11,17.001329,-96.717627,32
BinniBusRC11,17.001368,-96.717359,33
BinniBusRC11,17.001406,-96.71686,34
BinniBusRC11,17.001414,-96.716571,35
BinniBusRC11,17.001455,-96.715693,36
BinniBusRC11,17.001504,-96.714731,37
BinniBusRC11,17.001524,-96.714532,38
BinniBusRC11,17.001604,-96.714229,39
BinniBusRC11,17.001712,-96.713985,40
BinniBusRC11,17.001858,-96.713727,41
BinniBusRC11,17.002099,-96.71343,42
BinniBusRC11,17.002294,-96.713259,43
BinniBusRC11,17.00253,-96.712966,44
BinniBusRC11,17.003549,-96.712932,45
BinniBusRC11,17.004584,-96.712866,46
BinniBusRC11,17.005891,-96.712832,47
BinniBusRC11,17.007108,-96.712797,48
BinniBusRC11,17.009463,-96.712714,49
BinniBusRC11,17.011379,-96.712633,50
BinniBusRC11,17.012587,-96.712553,51
BinniBusRC11,17.014138,-96.712255,52
BinniBusRC11,17.015793,-96.71192,53
BinniBusRC11,17.017593,-96.711552,54
BinniBusRC11,17.019201,-96.711161,55
BinniBusRC11,17.020802,-96.71079,56
BinniBusRC11,17.022458,-96.710372,57
BinniBusRC11,17.023895,-96.710037,58
BinniBusRC11,17.025213,-96.709723,59
BinniBusRC11,17.025926,-96.709543,60
BinniBusRC11,17.026549,-96.709511,61
BinniBusRC11,17.027272,-96.709597,62
BinniBusRC11,17.027914,-96.709833,63
BinniBusRC11,17.029552,-96.710978,64
BinniBusRC11,17.030514,-96.711643,65
BinniBusRC11,17.031373,-96.712255,66
BinniBusRC11,17.033014,-96.71344,67
BinniBusRC11,17.033368,-96.713693,68
BinniBusRC11,17.033556,-96.713655,69
BinniBusRC11,17.033771,-96.713601,70
BinniBusRC11,17.034517,-96.713078,71
BinniBusRC11,17.035361,-96.712537,72
BinniBusRC11,17.036305,-96.711863,73
BinniBusRC11,17.037215,-96.711201,74
BinniBusRC11,17.037797,-96.710806,75
BinniBusRC11,17.037954,-96.710731,76
BinniBusRC11,17.038295,-96.710627,77
BinniBusRC11,17.038646,-96.710643,78
BinniBusRC11,17.03901,-96.710742,79
BinniBusRC11,17.039631,-96.711131,80
BinniBusRC11,17.040977,-96.712201,81
BinniBusRC11,17.041621,-96.712679,82
BinniBusRC11,17.041918,-96.712931,83
BinniBusRC11,17.042054,-96.713097,84
BinniBusRC11,17.042619,-96.713465,85
BinniBusRC11,17.043026,-96.713805,86
BinniBusRC11,17.04338,-96.714017,87
BinniBusRC11,17.043688,-96.714167,88
BinniBusRC11,17.044098,-96.714261,89
BinniBusRC11,17.044452,-96.714264,90
BinniBusRC11,17.04466,-96.714234,91
BinniBusRC11,17.045216,-96.714159,92
BinniBusRC11,17.045957,-96.714017,93
BinniBusRC11,17.046981,-96.713896,94
BinniBusRC11,17.048122,-96.713727,95
BinniBusRC11,17.049491,-96.713545,96
BinniBusRC11,17.051007,-96.71329,97
BinniBusRC11,17.051984,-96.713154,98
BinniBusRC11,17.052373,-96.713068,99
BinniBusRC11,17.053132,-96.712912,100
BinniBusRC11,17.053353,-96.712885,101
BinniBusRC11,17.053561,-96.712815,102
BinniBusRC11,17.053884,-96.71288,103
BinniBusRC11,17.054392,-96.713011,104
BinniBusRC11,17.054789,-96.713009,105
BinniBusRC11,17.056186,-96.712866,106
BinniBusRC11,17.05692,-96.712837,107
BinniBusRC11,17.058046,-96.712724,108
BinniBusRC11,17.058538,-96.71274,109
BinniBusRC11,17.059328,-96.713035,110
BinniBusRC11,17.060471,-96.713518,111
BinniBusRC11,17.060822,-96.713604,112
BinniBusRC11,17.061107,-96.713634,113
BinniBusRC11,17.061369,-96.71373,114
BinniBusRC11,17.061571,-96.713896,115
BinniBusRC11,17.061787,-96.714006,116
BinniBusRC11,17.062258,-96.714044,117
BinniBusRC11,17.062669,-96.714041,118
BinniBusRC11,17.063171,-96.714098,119
BinniBusRC11,17.063864,-96.714127,120
BinniBusRC11,17.064589,-96.714173,121
BinniBusRC11,17.065192,-96.714167,122
BinniBusRC11,17.065266,-96.714124,123
BinniBusRC11,17.065474,-96.71413,124
BinniBusRC11,17.065605,-96.71414,125
BinniBusRC11,17.065928,-96.71413,126
BinniBusRC11,17.066579,-96.714063,127
BinniBusRC11,17.067233,-96.713985,128
BinniBusRC11,17.068287,-96.713843,129
BinniBusRC11,17.068523,-96.713803,130
BinniBusRC11,17.0691,-96.71377,131
BinniBusRC11,17.070448,-96.713599,132
BinniBusRC11,17.070858,-96.713529,133
BinniBusRC11,17.07153,-96.713414,134
BinniBusRC11,17.072394,-96.713328,135
BinniBusRC11,17.072861,-96.713258,136
BinniBusRC11,17.073861,-96.713124,137
BinniBusRC11,17.074417,-96.713035,138
BinniBusRC11,17.075228,-96.71292,139
BinniBusRC11,17.076035,-96.712789,140
BinniBusRC11,17.077079,-96.712665,141
BinniBusRC11,17.078302,-96.712472,142
BinniBusRC11,17.079343,-96.712373,143
BinniBusRC11,17.079899,-96.712247,144
BinniBusRC11,17.080453,-96.712225,145
BinniBusRC11,17.081471,-96.712086,146
BinniBusRC11,17.081801,-96.712032,147
BinniBusRC11,17.082363,-96.711928,148
BinniBusRC11,17.08325,-96.711861,149
BinniBusRC11,17.083458,-96.711818,150
BinniBusRC11,17.083804,-96.711595,151
BinniBusRC11,17.084327,-96.711319,152
BinniBusRC11,17.084829,-96.711209,153
BinniBusRC11,17.085147,-96.711217,154
BinniBusRC11,17.085565,-96.711351,155
BinniBusRC11,17.086032,-96.711608,156
BinniBusRC11,17.086242,-96.711751,157
BinniBusRC11,17.085924,-96.71156,158
BinniBusRC11,17.086242,-96.711751,159
BinniBusRC11,17.086416,-96.711799,160
BinniBusRC11,17.086461,-96.711879,161
BinniBusRC11,17.086491,-96.71197,162
BinniBusRC11,17.086457,-96.712142,163
BinniBusRC11,17.08655,-96.71249,164
BinniBusRC11,17.086814,-96.713209,165
BinniBusRC11,17.087122,-96.713743,166
BinniBusRC11,17.087462,-96.714379,167
BinniBusRC11,17.087729,-96.714896,168
BinniBusRC11,17.088483,-96.716192,169
BinniBusRC11,17.088696,-96.71657,170
BinniBusRC11,17.088888,-96.716905,171
BinniBusRC11,17.089057,-96.717045,172
BinniBusRC11,17.089085,-96.717257,173
BinniBusRC11,17.088957,-96.71731,174
BinniBusRC11,17.088496,-96.71742,175
BinniBusRC11,17.087352,-96.71778,176
BinniBusRC11,17.086498,-96.718072,177
BinniBusRC11,17.08614,-96.71822,178
BinniBusRC11,17.085306,-96.718456,179
BinniBusRC11,17.084317,-96.718775,180
BinniBusRC11,17.083619,-96.719016,181
BinniBusRC11,17.083476,-96.719065,182
BinniBusRC11,17.083245,-96.719207,183
BinniBusRC11,17.082719,-96.719121,184
BinniBusRC11,17.082353,-96.719126,185
BinniBusRC11,17.082084,-96.719067,186
BinniBusRC11,17.081909,-96.718904,187
BinniBusRC11,17.081573,-96.718944,188
BinniBusRC11,17.080963,-96.719043,189
BinniBusRC11,17.079468,-96.719212,190
BinniBusRC11,17.079253,-96.719266,191
BinniBusRC11,17.079071,-96.719373,192
BinniBusRC11,17.078958,-96.719384,193
BinniBusRC11,17.078894,-96.719295,194
BinniBusRC11,17.077832,-96.7194,195
BinniBusRC11,17.076802,-96.719531,196
BinniBusRC11,17.076502,-96.71959,197
BinniBusRC11,17.075763,-96.719649,198
BinniBusRC11,17.075224,-96.719667,199
BinniBusRC11,17.074735,-96.719491,200
BinniBusRC11,17.074604,-96.719538,201
BinniBusRC11,17.074453,-96.71955,202
BinniBusRC11,17.07431,-96.719432,203
BinniBusRC11,17.073261,-96.719515,204
BinniBusRC11,17.072338,-96.719572,205
BinniBusRC11,17.071639,-96.719637,206
BinniBusRC11,17.071482,-96.718813,207
BinniBusRC11,17.07131,-96.718067,208
BinniBusRC11,17.071088,-96.717667,209
BinniBusRC11,17.070984,-96.717182,210
BinniBusRC11,17.070858,-96.716659,211
BinniBusRC11,17.070605,-96.715796,212
BinniBusRC11,17.070444,-96.714652,213
BinniBusRC11,17.070361,-96.7137,214
BinniBusRC11,17.069556,-96.713789,215
BinniBusRC11,17.068969,-96.713872,216
BinniBusRC11,17.068205,-96.713942,217
BinniBusRC11,17.066946,-96.714135,218
BinniBusRC11,17.065592,-96.714293,219
BinniBusRC11,17.065405,-96.714379,220
BinniBusRC11,17.065153,-96.71432,221
BinniBusRC11,17.064284,-96.714245,222
BinniBusRC11,17.062018,-96.714105,223
BinniBusRC11,17.061443,-96.714038,224
BinniBusRC11,17.061274,-96.714014,225
BinniBusRC11,17.060333,-96.713625,226
BinniBusRC11,17.058822,-96.713038,227
BinniBusRC11,17.058443,-96.71289,228
BinniBusRC11,17.057225,-96.712965,229
BinniBusRC11,17.056602,-96.71303,230
BinniBusRC11,17.056271,-96.713081,231
BinniBusRC11,17.054702,-96.713249,232
BinniBusRC11,17.054445,-96.713266,233
BinniBusRC11,17.054022,-96.713148,234
BinniBusRC11,17.053622,-96.713097,235
BinniBusRC11,17.052776,-96.713188,236
BinniBusRC11,17.052122,-96.7133,237
BinniBusRC11,17.050389,-96.713574,238
BinniBusRC11,17.04866,-96.713842,239
BinniBusRC11,17.048324,-96.713899,240
BinniBusRC11,17.04764,-96.714003,241
BinniBusRC11,17.046029,-96.714231,242
BinniBusRC11,17.044827,-96.714448,243
BinniBusRC11,17.044293,-96.7145,244
BinniBusRC11,17.043914,-96.71451,245
BinniBusRC11,17.043537,-96.714373,246
BinniBusRC11,17.042972,-96.713966,247
BinniBusRC11,17.041929,-96.713193,248
BinniBusRC11,17.041431,-96.712743,249
BinniBusRC11,17.040131,-96.711729,250
BinniBusRC11,17.039105,-96.710959,251
BinniBusRC11,17.038892,-96.71086,252
BinniBusRC11,17.03861,-96.71079,253
BinniBusRC11,17.03828,-96.710782,254
BinniBusRC11,17.037869,-96.710911,255
BinniBusRC11,17.037554,-96.711109,256
BinniBusRC11,17.036502,-96.711844,257
BinniBusRC11,17.035672,-96.712437,258
BinniBusRC11,17.034835,-96.713038,259
BinniBusRC11,17.034443,-96.71319,260
BinniBusRC11,17.033807,-96.713646,261
BinniBusRC11,17.033504,-96.713773,262
BinniBusRC11,17.033217,-96.713816,263
BinniBusRC11,17.032568,-96.713373,264
BinniBusRC11,17.031899,-96.71289,265
BinniBusRC11,17.031045,-96.712303,266
BinniBusRC11,17.029488,-96.711184,267
BinniBusRC11,17.028901,-96.710723,268
BinniBusRC11,17.028783,-96.710626,269
BinniBusRC11,17.028662,-96.710482,270
BinniBusRC11,17.028173,-96.710157,271
BinniBusRC11,17.027719,-96.709926,272
BinniBusRC11,17.027039,-96.709712,273
BinniBusRC11,17.026454,-96.709631,274
BinniBusRC11,17.025818,-96.709722,275
BinniBusRC11,17.02449,-96.71005,276
BinniBusRC11,17.022233,-96.710578,277
BinniBusRC11,17.020804,-96.710913,278
BinniBusRC11,17.019294,-96.711249,279
BinniBusRC11,17.018155,-96.711517,280
BinniBusRC11,17.017396,-96.711686,281
BinniBusRC11,17.016344,-96.711911,282
BinniBusRC11,17.015354,-96.71215,283
BinniBusRC11,17.014385,-96.712324,284
BinniBusRC11,17.013574,-96.712517,285
BinniBusRC11,17.012469,-96.712694,286
BinniBusRC11,17.010904,-96.712799,287
BinniBusRC11,17.008688,-96.712861,288
BinniBusRC11,17.006157,-96.712949,289
BinniBusRC11,17.004251,-96.713035,290
BinniBusRC11,17.00312,-96.71307,291
BinniBusRC11,17.002871,-96.713115,292
BinniBusRC11,17.002381,-96.713282,293
BinniBusRC11,17.00226,-96.713317,294
BinniBusRC11,17.00207,-96.713494,295
BinniBusRC11,17.001861,-96.713757,296
BinniBusRC11,17.001714,-96.713998,297
BinniBusRC11,17.001649,-96.714145,298
BinniBusRC11,17.001573,-96.714386,299
BinniBusRC11,17.001519,-96.714685,300
BinniBusRC11,17.001482,-96.715364,301
BinniBusRC11,17.001442,-96.716218,302
BinniBusRC11,17.001422,-96.716676,303
BinniBusRC11,17.001416,-96.716952,304
BinniBusRC11,17.00138,-96.717437,305
BinniBusRC11,17.001391,-96.717518,306
BinniBusRC11,17.001346,-96.718368,307
BinniBusRC11,17.001343,-96.718397,308
BinniBusRC11,17.001178,-96.718402,309
BinniBusRC11,17.001023,-96.718434,310
BinniBusRC11,17.000774,-96.718511,311
BinniBusRC11,17.000406,-96.718618,312
BinniBusRC11,17.00013,-96.718698,313
BinniBusRC11,16.999716,-96.718827,314
BinniBusRC11,16.999257,-96.718954,315
BinniBusRC11,16.998855,-96.719075,316
BinniBusRC11,16.998461,-96.719181,317
BinniBusRC11,16.998005,-96.719321,318
BinniBusRC11,16.997536,-96.719455,319
BinniBusRC11,16.997278,-96.719531,320
BinniBusRC11,16.996856,-96.719653,321
BinniBusRC11,16.996407,-96.719772,322
BinniBusRC11,16.996025,-96.719888,323
BinniBusRC11,16.99481,-96.720254,324
BinniBusRC11,16.994437,-96.720364,325
BinniBusRC11,16.994349,-96.720409,326
BinniBusRC11,16.994208,-96.720487,327
BinniBusRC11,16.993954,-96.720834,328
BinniBusRC11,16.993874,-96.720901,329
BinniBusRC11,16.993547,-96.721111,330
BinniBusRC11,16.993404,-96.721181,331
BinniBusRC11,16.993071,-96.721391,332
BinniBusRC11,16.992868,-96.721516,333
BinniBusRC11,16.992544,-96.721764,334
BinniBusRC11,16.992221,-96.72204,335
BinniBusRC11,16.991825,-96.722372,336
BinniBusRC11,16.991523,-96.722605,337
BinniBusRC11,16.991369,-96.722693,338
BinniBusRC11,16.991242,-96.722741,339
BinniBusRC11,16.990785,-96.722736,340
BinniBusRC11,16.990246,-96.722889,341
BinniBusRC11,16.989682,-96.723043,342
BinniBusRC11,16.989092,-96.723185,343
BinniBusRC11,16.988285,-96.723376,344
BinniBusRC11,16.987862,-96.723466,345
BinniBusRC11,16.986898,-96.723676,346
BinniBusRC11,16.986637,-96.723741,347
BinniBusRC11,16.986258,-96.72384,348
BinniBusRC11,16.986031,-96.723891,349
BinniBusRC11,16.985638,-96.723987,350
BinniBusRC11,16.985355,-96.72406,351
BinniBusRC11,16.98501,-96.724142,352
BinniBusRC11,16.984761,-96.724207,353
BinniBusRC11,16.984433,-96.724284,354
BinniBusRC11,16.983938,-96.72441,355
BinniBusRC11,16.983548,-96.724508,356
BinniBusRC11,16.983092,-96.72462,357
BinniBusRC11,16.982486,-96.724766,358
BinniBusRC11,16.981762,-96.724946,359
BinniBusRC11,16.981291,-96.72506,360
BinniBusRC11,16.980481,-96.725252,361
BinniBusRC11,16.980297,-96.725295,362
BinniBusRC11,16.979976,-96.725365,363
BinniBusRC11,16.979544,-96.725476,364
BinniBusRC11,16.97945,-96.725507,365
BinniBusRC11,16.978897,-96.725679,366
BinniBusRC11,16.978479,-96.725786,367
BinniBusRC11,16.97812,-96.725886,368
BinniBusRC11,16.977631,-96.726018,369
BinniBusRC11,16.977072,-96.726192,370
BinniBusRC11,16.976898,-96.726252,371
BinniBusRC12,17.074425,-96.648554,1
BinniBusRC12,17.074607,-96.649434,2
BinniBusRC12,17.074815,-96.650488,3
BinniBusRC12,17.074828,-96.650555,4
BinniBusRC12,17.07412,-96.650711,5
BinniBusRC12,17.073182,-96.650915,6
BinniBusRC12,17.072822,-96.65099,7
BinniBusRC12,17.072397,-96.651078,8
BinniBusRC12,17.072035,-96.651143,9
BinniBusRC12,17.07163,-96.651223,10
BinniBusRC12,17.070782,-96.651381,11
BinniBusRC12,17.070389,-96.651451,12
BinniBusRC12,17.07012,-96.651494,13
BinniBusRC12,17.069769,-96.651558,14
BinniBusRC12,17.069325,-96.651655,15
BinniBusRC12,17.068784,-96.651768,16
BinniBusRC12,17.06853,-96.651837,17
BinniBusRC12,17.0682,-96.651904,18
BinniBusRC12,17.067692,-96.652009,19
BinniBusRC12,17.067094,-96.652103,20
BinniBusRC12,17.067012,-96.652215,21
BinniBusRC12,17.067043,-96.65254,22
BinniBusRC12,17.067002,-96.652661,23
BinniBusRC12,17.066705,-96.652862,24
BinniBusRC12,17.066453,-96.65302,25
BinniBusRC12,17.065848,-96.65339,26
BinniBusRC12,17.065256,-96.653779,27
BinniBusRC12,17.064679,-96.654165,28
BinniBusRC12,17.064361,-96.654342,29
BinniBusRC12,17.064097,-96.654482,30
BinniBusRC12,17.063753,-96.65468,31
BinniBusRC12,17.063205,-96.655037,32
BinniBusRC12,17.062751,-96.655351,33
BinniBusRC12,17.062469,-96.655544,34
BinniBusRC12,17.062307,-96.655641,35
BinniBusRC12,17.062048,-96.655815,36
BinniBusRC12,17.061633,-96.656078,37
BinniBusRC12,17.061412,-96.65622,38
BinniBusRC12,17.061207,-96.656354,39
BinniBusRC12,17.060918,-96.656547,40
BinniBusRC12,17.060692,-96.656697,41
BinniBusRC12,17.06053,-96.656813,42
BinniBusRC12,17.060223,-96.656998,43
BinniBusRC12,17.059994,-96.657151,44
BinniBusRC12,17.05983,-96.657282,45
BinniBusRC12,17.059546,-96.657475,46
BinniBusRC12,17.059133,-96.657692,47
BinniBusRC12,17.059012,-96.657754,48
BinniBusRC12,17.058902,-96.657837,49
BinniBusRC12,17.058658,-96.658006,50
BinniBusRC12,17.058451,-96.658156,51
BinniBusRC12,17.058292,-96.658269,52
BinniBusRC12,17.058053,-96.658508,53
BinniBusRC12,17.057787,-96.658682,54
BinniBusRC12,17.057581,-96.658824,55
BinniBusRC12,17.057184,-96.659074,56
BinniBusRC12,17.056584,-96.659463,57
BinniBusRC12,17.056404,-96.659597,58
BinniBusRC12,17.056207,-96.659739,59
BinniBusRC12,17.056107,-96.659876,60
BinniBusRC12,17.056028,-96.660048,61
BinniBusRC12,17.056004,-96.660139,62
BinniBusRC12,17.056122,-96.660447,63
BinniBusRC12,17.056281,-96.66089,64
BinniBusRC12,17.056486,-96.661466,65
BinniBusRC12,17.056686,-96.662081,66
BinniBusRC12,17.056866,-96.662638,67
BinniBusRC12,17.057102,-96.663336,68
BinniBusRC12,17.05732,-96.663996,69
BinniBusRC12,17.057543,-96.664664,70
BinniBusRC12,17.057769,-96.665315,71
BinniBusRC12,17.057917,-96.665747,72
BinniBusRC12,17.058092,-96.666254,73
BinniBusRC12,17.05824,-96.666753,74
BinniBusRC12,17.058338,-96.667311,75
BinniBusRC12,17.058392,-96.667566,76
BinniBusRC12,17.058418,-96.667728,77
BinniBusRC12,17.058435,-96.668196,78
BinniBusRC12,17.058435,-96.6684,79
BinniBusRC12,17.058367,-96.66879,80
BinniBusRC12,17.058284,-96.669272,81
BinniBusRC12,17.058087,-96.669974,82
BinniBusRC12,17.058046,-96.670133,83
BinniBusRC12,17.057994,-96.67031,84
BinniBusRC12,17.057884,-96.670784,85
BinniBusRC12,17.057602,-96.671879,86
BinniBusRC12,17.057494,-96.6723,87
BinniBusRC12,17.057438,-96.672606,88
BinniBusRC12,17.057376,-96.672901,89
BinniBusRC12,17.057364,-96.672968,90
BinniBusRC12,17.057315,-96.673638,91
BinniBusRC12,17.057299,-96.674309,92
BinniBusRC12,17.05731,-96.674867,93
BinniBusRC12,17.057299,-96.675492,94
BinniBusRC12,17.057297,-96.675902,95
BinniBusRC12,17.057289,-96.676162,96
BinniBusRC12,17.057289,-96.6765,97
BinniBusRC12,17.057281,-96.676792,98
BinniBusRC12,17.057271,-96.677246,99
BinniBusRC12,17.057281,-96.678276,100
BinniBusRC12,17.057292,-96.678622,101
BinniBusRC12,17.057294,-96.679043,102
BinniBusRC12,17.057307,-96.680915,103
BinniBusRC12,17.057315,-96.681438,104
BinniBusRC12,17.05732,-96.682487,105
BinniBusRC12,17.05732,-96.683388,106
BinniBusRC12,17.05734,-96.68393,107
BinniBusRC12,17.057415,-96.684429,108
BinniBusRC12,17.057674,-96.685507,109
BinniBusRC12,17.057922,-96.686218,110
BinniBusRC12,17.058446,-96.687645,111
BinniBusRC12,17.059248,-96.689761,112
BinniBusRC12,17.059715,-96.691051,113
BinniBusRC12,17.060107,-96.69203,114
BinniBusRC12,17.06021,-96.692325,115
BinniBusRC12,17.060674,-96.693698,116
BinniBusRC12,17.061046,-96.69464,117
BinniBusRC12,17.061802,-96.696678,118
BinniBusRC12,17.062005,-96.697199,119
BinniBusRC12,17.062133,-96.698108,120
BinniBusRC12,17.06212,-96.698685,121
BinniBusRC12,17.062007,-96.699278,122
BinniBusRC12,17.061907,-96.699669,123
BinniBusRC12,17.061774,-96.700235,124
BinniBusRC12,17.061418,-96.701504,125
BinniBusRC12,17.061169,-96.702461,126
BinniBusRC12,17.060912,-96.703419,127
BinniBusRC12,17.060838,-96.703727,128
BinniBusRC12,17.060592,-96.704572,129
BinniBusRC12,17.060548,-96.704838,130
BinniBusRC12,17.060428,-96.705286,131
BinniBusRC12,17.060279,-96.705897,132
BinniBusRC12,17.060002,-96.706849,133
BinniBusRC12,17.05981,-96.707254,134
BinniBusRC12,17.059276,-96.708185,135
BinniBusRC12,17.059038,-96.708536,136
BinniBusRC12,17.057882,-96.709486,137
BinniBusRC12,17.057169,-96.710189,138
BinniBusRC12,17.056468,-96.710693,139
BinniBusRC12,17.055939,-96.711158,140
BinniBusRC12,17.055375,-96.711632,141
BinniBusRC12,17.054894,-96.712184,142
BinniBusRC12,17.054434,-96.712948,143
BinniBusRC12,17.053917,-96.714087,144
BinniBusRC12,17.05336,-96.716494,145
BinniBusRC12,17.052297,-96.720846,146
BinniBusRC12,17.051457,-96.724041,147
BinniBusRC12,17.050968,-96.726242,148
BinniBusRC12,17.050661,-96.727238,149
BinniBusRC12,17.050669,-96.727829,150
BinniBusRC12,17.050802,-96.728293,151
BinniBusRC12,17.050988,-96.72849,152
BinniBusRC12,17.051317,-96.7288,153
BinniBusRC12,17.051586,-96.728925,154
BinniBusRC12,17.052288,-96.729153,155
BinniBusRC12,17.052974,-96.729331,156
BinniBusRC12,17.052977,-96.729526,157
BinniBusRC12,17.052531,-96.729396,158
BinniBusRC12,17.0515,-96.729335,159
BinniBusRC12,17.051132,-96.729159,160
BinniBusRC12,17.050458,-96.729299,161
BinniBusRC12,17.050409,-96.729302,162
BinniBusRC12,17.050239,-96.729324,163
BinniBusRC12,17.0502,-96.729109,164
BinniBusRC12,17.050017,-96.728806,165
BinniBusRC12,17.050206,-96.728118,166
BinniBusRC12,17.05046,-96.727367,167
BinniBusRC12,17.050727,-96.726232,168
BinniBusRC12,17.051074,-96.724966,169
BinniBusRC12,17.051447,-96.72352,170
BinniBusRC12,17.052196,-96.720594,171
BinniBusRC12,17.052921,-96.717716,172
BinniBusRC12,17.05323,-96.71627,173
BinniBusRC12,17.0536,-96.714781,174
BinniBusRC12,17.053937,-96.713577,175
BinniBusRC12,17.054365,-96.712755,176
BinniBusRC12,17.05489,-96.71197,177
BinniBusRC12,17.055638,-96.711104,178
BinniBusRC12,17.056516,-96.710358,179
BinniBusRC12,17.057246,-96.709776,180
BinniBusRC12,17.0576,-96.709465,181
BinniBusRC12,17.058051,-96.7091,182
BinniBusRC12,17.058492,-96.708692,183
BinniBusRC12,17.058723,-96.708456,184
BinniBusRC12,17.058892,-96.708231,185
BinniBusRC12,17.059077,-96.707947,186
BinniBusRC12,17.059339,-96.707523,187
BinniBusRC12,17.059626,-96.706986,188
BinniBusRC12,17.059831,-96.706445,189
BinniBusRC12,17.059964,-96.705956,190
BinniBusRC12,17.06018,-96.705061,191
BinniBusRC12,17.060298,-96.704664,192
BinniBusRC12,17.060621,-96.703467,193
BinniBusRC12,17.06101,-96.701922,194
BinniBusRC12,17.061334,-96.700812,195
BinniBusRC12,17.061657,-96.699605,196
BinniBusRC12,17.061852,-96.698779,197
BinniBusRC12,17.061908,-96.698301,198
BinniBusRC12,17.061831,-96.697765,199
BinniBusRC12,17.061708,-96.697261,200
BinniBusRC12,17.061616,-96.696934,201
BinniBusRC12,17.061318,-96.696091,202
BinniBusRC12,17.060764,-96.694686,203
BinniBusRC12,17.060646,-96.694359,204
BinniBusRC12,17.060328,-96.6935,205
BinniBusRC12,17.059867,-96.692229,206
BinniBusRC12,17.059108,-96.690303,207
BinniBusRC12,17.05881,-96.689477,208
BinniBusRC12,17.058462,-96.688533,209
BinniBusRC12,17.058174,-96.687798,210
BinniBusRC12,17.057862,-96.686886,211
BinniBusRC12,17.057595,-96.68613,212
BinniBusRC12,17.05739,-96.685556,213
BinniBusRC12,17.057262,-96.685008,214
BinniBusRC12,17.057195,-96.68473,215
BinniBusRC12,17.057128,-96.684156,216
BinniBusRC12,17.057072,-96.683694,217
BinniBusRC12,17.057062,-96.68283,218
BinniBusRC12,17.057016,-96.681055,219
BinniBusRC12,17.057031,-96.678732,220
BinniBusRC12,17.056995,-96.67664,221
BinniBusRC12,17.057005,-96.673942,222
BinniBusRC12,17.057067,-96.673019,223
BinniBusRC12,17.057144,-96.672493,224
BinniBusRC12,17.05721,-96.672182,225
BinniBusRC12,17.057569,-96.670868,226
BinniBusRC12,17.057862,-96.669736,227
BinniBusRC12,17.058149,-96.66876,228
BinniBusRC12,17.05818,-96.668288,229
BinniBusRC12,17.058164,-96.667547,230
BinniBusRC12,17.057974,-96.666823,231
BinniBusRC12,17.057851,-96.666453,232
BinniBusRC12,17.057544,-96.665562,233
BinniBusRC12,17.057287,-96.664854,234
BinniBusRC12,17.057108,-96.664334,235
BinniBusRC12,17.056698,-96.66303,236
BinniBusRC12,17.056133,-96.661324,237
BinniBusRC12,17.055841,-96.660289,238
BinniBusRC12,17.055785,-96.660005,239
BinniBusRC12,17.056113,-96.65956,240
BinniBusRC12,17.05678,-96.659125,241
BinniBusRC12,17.057862,-96.658449,242
BinniBusRC12,17.057974,-96.658358,243
BinniBusRC12,17.057108,-96.656904,244
BinniBusRC12,17.056149,-96.655155,245
BinniBusRC12,17.055292,-96.653659,246
BinniBusRC12,17.055072,-96.653289,247
BinniBusRC12,17.054872,-96.652918,248
BinniBusRC12,17.054605,-96.652436,249
BinniBusRC12,17.054426,-96.652033,250
BinniBusRC12,17.054231,-96.65169,251
BinniBusRC12,17.055005,-96.651427,252
BinniBusRC12,17.056882,-96.650773,253
BinniBusRC12,17.056998,-96.650912,254
BinniBusRC12,17.0576,-96.65073,255
BinniBusRC12,17.059698,-96.65014,256
BinniBusRC12,17.060754,-96.649866,257
BinniBusRC12,17.0616,-96.649619,258
BinniBusRC12,17.062836,-96.649319,259
BinniBusRC12,17.063723,-96.649163,260
BinniBusRC12,17.063985,-96.649147,261
BinniBusRC12,17.065806,-96.648734,262
BinniBusRC12,17.066682,-96.64852,263
BinniBusRC12,17.067662,-96.648332,264
BinniBusRC12,17.069595,-96.647951,265
BinniBusRC12,17.070841,-96.647672,266
BinniBusRC12,17.072477,-96.647361,267
BinniBusRC12,17.074092,-96.647103,268
BinniBusRC12,17.074185,-96.647109,269
BinniBusRC12,17.07441,-96.648396,270
BinniBusRC13,17.08308,-96.721494,1
BinniBusRC13,17.082973,-96.721215,2
BinniBusRC13,17.082927,-96.721,3
BinniBusRC13,17.082988,-96.720941,4
BinniBusRC13,17.08308,-96.720952,5
BinniBusRC13,17.083162,-96.72099,6
BinniBusRC13,17.083742,-96.720485,7
BinniBusRC13,17.083808,-96.720357,8
BinniBusRC13,17.083383,-96.72018,9
BinniBusRC13,17.083014,-96.720019,10
BinniBusRC13,17.08285,-96.719842,11
BinniBusRC13,17.08282,-96.71953,12
BinniBusRC13,17.08286,-96.719416,13
BinniBusRC13,17.082796,-96.719214,14
BinniBusRC13,17.082752,-96.719145,15
BinniBusRC13,17.082327,-96.719147,16
BinniBusRC13,17.08217,-96.71912,17
BinniBusRC13,17.082001,-96.719024,18
BinniBusRC13,17.081901,-96.718917,19
BinniBusRC13,17.079392,-96.71926,20
BinniBusRC13,17.079233,-96.719295,21
BinniBusRC13,17.07911,-96.719384,22
BinniBusRC13,17.079005,-96.719422,23
BinniBusRC13,17.078887,-96.71933,24
BinniBusRC13,17.078849,-96.719301,25
BinniBusRC13,17.077994,-96.719414,26
BinniBusRC13,17.075808,-96.719672,27
BinniBusRC13,17.07542,-96.719698,28
BinniBusRC13,17.075108,-96.719644,29
BinniBusRC13,17.074733,-96.719494,30
BinniBusRC13,17.074528,-96.719553,31
BinniBusRC13,17.074426,-96.71952,32
BinniBusRC13,17.074323,-96.719456,33
BinniBusRC13,17.071808,-96.719645,34
BinniBusRC13,17.070798,-96.71979,35
BinniBusRC13,17.057561,-96.722504,36
BinniBusRC13,17.056759,-96.722734,37
BinniBusRC13,17.057257,-96.725599,38
BinniBusRC13,17.057426,-96.726494,39
BinniBusRC13,17.05081,-96.727935,40
BinniBusRC13,17.050615,-96.72801,41
BinniBusRC13,17.050363,-96.728235,42
BinniBusRC13,17.05022,-96.728471,43
BinniBusRC13,17.049743,-96.730032,44
BinniBusRC13,17.049553,-96.730692,45
BinniBusRC13,17.049461,-96.730971,46
BinniBusRC13,17.049338,-96.731229,47
BinniBusRC13,17.049112,-96.731384,48
BinniBusRC13,17.048835,-96.731476,49
BinniBusRC13,17.048384,-96.731395,50
BinniBusRC13,17.04552,-96.730941,51
BinniBusRC13,17.044196,-96.730372,52
BinniBusRC13,17.042884,-96.729771,53
BinniBusRC13,17.042166,-96.729503,54
BinniBusRC13,17.041848,-96.729385,55
BinniBusRC13,17.041099,-96.729235,56
BinniBusRC13,17.038613,-96.728772,57
BinniBusRC13,17.03732,-96.728547,58
BinniBusRC13,17.036797,-96.728503,59
BinniBusRC13,17.036684,-96.728572,60
BinniBusRC13,17.036602,-96.728567,61
BinniBusRC13,17.036535,-96.728486,62
BinniBusRC13,17.035832,-96.72854,63
BinniBusRC13,17.033697,-96.728833,64
BinniBusRC13,17.032023,-96.729013,65
BinniBusRC13,17.02997,-96.729317,66
BinniBusRC13,17.02663,-96.729687,67
BinniBusRC13,17.024371,-96.729927,68
BinniBusRC13,17.02339,-96.73008,69
BinniBusRC13,17.023262,-96.730208,70
BinniBusRC13,17.023216,-96.730434,71
BinniBusRC13,17.023154,-96.7306,72
BinniBusRC13,17.02441,-96.734397,73
BinniBusRC13,17.024749,-96.735448,74
BinniBusRC13,17.024365,-96.736345,75
BinniBusRC13,17.023636,-96.738201,76
BinniBusRC13,17.023226,-96.739247,77
BinniBusRC13,17.022918,-96.740052,78
BinniBusRC13,17.020117,-96.747212,79
BinniBusRC13,17.019717,-96.748178,80
BinniBusRC13,17.019625,-96.748468,81
BinniBusRC13,17.019286,-96.749283,82
BinniBusRC13,17.018088,-96.751345,83
BinniBusRC13,17.016461,-96.754047,84
BinniBusRC13,17.015173,-96.7561,85
BinniBusRC13,17.014794,-96.756766,86
BinniBusRC13,17.013686,-96.758665,87
BinniBusRC13,17.012865,-96.760027,88
BinniBusRC13,17.012219,-96.761111,89
BinniBusRC13,17.00925,-96.76606,90
BinniBusRC13,17.008218,-96.767771,91
BinniBusRC13,17.007893,-96.768311,92
BinniBusRC13,17.007755,-96.768462,93
BinniBusRC13,17.007503,-96.768172,94
BinniBusRC13,17.00699,-96.767115,95
BinniBusRC13,17.006918,-96.76682,96
BinniBusRC13,17.006883,-96.765849,97
BinniBusRC13,17.006826,-96.765495,98
BinniBusRC13,17.006084,-96.76339,99
BinniBusRC13,17.005941,-96.763009,100
BinniBusRC13,17.005859,-96.76265,101
BinniBusRC13,17.005772,-96.761947,102
BinniBusRC13,17.005725,-96.761842,103
BinniBusRC13,17.005594,-96.76178,104
BinniBusRC13,17.004837,-96.761416,105
BinniBusRC13,17.003833,-96.760791,106
BinniBusRC13,17.003235,-96.760385,107
BinniBusRC13,17.002953,-96.760143,108
BinniBusRC13,17.002681,-96.759854,109
BinniBusRC13,17.00247,-96.759687,110
BinniBusRC13,17.002317,-96.759623,111
BinniBusRC13,17.001937,-96.759607,112
BinniBusRC13,17.001383,-96.759427,113
BinniBusRC13,17.001216,-96.759349,114
BinniBusRC13,17.000403,-96.758891,115
BinniBusRC13,17.000008,-96.758719,116
BinniBusRC13,16.999777,-96.758617,117
BinniBusRC13,16.999612,-96.758554,118
BinniBusRC13,16.999003,-96.758623,119
BinniBusRC13,16.997772,-96.758344,120
BinniBusRC13,16.997197,-96.757958,121
BinniBusRC13,16.997046,-96.756596,122
BinniBusRC13,16.997046,-96.756596,123
BinniBusRC13,16.99699,-96.754818,124
BinniBusRC13,16.99694,-96.753051,125
BinniBusRC13,16.996971,-96.752935,126
BinniBusRC13,16.997033,-96.752935,127
BinniBusRC13,16.99714,-96.755692,128
BinniBusRC13,16.997207,-96.757173,129
BinniBusRC13,16.997207,-96.757607,130
BinniBusRC13,16.997212,-96.757908,131
BinniBusRC13,16.997422,-96.758155,132
BinniBusRC13,16.998038,-96.758326,133
BinniBusRC13,16.998836,-96.758594,134
BinniBusRC13,16.999123,-96.758599,135
BinniBusRC13,16.999438,-96.758532,136
BinniBusRC13,16.999631,-96.758513,137
BinniBusRC13,17.000308,-96.758792,138
BinniBusRC13,17.000735,-96.759016,139
BinniBusRC13,17.001335,-96.759349,140
BinniBusRC13,17.001935,-96.759574,141
BinniBusRC13,17.00232,-96.759574,142
BinniBusRC13,17.002536,-96.759655,143
BinniBusRC13,17.002657,-96.759799,144
BinniBusRC13,17.003084,-96.760202,145
BinniBusRC13,17.004316,-96.761039,146
BinniBusRC13,17.004834,-96.761361,147
BinniBusRC13,17.005696,-96.76179,148
BinniBusRC13,17.005817,-96.761941,149
BinniBusRC13,17.005843,-96.762183,150
BinniBusRC13,17.005951,-96.762923,151
BinniBusRC13,17.006484,-96.764409,152
BinniBusRC13,17.006669,-96.764956,153
BinniBusRC13,17.006705,-96.765117,154
BinniBusRC13,17.006833,-96.765332,155
BinniBusRC13,17.006868,-96.76561,156
BinniBusRC13,17.006936,-96.765825,157
BinniBusRC13,17.006925,-96.766501,158
BinniBusRC13,17.006949,-96.766754,159
BinniBusRC13,17.007016,-96.767065,160
BinniBusRC13,17.007375,-96.767838,161
BinniBusRC13,17.007457,-96.768004,162
BinniBusRC13,17.007688,-96.768331,163
BinniBusRC13,17.007746,-96.768369,164
BinniBusRC13,17.008088,-96.767787,165
BinniBusRC13,17.008539,-96.767081,166
BinniBusRC13,17.009673,-96.765161,167
BinniBusRC13,17.011607,-96.76199,168
BinniBusRC13,17.012666,-96.760178,169
BinniBusRC13,17.014777,-96.756655,170
BinniBusRC13,17.015075,-96.756194,171
BinniBusRC13,17.016669,-96.75354,172
BinniBusRC13,17.017756,-96.751706,173
BinniBusRC13,17.018341,-96.750788,174
BinniBusRC13,17.019003,-96.749592,175
BinniBusRC13,17.019224,-96.749142,176
BinniBusRC13,17.019716,-96.748031,177
BinniBusRC13,17.020039,-96.747141,178
BinniBusRC13,17.021396,-96.743661,179
BinniBusRC13,17.022405,-96.741072,180
BinniBusRC13,17.022846,-96.739946,181
BinniBusRC13,17.023422,-96.738521,182
BinniBusRC13,17.023712,-96.737745,183
BinniBusRC13,17.024027,-96.736911,184
BinniBusRC13,17.024537,-96.735755,185
BinniBusRC13,17.024676,-96.735344,186
BinniBusRC13,17.024599,-96.735083,187
BinniBusRC13,17.02381,-96.732915,188
BinniBusRC13,17.023442,-96.731771,189
BinniBusRC13,17.023201,-96.730988,190
BinniBusRC13,17.023134,-96.730677,191
BinniBusRC13,17.023099,-96.730296,192
BinniBusRC13,17.023134,-96.73014,193
BinniBusRC13,17.023145,-96.729969,194
BinniBusRC13,17.023278,-96.729915,195
BinniBusRC13,17.023406,-96.729969,196
BinniBusRC13,17.026861,-96.729494,197
BinniBusRC13,17.03092,-96.728987,198
BinniBusRC13,17.036086,-96.728378,199
BinniBusRC13,17.036512,-96.728362,200
BinniBusRC13,17.03662,-96.728292,201
BinniBusRC13,17.036799,-96.728362,202
BinniBusRC13,17.037153,-96.728384,203
BinniBusRC13,17.039482,-96.728786,204
BinniBusRC13,17.041282,-96.729107,205
BinniBusRC13,17.042,-96.729279,206
BinniBusRC13,17.043621,-96.729955,207
BinniBusRC13,17.044903,-96.730534,208
BinniBusRC13,17.045734,-96.730792,209
BinniBusRC13,17.046155,-96.73091,210
BinniBusRC13,17.046832,-96.730985,211
BinniBusRC13,17.048288,-96.73121,212
BinniBusRC13,17.04875,-96.731301,213
BinniBusRC13,17.04917,-96.731189,214
BinniBusRC13,17.049376,-96.730958,215
BinniBusRC13,17.04974,-96.729885,216
BinniBusRC13,17.049919,-96.729156,217
BinniBusRC13,17.050032,-96.728844,218
BinniBusRC13,17.050073,-96.728726,219
BinniBusRC13,17.050432,-96.728608,220
BinniBusRC13,17.051037,-96.728523,221
BinniBusRC13,17.051319,-96.728771,222
BinniBusRC13,17.051693,-96.728937,223
BinniBusRC13,17.051801,-96.728964,224
BinniBusRC13,17.051914,-96.728889,225
BinniBusRC13,17.052068,-96.728878,226
BinniBusRC13,17.053196,-96.72853,227
BinniBusRC13,17.05611,-96.727791,228
BinniBusRC13,17.057259,-96.727544,229
BinniBusRC13,17.059177,-96.727169,230
BinniBusRC13,17.062308,-96.726465,231
BinniBusRC13,17.065298,-96.725868,232
BinniBusRC13,17.066776,-96.725632,233
BinniBusRC13,17.068642,-96.725224,234
BinniBusRC13,17.069586,-96.72501,235
BinniBusRC13,17.070898,-96.724774,236
BinniBusRC13,17.072129,-96.724474,237
BinniBusRC13,17.07249,-96.724425,238
BinniBusRC13,17.072385,-96.723746,239
BinniBusRC13,17.072046,-96.721775,240
BinniBusRC13,17.07184,-96.72103,241
BinniBusRC13,17.071769,-96.720649,242
BinniBusRC13,17.071753,-96.720273,243
BinniBusRC13,17.071697,-96.719935,244
BinniBusRC13,17.071625,-96.719629,245
BinniBusRC13,17.071599,-96.719447,246
BinniBusRC13,17.07154,-96.719224,247
BinniBusRC13,17.071484,-96.718951,248
BinniBusRC13,17.071438,-96.718739,249
BinniBusRC13,17.071417,-96.718626,250
BinniBusRC13,17.071502,-96.718546,251
BinniBusRC13,17.071712,-96.718508,252
BinniBusRC13,17.072039,-96.718162,253
BinniBusRC13,17.07267,-96.71772,254
BinniBusRC13,17.072987,-96.717556,255
BinniBusRC13,17.073402,-96.717471,256
BinniBusRC13,17.074299,-96.717402,257
BinniBusRC13,17.075135,-96.717294,258
BinniBusRC13,17.076983,-96.716999,259
BinniBusRC13,17.079161,-96.71673,260
BinniBusRC13,17.080781,-96.716497,261
BinniBusRC13,17.081399,-96.716442,262
BinniBusRC13,17.081955,-96.71638,263
BinniBusRC13,17.082063,-96.716416,264
BinniBusRC13,17.082423,-96.716377,265
BinniBusRC13,17.082695,-96.718408,266
BinniBusRC13,17.082761,-96.718864,267
BinniBusRC13,17.082752,-96.719145,268
BinniBusRC13,17.08286,-96.719416,269
BinniBusRC13,17.082864,-96.719733,270
BinniBusRC13,17.082961,-96.719996,271
BinniBusRC13,17.083854,-96.72035,272
BinniBusRC13,17.084075,-96.720787,273
BinniBusRC13,17.084197,-96.721133,274
BinniBusRC13,17.084484,-96.721895,275
BinniBusRC13,17.084505,-96.721975,276
BinniBusRC13,17.084156,-96.722061,277
BinniBusRC13,17.083464,-96.722174,278
BinniBusRC13,17.083202,-96.722195,279
BinniBusRC13,17.083274,-96.722898,280
BinniBusRC13,17.083382,-96.723665,281
BinniBusRC13,17.082792,-96.723735,282
BinniBusRC13,17.082648,-96.722925,283
BinniBusRC13,17.082541,-96.722077,284
BinniBusRC13,17.082546,-96.721804,285
BinniBusRC13,17.082772,-96.721702,286
BinniBusRC13,17.083002,-96.721616,287
BinniBusRC14,17.126451,-96.767839,1
BinniBusRC14,17.126533,-96.767706,2
BinniBusRC14,17.124109,-96.76579,3
BinniBusRC14,17.122701,-96.764678,4
BinniBusRC14,17.122537,-96.764515,5
BinniBusRC14,17.122387,-96.764467,6
BinniBusRC14,17.122217,-96.764316,7
BinniBusRC14,17.122071,-96.764148,8
BinniBusRC14,17.121491,-96.763643,9
BinniBusRC14,17.121104,-96.763345,10
BinniBusRC14,17.120309,-96.76267,11
BinniBusRC14,17.11928,-96.761826,12
BinniBusRC14,17.11851,-96.761177,13
BinniBusRC14,17.116823,-96.75983,14
BinniBusRC14,17.115685,-96.758896,15
BinniBusRC14,17.114544,-96.757963,16
BinniBusRC14,17.113578,-96.757187,17
BinniBusRC14,17.113184,-96.756944,18
BinniBusRC14,17.112755,-96.756733,19
BinniBusRC14,17.112009,-96.75638,20
BinniBusRC14,17.11068,-96.755783,21
BinniBusRC14,17.109702,-96.755387,22
BinniBusRC14,17.10662,-96.754068,23
BinniBusRC14,17.104036,-96.752928,24
BinniBusRC14,17.10345,-96.752694,25
BinniBusRC14,17.100967,-96.751636,26
BinniBusRC14,17.100279,-96.751356,27
BinniBusRC14,17.098039,-96.75036,28
BinniBusRC14,17.097232,-96.750008,29
BinniBusRC14,17.095378,-96.749241,30
BinniBusRC14,17.094262,-96.748775,31
BinniBusRC14,17.093656,-96.748504,32
BinniBusRC14,17.091805,-96.747695,33
BinniBusRC14,17.090713,-96.747233,34
BinniBusRC14,17.088487,-96.746255,35
BinniBusRC14,17.08768,-96.745908,36
BinniBusRC14,17.085038,-96.74475,37
BinniBusRC14,17.082753,-96.743789,38
BinniBusRC14,17.082407,-96.743612,39
BinniBusRC14,17.082049,-96.743594,40
BinniBusRC14,17.080467,-96.743533,41
BinniBusRC14,17.080034,-96.743432,42
BinniBusRC14,17.079025,-96.742891,43
BinniBusRC14,17.077729,-96.742153,44
BinniBusRC14,17.076972,-96.741763,45
BinniBusRC14,17.07652,-96.741503,46
BinniBusRC14,17.076171,-96.741326,47
BinniBusRC14,17.07595,-96.741233,48
BinniBusRC14,17.07578,-96.741191,49
BinniBusRC14,17.075592,-96.740963,50
BinniBusRC14,17.0755,-96.740841,51
BinniBusRC14,17.075159,-96.740604,52
BinniBusRC14,17.07343,-96.739341,53
BinniBusRC14,17.072064,-96.738387,54
BinniBusRC14,17.071342,-96.738024,55
BinniBusRC14,17.070268,-96.737575,56
BinniBusRC14,17.069195,-96.737146,57
BinniBusRC14,17.068282,-96.736585,58
BinniBusRC14,17.06686,-96.735728,59
BinniBusRC14,17.06574,-96.735043,60
BinniBusRC14,17.064922,-96.734398,61
BinniBusRC14,17.064344,-96.733859,62
BinniBusRC14,17.06393,-96.733381,63
BinniBusRC14,17.063483,-96.73261,64
BinniBusRC14,17.06331,-96.731763,65
BinniBusRC14,17.063006,-96.730023,66
BinniBusRC14,17.062169,-96.725887,67
BinniBusRC14,17.061064,-96.720608,68
BinniBusRC14,17.060112,-96.71593,69
BinniBusRC14,17.060772,-96.714459,70
BinniBusRC14,17.060866,-96.714258,71
BinniBusRC14,17.060777,-96.714058,72
BinniBusRC14,17.060699,-96.713871,73
BinniBusRC14,17.060709,-96.713724,74
BinniBusRC14,17.060816,-96.713609,75
BinniBusRC14,17.061065,-96.713566,76
BinniBusRC14,17.061381,-96.712595,77
BinniBusRC14,17.062171,-96.710107,78
BinniBusRC14,17.062639,-96.708772,79
BinniBusRC14,17.062813,-96.708123,80
BinniBusRC14,17.062992,-96.707316,81
BinniBusRC14,17.063239,-96.70616,82
BinniBusRC14,17.063534,-96.704757,83
BinniBusRC14,17.064176,-96.701712,84
BinniBusRC14,17.06455,-96.699982,85
BinniBusRC14,17.064649,-96.698732,86
BinniBusRC14,17.064742,-96.697404,87
BinniBusRC14,17.064662,-96.696412,88
BinniBusRC14,17.064476,-96.695645,89
BinniBusRC14,17.064415,-96.695279,90
BinniBusRC14,17.064441,-96.694976,91
BinniBusRC14,17.064577,-96.694522,92
BinniBusRC14,17.064772,-96.693892,93
BinniBusRC14,17.064881,-96.69338,94
BinniBusRC14,17.064831,-96.692808,95
BinniBusRC14,17.064153,-96.687306,96
BinniBusRC14,17.064045,-96.686505,97
BinniBusRC14,17.063988,-96.685992,98
BinniBusRC14,17.064091,-96.68483,99
BinniBusRC14,17.064295,-96.683226,100
BinniBusRC14,17.064136,-96.681871,101
BinniBusRC14,17.063893,-96.680783,102
BinniBusRC14,17.063561,-96.6792,103
BinniBusRC14,17.06321,-96.677619,104
BinniBusRC14,17.062269,-96.673279,105
BinniBusRC14,17.062022,-96.67203,106
BinniBusRC14,17.061672,-96.67056,107
BinniBusRC14,17.061571,-96.669758,108
BinniBusRC14,17.061323,-96.668052,109
BinniBusRC14,17.061136,-96.666904,110
BinniBusRC14,17.060154,-96.66717,111
BinniBusRC14,17.058447,-96.667609,112
BinniBusRC14,17.058421,-96.668376,113
BinniBusRC14,17.058266,-96.669319,114
BinniBusRC14,17.057928,-96.670452,115
BinniBusRC14,17.057694,-96.670424,116
BinniBusRC14,17.057617,-96.670442,117
BinniBusRC14,17.057288,-96.670529,118
BinniBusRC14,17.05676,-96.670678,119
BinniBusRC14,17.056308,-96.670809,120
BinniBusRC14,17.056251,-96.670828,121
BinniBusRC14,17.055847,-96.670913,122
BinniBusRC14,17.056399,-96.670755,123
BinniBusRC14,17.057227,-96.670517,124
BinniBusRC14,17.057629,-96.670398,125
BinniBusRC14,17.05777,-96.670367,126
BinniBusRC14,17.057836,-96.670078,127
BinniBusRC14,17.058185,-96.668847,128
BinniBusRC14,17.058258,-96.668385,129
BinniBusRC14,17.058272,-96.667843,130
BinniBusRC14,17.058207,-96.667297,131
BinniBusRC14,17.058017,-96.66671,132
BinniBusRC14,17.057847,-96.666178,133
BinniBusRC14,17.057598,-96.665427,134
BinniBusRC14,17.057394,-96.664817,135
BinniBusRC14,17.056929,-96.663472,136
BinniBusRC14,17.056845,-96.663227,137
BinniBusRC14,17.056701,-96.662791,138
BinniBusRC14,17.056608,-96.66252,139
BinniBusRC14,17.056542,-96.662342,140
BinniBusRC14,17.056695,-96.662284,141
BinniBusRC14,17.057205,-96.663817,142
BinniBusRC14,17.057754,-96.665419,143
BinniBusRC14,17.05812,-96.666494,144
BinniBusRC14,17.058338,-96.667209,145
BinniBusRC14,17.05841,-96.667558,146
BinniBusRC14,17.058452,-96.667583,147
BinniBusRC14,17.0589,-96.667471,148
BinniBusRC14,17.059614,-96.66729,149
BinniBusRC14,17.060064,-96.667158,150
BinniBusRC14,17.060411,-96.667074,151
BinniBusRC14,17.061161,-96.666862,152
BinniBusRC14,17.061187,-96.666934,153
BinniBusRC14,17.061223,-96.667132,154
BinniBusRC14,17.061349,-96.667973,155
BinniBusRC14,17.061613,-96.669811,156
BinniBusRC14,17.061681,-96.670367,157
BinniBusRC14,17.06187,-96.671269,158
BinniBusRC14,17.062045,-96.672005,159
BinniBusRC14,17.062418,-96.67373,160
BinniBusRC14,17.062816,-96.675608,161
BinniBusRC14,17.06299,-96.676405,162
BinniBusRC14,17.063054,-96.676728,163
BinniBusRC14,17.063388,-96.678227,164
BinniBusRC14,17.063577,-96.679098,165
BinniBusRC14,17.063682,-96.679531,166
BinniBusRC14,17.063805,-96.680108,167
BinniBusRC14,17.063867,-96.680418,168
BinniBusRC14,17.064005,-96.681058,169
BinniBusRC14,17.064133,-96.681699,170
BinniBusRC14,17.064287,-96.682798,171
BinniBusRC14,17.064325,-96.683181,172
BinniBusRC14,17.064321,-96.68344,173
BinniBusRC14,17.064288,-96.683644,174
BinniBusRC14,17.064126,-96.685121,175
BinniBusRC14,17.064036,-96.68599,176
BinniBusRC14,17.064264,-96.687793,177
BinniBusRC14,17.064343,-96.688486,178
BinniBusRC14,17.064675,-96.691171,179
BinniBusRC14,17.064859,-96.692761,180
BinniBusRC14,17.064914,-96.693383,181
BinniBusRC14,17.064848,-96.69373,182
BinniBusRC14,17.064773,-96.694009,183
BinniBusRC14,17.064537,-96.694791,184
BinniBusRC14,17.064457,-96.695177,185
BinniBusRC14,17.064489,-96.695527,186
BinniBusRC14,17.064552,-96.695831,187
BinniBusRC14,17.064628,-96.696153,188
BinniBusRC14,17.064695,-96.696538,189
BinniBusRC14,17.064732,-96.696866,190
BinniBusRC14,17.064772,-96.697406,191
BinniBusRC14,17.06474,-96.69798,192
BinniBusRC14,17.06473,-96.698149,193
BinniBusRC14,17.064585,-96.699965,194
BinniBusRC14,17.064344,-96.701154,195
BinniBusRC14,17.064023,-96.702641,196
BinniBusRC14,17.063828,-96.703738,197
BinniBusRC14,17.063432,-96.705694,198
BinniBusRC14,17.063263,-96.706361,199
BinniBusRC14,17.063131,-96.706927,200
BinniBusRC14,17.062943,-96.707761,201
BinniBusRC14,17.062747,-96.708581,202
BinniBusRC14,17.062395,-96.709618,203
BinniBusRC14,17.062143,-96.710433,204
BinniBusRC14,17.061809,-96.711495,205
BinniBusRC14,17.061646,-96.712049,206
BinniBusRC14,17.061479,-96.712559,207
BinniBusRC14,17.06116,-96.71356,208
BinniBusRC14,17.061035,-96.713771,209
BinniBusRC14,17.060987,-96.713984,210
BinniBusRC14,17.060921,-96.714303,211
BinniBusRC14,17.060905,-96.714523,212
BinniBusRC14,17.060973,-96.714825,213
BinniBusRC14,17.061202,-96.716085,214
BinniBusRC14,17.062614,-96.723366,215
BinniBusRC14,17.063808,-96.729144,216
BinniBusRC14,17.063933,-96.729568,217
BinniBusRC14,17.064015,-96.729997,218
BinniBusRC14,17.064078,-96.730467,219
BinniBusRC14,17.064323,-96.732229,220
BinniBusRC14,17.064834,-96.732725,221
BinniBusRC14,17.065556,-96.733282,222
BinniBusRC14,17.066374,-96.733964,223
BinniBusRC14,17.066587,-96.734147,224
BinniBusRC14,17.066695,-96.734297,225
BinniBusRC14,17.066954,-96.734606,226
BinniBusRC14,17.067522,-96.735093,227
BinniBusRC14,17.068028,-96.735429,228
BinniBusRC14,17.068463,-96.735689,229
BinniBusRC14,17.068796,-96.735869,230
BinniBusRC14,17.069427,-96.736144,231
BinniBusRC14,17.070022,-96.736341,232
BinniBusRC14,17.07048,-96.736521,233
BinniBusRC14,17.070885,-96.736637,234
BinniBusRC14,17.071167,-96.73677,235
BinniBusRC14,17.072265,-96.737367,236
BinniBusRC14,17.072842,-96.737705,237
BinniBusRC14,17.073323,-96.737965,238
BinniBusRC14,17.074266,-96.738518,239
BinniBusRC14,17.075104,-96.739058,240
BinniBusRC14,17.075274,-96.739255,241
BinniBusRC14,17.075881,-96.739716,242
BinniBusRC14,17.0764,-96.739968,243
BinniBusRC14,17.077681,-96.740535,244
BinniBusRC14,17.078646,-96.740959,245
BinniBusRC14,17.079475,-96.741342,246
BinniBusRC14,17.079864,-96.741502,247
BinniBusRC14,17.080095,-96.741587,248
BinniBusRC14,17.080301,-96.741858,249
BinniBusRC14,17.080549,-96.742239,250
BinniBusRC14,17.080768,-96.742545,251
BinniBusRC14,17.081155,-96.742897,252
BinniBusRC14,17.081706,-96.743165,253
BinniBusRC14,17.082432,-96.743466,254
BinniBusRC14,17.084166,-96.744211,255
BinniBusRC14,17.085066,-96.74461,256
BinniBusRC14,17.08856,-96.74614,257
BinniBusRC14,17.092002,-96.747606,258
BinniBusRC14,17.094736,-96.748785,259
BinniBusRC14,17.095899,-96.749271,260
BinniBusRC14,17.098809,-96.750529,261
BinniBusRC14,17.099732,-96.750947,262
BinniBusRC14,17.102589,-96.752166,263
BinniBusRC14,17.105938,-96.753605,264
BinniBusRC14,17.108593,-96.75476,265
BinniBusRC14,17.109721,-96.75521,266
BinniBusRC14,17.111541,-96.756021,267
BinniBusRC14,17.112409,-96.756391,268
BinniBusRC14,17.11299,-96.75666,269
BinniBusRC14,17.113536,-96.756994,270
BinniBusRC14,17.11415,-96.757429,271
BinniBusRC14,17.114904,-96.75806,272
BinniBusRC14,17.11584,-96.758844,273
BinniBusRC14,17.11833,-96.760797,274
BinniBusRC14,17.121405,-96.763301,275
BinniBusRC14,17.122234,-96.763955,276
BinniBusRC14,17.122526,-96.764188,277
BinniBusRC14,17.122691,-96.764365,278
BinniBusRC14,17.123365,-96.76492,279
BinniBusRC14,17.125988,-96.767112,280
BinniBusRC14,17.126828,-96.767812,281
BinniBusRC14,17.128977,-96.769534,282
BinniBusRC14,17.130366,-96.770653,283
BinniBusRC14,17.132121,-96.772093,284
BinniBusRC14,17.133379,-96.773058,285
BinniBusRC14,17.134437,-96.773952,286
BinniBusRC14,17.134909,-96.774327,287
BinniBusRC14,17.135879,-96.774778,288
BinniBusRC14,17.136294,-96.774985,289
BinniBusRC14,17.136387,-96.775045,290
BinniBusRC14,17.136415,-96.775081,291
BinniBusRC14,17.136399,-96.775152,292
BinniBusRC14,17.136253,-96.775118,293
BinniBusRC14,17.135932,-96.774981,294
BinniBusRC14,17.135542,-96.774799,295
BinniBusRC14,17.134811,-96.774442,296
BinniBusRC14,17.134293,-96.773998,297
BinniBusRC14,17.132488,-96.77256,298
BinniBusRC14,17.130834,-96.771213,299
BinniBusRC14,17.128902,-96.769636,300
BinniBusRC14,17.126936,-96.768032,301
BinniBusRC14,17.126554,-96.767795,302
BinniBusRC14,17.126489,-96.767881,303
BinniBusRC15,16.907721,-96.729265,1
BinniBusRC15,16.907801,-96.729131,2
BinniBusRC15,16.907898,-96.728983,3
BinniBusRC15,16.908255,-96.72844,4
BinniBusRC15,16.908871,-96.72753,5
BinniBusRC15,16.909111,-96.727158,6
BinniBusRC15,16.909458,-96.726602,7
BinniBusRC15,16.909894,-96.725962,8
BinniBusRC15,16.910004,-96.725691,9
BinniBusRC15,16.910399,-96.725114,10
BinniBusRC15,16.910669,-96.724704,11
BinniBusRC15,16.910964,-96.724242,12
BinniBusRC15,16.911184,-96.723926,13
BinniBusRC15,16.911569,-96.723331,14
BinniBusRC15,16.91199,-96.722698,15
BinniBusRC15,16.912128,-96.722542,16
BinniBusRC15,16.912256,-96.722451,17
BinniBusRC15,16.912385,-96.722236,18
BinniBusRC15,16.912564,-96.72193,19
BinniBusRC15,16.912816,-96.721539,20
BinniBusRC15,16.912944,-96.721265,21
BinniBusRC15,16.913093,-96.720986,22
BinniBusRC15,16.913888,-96.719774,23
BinniBusRC15,16.914417,-96.71898,24
BinniBusRC15,16.914735,-96.718476,25
BinniBusRC15,16.915007,-96.718068,26
BinniBusRC15,16.915161,-96.717832,27
BinniBusRC15,16.915423,-96.717483,28
BinniBusRC15,16.915567,-96.717333,29
BinniBusRC15,16.915726,-96.717102,30
BinniBusRC15,16.915911,-96.716808,31
BinniBusRC15,16.916321,-96.71626,32
BinniBusRC15,16.916927,-96.715579,33
BinniBusRC15,16.917866,-96.714801,34
BinniBusRC15,16.918374,-96.714377,35
BinniBusRC15,16.918723,-96.714072,36
BinniBusRC15,16.919483,-96.713262,37
BinniBusRC15,16.919647,-96.713074,38
BinniBusRC15,16.919842,-96.712875,39
BinniBusRC15,16.920165,-96.712537,40
BinniBusRC15,16.920453,-96.71221,41
BinniBusRC15,16.921161,-96.711507,42
BinniBusRC15,16.922044,-96.710585,43
BinniBusRC15,16.922957,-96.709641,44
BinniBusRC15,16.923794,-96.70875,45
BinniBusRC15,16.92464,-96.707876,46
BinniBusRC15,16.925477,-96.707001,47
BinniBusRC15,16.926616,-96.7058,48
BinniBusRC15,16.927253,-96.705108,49
BinniBusRC15,16.927797,-96.704555,50
BinniBusRC15,16.927868,-96.704418,51
BinniBusRC15,16.927897,-96.704158,52
BinniBusRC15,16.927844,-96.70375,53
BinniBusRC15,16.927658,-96.703223,54
BinniBusRC15,16.925621,-96.700823,55
BinniBusRC15,16.925496,-96.700744,56
BinniBusRC15,16.92396,-96.698978,57
BinniBusRC15,16.923369,-96.69827,58
BinniBusRC15,16.92281,-96.697601,59
BinniBusRC15,16.921637,-96.696218,60
BinniBusRC15,16.920993,-96.695844,61
BinniBusRC15,16.920566,-96.69575,62
BinniBusRC15,16.920226,-96.695781,63
BinniBusRC15,16.919875,-96.695907,64
BinniBusRC15,16.91978,-96.695891,65
BinniBusRC15,16.919711,-96.695838,66
BinniBusRC15,16.91966,-96.695618,67
BinniBusRC15,16.919591,-96.695393,68
BinniBusRC15,16.919598,-96.695258,69
BinniBusRC15,16.919702,-96.695237,70
BinniBusRC15,16.919868,-96.695261,71
BinniBusRC15,16.920517,-96.69534,72
BinniBusRC15,16.920977,-96.695481,73
BinniBusRC15,16.921433,-96.695672,74
BinniBusRC15,16.921769,-96.695991,75
BinniBusRC15,16.922267,-96.696633,76
BinniBusRC15,16.92219,-96.696685,77
BinniBusRC15,16.922458,-96.696991,78
BinniBusRC15,16.92357,-96.698326,79
BinniBusRC15,16.924826,-96.699796,80
BinniBusRC15,16.925542,-96.700674,81
BinniBusRC15,16.92652,-96.701842,82
BinniBusRC15,16.926925,-96.702308,83
BinniBusRC15,16.927609,-96.703057,84
BinniBusRC15,16.928051,-96.703264,85
BinniBusRC15,16.92857,-96.703375,86
BinniBusRC15,16.92969,-96.703574,87
BinniBusRC15,16.930137,-96.703659,88
BinniBusRC15,16.930686,-96.703702,89
BinniBusRC15,16.931836,-96.703901,90
BinniBusRC15,16.933375,-96.704147,91
BinniBusRC15,16.935371,-96.704507,92
BinniBusRC15,16.936793,-96.704748,93
BinniBusRC15,16.938204,-96.704995,94
BinniBusRC15,16.939615,-96.705226,95
BinniBusRC15,16.941955,-96.705607,96
BinniBusRC15,16.943833,-96.705928,97
BinniBusRC15,16.945358,-96.706191,98
BinniBusRC15,16.94702,-96.706481,99
BinniBusRC15,16.948919,-96.70683,100
BinniBusRC15,16.95151,-96.707243,101
BinniBusRC15,16.953568,-96.707608,102
BinniBusRC15,16.954604,-96.707768,103
BinniBusRC15,16.95502,-96.707768,104
BinniBusRC15,16.956149,-96.707602,105
BinniBusRC15,16.957226,-96.707388,106
BinniBusRC15,16.958448,-96.707205,107
BinniBusRC15,16.959499,-96.707017,108
BinniBusRC15,16.961162,-96.706722,109
BinniBusRC15,16.964564,-96.706095,110
BinniBusRC15,16.966421,-96.705768,111
BinniBusRC15,16.967417,-96.705574,112
BinniBusRC15,16.968007,-96.705494,113
BinniBusRC15,16.96833,-96.705505,114
BinniBusRC15,16.968848,-96.705596,115
BinniBusRC15,16.969977,-96.705848,116
BinniBusRC15,16.972342,-96.706374,117
BinniBusRC15,16.974677,-96.70691,118
BinniBusRC15,16.975893,-96.707168,119
BinniBusRC15,16.978006,-96.70764,120
BinniBusRC15,16.979366,-96.707967,121
BinniBusRC15,16.981177,-96.708364,122
BinniBusRC15,16.981726,-96.708471,123
BinniBusRC15,16.982152,-96.708573,124
BinniBusRC15,16.982516,-96.708718,125
BinniBusRC15,16.983076,-96.709147,126
BinniBusRC15,16.983491,-96.709533,127
BinniBusRC15,16.984414,-96.710483,128
BinniBusRC15,16.985805,-96.71184,129
BinniBusRC15,16.986503,-96.712516,130
BinniBusRC15,16.987206,-96.713224,131
BinniBusRC15,16.987349,-96.713342,132
BinniBusRC15,16.987708,-96.713503,133
BinniBusRC15,16.988616,-96.713492,134
BinniBusRC15,16.9913,-96.71339,135
BinniBusRC15,16.993444,-96.713326,136
BinniBusRC15,16.995573,-96.71324,137
BinniBusRC15,16.997599,-96.713181,138
BinniBusRC15,16.999544,-96.713095,139
BinniBusRC15,17.00079,-96.712993,140
BinniBusRC15,17.00156,-96.712977,141
BinniBusRC15,17.003217,-96.712924,142
BinniBusRC15,17.004858,-96.712848,143
BinniBusRC15,17.00787,-96.712752,144
BinniBusRC15,17.00969,-96.712698,145
BinniBusRC15,17.012102,-96.712596,146
BinniBusRC15,17.01284,-96.712516,147
BinniBusRC15,17.015236,-96.712006,148
BinniBusRC15,17.016887,-96.711674,149
BinniBusRC15,17.018611,-96.711261,150
BinniBusRC15,17.020355,-96.710853,151
BinniBusRC15,17.021673,-96.710531,152
BinniBusRC15,17.024084,-96.709952,153
BinniBusRC15,17.025187,-96.709716,154
BinniBusRC15,17.026228,-96.709474,155
BinniBusRC15,17.026741,-96.709496,156
BinniBusRC15,17.027464,-96.709619,157
BinniBusRC15,17.0279,-96.709796,158
BinniBusRC15,17.028464,-96.710156,159
BinniBusRC15,17.029444,-96.710848,160
BinniBusRC15,17.030444,-96.711577,161
BinniBusRC15,17.032045,-96.712709,162
BinniBusRC15,17.033127,-96.713471,163
BinniBusRC15,17.033594,-96.713873,164
BinniBusRC15,17.034158,-96.714232,165
BinniBusRC15,17.035368,-96.715069,166
BinniBusRC15,17.03682,-96.716126,167
BinniBusRC15,17.038846,-96.717542,168
BinniBusRC15,17.039477,-96.717993,169
BinniBusRC15,17.0398,-96.718261,170
BinniBusRC15,17.040779,-96.718905,171
BinniBusRC15,17.041005,-96.719055,172
BinniBusRC15,17.041156,-96.71916,173
BinniBusRC15,17.041368,-96.719311,174
BinniBusRC15,17.041538,-96.719452,175
BinniBusRC15,17.042005,-96.719801,176
BinniBusRC15,17.042256,-96.719978,177
BinniBusRC15,17.042441,-96.72015,178
BinniBusRC15,17.043103,-96.720614,179
BinniBusRC15,17.043795,-96.721128,180
BinniBusRC15,17.044257,-96.721465,181
BinniBusRC15,17.044506,-96.721625,182
BinniBusRC15,17.044724,-96.721778,183
BinniBusRC15,17.045308,-96.722213,184
BinniBusRC15,17.045631,-96.722445,185
BinniBusRC15,17.045931,-96.72266,186
BinniBusRC15,17.046276,-96.722899,187
BinniBusRC15,17.046588,-96.723148,188
BinniBusRC15,17.046933,-96.723387,189
BinniBusRC15,17.047244,-96.72361,190
BinniBusRC15,17.047494,-96.723787,191
BinniBusRC15,17.047721,-96.723929,192
BinniBusRC15,17.048529,-96.724527,193
BinniBusRC15,17.049057,-96.72494,194
BinniBusRC15,17.049355,-96.725165,195
BinniBusRC15,17.049471,-96.725306,196
BinniBusRC15,17.04983,-96.725622,197
BinniBusRC15,17.050192,-96.725883,198
BinniBusRC15,17.05034,-96.725993,199
BinniBusRC15,17.050715,-96.726231,200
BinniBusRC15,17.0509,-96.726352,201
BinniBusRC15,17.051243,-96.726585,202
BinniBusRC15,17.051464,-96.72673,203
BinniBusRC15,17.052271,-96.726556,204
BinniBusRC15,17.052992,-96.726422,205
BinniBusRC15,17.054318,-96.726143,206
BinniBusRC15,17.055605,-96.725907,207
BinniBusRC15,17.056874,-96.725609,208
BinniBusRC15,17.057256,-96.72555,209
BinniBusRC15,17.057769,-96.728165,210
BinniBusRC15,17.058005,-96.729415,211
BinniBusRC15,17.059082,-96.729195,212
BinniBusRC15,17.060226,-96.728956,213
BinniBusRC15,17.060844,-96.728833,214
BinniBusRC15,17.061556,-96.728653,215
BinniBusRC15,17.062239,-96.728568,216
BinniBusRC15,17.062474,-96.728503,217
BinniBusRC15,17.063055,-96.72833,218
BinniBusRC15,17.063622,-96.728222,219
BinniBusRC15,17.064142,-96.72814,220
BinniBusRC15,17.064894,-96.728012,221
BinniBusRC15,17.066023,-96.727778,222
BinniBusRC15,17.067124,-96.727583,223
BinniBusRC15,17.067745,-96.727481,224
BinniBusRC15,17.068289,-96.727535,225
BinniBusRC15,17.068627,-96.727594,226
BinniBusRC15,17.069276,-96.72764,227
BinniBusRC15,17.069506,-96.727674,228
BinniBusRC15,17.069642,-96.727672,229
BinniBusRC15,17.070022,-96.727626,230
BinniBusRC15,17.070294,-96.727583,231
BinniBusRC15,17.070709,-96.727473,232
BinniBusRC15,17.071122,-96.727387,233
BinniBusRC15,17.071835,-96.727259,234
BinniBusRC15,17.072588,-96.727119,235
BinniBusRC15,17.07293,-96.727058,236
BinniBusRC15,17.073017,-96.727039,237
BinniBusRC15,17.073158,-96.726948,238
BinniBusRC15,17.073186,-96.726913,239
BinniBusRC15,17.072981,-96.726194,240
BinniBusRC15,17.072824,-96.725805,241
BinniBusRC15,17.072642,-96.725247,242
BinniBusRC15,17.07253,-96.724764,243
BinniBusRC15,17.072378,-96.723801,244
BinniBusRC15,17.07216,-96.722479,245
BinniBusRC15,17.072035,-96.721811,246
BinniBusRC15,17.071796,-96.7208,247
BinniBusRC15,17.071753,-96.720411,248
BinniBusRC15,17.071745,-96.720231,249
BinniBusRC15,17.071663,-96.719773,250
BinniBusRC15,17.07153,-96.719132,251
BinniBusRC15,17.071399,-96.718592,252
BinniBusRC15,17.071683,-96.71849,253
BinniBusRC15,17.071868,-96.718386,254
BinniBusRC15,17.072068,-96.718155,255
BinniBusRC15,17.072532,-96.717836,256
BinniBusRC15,17.072868,-96.717635,257
BinniBusRC15,17.073201,-96.717487,258
BinniBusRC15,17.074222,-96.717399,259
BinniBusRC15,17.075142,-96.71731,260
BinniBusRC15,17.075899,-96.717195,261
BinniBusRC15,17.077586,-96.716932,262
BinniBusRC15,17.078078,-96.716854,263
BinniBusRC15,17.078827,-96.716785,264
BinniBusRC15,17.079698,-96.716669,265
BinniBusRC15,17.080306,-96.716594,266
BinniBusRC15,17.081188,-96.716465,267
BinniBusRC15,17.081234,-96.716474,268
BinniBusRC15,17.081373,-96.717482,269
BinniBusRC15,17.081693,-96.717442,270
BinniBusRC15,17.082503,-96.717305,271
BinniBusRC15,17.082696,-96.718509,272
BinniBusRC15,17.08277,-96.718882,273
BinniBusRC15,17.082901,-96.718963,274
BinniBusRC15,17.083054,-96.719006,275
BinniBusRC15,17.083385,-96.718914,276
BinniBusRC15,17.08399,-96.718729,277
BinniBusRC15,17.084449,-96.718584,278
BinniBusRC15,17.084554,-96.718592,279
BinniBusRC15,17.085418,-96.718311,280
BinniBusRC15,17.086054,-96.71811,281
BinniBusRC15,17.087072,-96.717777,282
BinniBusRC15,17.087608,-96.717603,283
BinniBusRC15,17.088698,-96.717259,284
BinniBusRC15,17.08888,-96.71719,285
BinniBusRC15,17.088874,-96.716956,286
BinniBusRC15,17.088482,-96.716243,287
BinniBusRC15,17.087946,-96.715296,288
BinniBusRC15,17.087685,-96.714853,289
BinniBusRC15,17.087441,-96.714464,290
BinniBusRC15,17.08731,-96.714376,291
BinniBusRC15,17.086726,-96.713249,292
BinniBusRC15,17.086536,-96.712844,293
BinniBusRC15,17.086421,-96.712429,294
BinniBusRC15,17.086397,-96.712315,295
BinniBusRC15,17.086158,-96.712159,296
BinniBusRC15,17.086061,-96.712044,297
BinniBusRC15,17.086076,-96.711913,298
BinniBusRC15,17.086179,-96.711805,299
BinniBusRC15,17.086246,-96.711754,300
BinniBusRC15,17.086358,-96.711795,301
BinniBusRC15,17.086466,-96.711905,302
BinniBusRC15,17.086481,-96.712036,303
BinniBusRC15,17.086466,-96.712141,304
BinniBusRC15,17.086553,-96.712487,305
BinniBusRC15,17.086797,-96.713117,306
BinniBusRC15,17.087407,-96.714206,307
BinniBusRC15,17.087549,-96.714549,308
BinniBusRC15,17.087702,-96.714809,309
BinniBusRC15,17.087966,-96.715229,310
BinniBusRC15,17.088277,-96.715798,311
BinniBusRC15,17.08862,-96.716407,312
BinniBusRC15,17.088882,-96.716884,313
BinniBusRC15,17.089012,-96.717002,314
BinniBusRC15,17.089086,-96.717183,315
BinniBusRC15,17.08909,-96.717278,316
BinniBusRC15,17.088998,-96.717331,317
BinniBusRC15,17.088596,-96.717435,318
BinniBusRC15,17.087816,-96.717687,319
BinniBusRC15,17.086795,-96.718013,320
BinniBusRC15,17.086334,-96.718194,321
BinniBusRC15,17.085534,-96.718429,322
BinniBusRC15,17.084946,-96.718602,323
BinniBusRC15,17.084002,-96.718945,324
BinniBusRC15,17.08351,-96.719093,325
BinniBusRC15,17.083364,-96.719093,326
BinniBusRC15,17.082851,-96.719136,327
BinniBusRC15,17.08262,-96.719173,328
BinniBusRC15,17.082351,-96.719168,329
BinniBusRC15,17.082097,-96.71912,330
BinniBusRC15,17.081918,-96.718945,331
BinniBusRC15,17.081659,-96.718991,332
BinniBusRC15,17.080974,-96.719077,333
BinniBusRC15,17.079682,-96.719208,334
BinniBusRC15,17.079384,-96.719254,335
BinniBusRC15,17.079108,-96.719372,336
BinniBusRC15,17.078964,-96.719399,337
BinniBusRC15,17.078869,-96.719313,338
BinniBusRC15,17.077349,-96.719484,339
BinniBusRC15,17.076295,-96.719619,340
BinniBusRC15,17.075667,-96.719694,341
BinniBusRC15,17.075426,-96.719704,342
BinniBusRC15,17.075092,-96.719646,343
BinniBusRC15,17.074682,-96.719509,344
BinniBusRC15,17.074613,-96.719546,345
BinniBusRC15,17.074434,-96.719552,346
BinniBusRC15,17.074318,-96.719474,347
BinniBusRC15,17.073954,-96.719476,348
BinniBusRC15,17.072136,-96.719627,349
BinniBusRC15,17.070882,-96.719777,350
BinniBusRC15,17.069018,-96.720013,351
BinniBusRC15,17.067167,-96.720404,352
BinniBusRC15,17.06548,-96.720799,353
BinniBusRC15,17.064634,-96.720976,354
BinniBusRC15,17.063198,-96.72126,355
BinniBusRC15,17.061511,-96.721604,356
BinniBusRC15,17.059839,-96.721984,357
BinniBusRC15,17.058023,-96.722392,358
BinniBusRC15,17.056654,-96.72265,359
BinniBusRC15,17.056851,-96.723647,360
BinniBusRC15,17.056987,-96.724208,361
BinniBusRC15,17.057072,-96.724578,362
BinniBusRC15,17.056303,-96.724739,363
BinniBusRC15,17.055223,-96.724972,364
BinniBusRC15,17.054172,-96.725187,365
BinniBusRC15,17.053323,-96.725353,366
BinniBusRC15,17.052359,-96.725571,367
BinniBusRC15,17.05161,-96.725723,368
BinniBusRC15,17.050902,-96.725924,369
BinniBusRC15,17.05079,-96.725946,370
BinniBusRC15,17.050469,-96.72597,371
BinniBusRC15,17.050302,-96.725895,372
BinniBusRC15,17.04992,-96.725616,373
BinniBusRC15,17.0495,-96.725369,374
BinniBusRC15,17.049174,-96.725286,375
BinniBusRC15,17.048938,-96.725139,376
BinniBusRC15,17.048569,-96.724884,377
BinniBusRC15,17.047356,-96.724015,378
BinniBusRC15,17.046615,-96.723505,379
BinniBusRC15,17.045971,-96.723046,380
BinniBusRC15,17.045115,-96.722419,381
BinniBusRC15,17.044158,-96.721754,382
BinniBusRC15,17.043617,-96.721351,383
BinniBusRC15,17.042863,-96.720823,384
BinniBusRC15,17.041901,-96.720128,385
BinniBusRC15,17.041076,-96.719487,386
BinniBusRC15,17.040517,-96.719066,387
BinniBusRC15,17.039332,-96.71824,388
BinniBusRC15,17.037601,-96.717006,389
BinniBusRC15,17.03617,-96.715976,390
BinniBusRC15,17.034718,-96.714944,391
BinniBusRC15,17.033267,-96.713884,392
BinniBusRC15,17.032095,-96.713055,393
BinniBusRC15,17.031379,-96.712554,394
BinniBusRC15,17.030797,-96.712133,395
BinniBusRC15,17.029938,-96.71154,396
BinniBusRC15,17.029097,-96.710904,397
BinniBusRC15,17.02874,-96.710609,398
BinniBusRC15,17.028402,-96.710344,399
BinniBusRC15,17.027876,-96.710024,400
BinniBusRC15,17.027248,-96.709799,401
BinniBusRC15,17.026709,-96.709689,402
BinniBusRC15,17.026176,-96.709668,403
BinniBusRC15,17.025468,-96.709802,404
BinniBusRC15,17.025027,-96.70992,405
BinniBusRC15,17.023816,-96.710226,406
BinniBusRC15,17.022744,-96.710494,407
BinniBusRC15,17.021544,-96.710757,408
BinniBusRC15,17.020569,-96.710987,409
BinniBusRC15,17.019436,-96.711256,410
BinniBusRC15,17.018676,-96.711443,411
BinniBusRC15,17.018102,-96.71154,412
BinniBusRC15,17.017625,-96.711663,413
BinniBusRC15,17.016604,-96.711905,414
BinniBusRC15,17.015465,-96.712146,415
BinniBusRC15,17.014691,-96.712312,416
BinniBusRC15,17.01386,-96.712468,417
BinniBusRC15,17.013336,-96.712591,418
BinniBusRC15,17.012634,-96.712704,419
BinniBusRC15,17.012039,-96.712779,420
BinniBusRC15,17.011192,-96.712811,421
BinniBusRC15,17.009941,-96.712865,422
BinniBusRC15,17.008802,-96.712913,423
BinniBusRC15,17.006776,-96.712967,424
BinniBusRC15,17.00557,-96.71302,425
BinniBusRC15,17.004395,-96.713058,426
BinniBusRC15,17.003159,-96.713106,427
BinniBusRC15,17.002497,-96.713101,428
BinniBusRC15,17.001543,-96.713101,429
BinniBusRC15,17.001143,-96.713122,430
BinniBusRC15,17.000902,-96.713176,431
BinniBusRC15,17.000579,-96.71324,432
BinniBusRC15,16.99924,-96.713283,433
BinniBusRC15,16.998039,-96.713337,434
BinniBusRC15,16.996849,-96.713369,435
BinniBusRC15,16.995813,-96.713417,436
BinniBusRC15,16.994741,-96.713455,437
BinniBusRC15,16.993638,-96.713509,438
BinniBusRC15,16.992181,-96.713552,439
BinniBusRC15,16.990903,-96.713605,440
BinniBusRC15,16.990144,-96.713643,441
BinniBusRC15,16.989318,-96.71367,442
BinniBusRC15,16.988261,-96.71368,443
BinniBusRC15,16.98742,-96.71367,444
BinniBusRC15,16.987066,-96.713337,445
BinniBusRC15,16.986517,-96.712817,446
BinniBusRC15,16.985804,-96.712119,447
BinniBusRC15,16.985255,-96.711577,448
BinniBusRC15,16.9843,-96.710639,449
BinniBusRC15,16.983095,-96.709432,450
BinniBusRC15,16.982407,-96.70889,451
BinniBusRC15,16.981376,-96.708584,452
BinniBusRC15,16.980329,-96.708375,453
BinniBusRC15,16.978734,-96.708015,454
BinniBusRC15,16.977323,-96.707694,455
BinniBusRC15,16.97621,-96.707441,456
BinniBusRC15,16.975142,-96.707205,457
BinniBusRC15,16.974111,-96.706953,458
BinniBusRC15,16.972746,-96.706658,459
BinniBusRC15,16.97091,-96.706245,460
BinniBusRC15,16.969745,-96.705977,461
BinniBusRC15,16.968765,-96.705757,462
BinniBusRC15,16.968241,-96.705687,463
BinniBusRC15,16.967133,-96.705827,464
BinniBusRC15,16.964922,-96.706234,465
BinniBusRC15,16.963829,-96.706433,466
BinniBusRC15,16.962798,-96.706605,467
BinniBusRC15,16.96172,-96.706792,468
BinniBusRC15,16.96036,-96.70705,469
BinniBusRC15,16.958893,-96.707313,470
BinniBusRC15,16.957697,-96.707506,471
BinniBusRC15,16.956645,-96.707688,472
BinniBusRC15,16.955532,-96.707887,473
BinniBusRC15,16.95487,-96.707989,474
BinniBusRC15,16.953608,-96.707806,475
BinniBusRC15,16.952253,-96.70757,476
BinniBusRC15,16.950462,-96.707259,477
BinniBusRC15,16.947999,-96.706841,478
BinniBusRC15,16.946844,-96.706637,479
BinniBusRC15,16.94354,-96.706132,480
BinniBusRC15,16.942775,-96.706014,481
BinniBusRC15,16.942447,-96.705902,482
BinniBusRC15,16.942164,-96.705821,483
BinniBusRC15,16.941641,-96.705746,484
BinniBusRC15,16.94044,-96.705542,485
BinniBusRC15,16.938829,-96.705264,486
BinniBusRC15,16.937695,-96.705076,487
BinniBusRC15,16.936571,-96.704883,488
BinniBusRC15,16.935324,-96.704652,489
BinniBusRC15,16.933528,-96.704362,490
BinniBusRC15,16.932096,-96.704121,491
BinniBusRC15,16.930364,-96.703768,492
BinniBusRC15,16.92991,-96.703718,493
BinniBusRC15,16.928637,-96.703456,494
BinniBusRC15,16.928105,-96.703371,495
BinniBusRC15,16.927868,-96.703275,496
BinniBusRC15,16.927669,-96.703166,497
BinniBusRC15,16.927474,-96.702993,498
BinniBusRC15,16.927313,-96.702828,499
BinniBusRC15,16.925648,-96.700884,500
BinniBusRC15,16.924968,-96.700171,501
BinniBusRC15,16.923536,-96.698476,502
BinniBusRC15,16.922112,-96.69678,503
BinniBusRC15,16.921958,-96.696601,504
BinniBusRC15,16.921729,-96.696327,505
BinniBusRC15,16.92127,-96.696001,506
BinniBusRC15,16.920993,-96.695844,507
BinniBusRC15,16.920618,-96.695759,508
BinniBusRC15,16.920226,-96.695781,509
BinniBusRC15,16.919901,-96.695888,510
BinniBusRC15,16.919806,-96.695901,511
BinniBusRC15,16.919731,-96.695854,512
BinniBusRC15,16.919696,-96.695836,513
BinniBusRC15,16.919623,-96.695541,514
BinniBusRC15,16.919594,-96.6954,515
BinniBusRC15,16.919598,-96.695258,516
BinniBusRC15,16.919702,-96.695237,517
BinniBusRC15,16.919939,-96.695253,518
BinniBusRC15,16.920291,-96.695327,519
BinniBusRC15,16.92065,-96.695378,520
BinniBusRC15,16.921433,-96.695672,521
BinniBusRC15,16.921878,-96.696115,522
BinniBusRC15,16.922267,-96.696633,523
BinniBusRC15,16.922193,-96.6967,524
BinniBusRC15,16.924954,-96.699929,525
BinniBusRC15,16.926098,-96.701347,526
BinniBusRC15,16.927242,-96.702682,527
BinniBusRC15,16.927658,-96.703223,528
BinniBusRC15,16.927765,-96.703558,529
BinniBusRC15,16.927834,-96.703697,530
BinniBusRC15,16.927878,-96.703872,531
BinniBusRC15,16.927894,-96.704203,532
BinniBusRC15,16.927868,-96.704418,533
BinniBusRC15,16.927693,-96.704899,534
BinniBusRC15,16.926928,-96.705709,535
BinniBusRC15,16.926133,-96.706513,536
BinniBusRC15,16.925383,-96.707323,537
BinniBusRC15,16.924521,-96.708225,538
BinniBusRC15,16.92349,-96.70933,539
BinniBusRC15,16.922576,-96.710247,540
BinniBusRC15,16.921688,-96.711164,541
BinniBusRC15,16.920867,-96.71206,542
BinniBusRC15,16.920108,-96.712843,543
BinniBusRC15,16.91922,-96.713739,544
BinniBusRC15,16.918558,-96.714404,545
BinniBusRC15,16.917778,-96.715102,546
BinniBusRC15,16.917054,-96.715708,547
BinniBusRC15,16.916474,-96.716325,548
BinniBusRC15,16.916192,-96.716759,549
BinniBusRC15,16.915586,-96.717607,550
BinniBusRC15,16.915535,-96.717795,551
BinniBusRC15,16.914826,-96.718894,552
BinniBusRC15,16.914092,-96.719973,553
BinniBusRC15,16.913318,-96.721121,554
BinniBusRC15,16.912604,-96.722161,555
BinniBusRC15,16.912265,-96.722692,556
BinniBusRC15,16.912111,-96.722982,557
BinniBusRC15,16.911098,-96.724507,558
BinniBusRC15,16.910934,-96.724776,559
BinniBusRC15,16.910486,-96.725452,560
BinniBusRC15,16.910235,-96.725851,561
BinniBusRC15,16.910068,-96.726068,562
BinniBusRC15,16.90994,-96.726237,563
BinniBusRC15,16.909604,-96.726736,564
BinniBusRC15,16.909362,-96.72712,565
BinniBusRC15,16.909088,-96.727549,566
BinniBusRC15,16.908728,-96.728093,567
BinniBusRC15,16.908377,-96.728606,568
BinniBusRC15,16.908102,-96.729002,569
BinniBusRC15,16.907882,-96.729338,570
BinniBusRC15,16.907804,-96.729408,571
BinniBusRC15,16.907719,-96.729351,572
BinniBusRC15,16.907732,-96.729247,573
